calm_site_code,calm_site_name,calm_lat_raw,calm_lon_raw,calm_elevation_m,calm_method_raw,calm_year,calm_ald_raw,calm_workbook_row,calm_ald_bound_type,calm_ald_cm,lat,lon,method,source,site_id,date,pf_observed,thaw_depth,pf_depth,obs_limit,calm_coordinate_reference,calm_coordinate_note,calm_method_reference,calm_method_note,quality_flag_coord_lookup_or_interpolated,quality_flag_coord_source_flagged,quality_flag_source_unit_or_code_recoded,quality_flag_method_approximate_or_unknown
A1,Scott Base ,77 51'S,166 46'E,38.0,T/B,1999,32.0,34,exact,32.0,-77.85,166.76666666666668,temp,CALM_South,CALM_A1,1999-02-01,1,32.0,32.0,,,,,,False,False,False,False
A1,Scott Base ,77 51'S,166 46'E,38.0,T/B,2000,31.0,34,exact,31.0,-77.85,166.76666666666668,temp,CALM_South,CALM_A1,2000-02-01,1,31.0,31.0,,,,,,False,False,False,False
A1,Scott Base ,77 51'S,166 46'E,38.0,T/B,2001,36.0,34,exact,36.0,-77.85,166.76666666666668,temp,CALM_South,CALM_A1,2001-02-01,1,36.0,36.0,,,,,,False,False,False,False
A1,Scott Base ,77 51'S,166 46'E,38.0,T/B,2002,37.0,34,exact,37.0,-77.85,166.76666666666668,temp,CALM_South,CALM_A1,2002-02-01,1,37.0,37.0,,,,,,False,False,False,False
A1,Scott Base ,77 51'S,166 46'E,38.0,T/B,2003,31.0,34,exact,31.0,-77.85,166.76666666666668,temp,CALM_South,CALM_A1,2003-02-01,1,31.0,31.0,,,,,,False,False,False,False
A1,Scott Base ,77 51'S,166 46'E,38.0,T/B,2004,34.0,34,exact,34.0,-77.85,166.76666666666668,temp,CALM_South,CALM_A1,2004-02-01,1,34.0,34.0,,,,,,False,False,False,False
A1,Scott Base ,77 51'S,166 46'E,38.0,T/B,2005,34.0,34,exact,34.0,-77.85,166.76666666666668,temp,CALM_South,CALM_A1,2005-02-01,1,34.0,34.0,,,,,,False,False,False,False
A1,Scott Base ,77 51'S,166 46'E,38.0,T/B,2006,36.0,34,exact,36.0,-77.85,166.76666666666668,temp,CALM_South,CALM_A1,2006-02-01,1,36.0,36.0,,,,,,False,False,False,False
A1,Scott Base ,77 51'S,166 46'E,38.0,T/B,2007,36.0,34,exact,36.0,-77.85,166.76666666666668,temp,CALM_South,CALM_A1,2007-02-01,1,36.0,36.0,,,,,,False,False,False,False
A1,Scott Base ,77 51'S,166 46'E,38.0,T/B,2008,35.0,34,exact,35.0,-77.85,166.76666666666668,temp,CALM_South,CALM_A1,2008-02-01,1,35.0,35.0,,,,,,False,False,False,False
A1,Scott Base ,77 51'S,166 46'E,38.0,T/B,2009,37.0,34,exact,37.0,-77.85,166.76666666666668,temp,CALM_South,CALM_A1,2009-02-01,1,37.0,37.0,,,,,,False,False,False,False
A1,Scott Base ,77 51'S,166 46'E,38.0,T/B,2010,34.0,34,exact,34.0,-77.85,166.76666666666668,temp,CALM_South,CALM_A1,2010-02-01,1,34.0,34.0,,,,,,False,False,False,False
A1,Scott Base ,77 51'S,166 46'E,38.0,T/B,2011,34.0,34,exact,34.0,-77.85,166.76666666666668,temp,CALM_South,CALM_A1,2011-02-01,1,34.0,34.0,,,,,,False,False,False,False
A1,Scott Base ,77 51'S,166 46'E,38.0,T/B,2012,37.0,34,exact,37.0,-77.85,166.76666666666668,temp,CALM_South,CALM_A1,2012-02-01,1,37.0,37.0,,,,,,False,False,False,False
A1,Scott Base ,77 51'S,166 46'E,38.0,T/B,2013,38.0,34,exact,38.0,-77.85,166.76666666666668,temp,CALM_South,CALM_A1,2013-02-01,1,38.0,38.0,,,,,,False,False,False,False
A1,Scott Base ,77 51'S,166 46'E,38.0,T/B,2014,39.0,34,exact,39.0,-77.85,166.76666666666668,temp,CALM_South,CALM_A1,2014-02-01,1,39.0,39.0,,,,,,False,False,False,False
A1,Scott Base ,77 51'S,166 46'E,38.0,T/B,2015,34.0,34,exact,34.0,-77.85,166.76666666666668,temp,CALM_South,CALM_A1,2015-02-01,1,34.0,34.0,,,,,,False,False,False,False
A1,Scott Base ,77 51'S,166 46'E,38.0,T/B,2016,28.0,34,exact,28.0,-77.85,166.76666666666668,temp,CALM_South,CALM_A1,2016-02-01,1,28.0,28.0,,,,,,False,False,False,False
A1,Scott Base ,77 51'S,166 46'E,38.0,T/B,2017,31.0,34,exact,31.0,-77.85,166.76666666666668,temp,CALM_South,CALM_A1,2017-02-01,1,31.0,31.0,,,,,,False,False,False,False
A10,Minna Bluff,78 30'S,166 45'E,38.0,T/B,2003,23.0,39,exact,23.0,-78.5,166.75,temp,CALM_South,CALM_A10,2003-02-01,1,23.0,23.0,,,,,,False,False,False,False
A10,Minna Bluff,78 30'S,166 45'E,38.0,T/B,2004,23.0,39,exact,23.0,-78.5,166.75,temp,CALM_South,CALM_A10,2004-02-01,1,23.0,23.0,,,,,,False,False,False,False
A10,Minna Bluff,78 30'S,166 45'E,38.0,T/B,2005,23.0,39,exact,23.0,-78.5,166.75,temp,CALM_South,CALM_A10,2005-02-01,1,23.0,23.0,,,,,,False,False,False,False
A10,Minna Bluff,78 30'S,166 45'E,38.0,T/B,2006,24.0,39,exact,24.0,-78.5,166.75,temp,CALM_South,CALM_A10,2006-02-01,1,24.0,24.0,,,,,,False,False,False,False
A10,Minna Bluff,78 30'S,166 45'E,38.0,T/B,2007,27.0,39,exact,27.0,-78.5,166.75,temp,CALM_South,CALM_A10,2007-02-01,1,27.0,27.0,,,,,,False,False,False,False
A10,Minna Bluff,78 30'S,166 45'E,38.0,T/B,2008,25.0,39,exact,25.0,-78.5,166.75,temp,CALM_South,CALM_A10,2008-02-01,1,25.0,25.0,,,,,,False,False,False,False
A10,Minna Bluff,78 30'S,166 45'E,38.0,T/B,2009,31.0,39,exact,31.0,-78.5,166.75,temp,CALM_South,CALM_A10,2009-02-01,1,31.0,31.0,,,,,,False,False,False,False
A10,Minna Bluff,78 30'S,166 45'E,38.0,T/B,2010,25.0,39,exact,25.0,-78.5,166.75,temp,CALM_South,CALM_A10,2010-02-01,1,25.0,25.0,,,,,,False,False,False,False
A10,Minna Bluff,78 30'S,166 45'E,38.0,T/B,2011,24.0,39,exact,24.0,-78.5,166.75,temp,CALM_South,CALM_A10,2011-02-01,1,24.0,24.0,,,,,,False,False,False,False
A10,Minna Bluff,78 30'S,166 45'E,38.0,T/B,2012,31.0,39,exact,31.0,-78.5,166.75,temp,CALM_South,CALM_A10,2012-02-01,1,31.0,31.0,,,,,,False,False,False,False
A10,Minna Bluff,78 30'S,166 45'E,38.0,T/B,2013,32.0,39,exact,32.0,-78.5,166.75,temp,CALM_South,CALM_A10,2013-02-01,1,32.0,32.0,,,,,,False,False,False,False
A10,Minna Bluff,78 30'S,166 45'E,38.0,T/B,2014,35.0,39,exact,35.0,-78.5,166.75,temp,CALM_South,CALM_A10,2014-02-01,1,35.0,35.0,,,,,,False,False,False,False
A10,Minna Bluff,78 30'S,166 45'E,38.0,T/B,2015,27.0,39,exact,27.0,-78.5,166.75,temp,CALM_South,CALM_A10,2015-02-01,1,27.0,27.0,,,,,,False,False,False,False
A11,Granite Harbour,77 00'S,162 31'E,5.0,T/B,2003,79.0,40,exact,79.0,-77.0,162.51666666666668,temp,CALM_South,CALM_A11,2003-02-01,1,79.0,79.0,,,,,,False,False,False,False
A11,Granite Harbour,77 00'S,162 31'E,5.0,T/B,2004,82.0,40,exact,82.0,-77.0,162.51666666666668,temp,CALM_South,CALM_A11,2004-02-01,1,82.0,82.0,,,,,,False,False,False,False
A11,Granite Harbour,77 00'S,162 31'E,5.0,T/B,2005,90+,40,lower,90.0,-77.0,162.51666666666668,temp,CALM_South,CALM_A11,2005-02-01,0,,,90.0,,,,,False,False,True,False
A11,Granite Harbour,77 00'S,162 31'E,5.0,T/B,2006,90+,40,lower,90.0,-77.0,162.51666666666668,temp,CALM_South,CALM_A11,2006-02-01,0,,,90.0,,,,,False,False,True,False
A11,Granite Harbour,77 00'S,162 31'E,5.0,T/B,2007,90+,40,lower,90.0,-77.0,162.51666666666668,temp,CALM_South,CALM_A11,2007-02-01,0,,,90.0,,,,,False,False,True,False
A11,Granite Harbour,77 00'S,162 31'E,5.0,T/B,2008,73.0,40,exact,73.0,-77.0,162.51666666666668,temp,CALM_South,CALM_A11,2008-02-01,1,73.0,73.0,,,,,,False,False,False,False
A11,Granite Harbour,77 00'S,162 31'E,5.0,T/B,2009,84.0,40,exact,84.0,-77.0,162.51666666666668,temp,CALM_South,CALM_A11,2009-02-01,1,84.0,84.0,,,,,,False,False,False,False
A11,Granite Harbour,77 00'S,162 31'E,5.0,T/B,2010,81.0,40,exact,81.0,-77.0,162.51666666666668,temp,CALM_South,CALM_A11,2010-02-01,1,81.0,81.0,,,,,,False,False,False,False
A11,Granite Harbour,77 00'S,162 31'E,5.0,T/B,2011,90+,40,lower,90.0,-77.0,162.51666666666668,temp,CALM_South,CALM_A11,2011-02-01,0,,,90.0,,,,,False,False,True,False
A11,Granite Harbour,77 00'S,162 31'E,5.0,T/B,2012,90+,40,lower,90.0,-77.0,162.51666666666668,temp,CALM_South,CALM_A11,2012-02-01,0,,,90.0,,,,,False,False,True,False
A11,Granite Harbour,77 00'S,162 31'E,5.0,T/B,2013,90+,40,lower,90.0,-77.0,162.51666666666668,temp,CALM_South,CALM_A11,2013-02-01,0,,,90.0,,,,,False,False,True,False
A11,Granite Harbour,77 00'S,162 31'E,5.0,T/B,2014,90+,40,lower,90.0,-77.0,162.51666666666668,temp,CALM_South,CALM_A11,2014-02-01,0,,,90.0,,,,,False,False,True,False
A11,Granite Harbour,77 00'S,162 31'E,5.0,T/B,2015,90+,40,lower,90.0,-77.0,162.51666666666668,temp,CALM_South,CALM_A11,2015-02-01,0,,,90.0,,,,,False,False,True,False
A11,Granite Harbour,77 00'S,162 31'E,5.0,T/B,2016,90+,40,lower,90.0,-77.0,162.51666666666668,temp,CALM_South,CALM_A11,2016-02-01,0,,,90.0,,,,,False,False,True,False
A11,Granite Harbour,77 00'S,162 31'E,5.0,T/B,2017,67.0,40,exact,67.0,-77.0,162.51666666666668,temp,CALM_South,CALM_A11,2017-02-01,1,67.0,67.0,,,,,,False,False,False,False
A15A,Livingston1 (Reina Sofía mount),62 67'S,60 38'W,274.0,40/T/B25,2000,75.0,56,exact,75.0,-62.67028,-60.38222,temp,CALM_South,CALM_A15A,2000-02-01,1,75.0,75.0,,https://data.gtn-p.org/api/pt/486,"Workbook latitude has invalid DMS minutes (62 67 S). Use the GTN-P Mount Reina Sofia location (274 m), also shared by the later PG1 borehole; a representative site coordinate, not a surveyed grid-node location.",https://doi.org/10.1029/2006JF000544,Early annual series assigned to shallow-borehole temperature monitoring; composite workbook code also describes a grid and a later deeper borehole.,True,True,True,True
A15A,Livingston1 (Reina Sofía mount),62 67'S,60 38'W,274.0,40/T/B25,2001,70.0,56,exact,70.0,-62.67028,-60.38222,temp,CALM_South,CALM_A15A,2001-02-01,1,70.0,70.0,,https://data.gtn-p.org/api/pt/486,"Workbook latitude has invalid DMS minutes (62 67 S). Use the GTN-P Mount Reina Sofia location (274 m), also shared by the later PG1 borehole; a representative site coordinate, not a surveyed grid-node location.",https://doi.org/10.1029/2006JF000544,Early annual series assigned to shallow-borehole temperature monitoring; composite workbook code also describes a grid and a later deeper borehole.,True,True,True,True
A15A,Livingston1 (Reina Sofía mount),62 67'S,60 38'W,274.0,40/T/B25,2002,80.0,56,exact,80.0,-62.67028,-60.38222,temp,CALM_South,CALM_A15A,2002-02-01,1,80.0,80.0,,https://data.gtn-p.org/api/pt/486,"Workbook latitude has invalid DMS minutes (62 67 S). Use the GTN-P Mount Reina Sofia location (274 m), also shared by the later PG1 borehole; a representative site coordinate, not a surveyed grid-node location.",https://doi.org/10.1029/2006JF000544,Early annual series assigned to shallow-borehole temperature monitoring; composite workbook code also describes a grid and a later deeper borehole.,True,True,True,True
A15A,Livingston1 (Reina Sofía mount),62 67'S,60 38'W,274.0,40/T/B25,2003,90.0,56,exact,90.0,-62.67028,-60.38222,temp,CALM_South,CALM_A15A,2003-02-01,1,90.0,90.0,,https://data.gtn-p.org/api/pt/486,"Workbook latitude has invalid DMS minutes (62 67 S). Use the GTN-P Mount Reina Sofia location (274 m), also shared by the later PG1 borehole; a representative site coordinate, not a surveyed grid-node location.",https://doi.org/10.1029/2006JF000544,Early annual series assigned to shallow-borehole temperature monitoring; composite workbook code also describes a grid and a later deeper borehole.,True,True,True,True
A15A,Livingston1 (Reina Sofía mount),62 67'S,60 38'W,274.0,40/T/B25,2004,85.0,56,exact,85.0,-62.67028,-60.38222,temp,CALM_South,CALM_A15A,2004-02-01,1,85.0,85.0,,https://data.gtn-p.org/api/pt/486,"Workbook latitude has invalid DMS minutes (62 67 S). Use the GTN-P Mount Reina Sofia location (274 m), also shared by the later PG1 borehole; a representative site coordinate, not a surveyed grid-node location.",https://doi.org/10.1029/2006JF000544,Early annual series assigned to shallow-borehole temperature monitoring; composite workbook code also describes a grid and a later deeper borehole.,True,True,True,True
A15A,Livingston1 (Reina Sofía mount),62 67'S,60 38'W,274.0,40/T/B25,2005,90.0,56,exact,90.0,-62.67028,-60.38222,temp,CALM_South,CALM_A15A,2005-02-01,1,90.0,90.0,,https://data.gtn-p.org/api/pt/486,"Workbook latitude has invalid DMS minutes (62 67 S). Use the GTN-P Mount Reina Sofia location (274 m), also shared by the later PG1 borehole; a representative site coordinate, not a surveyed grid-node location.",https://doi.org/10.1029/2006JF000544,Early annual series assigned to shallow-borehole temperature monitoring; composite workbook code also describes a grid and a later deeper borehole.,True,True,True,True
A15A,Livingston1 (Reina Sofía mount),62 67'S,60 38'W,274.0,40/T/B25,2006,90.0,56,exact,90.0,-62.67028,-60.38222,temp,CALM_South,CALM_A15A,2006-02-01,1,90.0,90.0,,https://data.gtn-p.org/api/pt/486,"Workbook latitude has invalid DMS minutes (62 67 S). Use the GTN-P Mount Reina Sofia location (274 m), also shared by the later PG1 borehole; a representative site coordinate, not a surveyed grid-node location.",https://doi.org/10.1029/2006JF000544,Early annual series assigned to shallow-borehole temperature monitoring; composite workbook code also describes a grid and a later deeper borehole.,True,True,True,True
A15A,Livingston1 (Reina Sofía mount),62 67'S,60 38'W,274.0,40/T/B25,2007,90.0,56,exact,90.0,-62.67028,-60.38222,temp,CALM_South,CALM_A15A,2007-02-01,1,90.0,90.0,,https://data.gtn-p.org/api/pt/486,"Workbook latitude has invalid DMS minutes (62 67 S). Use the GTN-P Mount Reina Sofia location (274 m), also shared by the later PG1 borehole; a representative site coordinate, not a surveyed grid-node location.",https://doi.org/10.1029/2006JF000544,Early annual series assigned to shallow-borehole temperature monitoring; composite workbook code also describes a grid and a later deeper borehole.,True,True,True,True
A15B,Livingston2 (Ramos Col),62 40'S,60 23'W,110.0,50/T/B2.4,2006,>130,57,lower,130.0,-62.666666666666664,-60.38333333333333,temp,CALM_South,CALM_A15B,2006-02-01,0,,,130.0,,,https://doi.org/10.1029/2006JF000544,"Composite 50/T/B2.4 code assigned to temperature monitoring, rather than interpreting grid size as proof of probing.",False,False,False,True
A15B,Livingston2 (Ramos Col),62 40'S,60 23'W,110.0,50/T/B2.4,2007,>130,57,lower,130.0,-62.666666666666664,-60.38333333333333,temp,CALM_South,CALM_A15B,2007-02-01,0,,,130.0,,,https://doi.org/10.1029/2006JF000544,"Composite 50/T/B2.4 code assigned to temperature monitoring, rather than interpreting grid size as proof of probing.",False,False,False,True
A16,Deception Island (Crater Lake),62 98 S,60 67 W,85.0,100/P/B1.3,2006,35.0,58,exact,35.0,-62.985651,-60.678711,tp,CALM_South,CALM_A16,2006-02-01,1,35.0,35.0,,https://doi.org/10.6084/m9.figshare.32885756.v1,"Workbook 62 98 S / 60 67 W is not valid DMS. Use the explicitly matched A16 coordinates from the versioned synthesis, not an inferred DMS repair.",,,True,True,True,False
A16,Deception Island (Crater Lake),62 98 S,60 67 W,85.0,100/P/B1.3,2007,32.0,58,exact,32.0,-62.985651,-60.678711,tp,CALM_South,CALM_A16,2007-02-01,1,32.0,32.0,,https://doi.org/10.6084/m9.figshare.32885756.v1,"Workbook 62 98 S / 60 67 W is not valid DMS. Use the explicitly matched A16 coordinates from the versioned synthesis, not an inferred DMS repair.",,,True,True,True,False
A16,Deception Island (Crater Lake),62 98 S,60 67 W,85.0,100/P/B1.3,2008,32.0,58,exact,32.0,-62.985651,-60.678711,tp,CALM_South,CALM_A16,2008-02-01,1,32.0,32.0,,https://doi.org/10.6084/m9.figshare.32885756.v1,"Workbook 62 98 S / 60 67 W is not valid DMS. Use the explicitly matched A16 coordinates from the versioned synthesis, not an inferred DMS repair.",,,True,True,True,False
A16,Deception Island (Crater Lake),62 98 S,60 67 W,85.0,100/P/B1.3,2009,34.0,58,exact,34.0,-62.985651,-60.678711,tp,CALM_South,CALM_A16,2009-02-01,1,34.0,34.0,,https://doi.org/10.6084/m9.figshare.32885756.v1,"Workbook 62 98 S / 60 67 W is not valid DMS. Use the explicitly matched A16 coordinates from the versioned synthesis, not an inferred DMS repair.",,,True,True,True,False
A16,Deception Island (Crater Lake),62 98 S,60 67 W,85.0,100/P/B1.3,2010,31.0,58,exact,31.0,-62.985651,-60.678711,tp,CALM_South,CALM_A16,2010-02-01,1,31.0,31.0,,https://doi.org/10.6084/m9.figshare.32885756.v1,"Workbook 62 98 S / 60 67 W is not valid DMS. Use the explicitly matched A16 coordinates from the versioned synthesis, not an inferred DMS repair.",,,True,True,True,False
A16,Deception Island (Crater Lake),62 98 S,60 67 W,85.0,100/P/B1.3,2011,28.0,58,exact,28.0,-62.985651,-60.678711,tp,CALM_South,CALM_A16,2011-02-01,1,28.0,28.0,,https://doi.org/10.6084/m9.figshare.32885756.v1,"Workbook 62 98 S / 60 67 W is not valid DMS. Use the explicitly matched A16 coordinates from the versioned synthesis, not an inferred DMS repair.",,,True,True,True,False
A16,Deception Island (Crater Lake),62 98 S,60 67 W,85.0,100/P/B1.3,2012,29.0,58,exact,29.0,-62.985651,-60.678711,tp,CALM_South,CALM_A16,2012-02-01,1,29.0,29.0,,https://doi.org/10.6084/m9.figshare.32885756.v1,"Workbook 62 98 S / 60 67 W is not valid DMS. Use the explicitly matched A16 coordinates from the versioned synthesis, not an inferred DMS repair.",,,True,True,True,False
A16,Deception Island (Crater Lake),62 98 S,60 67 W,85.0,100/P/B1.3,2013,23.0,58,exact,23.0,-62.985651,-60.678711,tp,CALM_South,CALM_A16,2013-02-01,1,23.0,23.0,,https://doi.org/10.6084/m9.figshare.32885756.v1,"Workbook 62 98 S / 60 67 W is not valid DMS. Use the explicitly matched A16 coordinates from the versioned synthesis, not an inferred DMS repair.",,,True,True,True,False
A16,Deception Island (Crater Lake),62 98 S,60 67 W,85.0,100/P/B1.3,2014,23.0,58,exact,23.0,-62.985651,-60.678711,tp,CALM_South,CALM_A16,2014-02-01,1,23.0,23.0,,https://doi.org/10.6084/m9.figshare.32885756.v1,"Workbook 62 98 S / 60 67 W is not valid DMS. Use the explicitly matched A16 coordinates from the versioned synthesis, not an inferred DMS repair.",,,True,True,True,False
A16,Deception Island (Crater Lake),62 98 S,60 67 W,85.0,100/P/B1.3,2015,19.0,58,exact,19.0,-62.985651,-60.678711,tp,CALM_South,CALM_A16,2015-02-01,1,19.0,19.0,,https://doi.org/10.6084/m9.figshare.32885756.v1,"Workbook 62 98 S / 60 67 W is not valid DMS. Use the explicitly matched A16 coordinates from the versioned synthesis, not an inferred DMS repair.",,,True,True,True,False
A16,Deception Island (Crater Lake),62 98 S,60 67 W,85.0,100/P/B1.3,2016,22.0,58,exact,22.0,-62.985651,-60.678711,tp,CALM_South,CALM_A16,2016-02-01,1,22.0,22.0,,https://doi.org/10.6084/m9.figshare.32885756.v1,"Workbook 62 98 S / 60 67 W is not valid DMS. Use the explicitly matched A16 coordinates from the versioned synthesis, not an inferred DMS repair.",,,True,True,True,False
A16,Deception Island (Crater Lake),62 98 S,60 67 W,85.0,100/P/B1.3,2017,32.0,58,exact,32.0,-62.985651,-60.678711,tp,CALM_South,CALM_A16,2017-02-01,1,32.0,32.0,,https://doi.org/10.6084/m9.figshare.32885756.v1,"Workbook 62 98 S / 60 67 W is not valid DMS. Use the explicitly matched A16 coordinates from the versioned synthesis, not an inferred DMS repair.",,,True,True,True,False
A16,Deception Island (Crater Lake),62 98 S,60 67 W,85.0,100/P/B1.3,2018,27.0,58,exact,27.0,-62.985651,-60.678711,tp,CALM_South,CALM_A16,2018-02-01,1,27.0,27.0,,https://doi.org/10.6084/m9.figshare.32885756.v1,"Workbook 62 98 S / 60 67 W is not valid DMS. Use the explicitly matched A16 coordinates from the versioned synthesis, not an inferred DMS repair.",,,True,True,True,False
A16,Deception Island (Crater Lake),62 98 S,60 67 W,85.0,100/P/B1.3,2019,29.0,58,exact,29.0,-62.985651,-60.678711,tp,CALM_South,CALM_A16,2019-02-01,1,29.0,29.0,,https://doi.org/10.6084/m9.figshare.32885756.v1,"Workbook 62 98 S / 60 67 W is not valid DMS. Use the explicitly matched A16 coordinates from the versioned synthesis, not an inferred DMS repair.",,,True,True,True,False
A16,Deception Island (Crater Lake),62 98 S,60 67 W,85.0,100/P/B1.3,2020,36.0,58,exact,36.0,-62.985651,-60.678711,tp,CALM_South,CALM_A16,2020-02-01,1,36.0,36.0,,https://doi.org/10.6084/m9.figshare.32885756.v1,"Workbook 62 98 S / 60 67 W is not valid DMS. Use the explicitly matched A16 coordinates from the versioned synthesis, not an inferred DMS repair.",,,True,True,True,False
A16,Deception Island (Crater Lake),62 98 S,60 67 W,85.0,100/P/B1.3,2021,36.0,58,exact,36.0,-62.985651,-60.678711,tp,CALM_South,CALM_A16,2021-02-01,1,36.0,36.0,,https://doi.org/10.6084/m9.figshare.32885756.v1,"Workbook 62 98 S / 60 67 W is not valid DMS. Use the explicitly matched A16 coordinates from the versioned synthesis, not an inferred DMS repair.",,,True,True,True,False
A16,Deception Island (Crater Lake),62 98 S,60 67 W,85.0,100/P/B1.3,2022,35.0,58,exact,35.0,-62.985651,-60.678711,tp,CALM_South,CALM_A16,2022-02-01,1,35.0,35.0,,https://doi.org/10.6084/m9.figshare.32885756.v1,"Workbook 62 98 S / 60 67 W is not valid DMS. Use the explicitly matched A16 coordinates from the versioned synthesis, not an inferred DMS repair.",,,True,True,True,False
A16,Deception Island (Crater Lake),62 98 S,60 67 W,85.0,100/P/B1.3,2023,39.0,58,exact,39.0,-62.985651,-60.678711,tp,CALM_South,CALM_A16,2023-02-01,1,39.0,39.0,,https://doi.org/10.6084/m9.figshare.32885756.v1,"Workbook 62 98 S / 60 67 W is not valid DMS. Use the explicitly matched A16 coordinates from the versioned synthesis, not an inferred DMS repair.",,,True,True,True,False
A16,Deception Island (Crater Lake),62 98 S,60 67 W,85.0,100/P/B1.3,2024,38.0,58,exact,38.0,-62.985651,-60.678711,tp,CALM_South,CALM_A16,2024-02-01,1,38.0,38.0,,https://doi.org/10.6084/m9.figshare.32885756.v1,"Workbook 62 98 S / 60 67 W is not valid DMS. Use the explicitly matched A16 coordinates from the versioned synthesis, not an inferred DMS repair.",,,True,True,True,False
A16,Deception Island (Crater Lake),62 98 S,60 67 W,85.0,100/P/B1.3,2025,37.0,58,exact,37.0,-62.985651,-60.678711,tp,CALM_South,CALM_A16,2025-02-01,1,37.0,37.0,,https://doi.org/10.6084/m9.figshare.32885756.v1,"Workbook 62 98 S / 60 67 W is not valid DMS. Use the explicitly matched A16 coordinates from the versioned synthesis, not an inferred DMS repair.",,,True,True,True,False
A17,Signy Island,-60.7115,-45.5919,85.0,T/B3.6,2006,148.0,60,exact,148.0,-60.7115,-45.5919,temp,CALM_South,CALM_A17,2006-02-01,1,148.0,148.0,,,,,,False,False,False,False
A17,Signy Island,-60.7115,-45.5919,85.0,T/B3.6,2007,148.0,60,exact,148.0,-60.7115,-45.5919,temp,CALM_South,CALM_A17,2007-02-01,1,148.0,148.0,,,,,,False,False,False,False
A17,Signy Island,-60.7115,-45.5919,85.0,T/B3.6,2008,160.0,60,exact,160.0,-60.7115,-45.5919,temp,CALM_South,CALM_A17,2008-02-01,1,160.0,160.0,,,,,,False,False,False,False
A17,Signy Island,-60.7115,-45.5919,85.0,T/B3.6,2009,148.0,60,exact,148.0,-60.7115,-45.5919,temp,CALM_South,CALM_A17,2009-02-01,1,148.0,148.0,,,,,,False,False,False,False
A17,Signy Island,-60.7115,-45.5919,85.0,T/B3.6,2010,130.0,60,exact,130.0,-60.7115,-45.5919,temp,CALM_South,CALM_A17,2010-02-01,1,130.0,130.0,,,,,,False,False,False,False
A17,Signy Island,-60.7115,-45.5919,85.0,T/B3.6,2011,150.0,60,exact,150.0,-60.7115,-45.5919,temp,CALM_South,CALM_A17,2011-02-01,1,150.0,150.0,,,,,,False,False,False,False
A17,Signy Island,-60.7115,-45.5919,85.0,T/B3.6,2012,139.0,60,exact,139.0,-60.7115,-45.5919,temp,CALM_South,CALM_A17,2012-02-01,1,139.0,139.0,,,,,,False,False,False,False
A17,Signy Island,-60.7115,-45.5919,85.0,T/B3.6,2013,97.0,60,exact,97.0,-60.7115,-45.5919,temp,CALM_South,CALM_A17,2013-02-01,1,97.0,97.0,,,,,,False,False,False,False
A17,Signy Island,-60.7115,-45.5919,85.0,T/B3.6,2014,96.0,60,exact,96.0,-60.7115,-45.5919,temp,CALM_South,CALM_A17,2014-02-01,1,96.0,96.0,,,,,,False,False,False,False
A17,Signy Island,-60.7115,-45.5919,85.0,T/B3.6,2015,141.0,60,exact,141.0,-60.7115,-45.5919,temp,CALM_South,CALM_A17,2015-02-01,1,141.0,141.0,,,,,,False,False,False,False
A17,Signy Island,-60.7115,-45.5919,85.0,T/B3.6,2016,129.0,60,exact,129.0,-60.7115,-45.5919,temp,CALM_South,CALM_A17,2016-02-01,1,129.0,129.0,,,,,,False,False,False,False
A17,Signy Island,-60.7115,-45.5919,85.0,T/B3.6,2017,180.0,60,exact,180.0,-60.7115,-45.5919,temp,CALM_South,CALM_A17,2017-02-01,1,180.0,180.0,,,,,,False,False,False,False
A17,Signy Island,-60.7115,-45.5919,85.0,T/B3.6,2018,192.0,60,exact,192.0,-60.7115,-45.5919,temp,CALM_South,CALM_A17,2018-02-01,1,192.0,192.0,,,,,,False,False,False,False
A17,Signy Island,-60.7115,-45.5919,85.0,T/B3.6,2019,191.0,60,exact,191.0,-60.7115,-45.5919,temp,CALM_South,CALM_A17,2019-02-01,1,191.0,191.0,,,,,,False,False,False,False
A17,Signy Island,-60.7115,-45.5919,85.0,T/B3.6,2020,193.0,60,exact,193.0,-60.7115,-45.5919,temp,CALM_South,CALM_A17,2020-02-01,1,193.0,193.0,,,,,,False,False,False,False
A17,Signy Island,-60.7115,-45.5919,85.0,T/B3.6,2021,195.0,60,exact,195.0,-60.7115,-45.5919,temp,CALM_South,CALM_A17,2021-02-01,1,195.0,195.0,,,,,,False,False,False,False
A17,Signy Island,-60.7115,-45.5919,85.0,T/B3.6,2022,205.0,60,exact,205.0,-60.7115,-45.5919,temp,CALM_South,CALM_A17,2022-02-01,1,205.0,205.0,,,,,,False,False,False,False
A17,Signy Island,-60.7115,-45.5919,85.0,T/B3.6,2023,215.0,60,exact,215.0,-60.7115,-45.5919,temp,CALM_South,CALM_A17,2023-02-01,1,215.0,215.0,,,,,,False,False,False,False
A17,Signy Island,-60.7115,-45.5919,85.0,T/B3.6,2024,205.0,60,exact,205.0,-60.7115,-45.5919,temp,CALM_South,CALM_A17,2024-02-01,1,205.0,205.0,,,,,,False,False,False,False
A17,Signy Island,-60.7115,-45.5919,85.0,T/B3.6,2025,198.0,60,exact,198.0,-60.7115,-45.5919,temp,CALM_South,CALM_A17,2025-02-01,1,198.0,198.0,,,,,,False,False,False,False
A17A,Signy Island- Bertsen,-60.7083,-46.0,21.0,T/B30,2013,280.0,61,exact,280.0,-60.7083,-45.5941,temp,CALM_South,CALM_A17A,2013-02-01,1,280.0,280.0,,https://doi.org/10.6084/m9.figshare.32885756.v1,Use the versioned synthesis's more precise A17A longitude instead of the workbook's rounded -46 degrees.,,,True,True,True,False
A17A,Signy Island- Bertsen,-60.7083,-46.0,21.0,T/B30,2014,299.0,61,exact,299.0,-60.7083,-45.5941,temp,CALM_South,CALM_A17A,2014-02-01,1,299.0,299.0,,https://doi.org/10.6084/m9.figshare.32885756.v1,Use the versioned synthesis's more precise A17A longitude instead of the workbook's rounded -46 degrees.,,,True,True,True,False
A17A,Signy Island- Bertsen,-60.7083,-46.0,21.0,T/B30,2015,283.0,61,exact,283.0,-60.7083,-45.5941,temp,CALM_South,CALM_A17A,2015-02-01,1,283.0,283.0,,https://doi.org/10.6084/m9.figshare.32885756.v1,Use the versioned synthesis's more precise A17A longitude instead of the workbook's rounded -46 degrees.,,,True,True,True,False
A17A,Signy Island- Bertsen,-60.7083,-46.0,21.0,T/B30,2016,275.0,61,exact,275.0,-60.7083,-45.5941,temp,CALM_South,CALM_A17A,2016-02-01,1,275.0,275.0,,https://doi.org/10.6084/m9.figshare.32885756.v1,Use the versioned synthesis's more precise A17A longitude instead of the workbook's rounded -46 degrees.,,,True,True,True,False
A17A,Signy Island- Bertsen,-60.7083,-46.0,21.0,T/B30,2017,307.0,61,exact,307.0,-60.7083,-45.5941,temp,CALM_South,CALM_A17A,2017-02-01,1,307.0,307.0,,https://doi.org/10.6084/m9.figshare.32885756.v1,Use the versioned synthesis's more precise A17A longitude instead of the workbook's rounded -46 degrees.,,,True,True,True,False
A17A,Signy Island- Bertsen,-60.7083,-46.0,21.0,T/B30,2018,342.0,61,exact,342.0,-60.7083,-45.5941,temp,CALM_South,CALM_A17A,2018-02-01,1,342.0,342.0,,https://doi.org/10.6084/m9.figshare.32885756.v1,Use the versioned synthesis's more precise A17A longitude instead of the workbook's rounded -46 degrees.,,,True,True,True,False
A17A,Signy Island- Bertsen,-60.7083,-46.0,21.0,T/B30,2019,318.0,61,exact,318.0,-60.7083,-45.5941,temp,CALM_South,CALM_A17A,2019-02-01,1,318.0,318.0,,https://doi.org/10.6084/m9.figshare.32885756.v1,Use the versioned synthesis's more precise A17A longitude instead of the workbook's rounded -46 degrees.,,,True,True,True,False
A17A,Signy Island- Bertsen,-60.7083,-46.0,21.0,T/B30,2020,322.0,61,exact,322.0,-60.7083,-45.5941,temp,CALM_South,CALM_A17A,2020-02-01,1,322.0,322.0,,https://doi.org/10.6084/m9.figshare.32885756.v1,Use the versioned synthesis's more precise A17A longitude instead of the workbook's rounded -46 degrees.,,,True,True,True,False
A17A,Signy Island- Bertsen,-60.7083,-46.0,21.0,T/B30,2021,300.0,61,exact,300.0,-60.7083,-45.5941,temp,CALM_South,CALM_A17A,2021-02-01,1,300.0,300.0,,https://doi.org/10.6084/m9.figshare.32885756.v1,Use the versioned synthesis's more precise A17A longitude instead of the workbook's rounded -46 degrees.,,,True,True,True,False
A17A,Signy Island- Bertsen,-60.7083,-46.0,21.0,T/B30,2022,360.0,61,exact,360.0,-60.7083,-45.5941,temp,CALM_South,CALM_A17A,2022-02-01,1,360.0,360.0,,https://doi.org/10.6084/m9.figshare.32885756.v1,Use the versioned synthesis's more precise A17A longitude instead of the workbook's rounded -46 degrees.,,,True,True,True,False
A17A,Signy Island- Bertsen,-60.7083,-46.0,21.0,T/B30,2023,380.0,61,exact,380.0,-60.7083,-45.5941,temp,CALM_South,CALM_A17A,2023-02-01,1,380.0,380.0,,https://doi.org/10.6084/m9.figshare.32885756.v1,Use the versioned synthesis's more precise A17A longitude instead of the workbook's rounded -46 degrees.,,,True,True,True,False
A17A,Signy Island- Bertsen,-60.7083,-46.0,21.0,T/B30,2024,338.0,61,exact,338.0,-60.7083,-45.5941,temp,CALM_South,CALM_A17A,2024-02-01,1,338.0,338.0,,https://doi.org/10.6084/m9.figshare.32885756.v1,Use the versioned synthesis's more precise A17A longitude instead of the workbook's rounded -46 degrees.,,,True,True,True,False
A17A,Signy Island- Bertsen,-60.7083,-46.0,21.0,T/B30,2025,294.0,61,exact,294.0,-60.7083,-45.5941,temp,CALM_South,CALM_A17A,2025-02-01,1,294.0,294.0,,https://doi.org/10.6084/m9.figshare.32885756.v1,Use the versioned synthesis's more precise A17A longitude instead of the workbook's rounded -46 degrees.,,,True,True,True,False
A18,King George-Bellingshausen,"62 11' 54"" S","58 59' 3""W",,100/T,2007,67.0,62,exact,67.0,-62.19833333333333,-58.98416666666667,tp,CALM_South,CALM_A18,2007-02-01,1,67.0,67.0,,,,https://doi.org/10.6084/m9.figshare.32885756.v1,Composite 100/T code classified as Probing by the synthesis; annual instrument cannot be recovered independently for every year.,False,False,False,True
A18,King George-Bellingshausen,"62 11' 54"" S","58 59' 3""W",,100/T,2008,62.0,62,exact,62.0,-62.19833333333333,-58.98416666666667,tp,CALM_South,CALM_A18,2008-02-01,1,62.0,62.0,,,,https://doi.org/10.6084/m9.figshare.32885756.v1,Composite 100/T code classified as Probing by the synthesis; annual instrument cannot be recovered independently for every year.,False,False,False,True
A18,King George-Bellingshausen,"62 11' 54"" S","58 59' 3""W",,100/T,2009,86.0,62,exact,86.0,-62.19833333333333,-58.98416666666667,tp,CALM_South,CALM_A18,2009-02-01,1,86.0,86.0,,,,https://doi.org/10.6084/m9.figshare.32885756.v1,Composite 100/T code classified as Probing by the synthesis; annual instrument cannot be recovered independently for every year.,False,False,False,True
A18,King George-Bellingshausen,"62 11' 54"" S","58 59' 3""W",,100/T,2010,45.0,62,exact,45.0,-62.19833333333333,-58.98416666666667,tp,CALM_South,CALM_A18,2010-02-01,1,45.0,45.0,,,,https://doi.org/10.6084/m9.figshare.32885756.v1,Composite 100/T code classified as Probing by the synthesis; annual instrument cannot be recovered independently for every year.,False,False,False,True
A18,King George-Bellingshausen,"62 11' 54"" S","58 59' 3""W",,100/T,2011,62.0,62,exact,62.0,-62.19833333333333,-58.98416666666667,tp,CALM_South,CALM_A18,2011-02-01,1,62.0,62.0,,,,https://doi.org/10.6084/m9.figshare.32885756.v1,Composite 100/T code classified as Probing by the synthesis; annual instrument cannot be recovered independently for every year.,False,False,False,True
A18,King George-Bellingshausen,"62 11' 54"" S","58 59' 3""W",,100/T,2013,47.0,62,exact,47.0,-62.19833333333333,-58.98416666666667,tp,CALM_South,CALM_A18,2013-02-01,1,47.0,47.0,,,,https://doi.org/10.6084/m9.figshare.32885756.v1,Composite 100/T code classified as Probing by the synthesis; annual instrument cannot be recovered independently for every year.,False,False,False,True
A18,King George-Bellingshausen,"62 11' 54"" S","58 59' 3""W",,100/T,2015,50.0,62,exact,50.0,-62.19833333333333,-58.98416666666667,tp,CALM_South,CALM_A18,2015-02-01,1,50.0,50.0,,,,https://doi.org/10.6084/m9.figshare.32885756.v1,Composite 100/T code classified as Probing by the synthesis; annual instrument cannot be recovered independently for every year.,False,False,False,True
A18,King George-Bellingshausen,"62 11' 54"" S","58 59' 3""W",,100/T,2016,52.0,62,exact,52.0,-62.19833333333333,-58.98416666666667,tp,CALM_South,CALM_A18,2016-02-01,1,52.0,52.0,,,,https://doi.org/10.6084/m9.figshare.32885756.v1,Composite 100/T code classified as Probing by the synthesis; annual instrument cannot be recovered independently for every year.,False,False,False,True
A18,King George-Bellingshausen,"62 11' 54"" S","58 59' 3""W",,100/T,2017,75.0,62,exact,75.0,-62.19833333333333,-58.98416666666667,tp,CALM_South,CALM_A18,2017-02-01,1,75.0,75.0,,,,https://doi.org/10.6084/m9.figshare.32885756.v1,Composite 100/T code classified as Probing by the synthesis; annual instrument cannot be recovered independently for every year.,False,False,False,True
A18,King George-Bellingshausen,"62 11' 54"" S","58 59' 3""W",,100/T,2018,43.0,62,exact,43.0,-62.19833333333333,-58.98416666666667,tp,CALM_South,CALM_A18,2018-02-01,1,43.0,43.0,,,,https://doi.org/10.6084/m9.figshare.32885756.v1,Composite 100/T code classified as Probing by the synthesis; annual instrument cannot be recovered independently for every year.,False,False,False,True
A18,King George-Bellingshausen,"62 11' 54"" S","58 59' 3""W",,100/T,2019,80.0,62,exact,80.0,-62.19833333333333,-58.98416666666667,tp,CALM_South,CALM_A18,2019-02-01,1,80.0,80.0,,,,https://doi.org/10.6084/m9.figshare.32885756.v1,Composite 100/T code classified as Probing by the synthesis; annual instrument cannot be recovered independently for every year.,False,False,False,True
A18,King George-Bellingshausen,"62 11' 54"" S","58 59' 3""W",,100/T,2020,81.0,62,exact,81.0,-62.19833333333333,-58.98416666666667,tp,CALM_South,CALM_A18,2020-02-01,1,81.0,81.0,,,,https://doi.org/10.6084/m9.figshare.32885756.v1,Composite 100/T code classified as Probing by the synthesis; annual instrument cannot be recovered independently for every year.,False,False,False,True
A18,King George-Bellingshausen,"62 11' 54"" S","58 59' 3""W",,100/T,2021,85.0,62,exact,85.0,-62.19833333333333,-58.98416666666667,tp,CALM_South,CALM_A18,2021-02-01,1,85.0,85.0,,,,https://doi.org/10.6084/m9.figshare.32885756.v1,Composite 100/T code classified as Probing by the synthesis; annual instrument cannot be recovered independently for every year.,False,False,False,True
A18,King George-Bellingshausen,"62 11' 54"" S","58 59' 3""W",,100/T,2022,86.0,62,exact,86.0,-62.19833333333333,-58.98416666666667,tp,CALM_South,CALM_A18,2022-02-01,1,86.0,86.0,,,,https://doi.org/10.6084/m9.figshare.32885756.v1,Composite 100/T code classified as Probing by the synthesis; annual instrument cannot be recovered independently for every year.,False,False,False,True
A18,King George-Bellingshausen,"62 11' 54"" S","58 59' 3""W",,100/T,2023,100.0,62,exact,100.0,-62.19833333333333,-58.98416666666667,tp,CALM_South,CALM_A18,2023-02-01,1,100.0,100.0,,,,https://doi.org/10.6084/m9.figshare.32885756.v1,Composite 100/T code classified as Probing by the synthesis; annual instrument cannot be recovered independently for every year.,False,False,False,True
A18,King George-Bellingshausen,"62 11' 54"" S","58 59' 3""W",,100/T,2024,96.0,62,exact,96.0,-62.19833333333333,-58.98416666666667,tp,CALM_South,CALM_A18,2024-02-01,1,96.0,96.0,,,,https://doi.org/10.6084/m9.figshare.32885756.v1,Composite 100/T code classified as Probing by the synthesis; annual instrument cannot be recovered independently for every year.,False,False,False,True
A18,King George-Bellingshausen,"62 11' 54"" S","58 59' 3""W",,100/T,2025,89.0,62,exact,89.0,-62.19833333333333,-58.98416666666667,tp,CALM_South,CALM_A18,2025-02-01,1,89.0,89.0,,,,https://doi.org/10.6084/m9.figshare.32885756.v1,Composite 100/T code classified as Probing by the synthesis; annual instrument cannot be recovered independently for every year.,False,False,False,True
A19,Rothera,-67.5719,-68.126,31.0,T/B31,2009,97.0,63,exact,97.0,-67.5719,-68.126,temp,CALM_South,CALM_A19,2009-02-01,1,97.0,97.0,,,,,,False,False,False,False
A19,Rothera,-67.5719,-68.126,31.0,T/B31,2010,129.0,63,exact,129.0,-67.5719,-68.126,temp,CALM_South,CALM_A19,2010-02-01,1,129.0,129.0,,,,,,False,False,False,False
A19,Rothera,-67.5719,-68.126,31.0,T/B31,2011,94.0,63,exact,94.0,-67.5719,-68.126,temp,CALM_South,CALM_A19,2011-02-01,1,94.0,94.0,,,,,,False,False,False,False
A19,Rothera,-67.5719,-68.126,31.0,T/B31,2012,81.0,63,exact,81.0,-67.5719,-68.126,temp,CALM_South,CALM_A19,2012-02-01,1,81.0,81.0,,,,,,False,False,False,False
A19,Rothera,-67.5719,-68.126,31.0,T/B31,2013,106.0,63,exact,106.0,-67.5719,-68.126,temp,CALM_South,CALM_A19,2013-02-01,1,106.0,106.0,,,,,,False,False,False,False
A19,Rothera,-67.5719,-68.126,31.0,T/B31,2014,51.0,63,exact,51.0,-67.5719,-68.126,temp,CALM_South,CALM_A19,2014-02-01,1,51.0,51.0,,,,,,False,False,False,False
A19,Rothera,-67.5719,-68.126,31.0,T/B31,2015,29.0,63,exact,29.0,-67.5719,-68.126,temp,CALM_South,CALM_A19,2015-02-01,1,29.0,29.0,,,,,,False,False,False,False
A19,Rothera,-67.5719,-68.126,31.0,T/B31,2016,26.0,63,exact,26.0,-67.5719,-68.126,temp,CALM_South,CALM_A19,2016-02-01,1,26.0,26.0,,,,,,False,False,False,False
A19,Rothera,-67.5719,-68.126,31.0,T/B31,2017,129.0,63,exact,129.0,-67.5719,-68.126,temp,CALM_South,CALM_A19,2017-02-01,1,129.0,129.0,,,,,,False,False,False,False
A19,Rothera,-67.5719,-68.126,31.0,T/B31,2018,123.0,63,exact,123.0,-67.5719,-68.126,temp,CALM_South,CALM_A19,2018-02-01,1,123.0,123.0,,,,,,False,False,False,False
A19,Rothera,-67.5719,-68.126,31.0,T/B31,2019,10.0,63,exact,10.0,-67.5719,-68.126,temp,CALM_South,CALM_A19,2019-02-01,1,10.0,10.0,,,,,,False,False,False,False
A19,Rothera,-67.5719,-68.126,31.0,T/B31,2020,113.0,63,exact,113.0,-67.5719,-68.126,temp,CALM_South,CALM_A19,2020-02-01,1,113.0,113.0,,,,,,False,False,False,False
A19,Rothera,-67.5719,-68.126,31.0,T/B31,2021,30.0,63,exact,30.0,-67.5719,-68.126,temp,CALM_South,CALM_A19,2021-02-01,1,30.0,30.0,,,,,,False,False,False,False
A19,Rothera,-67.5719,-68.126,31.0,T/B31,2022,25.0,63,exact,25.0,-67.5719,-68.126,temp,CALM_South,CALM_A19,2022-02-01,1,25.0,25.0,,,,,,False,False,False,False
A19,Rothera,-67.5719,-68.126,31.0,T/B31,2024,122.0,63,exact,122.0,-67.5719,-68.126,temp,CALM_South,CALM_A19,2024-02-01,1,122.0,122.0,,,,,,False,False,False,False
A2,Bull Pass,77 31'S ,161 52'E,152.0,T/B,1999,62.0,35,exact,62.0,-77.51666666666667,161.86666666666667,temp,CALM_South,CALM_A2,1999-02-01,1,62.0,62.0,,,,,,False,False,False,False
A2,Bull Pass,77 31'S ,161 52'E,152.0,T/B,2000,39.0,35,exact,39.0,-77.51666666666667,161.86666666666667,temp,CALM_South,CALM_A2,2000-02-01,1,39.0,39.0,,,,,,False,False,False,False
A2,Bull Pass,77 31'S ,161 52'E,152.0,T/B,2001,51.0,35,exact,51.0,-77.51666666666667,161.86666666666667,temp,CALM_South,CALM_A2,2001-02-01,1,51.0,51.0,,,,,,False,False,False,False
A2,Bull Pass,77 31'S ,161 52'E,152.0,T/B,2002,59.0,35,exact,59.0,-77.51666666666667,161.86666666666667,temp,CALM_South,CALM_A2,2002-02-01,1,59.0,59.0,,,,,,False,False,False,False
A2,Bull Pass,77 31'S ,161 52'E,152.0,T/B,2003,43.0,35,exact,43.0,-77.51666666666667,161.86666666666667,temp,CALM_South,CALM_A2,2003-02-01,1,43.0,43.0,,,,,,False,False,False,False
A2,Bull Pass,77 31'S ,161 52'E,152.0,T/B,2004,47.0,35,exact,47.0,-77.51666666666667,161.86666666666667,temp,CALM_South,CALM_A2,2004-02-01,1,47.0,47.0,,,,,,False,False,False,False
A2,Bull Pass,77 31'S ,161 52'E,152.0,T/B,2005,45.0,35,exact,45.0,-77.51666666666667,161.86666666666667,temp,CALM_South,CALM_A2,2005-02-01,1,45.0,45.0,,,,,,False,False,False,False
A2,Bull Pass,77 31'S ,161 52'E,152.0,T/B,2006,49.0,35,exact,49.0,-77.51666666666667,161.86666666666667,temp,CALM_South,CALM_A2,2006-02-01,1,49.0,49.0,,,,,,False,False,False,False
A2,Bull Pass,77 31'S ,161 52'E,152.0,T/B,2007,51.0,35,exact,51.0,-77.51666666666667,161.86666666666667,temp,CALM_South,CALM_A2,2007-02-01,1,51.0,51.0,,,,,,False,False,False,False
A2,Bull Pass,77 31'S ,161 52'E,152.0,T/B,2008,61.0,35,exact,61.0,-77.51666666666667,161.86666666666667,temp,CALM_South,CALM_A2,2008-02-01,1,61.0,61.0,,,,,,False,False,False,False
A2,Bull Pass,77 31'S ,161 52'E,152.0,T/B,2009,52.0,35,exact,52.0,-77.51666666666667,161.86666666666667,temp,CALM_South,CALM_A2,2009-02-01,1,52.0,52.0,,,,,,False,False,False,False
A2,Bull Pass,77 31'S ,161 52'E,152.0,T/B,2010,39.0,35,exact,39.0,-77.51666666666667,161.86666666666667,temp,CALM_South,CALM_A2,2010-02-01,1,39.0,39.0,,,,,,False,False,False,False
A2,Bull Pass,77 31'S ,161 52'E,152.0,T/B,2011,42.0,35,exact,42.0,-77.51666666666667,161.86666666666667,temp,CALM_South,CALM_A2,2011-02-01,1,42.0,42.0,,,,,,False,False,False,False
A2,Bull Pass,77 31'S ,161 52'E,152.0,T/B,2012,60.0,35,exact,60.0,-77.51666666666667,161.86666666666667,temp,CALM_South,CALM_A2,2012-02-01,1,60.0,60.0,,,,,,False,False,False,False
A2,Bull Pass,77 31'S ,161 52'E,152.0,T/B,2013,51.0,35,exact,51.0,-77.51666666666667,161.86666666666667,temp,CALM_South,CALM_A2,2013-02-01,1,51.0,51.0,,,,,,False,False,False,False
A2,Bull Pass,77 31'S ,161 52'E,152.0,T/B,2014,55.0,35,exact,55.0,-77.51666666666667,161.86666666666667,temp,CALM_South,CALM_A2,2014-02-01,1,55.0,55.0,,,,,,False,False,False,False
A2,Bull Pass,77 31'S ,161 52'E,152.0,T/B,2015,45.0,35,exact,45.0,-77.51666666666667,161.86666666666667,temp,CALM_South,CALM_A2,2015-02-01,1,45.0,45.0,,,,,,False,False,False,False
A2,Bull Pass,77 31'S ,161 52'E,152.0,T/B,2016,50.0,35,exact,50.0,-77.51666666666667,161.86666666666667,temp,CALM_South,CALM_A2,2016-02-01,1,50.0,50.0,,,,,,False,False,False,False
A2,Bull Pass,77 31'S ,161 52'E,152.0,T/B,2017,38.0,35,exact,38.0,-77.51666666666667,161.86666666666667,temp,CALM_South,CALM_A2,2017-02-01,1,38.0,38.0,,,,,,False,False,False,False
A23,Larseman Hills Progress ,69.24.14S,76.20.36E,90.0,T/100,2008,72.0,77,exact,72.0,-69.40388888888889,76.34333333333333,unknown,CALM_South,CALM_A23,2008-02-01,1,72.0,72.0,,,,,,False,False,False,True
A23,Larseman Hills Progress ,69.24.14S,76.20.36E,90.0,T/100,2010,73.0,77,exact,73.0,-69.40388888888889,76.34333333333333,unknown,CALM_South,CALM_A23,2010-02-01,1,73.0,73.0,,,,,,False,False,False,True
A23,Larseman Hills Progress ,69.24.14S,76.20.36E,90.0,T/100,2011,61.0,77,exact,61.0,-69.40388888888889,76.34333333333333,unknown,CALM_South,CALM_A23,2011-02-01,1,61.0,61.0,,,,,,False,False,False,True
A23,Larseman Hills Progress ,69.24.14S,76.20.36E,90.0,T/100,2015,85.0,77,exact,85.0,-69.40388888888889,76.34333333333333,unknown,CALM_South,CALM_A23,2015-02-01,1,85.0,85.0,,,,,,False,False,False,True
A23,Larseman Hills Progress ,69.24.14S,76.20.36E,90.0,T/100,2017,85.0,77,exact,85.0,-69.40388888888889,76.34333333333333,unknown,CALM_South,CALM_A23,2017-02-01,1,85.0,85.0,,,,,,False,False,False,True
A23,Larseman Hills Progress ,69.24.14S,76.20.36E,90.0,T/100,2019,61.0,77,exact,61.0,-69.40388888888889,76.34333333333333,unknown,CALM_South,CALM_A23,2019-02-01,1,61.0,61.0,,,,,,False,False,False,True
A23,Larseman Hills Progress ,69.24.14S,76.20.36E,90.0,T/100,2020,62.0,77,exact,62.0,-69.40388888888889,76.34333333333333,unknown,CALM_South,CALM_A23,2020-02-01,1,62.0,62.0,,,,,,False,False,False,True
A24,Schumacher Oasis Novolazarevskaya,70.46.26S,11.47.76E,94.0,100.0,2008,72.0,78,exact,72.0,-70.762778,11.795,tp,CALM_South,CALM_A24,2008-02-01,1,72.0,72.0,,https://data.gtn-p.org/api/pt/663,Workbook longitude 11.47.76E has invalid DMS seconds. Use the GTN-P Novolazarevskaya site location as a representative coordinate; grid/borehole offsets are unresolved.,,,True,True,True,False
A24,Schumacher Oasis Novolazarevskaya,70.46.26S,11.47.76E,94.0,100.0,2010,67.0,78,exact,67.0,-70.762778,11.795,tp,CALM_South,CALM_A24,2010-02-01,1,67.0,67.0,,https://data.gtn-p.org/api/pt/663,Workbook longitude 11.47.76E has invalid DMS seconds. Use the GTN-P Novolazarevskaya site location as a representative coordinate; grid/borehole offsets are unresolved.,,,True,True,True,False
A24,Schumacher Oasis Novolazarevskaya,70.46.26S,11.47.76E,94.0,100.0,2011,71.0,78,exact,71.0,-70.762778,11.795,tp,CALM_South,CALM_A24,2011-02-01,1,71.0,71.0,,https://data.gtn-p.org/api/pt/663,Workbook longitude 11.47.76E has invalid DMS seconds. Use the GTN-P Novolazarevskaya site location as a representative coordinate; grid/borehole offsets are unresolved.,,,True,True,True,False
A24,Schumacher Oasis Novolazarevskaya,70.46.26S,11.47.76E,94.0,100.0,2012,81.0,78,exact,81.0,-70.762778,11.795,tp,CALM_South,CALM_A24,2012-02-01,1,81.0,81.0,,https://data.gtn-p.org/api/pt/663,Workbook longitude 11.47.76E has invalid DMS seconds. Use the GTN-P Novolazarevskaya site location as a representative coordinate; grid/borehole offsets are unresolved.,,,True,True,True,False
A24,Schumacher Oasis Novolazarevskaya,70.46.26S,11.47.76E,94.0,100.0,2013,88.0,78,exact,88.0,-70.762778,11.795,tp,CALM_South,CALM_A24,2013-02-01,1,88.0,88.0,,https://data.gtn-p.org/api/pt/663,Workbook longitude 11.47.76E has invalid DMS seconds. Use the GTN-P Novolazarevskaya site location as a representative coordinate; grid/borehole offsets are unresolved.,,,True,True,True,False
A24,Schumacher Oasis Novolazarevskaya,70.46.26S,11.47.76E,94.0,100.0,2014,89.0,78,exact,89.0,-70.762778,11.795,tp,CALM_South,CALM_A24,2014-02-01,1,89.0,89.0,,https://data.gtn-p.org/api/pt/663,Workbook longitude 11.47.76E has invalid DMS seconds. Use the GTN-P Novolazarevskaya site location as a representative coordinate; grid/borehole offsets are unresolved.,,,True,True,True,False
A24,Schumacher Oasis Novolazarevskaya,70.46.26S,11.47.76E,94.0,100.0,2015,89.0,78,exact,89.0,-70.762778,11.795,tp,CALM_South,CALM_A24,2015-02-01,1,89.0,89.0,,https://data.gtn-p.org/api/pt/663,Workbook longitude 11.47.76E has invalid DMS seconds. Use the GTN-P Novolazarevskaya site location as a representative coordinate; grid/borehole offsets are unresolved.,,,True,True,True,False
A24,Schumacher Oasis Novolazarevskaya,70.46.26S,11.47.76E,94.0,100.0,2017,92.0,78,exact,92.0,-70.762778,11.795,tp,CALM_South,CALM_A24,2017-02-01,1,92.0,92.0,,https://data.gtn-p.org/api/pt/663,Workbook longitude 11.47.76E has invalid DMS seconds. Use the GTN-P Novolazarevskaya site location as a representative coordinate; grid/borehole offsets are unresolved.,,,True,True,True,False
A24,Schumacher Oasis Novolazarevskaya,70.46.26S,11.47.76E,94.0,100.0,2018,89.0,78,exact,89.0,-70.762778,11.795,tp,CALM_South,CALM_A24,2018-02-01,1,89.0,89.0,,https://data.gtn-p.org/api/pt/663,Workbook longitude 11.47.76E has invalid DMS seconds. Use the GTN-P Novolazarevskaya site location as a representative coordinate; grid/borehole offsets are unresolved.,,,True,True,True,False
A25,Limnopolar Lake (Livingston Island),"62º38’59.1""S",61º06’16.9’’W,80.0,100/T,2009,47.0,64,exact,47.0,-62.64975,-61.10469444444445,tp,CALM_South,CALM_A25,2009-02-01,1,47.0,47.0,,,,https://www2.gwu.edu/~calm/data/webforms/a25_f.htm,"CALM metadata describes mechanical probing of a 100 by 100 m grid, with thermistors as complementary monitoring.",False,False,False,True
A25,Limnopolar Lake (Livingston Island),"62º38’59.1""S",61º06’16.9’’W,80.0,100/T,2010,43.0,64,exact,43.0,-62.64975,-61.10469444444445,tp,CALM_South,CALM_A25,2010-02-01,1,43.0,43.0,,,,https://www2.gwu.edu/~calm/data/webforms/a25_f.htm,"CALM metadata describes mechanical probing of a 100 by 100 m grid, with thermistors as complementary monitoring.",False,False,False,True
A25,Limnopolar Lake (Livingston Island),"62º38’59.1""S",61º06’16.9’’W,80.0,100/T,2011,40.0,64,exact,40.0,-62.64975,-61.10469444444445,tp,CALM_South,CALM_A25,2011-02-01,1,40.0,40.0,,,,https://www2.gwu.edu/~calm/data/webforms/a25_f.htm,"CALM metadata describes mechanical probing of a 100 by 100 m grid, with thermistors as complementary monitoring.",False,False,False,True
A25,Limnopolar Lake (Livingston Island),"62º38’59.1""S",61º06’16.9’’W,80.0,100/T,2012,39.0,64,exact,39.0,-62.64975,-61.10469444444445,tp,CALM_South,CALM_A25,2012-02-01,1,39.0,39.0,,,,https://www2.gwu.edu/~calm/data/webforms/a25_f.htm,"CALM metadata describes mechanical probing of a 100 by 100 m grid, with thermistors as complementary monitoring.",False,False,False,True
A25,Limnopolar Lake (Livingston Island),"62º38’59.1""S",61º06’16.9’’W,80.0,100/T,2013,12.0,64,exact,12.0,-62.64975,-61.10469444444445,tp,CALM_South,CALM_A25,2013-02-01,1,12.0,12.0,,,,https://www2.gwu.edu/~calm/data/webforms/a25_f.htm,"CALM metadata describes mechanical probing of a 100 by 100 m grid, with thermistors as complementary monitoring.",False,False,False,True
A25,Limnopolar Lake (Livingston Island),"62º38’59.1""S",61º06’16.9’’W,80.0,100/T,2016,29.0,64,exact,29.0,-62.64975,-61.10469444444445,tp,CALM_South,CALM_A25,2016-02-01,1,29.0,29.0,,,,https://www2.gwu.edu/~calm/data/webforms/a25_f.htm,"CALM metadata describes mechanical probing of a 100 by 100 m grid, with thermistors as complementary monitoring.",False,False,False,True
A25,Limnopolar Lake (Livingston Island),"62º38’59.1""S",61º06’16.9’’W,80.0,100/T,2017,52.0,64,exact,52.0,-62.64975,-61.10469444444445,tp,CALM_South,CALM_A25,2017-02-01,1,52.0,52.0,,,,https://www2.gwu.edu/~calm/data/webforms/a25_f.htm,"CALM metadata describes mechanical probing of a 100 by 100 m grid, with thermistors as complementary monitoring.",False,False,False,True
A25,Limnopolar Lake (Livingston Island),"62º38’59.1""S",61º06’16.9’’W,80.0,100/T,2018,53.0,64,exact,53.0,-62.64975,-61.10469444444445,tp,CALM_South,CALM_A25,2018-02-01,1,53.0,53.0,,,,https://www2.gwu.edu/~calm/data/webforms/a25_f.htm,"CALM metadata describes mechanical probing of a 100 by 100 m grid, with thermistors as complementary monitoring.",False,False,False,True
A25,Limnopolar Lake (Livingston Island),"62º38’59.1""S",61º06’16.9’’W,80.0,100/T,2019,48.0,64,exact,48.0,-62.64975,-61.10469444444445,tp,CALM_South,CALM_A25,2019-02-01,1,48.0,48.0,,,,https://www2.gwu.edu/~calm/data/webforms/a25_f.htm,"CALM metadata describes mechanical probing of a 100 by 100 m grid, with thermistors as complementary monitoring.",False,False,False,True
A25,Limnopolar Lake (Livingston Island),"62º38’59.1""S",61º06’16.9’’W,80.0,100/T,2020,47.0,64,exact,47.0,-62.64975,-61.10469444444445,tp,CALM_South,CALM_A25,2020-02-01,1,47.0,47.0,,,,https://www2.gwu.edu/~calm/data/webforms/a25_f.htm,"CALM metadata describes mechanical probing of a 100 by 100 m grid, with thermistors as complementary monitoring.",False,False,False,True
A25,Limnopolar Lake (Livingston Island),"62º38’59.1""S",61º06’16.9’’W,80.0,100/T,2022,47.0,64,exact,47.0,-62.64975,-61.10469444444445,tp,CALM_South,CALM_A25,2022-02-01,1,47.0,47.0,,,,https://www2.gwu.edu/~calm/data/webforms/a25_f.htm,"CALM metadata describes mechanical probing of a 100 by 100 m grid, with thermistors as complementary monitoring.",False,False,False,True
A25,Limnopolar Lake (Livingston Island),"62º38’59.1""S",61º06’16.9’’W,80.0,100/T,2023,47.0,64,exact,47.0,-62.64975,-61.10469444444445,tp,CALM_South,CALM_A25,2023-02-01,1,47.0,47.0,,,,https://www2.gwu.edu/~calm/data/webforms/a25_f.htm,"CALM metadata describes mechanical probing of a 100 by 100 m grid, with thermistors as complementary monitoring.",False,False,False,True
A25,Limnopolar Lake (Livingston Island),"62º38’59.1""S",61º06’16.9’’W,80.0,100/T,2024,45.0,64,exact,45.0,-62.64975,-61.10469444444445,tp,CALM_South,CALM_A25,2024-02-01,1,45.0,45.0,,,,https://www2.gwu.edu/~calm/data/webforms/a25_f.htm,"CALM metadata describes mechanical probing of a 100 by 100 m grid, with thermistors as complementary monitoring.",False,False,False,True
A25,Limnopolar Lake (Livingston Island),"62º38’59.1""S",61º06’16.9’’W,80.0,100/T,2025,54.0,64,exact,54.0,-62.64975,-61.10469444444445,tp,CALM_South,CALM_A25,2025-02-01,1,54.0,54.0,,,,https://www2.gwu.edu/~calm/data/webforms/a25_f.htm,"CALM metadata describes mechanical probing of a 100 by 100 m grid, with thermistors as complementary monitoring.",False,False,False,True
A26,Deception Island (Irizar),62 98 S,60 72 W,130.0,100/P/B1.2,2009,67.0,59,exact,67.0,-62.9837,-60.715667,tp,CALM_South,CALM_A26,2009-02-01,1,67.0,67.0,,https://doi.org/10.6084/m9.figshare.32885756.v1,Workbook 62 98 S / 60 72 W is not valid DMS. Use the explicitly matched A26 coordinates from the versioned synthesis.,,,True,True,True,False
A26,Deception Island (Irizar),62 98 S,60 72 W,130.0,100/P/B1.2,2010,46.0,59,exact,46.0,-62.9837,-60.715667,tp,CALM_South,CALM_A26,2010-02-01,1,46.0,46.0,,https://doi.org/10.6084/m9.figshare.32885756.v1,Workbook 62 98 S / 60 72 W is not valid DMS. Use the explicitly matched A26 coordinates from the versioned synthesis.,,,True,True,True,False
A26,Deception Island (Irizar),62 98 S,60 72 W,130.0,100/P/B1.2,2011,49.0,59,exact,49.0,-62.9837,-60.715667,tp,CALM_South,CALM_A26,2011-02-01,1,49.0,49.0,,https://doi.org/10.6084/m9.figshare.32885756.v1,Workbook 62 98 S / 60 72 W is not valid DMS. Use the explicitly matched A26 coordinates from the versioned synthesis.,,,True,True,True,False
A26,Deception Island (Irizar),62 98 S,60 72 W,130.0,100/P/B1.2,2012,65.0,59,exact,65.0,-62.9837,-60.715667,tp,CALM_South,CALM_A26,2012-02-01,1,65.0,65.0,,https://doi.org/10.6084/m9.figshare.32885756.v1,Workbook 62 98 S / 60 72 W is not valid DMS. Use the explicitly matched A26 coordinates from the versioned synthesis.,,,True,True,True,False
A26,Deception Island (Irizar),62 98 S,60 72 W,130.0,100/P/B1.2,2013,52.0,59,exact,52.0,-62.9837,-60.715667,tp,CALM_South,CALM_A26,2013-02-01,1,52.0,52.0,,https://doi.org/10.6084/m9.figshare.32885756.v1,Workbook 62 98 S / 60 72 W is not valid DMS. Use the explicitly matched A26 coordinates from the versioned synthesis.,,,True,True,True,False
A26,Deception Island (Irizar),62 98 S,60 72 W,130.0,100/P/B1.2,2014,45.0,59,exact,45.0,-62.9837,-60.715667,tp,CALM_South,CALM_A26,2014-02-01,1,45.0,45.0,,https://doi.org/10.6084/m9.figshare.32885756.v1,Workbook 62 98 S / 60 72 W is not valid DMS. Use the explicitly matched A26 coordinates from the versioned synthesis.,,,True,True,True,False
A26,Deception Island (Irizar),62 98 S,60 72 W,130.0,100/P/B1.2,2016,50.0,59,exact,50.0,-62.9837,-60.715667,tp,CALM_South,CALM_A26,2016-02-01,1,50.0,50.0,,https://doi.org/10.6084/m9.figshare.32885756.v1,Workbook 62 98 S / 60 72 W is not valid DMS. Use the explicitly matched A26 coordinates from the versioned synthesis.,,,True,True,True,False
A26,Deception Island (Irizar),62 98 S,60 72 W,130.0,100/P/B1.2,2018,43.0,59,exact,43.0,-62.9837,-60.715667,tp,CALM_South,CALM_A26,2018-02-01,1,43.0,43.0,,https://doi.org/10.6084/m9.figshare.32885756.v1,Workbook 62 98 S / 60 72 W is not valid DMS. Use the explicitly matched A26 coordinates from the versioned synthesis.,,,True,True,True,False
A26,Deception Island (Irizar),62 98 S,60 72 W,130.0,100/P/B1.2,2019,36.0,59,exact,36.0,-62.9837,-60.715667,tp,CALM_South,CALM_A26,2019-02-01,1,36.0,36.0,,https://doi.org/10.6084/m9.figshare.32885756.v1,Workbook 62 98 S / 60 72 W is not valid DMS. Use the explicitly matched A26 coordinates from the versioned synthesis.,,,True,True,True,False
A26,Deception Island (Irizar),62 98 S,60 72 W,130.0,100/P/B1.2,2020,48.0,59,exact,48.0,-62.9837,-60.715667,tp,CALM_South,CALM_A26,2020-02-01,1,48.0,48.0,,https://doi.org/10.6084/m9.figshare.32885756.v1,Workbook 62 98 S / 60 72 W is not valid DMS. Use the explicitly matched A26 coordinates from the versioned synthesis.,,,True,True,True,False
A26,Deception Island (Irizar),62 98 S,60 72 W,130.0,100/P/B1.2,2021,50.0,59,exact,50.0,-62.9837,-60.715667,tp,CALM_South,CALM_A26,2021-02-01,1,50.0,50.0,,https://doi.org/10.6084/m9.figshare.32885756.v1,Workbook 62 98 S / 60 72 W is not valid DMS. Use the explicitly matched A26 coordinates from the versioned synthesis.,,,True,True,True,False
A26,Deception Island (Irizar),62 98 S,60 72 W,130.0,100/P/B1.2,2022,47.0,59,exact,47.0,-62.9837,-60.715667,tp,CALM_South,CALM_A26,2022-02-01,1,47.0,47.0,,https://doi.org/10.6084/m9.figshare.32885756.v1,Workbook 62 98 S / 60 72 W is not valid DMS. Use the explicitly matched A26 coordinates from the versioned synthesis.,,,True,True,True,False
A26,Deception Island (Irizar),62 98 S,60 72 W,130.0,100/P/B1.2,2023,57.0,59,exact,57.0,-62.9837,-60.715667,tp,CALM_South,CALM_A26,2023-02-01,1,57.0,57.0,,https://doi.org/10.6084/m9.figshare.32885756.v1,Workbook 62 98 S / 60 72 W is not valid DMS. Use the explicitly matched A26 coordinates from the versioned synthesis.,,,True,True,True,False
A26,Deception Island (Irizar),62 98 S,60 72 W,130.0,100/P/B1.2,2024,33.0,59,exact,33.0,-62.9837,-60.715667,tp,CALM_South,CALM_A26,2024-02-01,1,33.0,33.0,,https://doi.org/10.6084/m9.figshare.32885756.v1,Workbook 62 98 S / 60 72 W is not valid DMS. Use the explicitly matched A26 coordinates from the versioned synthesis.,,,True,True,True,False
A26,Deception Island (Irizar),62 98 S,60 72 W,130.0,100/P/B1.2,2025,43.0,59,exact,43.0,-62.9837,-60.715667,tp,CALM_South,CALM_A26,2025-02-01,1,43.0,43.0,,https://doi.org/10.6084/m9.figshare.32885756.v1,Workbook 62 98 S / 60 72 W is not valid DMS. Use the explicitly matched A26 coordinates from the versioned synthesis.,,,True,True,True,False
A27,James Ross Island (JGM),-63.8012464,-57.8834444,10.0,70/T/G/B2.0,2014,66.0,65,exact,66.0,-63.8012464,-57.8834444,tp,CALM_South,CALM_A27,2014-02-01,1,66.0,66.0,,,,https://doi.org/10.6084/m9.figshare.32885756.v1,Composite 70/T/G/B2.0 code classified as Probing by the synthesis; retain the mixed-method description and flag approximate assignment.,False,False,False,True
A27,James Ross Island (JGM),-63.8012464,-57.8834444,10.0,70/T/G/B2.0,2015,78.0,65,exact,78.0,-63.8012464,-57.8834444,tp,CALM_South,CALM_A27,2015-02-01,1,78.0,78.0,,,,https://doi.org/10.6084/m9.figshare.32885756.v1,Composite 70/T/G/B2.0 code classified as Probing by the synthesis; retain the mixed-method description and flag approximate assignment.,False,False,False,True
A27,James Ross Island (JGM),-63.8012464,-57.8834444,10.0,70/T/G/B2.0,2016,77.0,65,exact,77.0,-63.8012464,-57.8834444,tp,CALM_South,CALM_A27,2016-02-01,1,77.0,77.0,,,,https://doi.org/10.6084/m9.figshare.32885756.v1,Composite 70/T/G/B2.0 code classified as Probing by the synthesis; retain the mixed-method description and flag approximate assignment.,False,False,False,True
A27,James Ross Island (JGM),-63.8012464,-57.8834444,10.0,70/T/G/B2.0,2017,81.0,65,exact,81.0,-63.8012464,-57.8834444,tp,CALM_South,CALM_A27,2017-02-01,1,81.0,81.0,,,,https://doi.org/10.6084/m9.figshare.32885756.v1,Composite 70/T/G/B2.0 code classified as Probing by the synthesis; retain the mixed-method description and flag approximate assignment.,False,False,False,True
A27,James Ross Island (JGM),-63.8012464,-57.8834444,10.0,70/T/G/B2.0,2018,72.0,65,exact,72.0,-63.8012464,-57.8834444,tp,CALM_South,CALM_A27,2018-02-01,1,72.0,72.0,,,,https://doi.org/10.6084/m9.figshare.32885756.v1,Composite 70/T/G/B2.0 code classified as Probing by the synthesis; retain the mixed-method description and flag approximate assignment.,False,False,False,True
A27,James Ross Island (JGM),-63.8012464,-57.8834444,10.0,70/T/G/B2.0,2019,65.0,65,exact,65.0,-63.8012464,-57.8834444,tp,CALM_South,CALM_A27,2019-02-01,1,65.0,65.0,,,,https://doi.org/10.6084/m9.figshare.32885756.v1,Composite 70/T/G/B2.0 code classified as Probing by the synthesis; retain the mixed-method description and flag approximate assignment.,False,False,False,True
A27,James Ross Island (JGM),-63.8012464,-57.8834444,10.0,70/T/G/B2.0,2020,80.0,65,exact,80.0,-63.8012464,-57.8834444,tp,CALM_South,CALM_A27,2020-02-01,1,80.0,80.0,,,,https://doi.org/10.6084/m9.figshare.32885756.v1,Composite 70/T/G/B2.0 code classified as Probing by the synthesis; retain the mixed-method description and flag approximate assignment.,False,False,False,True
A27,James Ross Island (JGM),-63.8012464,-57.8834444,10.0,70/T/G/B2.0,2021,81.0,65,exact,81.0,-63.8012464,-57.8834444,tp,CALM_South,CALM_A27,2021-02-01,1,81.0,81.0,,,,https://doi.org/10.6084/m9.figshare.32885756.v1,Composite 70/T/G/B2.0 code classified as Probing by the synthesis; retain the mixed-method description and flag approximate assignment.,False,False,False,True
A27,James Ross Island (JGM),-63.8012464,-57.8834444,10.0,70/T/G/B2.0,2022,81.0,65,exact,81.0,-63.8012464,-57.8834444,tp,CALM_South,CALM_A27,2022-02-01,1,81.0,81.0,,,,https://doi.org/10.6084/m9.figshare.32885756.v1,Composite 70/T/G/B2.0 code classified as Probing by the synthesis; retain the mixed-method description and flag approximate assignment.,False,False,False,True
A27,James Ross Island (JGM),-63.8012464,-57.8834444,10.0,70/T/G/B2.0,2023,93.0,65,exact,93.0,-63.8012464,-57.8834444,tp,CALM_South,CALM_A27,2023-02-01,1,93.0,93.0,,,,https://doi.org/10.6084/m9.figshare.32885756.v1,Composite 70/T/G/B2.0 code classified as Probing by the synthesis; retain the mixed-method description and flag approximate assignment.,False,False,False,True
A27,James Ross Island (JGM),-63.8012464,-57.8834444,10.0,70/T/G/B2.0,2024,84.0,65,exact,84.0,-63.8012464,-57.8834444,tp,CALM_South,CALM_A27,2024-02-01,1,84.0,84.0,,,,https://doi.org/10.6084/m9.figshare.32885756.v1,Composite 70/T/G/B2.0 code classified as Probing by the synthesis; retain the mixed-method description and flag approximate assignment.,False,False,False,True
A27,James Ross Island (JGM),-63.8012464,-57.8834444,10.0,70/T/G/B2.0,2025,80.0,65,exact,80.0,-63.8012464,-57.8834444,tp,CALM_South,CALM_A27,2025-02-01,1,80.0,80.0,,,,https://doi.org/10.6084/m9.figshare.32885756.v1,Composite 70/T/G/B2.0 code classified as Probing by the synthesis; retain the mixed-method description and flag approximate assignment.,False,False,False,True
A28,James Ross Island (Berry Hill),-63.802571891,-57.83848112,60.0,50/T/B0.9,2011,83.0,66,exact,83.0,-63.802571891,-57.83848112,tp,CALM_South,CALM_A28,2011-02-01,1,83.0,83.0,,,,https://doi.org/10.6084/m9.figshare.32885756.v1,Composite 50/T/B0.9 code classified as Probing by the synthesis; flag approximate assignment.,False,False,False,True
A28,James Ross Island (Berry Hill),-63.802571891,-57.83848112,60.0,50/T/B0.9,2012,90.0,66,exact,90.0,-63.802571891,-57.83848112,tp,CALM_South,CALM_A28,2012-02-01,1,90.0,90.0,,,,https://doi.org/10.6084/m9.figshare.32885756.v1,Composite 50/T/B0.9 code classified as Probing by the synthesis; flag approximate assignment.,False,False,False,True
A28,James Ross Island (Berry Hill),-63.802571891,-57.83848112,60.0,50/T/B0.9,2013,86.0,66,exact,86.0,-63.802571891,-57.83848112,tp,CALM_South,CALM_A28,2013-02-01,1,86.0,86.0,,,,https://doi.org/10.6084/m9.figshare.32885756.v1,Composite 50/T/B0.9 code classified as Probing by the synthesis; flag approximate assignment.,False,False,False,True
A28,James Ross Island (Berry Hill),-63.802571891,-57.83848112,60.0,50/T/B0.9,2014,86.0,66,exact,86.0,-63.802571891,-57.83848112,tp,CALM_South,CALM_A28,2014-02-01,1,86.0,86.0,,,,https://doi.org/10.6084/m9.figshare.32885756.v1,Composite 50/T/B0.9 code classified as Probing by the synthesis; flag approximate assignment.,False,False,False,True
A28,James Ross Island (Berry Hill),-63.802571891,-57.83848112,60.0,50/T/B0.9,2015,92.0,66,exact,92.0,-63.802571891,-57.83848112,tp,CALM_South,CALM_A28,2015-02-01,1,92.0,92.0,,,,https://doi.org/10.6084/m9.figshare.32885756.v1,Composite 50/T/B0.9 code classified as Probing by the synthesis; flag approximate assignment.,False,False,False,True
A28,James Ross Island (Berry Hill),-63.802571891,-57.83848112,60.0,50/T/B0.9,2016,93.0,66,exact,93.0,-63.802571891,-57.83848112,tp,CALM_South,CALM_A28,2016-02-01,1,93.0,93.0,,,,https://doi.org/10.6084/m9.figshare.32885756.v1,Composite 50/T/B0.9 code classified as Probing by the synthesis; flag approximate assignment.,False,False,False,True
A28,James Ross Island (Berry Hill),-63.802571891,-57.83848112,60.0,50/T/B0.9,2017,85.0,66,exact,85.0,-63.802571891,-57.83848112,tp,CALM_South,CALM_A28,2017-02-01,1,85.0,85.0,,,,https://doi.org/10.6084/m9.figshare.32885756.v1,Composite 50/T/B0.9 code classified as Probing by the synthesis; flag approximate assignment.,False,False,False,True
A28,James Ross Island (Berry Hill),-63.802571891,-57.83848112,60.0,50/T/B0.9,2018,84.0,66,exact,84.0,-63.802571891,-57.83848112,tp,CALM_South,CALM_A28,2018-02-01,1,84.0,84.0,,,,https://doi.org/10.6084/m9.figshare.32885756.v1,Composite 50/T/B0.9 code classified as Probing by the synthesis; flag approximate assignment.,False,False,False,True
A28,James Ross Island (Berry Hill),-63.802571891,-57.83848112,60.0,50/T/B0.9,2019,83.0,66,exact,83.0,-63.802571891,-57.83848112,tp,CALM_South,CALM_A28,2019-02-01,1,83.0,83.0,,,,https://doi.org/10.6084/m9.figshare.32885756.v1,Composite 50/T/B0.9 code classified as Probing by the synthesis; flag approximate assignment.,False,False,False,True
A28,James Ross Island (Berry Hill),-63.802571891,-57.83848112,60.0,50/T/B0.9,2020,88.0,66,exact,88.0,-63.802571891,-57.83848112,tp,CALM_South,CALM_A28,2020-02-01,1,88.0,88.0,,,,https://doi.org/10.6084/m9.figshare.32885756.v1,Composite 50/T/B0.9 code classified as Probing by the synthesis; flag approximate assignment.,False,False,False,True
A28,James Ross Island (Berry Hill),-63.802571891,-57.83848112,60.0,50/T/B0.9,2021,97.0,66,exact,97.0,-63.802571891,-57.83848112,tp,CALM_South,CALM_A28,2021-02-01,1,97.0,97.0,,,,https://doi.org/10.6084/m9.figshare.32885756.v1,Composite 50/T/B0.9 code classified as Probing by the synthesis; flag approximate assignment.,False,False,False,True
A28,James Ross Island (Berry Hill),-63.802571891,-57.83848112,60.0,50/T/B0.9,2022,98.0,66,exact,98.0,-63.802571891,-57.83848112,tp,CALM_South,CALM_A28,2022-02-01,1,98.0,98.0,,,,https://doi.org/10.6084/m9.figshare.32885756.v1,Composite 50/T/B0.9 code classified as Probing by the synthesis; flag approximate assignment.,False,False,False,True
A28,James Ross Island (Berry Hill),-63.802571891,-57.83848112,60.0,50/T/B0.9,2023,98.0,66,exact,98.0,-63.802571891,-57.83848112,tp,CALM_South,CALM_A28,2023-02-01,1,98.0,98.0,,,,https://doi.org/10.6084/m9.figshare.32885756.v1,Composite 50/T/B0.9 code classified as Probing by the synthesis; flag approximate assignment.,False,False,False,True
A28,James Ross Island (Berry Hill),-63.802571891,-57.83848112,60.0,50/T/B0.9,2024,91.4405235767517,66,exact,91.4405235767517,-63.802571891,-57.83848112,tp,CALM_South,CALM_A28,2024-02-01,1,91.4405235767517,91.4405235767517,,,,https://doi.org/10.6084/m9.figshare.32885756.v1,Composite 50/T/B0.9 code classified as Probing by the synthesis; flag approximate assignment.,False,False,False,True
A28,James Ross Island (Berry Hill),-63.802571891,-57.83848112,60.0,50/T/B0.9,2025,94.4498590825775,66,exact,94.4498590825775,-63.802571891,-57.83848112,tp,CALM_South,CALM_A28,2025-02-01,1,94.4498590825775,94.4498590825775,,,,https://doi.org/10.6084/m9.figshare.32885756.v1,Composite 50/T/B0.9 code classified as Probing by the synthesis; flag approximate assignment.,False,False,False,True
A29,Molodyozhnaya,67.66S,45.86W,26.0,100.0,2012,66.0,79,exact,66.0,-67.665556,45.841944,tp,CALM_South,CALM_A29,2012-02-01,1,66.0,66.0,,https://data.gtn-p.org/api/pt/662,Workbook places Molodyozhnaya at 45.86 W. GTN-P locates the named station at 45.841944 E. Preserve the raw west coordinate and explicitly flag the lookup/sign correction.,,,True,True,True,False
A29,Molodyozhnaya,67.66S,45.86W,26.0,100.0,2013,75.0,79,exact,75.0,-67.665556,45.841944,tp,CALM_South,CALM_A29,2013-02-01,1,75.0,75.0,,https://data.gtn-p.org/api/pt/662,Workbook places Molodyozhnaya at 45.86 W. GTN-P locates the named station at 45.841944 E. Preserve the raw west coordinate and explicitly flag the lookup/sign correction.,,,True,True,True,False
A29,Molodyozhnaya,67.66S,45.86W,26.0,100.0,2015,58.0,79,exact,58.0,-67.665556,45.841944,tp,CALM_South,CALM_A29,2015-02-01,1,58.0,58.0,,https://data.gtn-p.org/api/pt/662,Workbook places Molodyozhnaya at 45.86 W. GTN-P locates the named station at 45.841944 E. Preserve the raw west coordinate and explicitly flag the lookup/sign correction.,,,True,True,True,False
A29,Molodyozhnaya,67.66S,45.86W,26.0,100.0,2019,50.0,79,exact,50.0,-67.665556,45.841944,tp,CALM_South,CALM_A29,2019-02-01,1,50.0,50.0,,https://data.gtn-p.org/api/pt/662,Workbook places Molodyozhnaya at 45.86 W. GTN-P locates the named station at 45.841944 E. Preserve the raw west coordinate and explicitly flag the lookup/sign correction.,,,True,True,True,False
A29,Molodyozhnaya,67.66S,45.86W,26.0,100.0,2020,51.0,79,exact,51.0,-67.665556,45.841944,tp,CALM_South,CALM_A29,2020-02-01,1,51.0,51.0,,https://data.gtn-p.org/api/pt/662,Workbook places Molodyozhnaya at 45.86 W. GTN-P locates the named station at 45.841944 E. Preserve the raw west coordinate and explicitly flag the lookup/sign correction.,,,True,True,True,False
A3,Marble Point,77 25'S,163 41'E,50.0,T/B,1999,52.0,36,exact,52.0,-77.41666666666667,163.68333333333334,temp,CALM_South,CALM_A3,1999-02-01,1,52.0,52.0,,,,,,False,False,False,False
A3,Marble Point,77 25'S,163 41'E,50.0,T/B,2000,54.0,36,exact,54.0,-77.41666666666667,163.68333333333334,temp,CALM_South,CALM_A3,2000-02-01,1,54.0,54.0,,,,,,False,False,False,False
A3,Marble Point,77 25'S,163 41'E,50.0,T/B,2001,56.0,36,exact,56.0,-77.41666666666667,163.68333333333334,temp,CALM_South,CALM_A3,2001-02-01,1,56.0,56.0,,,,,,False,False,False,False
A3,Marble Point,77 25'S,163 41'E,50.0,T/B,2002,60.0,36,exact,60.0,-77.41666666666667,163.68333333333334,temp,CALM_South,CALM_A3,2002-02-01,1,60.0,60.0,,,,,,False,False,False,False
A3,Marble Point,77 25'S,163 41'E,50.0,T/B,2003,43.0,36,exact,43.0,-77.41666666666667,163.68333333333334,temp,CALM_South,CALM_A3,2003-02-01,1,43.0,43.0,,,,,,False,False,False,False
A3,Marble Point,77 25'S,163 41'E,50.0,T/B,2004,49.0,36,exact,49.0,-77.41666666666667,163.68333333333334,temp,CALM_South,CALM_A3,2004-02-01,1,49.0,49.0,,,,,,False,False,False,False
A3,Marble Point,77 25'S,163 41'E,50.0,T/B,2005,51.0,36,exact,51.0,-77.41666666666667,163.68333333333334,temp,CALM_South,CALM_A3,2005-02-01,1,51.0,51.0,,,,,,False,False,False,False
A3,Marble Point,77 25'S,163 41'E,50.0,T/B,2006,54.0,36,exact,54.0,-77.41666666666667,163.68333333333334,temp,CALM_South,CALM_A3,2006-02-01,1,54.0,54.0,,,,,,False,False,False,False
A3,Marble Point,77 25'S,163 41'E,50.0,T/B,2007,55.0,36,exact,55.0,-77.41666666666667,163.68333333333334,temp,CALM_South,CALM_A3,2007-02-01,1,55.0,55.0,,,,,,False,False,False,False
A3,Marble Point,77 25'S,163 41'E,50.0,T/B,2008,53.0,36,exact,53.0,-77.41666666666667,163.68333333333334,temp,CALM_South,CALM_A3,2008-02-01,1,53.0,53.0,,,,,,False,False,False,False
A3,Marble Point,77 25'S,163 41'E,50.0,T/B,2009,54.0,36,exact,54.0,-77.41666666666667,163.68333333333334,temp,CALM_South,CALM_A3,2009-02-01,1,54.0,54.0,,,,,,False,False,False,False
A3,Marble Point,77 25'S,163 41'E,50.0,T/B,2010,47.0,36,exact,47.0,-77.41666666666667,163.68333333333334,temp,CALM_South,CALM_A3,2010-02-01,1,47.0,47.0,,,,,,False,False,False,False
A3,Marble Point,77 25'S,163 41'E,50.0,T/B,2011,53.0,36,exact,53.0,-77.41666666666667,163.68333333333334,temp,CALM_South,CALM_A3,2011-02-01,1,53.0,53.0,,,,,,False,False,False,False
A3,Marble Point,77 25'S,163 41'E,50.0,T/B,2012,18.0,36,exact,18.0,-77.41666666666667,163.68333333333334,temp,CALM_South,CALM_A3,2012-02-01,1,18.0,18.0,,,,,,False,False,False,False
A3,Marble Point,77 25'S,163 41'E,50.0,T/B,2013,41.0,36,exact,41.0,-77.41666666666667,163.68333333333334,temp,CALM_South,CALM_A3,2013-02-01,1,41.0,41.0,,,,,,False,False,False,False
A3,Marble Point,77 25'S,163 41'E,50.0,T/B,2014,53.0,36,exact,53.0,-77.41666666666667,163.68333333333334,temp,CALM_South,CALM_A3,2014-02-01,1,53.0,53.0,,,,,,False,False,False,False
A3,Marble Point,77 25'S,163 41'E,50.0,T/B,2015,57.0,36,exact,57.0,-77.41666666666667,163.68333333333334,temp,CALM_South,CALM_A3,2015-02-01,1,57.0,57.0,,,,,,False,False,False,False
A3,Marble Point,77 25'S,163 41'E,50.0,T/B,2016,57.0,36,exact,57.0,-77.41666666666667,163.68333333333334,temp,CALM_South,CALM_A3,2016-02-01,1,57.0,57.0,,,,,,False,False,False,False
A3,Marble Point,77 25'S,163 41'E,50.0,T/B,2017,43.0,36,exact,43.0,-77.41666666666667,163.68333333333334,temp,CALM_South,CALM_A3,2017-02-01,1,43.0,43.0,,,,,,False,False,False,False
A30,Apostrophe Island,-73.51885,167.433567,20.0,T/B1,2015,61.0,51,exact,61.0,-73.51885,167.433567,temp,CALM_South,CALM_A30,2015-02-01,1,61.0,61.0,,,,,,False,False,False,False
A30,Apostrophe Island,-73.51885,167.433567,20.0,T/B1,2016,55.0,51,exact,55.0,-73.51885,167.433567,temp,CALM_South,CALM_A30,2016-02-01,1,55.0,55.0,,,,,,False,False,False,False
A30,Apostrophe Island,-73.51885,167.433567,20.0,T/B1,2017,49.0,51,exact,49.0,-73.51885,167.433567,temp,CALM_South,CALM_A30,2017-02-01,1,49.0,49.0,,,,,,False,False,False,False
A30,Apostrophe Island,-73.51885,167.433567,20.0,T/B1,2018,55.0,51,exact,55.0,-73.51885,167.433567,temp,CALM_South,CALM_A30,2018-02-01,1,55.0,55.0,,,,,,False,False,False,False
A30,Apostrophe Island,-73.51885,167.433567,20.0,T/B1,2019,19.0,51,exact,19.0,-73.51885,167.433567,temp,CALM_South,CALM_A30,2019-02-01,1,19.0,19.0,,,,,,False,False,False,False
A30,Apostrophe Island,-73.51885,167.433567,20.0,T/B1,2020,50.0,51,exact,50.0,-73.51885,167.433567,temp,CALM_South,CALM_A30,2020-02-01,1,50.0,50.0,,,,,,False,False,False,False
A30,Apostrophe Island,-73.51885,167.433567,20.0,T/B1,2021,64.0,51,exact,64.0,-73.51885,167.433567,temp,CALM_South,CALM_A30,2021-02-01,1,64.0,64.0,,,,,,False,False,False,False
A30,Apostrophe Island,-73.51885,167.433567,20.0,T/B1,2022,55.0,51,exact,55.0,-73.51885,167.433567,temp,CALM_South,CALM_A30,2022-02-01,1,55.0,55.0,,,,,,False,False,False,False
A30,Apostrophe Island,-73.51885,167.433567,20.0,T/B1,2023,53.0,51,exact,53.0,-73.51885,167.433567,temp,CALM_South,CALM_A30,2023-02-01,1,53.0,53.0,,,,,,False,False,False,False
A30,Apostrophe Island,-73.51885,167.433567,20.0,T/B1,2024,54.0,51,exact,54.0,-73.51885,167.433567,temp,CALM_South,CALM_A30,2024-02-01,1,54.0,54.0,,,,,,False,False,False,False
A30,Apostrophe Island,-73.51885,167.433567,20.0,T/B1,2025,58.0,51,exact,58.0,-73.51885,167.433567,temp,CALM_South,CALM_A30,2025-02-01,1,58.0,58.0,,,,,,False,False,False,False
A31,Edmonson Point,-74.328494,165.131881,30.0,T/B1,2015,47.0,52,exact,47.0,-74.328494,165.131881,temp,CALM_South,CALM_A31,2015-02-01,1,47.0,47.0,,,,,,False,False,False,False
A31,Edmonson Point,-74.328494,165.131881,30.0,T/B1,2016,45.0,52,exact,45.0,-74.328494,165.131881,temp,CALM_South,CALM_A31,2016-02-01,1,45.0,45.0,,,,,,False,False,False,False
A31,Edmonson Point,-74.328494,165.131881,30.0,T/B1,2017,20.0,52,exact,20.0,-74.328494,165.131881,temp,CALM_South,CALM_A31,2017-02-01,1,20.0,20.0,,,,,,False,False,False,False
A31,Edmonson Point,-74.328494,165.131881,30.0,T/B1,2018,37.0,52,exact,37.0,-74.328494,165.131881,temp,CALM_South,CALM_A31,2018-02-01,1,37.0,37.0,,,,,,False,False,False,False
A31,Edmonson Point,-74.328494,165.131881,30.0,T/B1,2019,34.0,52,exact,34.0,-74.328494,165.131881,temp,CALM_South,CALM_A31,2019-02-01,1,34.0,34.0,,,,,,False,False,False,False
A31,Edmonson Point,-74.328494,165.131881,30.0,T/B1,2020,45.0,52,exact,45.0,-74.328494,165.131881,temp,CALM_South,CALM_A31,2020-02-01,1,45.0,45.0,,,,,,False,False,False,False
A31,Edmonson Point,-74.328494,165.131881,30.0,T/B1,2021,48.0,52,exact,48.0,-74.328494,165.131881,temp,CALM_South,CALM_A31,2021-02-01,1,48.0,48.0,,,,,,False,False,False,False
A31,Edmonson Point,-74.328494,165.131881,30.0,T/B1,2022,46.0,52,exact,46.0,-74.328494,165.131881,temp,CALM_South,CALM_A31,2022-02-01,1,46.0,46.0,,,,,,False,False,False,False
A31,Edmonson Point,-74.328494,165.131881,30.0,T/B1,2023,40.0,52,exact,40.0,-74.328494,165.131881,temp,CALM_South,CALM_A31,2023-02-01,1,40.0,40.0,,,,,,False,False,False,False
A31,Edmonson Point,-74.328494,165.131881,30.0,T/B1,2024,40.0,52,exact,40.0,-74.328494,165.131881,temp,CALM_South,CALM_A31,2024-02-01,1,40.0,40.0,,,,,,False,False,False,False
A32,Prior Island,-75.692829,162.880554,30.0,T/B1,2015,55.0,41,exact,55.0,-75.692829,162.880554,temp,CALM_South,CALM_A32,2015-02-01,1,55.0,55.0,,,,,,False,False,False,False
A32,Prior Island,-75.692829,162.880554,30.0,T/B1,2016,59.0,41,exact,59.0,-75.692829,162.880554,temp,CALM_South,CALM_A32,2016-02-01,1,59.0,59.0,,,,,,False,False,False,False
A32,Prior Island,-75.692829,162.880554,30.0,T/B1,2017,43.0,41,exact,43.0,-75.692829,162.880554,temp,CALM_South,CALM_A32,2017-02-01,1,43.0,43.0,,,,,,False,False,False,False
A32,Prior Island,-75.692829,162.880554,30.0,T/B1,2018,50.0,41,exact,50.0,-75.692829,162.880554,temp,CALM_South,CALM_A32,2018-02-01,1,50.0,50.0,,,,,,False,False,False,False
A32,Prior Island,-75.692829,162.880554,30.0,T/B1,2019,53.0,41,exact,53.0,-75.692829,162.880554,temp,CALM_South,CALM_A32,2019-02-01,1,53.0,53.0,,,,,,False,False,False,False
A32,Prior Island,-75.692829,162.880554,30.0,T/B1,2020,58.0,41,exact,58.0,-75.692829,162.880554,temp,CALM_South,CALM_A32,2020-02-01,1,58.0,58.0,,,,,,False,False,False,False
A32,Prior Island,-75.692829,162.880554,30.0,T/B1,2021,50.0,41,exact,50.0,-75.692829,162.880554,temp,CALM_South,CALM_A32,2021-02-01,1,50.0,50.0,,,,,,False,False,False,False
A32,Prior Island,-75.692829,162.880554,30.0,T/B1,2022,82.0,41,exact,82.0,-75.692829,162.880554,temp,CALM_South,CALM_A32,2022-02-01,1,82.0,82.0,,,,,,False,False,False,False
A32,Prior Island,-75.692829,162.880554,30.0,T/B1,2023,50.0,41,exact,50.0,-75.692829,162.880554,temp,CALM_South,CALM_A32,2023-02-01,1,50.0,50.0,,,,,,False,False,False,False
A32,Prior Island,-75.692829,162.880554,30.0,T/B1,2024,54.0,41,exact,54.0,-75.692829,162.880554,temp,CALM_South,CALM_A32,2024-02-01,1,54.0,54.0,,,,,,False,False,False,False
A33,Finger Point,-77.004683,162.623283,190.0,T/B1,2015,99.0,42,exact,99.0,-77.004683,162.623283,temp,CALM_South,CALM_A33,2015-02-01,1,99.0,99.0,,,,,,False,False,False,False
A33,Finger Point,-77.004683,162.623283,190.0,T/B1,2016,95.0,42,exact,95.0,-77.004683,162.623283,temp,CALM_South,CALM_A33,2016-02-01,1,95.0,95.0,,,,,,False,False,False,False
A33,Finger Point,-77.004683,162.623283,190.0,T/B1,2017,92.0,42,exact,92.0,-77.004683,162.623283,temp,CALM_South,CALM_A33,2017-02-01,1,92.0,92.0,,,,,,False,False,False,False
A33,Finger Point,-77.004683,162.623283,190.0,T/B1,2018,99.0,42,exact,99.0,-77.004683,162.623283,temp,CALM_South,CALM_A33,2018-02-01,1,99.0,99.0,,,,,,False,False,False,False
A33,Finger Point,-77.004683,162.623283,190.0,T/B1,2019,100.0,42,exact,100.0,-77.004683,162.623283,temp,CALM_South,CALM_A33,2019-02-01,1,100.0,100.0,,,,,,False,False,False,False
A33,Finger Point,-77.004683,162.623283,190.0,T/B1,2020,104.0,42,exact,104.0,-77.004683,162.623283,temp,CALM_South,CALM_A33,2020-02-01,1,104.0,104.0,,,,,,False,False,False,False
A33,Finger Point,-77.004683,162.623283,190.0,T/B1,2021,105.0,42,exact,105.0,-77.004683,162.623283,temp,CALM_South,CALM_A33,2021-02-01,1,105.0,105.0,,,,,,False,False,False,False
A33,Finger Point,-77.004683,162.623283,190.0,T/B1,2022,91.0,42,exact,91.0,-77.004683,162.623283,temp,CALM_South,CALM_A33,2022-02-01,1,91.0,91.0,,,,,,False,False,False,False
A33,Finger Point,-77.004683,162.623283,190.0,T/B1,2023,90.0,42,exact,90.0,-77.004683,162.623283,temp,CALM_South,CALM_A33,2023-02-01,1,90.0,90.0,,,,,,False,False,False,False
A33,Finger Point,-77.004683,162.623283,190.0,T/B1,2024,96.0,42,exact,96.0,-77.004683,162.623283,temp,CALM_South,CALM_A33,2024-02-01,1,96.0,96.0,,,,,,False,False,False,False
A33,Finger Point,-77.004683,162.623283,190.0,T/B1,2025,97.0,42,exact,97.0,-77.004683,162.623283,temp,CALM_South,CALM_A33,2025-02-01,1,97.0,97.0,,,,,,False,False,False,False
A34,Abernethy Flats,-63.881389,-57.934722,40.0,70/T/B,2012,65.0,67,exact,65.0,-63.881389,-57.934722,temp,CALM_South,CALM_A34,2012-02-01,1,65.0,65.0,,,,https://doi.org/10.6084/m9.figshare.32885756.v1,Composite 70/T/B code classified as Borehole by the synthesis; flag approximate assignment.,False,False,False,True
A34,Abernethy Flats,-63.881389,-57.934722,40.0,70/T/B,2013,58.0,67,exact,58.0,-63.881389,-57.934722,temp,CALM_South,CALM_A34,2013-02-01,1,58.0,58.0,,,,https://doi.org/10.6084/m9.figshare.32885756.v1,Composite 70/T/B code classified as Borehole by the synthesis; flag approximate assignment.,False,False,False,True
A34,Abernethy Flats,-63.881389,-57.934722,40.0,70/T/B,2014,54.0,67,exact,54.0,-63.881389,-57.934722,temp,CALM_South,CALM_A34,2014-02-01,1,54.0,54.0,,,,https://doi.org/10.6084/m9.figshare.32885756.v1,Composite 70/T/B code classified as Borehole by the synthesis; flag approximate assignment.,False,False,False,True
A34,Abernethy Flats,-63.881389,-57.934722,40.0,70/T/B,2015,66.0,67,exact,66.0,-63.881389,-57.934722,temp,CALM_South,CALM_A34,2015-02-01,1,66.0,66.0,,,,https://doi.org/10.6084/m9.figshare.32885756.v1,Composite 70/T/B code classified as Borehole by the synthesis; flag approximate assignment.,False,False,False,True
A34,Abernethy Flats,-63.881389,-57.934722,40.0,70/T/B,2016,68.0,67,exact,68.0,-63.881389,-57.934722,temp,CALM_South,CALM_A34,2016-02-01,1,68.0,68.0,,,,https://doi.org/10.6084/m9.figshare.32885756.v1,Composite 70/T/B code classified as Borehole by the synthesis; flag approximate assignment.,False,False,False,True
A34,Abernethy Flats,-63.881389,-57.934722,40.0,70/T/B,2017,69.0,67,exact,69.0,-63.881389,-57.934722,temp,CALM_South,CALM_A34,2017-02-01,1,69.0,69.0,,,,https://doi.org/10.6084/m9.figshare.32885756.v1,Composite 70/T/B code classified as Borehole by the synthesis; flag approximate assignment.,False,False,False,True
A34,Abernethy Flats,-63.881389,-57.934722,40.0,70/T/B,2018,63.0,67,exact,63.0,-63.881389,-57.934722,temp,CALM_South,CALM_A34,2018-02-01,1,63.0,63.0,,,,https://doi.org/10.6084/m9.figshare.32885756.v1,Composite 70/T/B code classified as Borehole by the synthesis; flag approximate assignment.,False,False,False,True
A34,Abernethy Flats,-63.881389,-57.934722,40.0,70/T/B,2019,62.0,67,exact,62.0,-63.881389,-57.934722,temp,CALM_South,CALM_A34,2019-02-01,1,62.0,62.0,,,,https://doi.org/10.6084/m9.figshare.32885756.v1,Composite 70/T/B code classified as Borehole by the synthesis; flag approximate assignment.,False,False,False,True
A34,Abernethy Flats,-63.881389,-57.934722,40.0,70/T/B,2020,77.0,67,exact,77.0,-63.881389,-57.934722,temp,CALM_South,CALM_A34,2020-02-01,1,77.0,77.0,,,,https://doi.org/10.6084/m9.figshare.32885756.v1,Composite 70/T/B code classified as Borehole by the synthesis; flag approximate assignment.,False,False,False,True
A34,Abernethy Flats,-63.881389,-57.934722,40.0,70/T/B,2021,87.0,67,exact,87.0,-63.881389,-57.934722,temp,CALM_South,CALM_A34,2021-02-01,1,87.0,87.0,,,,https://doi.org/10.6084/m9.figshare.32885756.v1,Composite 70/T/B code classified as Borehole by the synthesis; flag approximate assignment.,False,False,False,True
A34,Abernethy Flats,-63.881389,-57.934722,40.0,70/T/B,2022,93.0,67,exact,93.0,-63.881389,-57.934722,temp,CALM_South,CALM_A34,2022-02-01,1,93.0,93.0,,,,https://doi.org/10.6084/m9.figshare.32885756.v1,Composite 70/T/B code classified as Borehole by the synthesis; flag approximate assignment.,False,False,False,True
A34,Abernethy Flats,-63.881389,-57.934722,40.0,70/T/B,2023,99.1970325114554,67,exact,99.1970325114554,-63.881389,-57.934722,temp,CALM_South,CALM_A34,2023-02-01,1,99.1970325114554,99.1970325114554,,,,https://doi.org/10.6084/m9.figshare.32885756.v1,Composite 70/T/B code classified as Borehole by the synthesis; flag approximate assignment.,False,False,False,True
A34,Abernethy Flats,-63.881389,-57.934722,40.0,70/T/B,2024,93.7939144495076,67,exact,93.7939144495076,-63.881389,-57.934722,temp,CALM_South,CALM_A34,2024-02-01,1,93.7939144495076,93.7939144495076,,,,https://doi.org/10.6084/m9.figshare.32885756.v1,Composite 70/T/B code classified as Borehole by the synthesis; flag approximate assignment.,False,False,False,True
A34,Abernethy Flats,-63.881389,-57.934722,40.0,70/T/B,2025,80.7177408121159,67,exact,80.7177408121159,-63.881389,-57.934722,temp,CALM_South,CALM_A34,2025-02-01,1,80.7177408121159,80.7177408121159,,,,https://doi.org/10.6084/m9.figshare.32885756.v1,Composite 70/T/B code classified as Borehole by the synthesis; flag approximate assignment.,False,False,False,True
A5A,Victoria Valley1,77 20'S,161 37'E,412.0,T/B,1999,17.0,37,exact,17.0,-77.33333333333333,161.61666666666667,temp,CALM_South,CALM_A5A,1999-02-01,1,17.0,17.0,,,,,,False,False,False,False
A5A,Victoria Valley1,77 20'S,161 37'E,412.0,T/B,2000,16.0,37,exact,16.0,-77.33333333333333,161.61666666666667,temp,CALM_South,CALM_A5A,2000-02-01,1,16.0,16.0,,,,,,False,False,False,False
A5A,Victoria Valley1,77 20'S,161 37'E,412.0,T/B,2001,21.0,37,exact,21.0,-77.33333333333333,161.61666666666667,temp,CALM_South,CALM_A5A,2001-02-01,1,21.0,21.0,,,,,,False,False,False,False
A5A,Victoria Valley1,77 20'S,161 37'E,412.0,T/B,2002,26.0,37,exact,26.0,-77.33333333333333,161.61666666666667,temp,CALM_South,CALM_A5A,2002-02-01,1,26.0,26.0,,,,,,False,False,False,False
A5A,Victoria Valley1,77 20'S,161 37'E,412.0,T/B,2003,21.0,37,exact,21.0,-77.33333333333333,161.61666666666667,temp,CALM_South,CALM_A5A,2003-02-01,1,21.0,21.0,,,,,,False,False,False,False
A5A,Victoria Valley1,77 20'S,161 37'E,412.0,T/B,2004,23.0,37,exact,23.0,-77.33333333333333,161.61666666666667,temp,CALM_South,CALM_A5A,2004-02-01,1,23.0,23.0,,,,,,False,False,False,False
A5A,Victoria Valley1,77 20'S,161 37'E,412.0,T/B,2005,21.0,37,exact,21.0,-77.33333333333333,161.61666666666667,temp,CALM_South,CALM_A5A,2005-02-01,1,21.0,21.0,,,,,,False,False,False,False
A5A,Victoria Valley1,77 20'S,161 37'E,412.0,T/B,2006,24.0,37,exact,24.0,-77.33333333333333,161.61666666666667,temp,CALM_South,CALM_A5A,2006-02-01,1,24.0,24.0,,,,,,False,False,False,False
A5A,Victoria Valley1,77 20'S,161 37'E,412.0,T/B,2007,23.0,37,exact,23.0,-77.33333333333333,161.61666666666667,temp,CALM_South,CALM_A5A,2007-02-01,1,23.0,23.0,,,,,,False,False,False,False
A5A,Victoria Valley1,77 20'S,161 37'E,412.0,T/B,2008,24.0,37,exact,24.0,-77.33333333333333,161.61666666666667,temp,CALM_South,CALM_A5A,2008-02-01,1,24.0,24.0,,,,,,False,False,False,False
A5A,Victoria Valley1,77 20'S,161 37'E,412.0,T/B,2009,25.0,37,exact,25.0,-77.33333333333333,161.61666666666667,temp,CALM_South,CALM_A5A,2009-02-01,1,25.0,25.0,,,,,,False,False,False,False
A5A,Victoria Valley1,77 20'S,161 37'E,412.0,T/B,2010,22.0,37,exact,22.0,-77.33333333333333,161.61666666666667,temp,CALM_South,CALM_A5A,2010-02-01,1,22.0,22.0,,,,,,False,False,False,False
A5A,Victoria Valley1,77 20'S,161 37'E,412.0,T/B,2011,23.0,37,exact,23.0,-77.33333333333333,161.61666666666667,temp,CALM_South,CALM_A5A,2011-02-01,1,23.0,23.0,,,,,,False,False,False,False
A5A,Victoria Valley1,77 20'S,161 37'E,412.0,T/B,2012,25.0,37,exact,25.0,-77.33333333333333,161.61666666666667,temp,CALM_South,CALM_A5A,2012-02-01,1,25.0,25.0,,,,,,False,False,False,False
A5A,Victoria Valley1,77 20'S,161 37'E,412.0,T/B,2013,23.0,37,exact,23.0,-77.33333333333333,161.61666666666667,temp,CALM_South,CALM_A5A,2013-02-01,1,23.0,23.0,,,,,,False,False,False,False
A5A,Victoria Valley1,77 20'S,161 37'E,412.0,T/B,2014,25.0,37,exact,25.0,-77.33333333333333,161.61666666666667,temp,CALM_South,CALM_A5A,2014-02-01,1,25.0,25.0,,,,,,False,False,False,False
A5A,Victoria Valley1,77 20'S,161 37'E,412.0,T/B,2015,21.0,37,exact,21.0,-77.33333333333333,161.61666666666667,temp,CALM_South,CALM_A5A,2015-02-01,1,21.0,21.0,,,,,,False,False,False,False
A5A,Victoria Valley1,77 20'S,161 37'E,412.0,T/B,2016,23.0,37,exact,23.0,-77.33333333333333,161.61666666666667,temp,CALM_South,CALM_A5A,2016-02-01,1,23.0,23.0,,,,,,False,False,False,False
A5A,Victoria Valley1,77 20'S,161 37'E,412.0,T/B,2017,19.0,37,exact,19.0,-77.33333333333333,161.61666666666667,temp,CALM_South,CALM_A5A,2017-02-01,1,19.0,19.0,,,,,,False,False,False,False
A7,Boulder Clay,-74.745489,164.020308,205.0,T/B3.6,1997,20.0,47,exact,20.0,-74.745489,164.020308,temp,CALM_South,CALM_A7,1997-02-01,1,20.0,20.0,,,,,,False,False,False,False
A7,Boulder Clay,-74.745489,164.020308,205.0,T/B3.6,1998,11.0,47,exact,11.0,-74.745489,164.020308,temp,CALM_South,CALM_A7,1998-02-01,1,11.0,11.0,,,,,,False,False,False,False
A7,Boulder Clay,-74.745489,164.020308,205.0,T/B3.6,1999,25.0,47,exact,25.0,-74.745489,164.020308,temp,CALM_South,CALM_A7,1999-02-01,1,25.0,25.0,,,,,,False,False,False,False
A7,Boulder Clay,-74.745489,164.020308,205.0,T/B3.6,2000,20.0,47,exact,20.0,-74.745489,164.020308,temp,CALM_South,CALM_A7,2000-02-01,1,20.0,20.0,,,,,,False,False,False,False
A7,Boulder Clay,-74.745489,164.020308,205.0,T/B3.6,2002,28.0,47,exact,28.0,-74.745489,164.020308,temp,CALM_South,CALM_A7,2002-02-01,1,28.0,28.0,,,,,,False,False,False,False
A7,Boulder Clay,-74.745489,164.020308,205.0,T/B3.6,2003,24.0,47,exact,24.0,-74.745489,164.020308,temp,CALM_South,CALM_A7,2003-02-01,1,24.0,24.0,,,,,,False,False,False,False
A7,Boulder Clay,-74.745489,164.020308,205.0,T/B3.6,2005,29.0,47,exact,29.0,-74.745489,164.020308,temp,CALM_South,CALM_A7,2005-02-01,1,29.0,29.0,,,,,,False,False,False,False
A7,Boulder Clay,-74.745489,164.020308,205.0,T/B3.6,2006,29.0,47,exact,29.0,-74.745489,164.020308,temp,CALM_South,CALM_A7,2006-02-01,1,29.0,29.0,,,,,,False,False,False,False
A7,Boulder Clay,-74.745489,164.020308,205.0,T/B3.6,2007,25.0,47,exact,25.0,-74.745489,164.020308,temp,CALM_South,CALM_A7,2007-02-01,1,25.0,25.0,,,,,,False,False,False,False
A7,Boulder Clay,-74.745489,164.020308,205.0,T/B3.6,2008,28.0,47,exact,28.0,-74.745489,164.020308,temp,CALM_South,CALM_A7,2008-02-01,1,28.0,28.0,,,,,,False,False,False,False
A7,Boulder Clay,-74.745489,164.020308,205.0,T/B3.6,2009,30.0,47,exact,30.0,-74.745489,164.020308,temp,CALM_South,CALM_A7,2009-02-01,1,30.0,30.0,,,,,,False,False,False,False
A7,Boulder Clay,-74.745489,164.020308,205.0,T/B3.6,2010,28.0,47,exact,28.0,-74.745489,164.020308,temp,CALM_South,CALM_A7,2010-02-01,1,28.0,28.0,,,,,,False,False,False,False
A7,Boulder Clay,-74.745489,164.020308,205.0,T/B3.6,2012,31.0,47,exact,31.0,-74.745489,164.020308,temp,CALM_South,CALM_A7,2012-02-01,1,31.0,31.0,,,,,,False,False,False,False
A7,Boulder Clay,-74.745489,164.020308,205.0,T/B3.6,2013,33.0,47,exact,33.0,-74.745489,164.020308,temp,CALM_South,CALM_A7,2013-02-01,1,33.0,33.0,,,,,,False,False,False,False
A7,Boulder Clay,-74.745489,164.020308,205.0,T/B3.6,2014,37.0,47,exact,37.0,-74.745489,164.020308,temp,CALM_South,CALM_A7,2014-02-01,1,37.0,37.0,,,,,,False,False,False,False
A7,Boulder Clay,-74.745489,164.020308,205.0,T/B3.6,2015,29.0,47,exact,29.0,-74.745489,164.020308,temp,CALM_South,CALM_A7,2015-02-01,1,29.0,29.0,,,,,,False,False,False,False
A7,Boulder Clay,-74.745489,164.020308,205.0,T/B3.6,2016,26.0,47,exact,26.0,-74.745489,164.020308,temp,CALM_South,CALM_A7,2016-02-01,1,26.0,26.0,,,,,,False,False,False,False
A7,Boulder Clay,-74.745489,164.020308,205.0,T/B3.6,2017,31.0,47,exact,31.0,-74.745489,164.020308,temp,CALM_South,CALM_A7,2017-02-01,1,31.0,31.0,,,,,,False,False,False,False
A7,Boulder Clay,-74.745489,164.020308,205.0,T/B3.6,2019,17.0,47,exact,17.0,-74.745489,164.020308,temp,CALM_South,CALM_A7,2019-02-01,1,17.0,17.0,,,,,,False,False,False,False
A7,Boulder Clay,-74.745489,164.020308,205.0,T/B3.6,2020,32.0,47,exact,32.0,-74.745489,164.020308,temp,CALM_South,CALM_A7,2020-02-01,1,32.0,32.0,,,,,,False,False,False,False
A7,Boulder Clay,-74.745489,164.020308,205.0,T/B3.6,2021,34.0,47,exact,34.0,-74.745489,164.020308,temp,CALM_South,CALM_A7,2021-02-01,1,34.0,34.0,,,,,,False,False,False,False
A7,Boulder Clay,-74.745489,164.020308,205.0,T/B3.6,2022,32.0,47,exact,32.0,-74.745489,164.020308,temp,CALM_South,CALM_A7,2022-02-01,1,32.0,32.0,,,,,,False,False,False,False
A7,Boulder Clay,-74.745489,164.020308,205.0,T/B3.6,2023,29.0,47,exact,29.0,-74.745489,164.020308,temp,CALM_South,CALM_A7,2023-02-01,1,29.0,29.0,,,,,,False,False,False,False
A7,Boulder Clay,-74.745489,164.020308,205.0,T/B3.6,2024,23.0,47,exact,23.0,-74.745489,164.020308,temp,CALM_South,CALM_A7,2024-02-01,1,23.0,23.0,,,,,,False,False,False,False
A7,Boulder Clay,-74.745489,164.020308,205.0,T/B3.6,2025,38.0,47,exact,38.0,-74.745489,164.020308,temp,CALM_South,CALM_A7,2025-02-01,1,38.0,38.0,,,,,,False,False,False,False
A8,Oasi,-74.74167,164.1,52.0,T/B30,2010,149.0,48,exact,149.0,-74.74167,164.1,temp,CALM_South,CALM_A8,2010-02-01,1,149.0,149.0,,,,,,False,False,False,False
A8,Oasi,-74.74167,164.1,52.0,T/B30,2011,163.0,48,exact,163.0,-74.74167,164.1,temp,CALM_South,CALM_A8,2011-02-01,1,163.0,163.0,,,,,,False,False,False,False
A8,Oasi,-74.74167,164.1,52.0,T/B30,2012,187.0,48,exact,187.0,-74.74167,164.1,temp,CALM_South,CALM_A8,2012-02-01,1,187.0,187.0,,,,,,False,False,False,False
A8,Oasi,-74.74167,164.1,52.0,T/B30,2013,177.0,48,exact,177.0,-74.74167,164.1,temp,CALM_South,CALM_A8,2013-02-01,1,177.0,177.0,,,,,,False,False,False,False
A8,Oasi,-74.74167,164.1,52.0,T/B30,2014,170.0,48,exact,170.0,-74.74167,164.1,temp,CALM_South,CALM_A8,2014-02-01,1,170.0,170.0,,,,,,False,False,False,False
A8,Oasi,-74.74167,164.1,52.0,T/B30,2015,172.0,48,exact,172.0,-74.74167,164.1,temp,CALM_South,CALM_A8,2015-02-01,1,172.0,172.0,,,,,,False,False,False,False
A8,Oasi,-74.74167,164.1,52.0,T/B30,2016,151.0,48,exact,151.0,-74.74167,164.1,temp,CALM_South,CALM_A8,2016-02-01,1,151.0,151.0,,,,,,False,False,False,False
A8,Oasi,-74.74167,164.1,52.0,T/B30,2017,151.0,48,exact,151.0,-74.74167,164.1,temp,CALM_South,CALM_A8,2017-02-01,1,151.0,151.0,,,,,,False,False,False,False
A8,Oasi,-74.74167,164.1,52.0,T/B30,2018,153.0,48,exact,153.0,-74.74167,164.1,temp,CALM_South,CALM_A8,2018-02-01,1,153.0,153.0,,,,,,False,False,False,False
A8,Oasi,-74.74167,164.1,52.0,T/B30,2019,147.0,48,exact,147.0,-74.74167,164.1,temp,CALM_South,CALM_A8,2019-02-01,1,147.0,147.0,,,,,,False,False,False,False
A8,Oasi,-74.74167,164.1,52.0,T/B30,2020,174.0,48,exact,174.0,-74.74167,164.1,temp,CALM_South,CALM_A8,2020-02-01,1,174.0,174.0,,,,,,False,False,False,False
A8,Oasi,-74.74167,164.1,52.0,T/B30,2023,155.0,48,exact,155.0,-74.74167,164.1,temp,CALM_South,CALM_A8,2023-02-01,1,155.0,155.0,,,,,,False,False,False,False
A8,Oasi,-74.74167,164.1,52.0,T/B30,2024,144.0,48,exact,144.0,-74.74167,164.1,temp,CALM_South,CALM_A8,2024-02-01,1,144.0,144.0,,,,,,False,False,False,False
A8,Oasi,-74.74167,164.1,52.0,T/B30,2025,161.0,48,exact,161.0,-74.74167,164.1,temp,CALM_South,CALM_A8,2025-02-01,1,161.0,161.0,,,,,,False,False,False,False
A9,Mt. Fleming,77 33'S,160 17'E,1697.0,T/B,2003,7.0,38,exact,7.0,-77.55,160.28333333333333,temp,CALM_South,CALM_A9,2003-02-01,1,7.0,7.0,,,,,,False,False,False,False
A9,Mt. Fleming,77 33'S,160 17'E,1697.0,T/B,2004,7.0,38,exact,7.0,-77.55,160.28333333333333,temp,CALM_South,CALM_A9,2004-02-01,1,7.0,7.0,,,,,,False,False,False,False
A9,Mt. Fleming,77 33'S,160 17'E,1697.0,T/B,2005,6.0,38,exact,6.0,-77.55,160.28333333333333,temp,CALM_South,CALM_A9,2005-02-01,1,6.0,6.0,,,,,,False,False,False,False
A9,Mt. Fleming,77 33'S,160 17'E,1697.0,T/B,2006,7.0,38,exact,7.0,-77.55,160.28333333333333,temp,CALM_South,CALM_A9,2006-02-01,1,7.0,7.0,,,,,,False,False,False,False
A9,Mt. Fleming,77 33'S,160 17'E,1697.0,T/B,2007,5.0,38,exact,5.0,-77.55,160.28333333333333,temp,CALM_South,CALM_A9,2007-02-01,1,5.0,5.0,,,,,,False,False,False,False
A9,Mt. Fleming,77 33'S,160 17'E,1697.0,T/B,2008,5.0,38,exact,5.0,-77.55,160.28333333333333,temp,CALM_South,CALM_A9,2008-02-01,1,5.0,5.0,,,,,,False,False,False,False
A9,Mt. Fleming,77 33'S,160 17'E,1697.0,T/B,2009,4.0,38,exact,4.0,-77.55,160.28333333333333,temp,CALM_South,CALM_A9,2009-02-01,1,4.0,4.0,,,,,,False,False,False,False
A9,Mt. Fleming,77 33'S,160 17'E,1697.0,T/B,2010,5.0,38,exact,5.0,-77.55,160.28333333333333,temp,CALM_South,CALM_A9,2010-02-01,1,5.0,5.0,,,,,,False,False,False,False
A9,Mt. Fleming,77 33'S,160 17'E,1697.0,T/B,2011,12.0,38,exact,12.0,-77.55,160.28333333333333,temp,CALM_South,CALM_A9,2011-02-01,1,12.0,12.0,,,,,,False,False,False,False
A9,Mt. Fleming,77 33'S,160 17'E,1697.0,T/B,2012,8.0,38,exact,8.0,-77.55,160.28333333333333,temp,CALM_South,CALM_A9,2012-02-01,1,8.0,8.0,,,,,,False,False,False,False
A9,Mt. Fleming,77 33'S,160 17'E,1697.0,T/B,2013,16.0,38,exact,16.0,-77.55,160.28333333333333,temp,CALM_South,CALM_A9,2013-02-01,1,16.0,16.0,,,,,,False,False,False,False
A9,Mt. Fleming,77 33'S,160 17'E,1697.0,T/B,2014,7.0,38,exact,7.0,-77.55,160.28333333333333,temp,CALM_South,CALM_A9,2014-02-01,1,7.0,7.0,,,,,,False,False,False,False
A9,Mt. Fleming,77 33'S,160 17'E,1697.0,T/B,2015,8.0,38,exact,8.0,-77.55,160.28333333333333,temp,CALM_South,CALM_A9,2015-02-01,1,8.0,8.0,,,,,,False,False,False,False
A9,Mt. Fleming,77 33'S,160 17'E,1697.0,T/B,2016,5.0,38,exact,5.0,-77.55,160.28333333333333,temp,CALM_South,CALM_A9,2016-02-01,1,5.0,5.0,,,,,,False,False,False,False
A9,Mt. Fleming,77 33'S,160 17'E,1697.0,T/B,2017,10.0,38,exact,10.0,-77.55,160.28333333333333,temp,CALM_South,CALM_A9,2017-02-01,1,10.0,10.0,,,,,,False,False,False,False
SA2A,Balcón I (Mendoza),-32.961944,-69.371944,3560.0,T/B,2008,750.0,27,exact,750.0,-32.961944,-69.371944,temp,CALM_South,CALM_SA2A,2008-02-01,1,750.0,750.0,,,,,,False,False,False,False
SA2A,Balcón I (Mendoza),-32.961944,-69.371944,3560.0,T/B,2009,780.0,27,exact,780.0,-32.961944,-69.371944,temp,CALM_South,CALM_SA2A,2009-02-01,1,780.0,780.0,,,,,,False,False,False,False
SA2A,Balcón I (Mendoza),-32.961944,-69.371944,3560.0,T/B,2010,830.0,27,exact,830.0,-32.961944,-69.371944,temp,CALM_South,CALM_SA2A,2010-02-01,1,830.0,830.0,,,,,,False,False,False,False
SA2A,Balcón I (Mendoza),-32.961944,-69.371944,3560.0,T/B,2012,740.0,27,exact,740.0,-32.961944,-69.371944,temp,CALM_South,CALM_SA2A,2012-02-01,1,740.0,740.0,,,,,,False,False,False,False
SA2A,Balcón I (Mendoza),-32.961944,-69.371944,3560.0,T/B,2013,770.0,27,exact,770.0,-32.961944,-69.371944,temp,CALM_South,CALM_SA2A,2013-02-01,1,770.0,770.0,,,,,,False,False,False,False
SA2A,Balcón I (Mendoza),-32.961944,-69.371944,3560.0,T/B,2015,780.0,27,exact,780.0,-32.961944,-69.371944,temp,CALM_South,CALM_SA2A,2015-02-01,1,780.0,780.0,,,,,,False,False,False,False
SA2A,Balcón I (Mendoza),-32.961944,-69.371944,3560.0,T/B,2016,780.0,27,exact,780.0,-32.961944,-69.371944,temp,CALM_South,CALM_SA2A,2016-02-01,1,780.0,780.0,,,,,,False,False,False,False
SA2A,Balcón I (Mendoza),-32.961944,-69.371944,3560.0,T/B,2017,780.0,27,exact,780.0,-32.961944,-69.371944,temp,CALM_South,CALM_SA2A,2017-02-01,1,780.0,780.0,,,,,,False,False,False,False
SA2A,Balcón I (Mendoza),-32.961944,-69.371944,3560.0,T/B,2019,790.0,27,exact,790.0,-32.961944,-69.371944,temp,CALM_South,CALM_SA2A,2019-02-01,1,790.0,790.0,,,,,,False,False,False,False
SA2A,Balcón I (Mendoza),-32.961944,-69.371944,3560.0,T/B,2020,810.0,27,exact,810.0,-32.961944,-69.371944,temp,CALM_South,CALM_SA2A,2020-02-01,1,810.0,810.0,,,,,,False,False,False,False
SA2A,Balcón I (Mendoza),-32.961944,-69.371944,3560.0,T/B,2022,810.0,27,exact,810.0,-32.961944,-69.371944,temp,CALM_South,CALM_SA2A,2022-02-01,1,810.0,810.0,,,,,,False,False,False,False
SA2A,Balcón I (Mendoza),-32.961944,-69.371944,3560.0,T/B,2023,800.0,27,exact,800.0,-32.961944,-69.371944,temp,CALM_South,CALM_SA2A,2023-02-01,1,800.0,800.0,,,,,,False,False,False,False
SA2A,Balcón I (Mendoza),-32.961944,-69.371944,3560.0,T/B,2024,790.0,27,exact,790.0,-32.961944,-69.371944,temp,CALM_South,CALM_SA2A,2024-02-01,1,790.0,790.0,,,,,,False,False,False,False
SA2B,Balcón I Superior (Mendoza),-32.955,-69.370556,3586.0,T/B,2008,510.0,28,exact,510.0,-32.955,-69.370556,temp,CALM_South,CALM_SA2B,2008-02-01,1,510.0,510.0,,,,,,False,False,False,False
SA2B,Balcón I Superior (Mendoza),-32.955,-69.370556,3586.0,T/B,2009,530.0,28,exact,530.0,-32.955,-69.370556,temp,CALM_South,CALM_SA2B,2009-02-01,1,530.0,530.0,,,,,,False,False,False,False
SA2B,Balcón I Superior (Mendoza),-32.955,-69.370556,3586.0,T/B,2010,540.0,28,exact,540.0,-32.955,-69.370556,temp,CALM_South,CALM_SA2B,2010-02-01,1,540.0,540.0,,,,,,False,False,False,False
SA2B,Balcón I Superior (Mendoza),-32.955,-69.370556,3586.0,T/B,2011,550.0,28,exact,550.0,-32.955,-69.370556,temp,CALM_South,CALM_SA2B,2011-02-01,1,550.0,550.0,,,,,,False,False,False,False
SA2B,Balcón I Superior (Mendoza),-32.955,-69.370556,3586.0,T/B,2012,540.0,28,exact,540.0,-32.955,-69.370556,temp,CALM_South,CALM_SA2B,2012-02-01,1,540.0,540.0,,,,,,False,False,False,False
SA2B,Balcón I Superior (Mendoza),-32.955,-69.370556,3586.0,T/B,2013,560.0,28,exact,560.0,-32.955,-69.370556,temp,CALM_South,CALM_SA2B,2013-02-01,1,560.0,560.0,,,,,,False,False,False,False
SA2B,Balcón I Superior (Mendoza),-32.955,-69.370556,3586.0,T/B,2014,610.0,28,exact,610.0,-32.955,-69.370556,temp,CALM_South,CALM_SA2B,2014-02-01,1,610.0,610.0,,,,,,False,False,False,False
SA2B,Balcón I Superior (Mendoza),-32.955,-69.370556,3586.0,T/B,2015,580.0,28,exact,580.0,-32.955,-69.370556,temp,CALM_South,CALM_SA2B,2015-02-01,1,580.0,580.0,,,,,,False,False,False,False
SA2B,Balcón I Superior (Mendoza),-32.955,-69.370556,3586.0,T/B,2017,640.0,28,exact,640.0,-32.955,-69.370556,temp,CALM_South,CALM_SA2B,2017-02-01,1,640.0,640.0,,,,,,False,False,False,False
SA2B,Balcón I Superior (Mendoza),-32.955,-69.370556,3586.0,T/B,2018,630.0,28,exact,630.0,-32.955,-69.370556,temp,CALM_South,CALM_SA2B,2018-02-01,1,630.0,630.0,,,,,,False,False,False,False
SA2B,Balcón I Superior (Mendoza),-32.955,-69.370556,3586.0,T/B,2019,630.0,28,exact,630.0,-32.955,-69.370556,temp,CALM_South,CALM_SA2B,2019-02-01,1,630.0,630.0,,,,,,False,False,False,False
SA2B,Balcón I Superior (Mendoza),-32.955,-69.370556,3586.0,T/B,2020,590.0,28,exact,590.0,-32.955,-69.370556,temp,CALM_South,CALM_SA2B,2020-02-01,1,590.0,590.0,,,,,,False,False,False,False
SA2B,Balcón I Superior (Mendoza),-32.955,-69.370556,3586.0,T/B,2022,580.0,28,exact,580.0,-32.955,-69.370556,temp,CALM_South,CALM_SA2B,2022-02-01,1,580.0,580.0,,,,,,False,False,False,False
SA2B,Balcón I Superior (Mendoza),-32.955,-69.370556,3586.0,T/B,2023,640.0,28,exact,640.0,-32.955,-69.370556,temp,CALM_South,CALM_SA2B,2023-02-01,1,640.0,640.0,,,,,,False,False,False,False
SA2B,Balcón I Superior (Mendoza),-32.955,-69.370556,3586.0,T/B,2024,590.0,28,exact,590.0,-32.955,-69.370556,temp,CALM_South,CALM_SA2B,2024-02-01,1,590.0,590.0,,,,,,False,False,False,False
SA2B,Balcón I Superior (Mendoza),-32.955,-69.370556,3586.0,T/B,2025,590.0,28,exact,590.0,-32.955,-69.370556,temp,CALM_South,CALM_SA2B,2025-02-01,1,590.0,590.0,,,,,,False,False,False,False
SA2C,Balcón II (Mendoza),-32.948611,-69.380278,3770.0,T/B,2001,300.0,29,exact,300.0,-32.948611,-69.380278,temp,CALM_South,CALM_SA2C,2001-02-01,1,300.0,300.0,,,,,,False,True,False,False
SA2C,Balcón II (Mendoza),-32.948611,-69.380278,3770.0,T/B,2002,300.0,29,exact,300.0,-32.948611,-69.380278,temp,CALM_South,CALM_SA2C,2002-02-01,1,300.0,300.0,,,,,,False,True,False,False
SA2C,Balcón II (Mendoza),-32.948611,-69.380278,3770.0,T/B,2004,320.0,29,exact,320.0,-32.948611,-69.380278,temp,CALM_South,CALM_SA2C,2004-02-01,1,320.0,320.0,,,,,,False,True,False,False
SA2C,Balcón II (Mendoza),-32.948611,-69.380278,3770.0,T/B,2005,310.0,29,exact,310.0,-32.948611,-69.380278,temp,CALM_South,CALM_SA2C,2005-02-01,1,310.0,310.0,,,,,,False,True,False,False
SA2C,Balcón II (Mendoza),-32.948611,-69.380278,3770.0,T/B,2006,305.0,29,exact,305.0,-32.948611,-69.380278,temp,CALM_South,CALM_SA2C,2006-02-01,1,305.0,305.0,,,,,,False,True,False,False
SA2C,Balcón II (Mendoza),-32.948611,-69.380278,3770.0,T/B,2007,305.0,29,exact,305.0,-32.948611,-69.380278,temp,CALM_South,CALM_SA2C,2007-02-01,1,305.0,305.0,,,,,,False,True,False,False
SA2C,Balcón II (Mendoza),-32.948611,-69.380278,3770.0,T/B,2008,300.0,29,exact,300.0,-32.948611,-69.380278,temp,CALM_South,CALM_SA2C,2008-02-01,1,300.0,300.0,,,,,,False,True,False,False
SA2C,Balcón II (Mendoza),-32.948611,-69.380278,3770.0,T/B,2009,320.0,29,exact,320.0,-32.948611,-69.380278,temp,CALM_South,CALM_SA2C,2009-02-01,1,320.0,320.0,,,,,,False,True,False,False
SA2C,Balcón II (Mendoza),-32.948611,-69.380278,3770.0,T/B,2010,320.0,29,exact,320.0,-32.948611,-69.380278,temp,CALM_South,CALM_SA2C,2010-02-01,1,320.0,320.0,,,,,,False,True,False,False
SA2C,Balcón II (Mendoza),-32.948611,-69.380278,3770.0,T/B,2011,310.0,29,exact,310.0,-32.948611,-69.380278,temp,CALM_South,CALM_SA2C,2011-02-01,1,310.0,310.0,,,,,,False,True,False,False
SA2C,Balcón II (Mendoza),-32.948611,-69.380278,3770.0,T/B,2012,320.0,29,exact,320.0,-32.948611,-69.380278,temp,CALM_South,CALM_SA2C,2012-02-01,1,320.0,320.0,,,,,,False,True,False,False
SA2C,Balcón II (Mendoza),-32.948611,-69.380278,3770.0,T/B,2013,320.0,29,exact,320.0,-32.948611,-69.380278,temp,CALM_South,CALM_SA2C,2013-02-01,1,320.0,320.0,,,,,,False,True,False,False
SA2C,Balcón II (Mendoza),-32.948611,-69.380278,3770.0,T/B,2014,330.0,29,exact,330.0,-32.948611,-69.380278,temp,CALM_South,CALM_SA2C,2014-02-01,1,330.0,330.0,,,,,,False,True,False,False
SA2C,Balcón II (Mendoza),-32.948611,-69.380278,3770.0,T/B,2015,320.0,29,exact,320.0,-32.948611,-69.380278,temp,CALM_South,CALM_SA2C,2015-02-01,1,320.0,320.0,,,,,,False,True,False,False
SA2C,Balcón II (Mendoza),-32.948611,-69.380278,3770.0,T/B,2016,320.0,29,exact,320.0,-32.948611,-69.380278,temp,CALM_South,CALM_SA2C,2016-02-01,1,320.0,320.0,,,,,,False,True,False,False
SA2C,Balcón II (Mendoza),-32.948611,-69.380278,3770.0,T/B,2017,320.0,29,exact,320.0,-32.948611,-69.380278,temp,CALM_South,CALM_SA2C,2017-02-01,1,320.0,320.0,,,,,,False,True,False,False
SA2C,Balcón II (Mendoza),-32.948611,-69.380278,3770.0,T/B,2018,330.0,29,exact,330.0,-32.948611,-69.380278,temp,CALM_South,CALM_SA2C,2018-02-01,1,330.0,330.0,,,,,,False,True,False,False
SA2C,Balcón II (Mendoza),-32.948611,-69.380278,3770.0,T/B,2019,340.0,29,exact,340.0,-32.948611,-69.380278,temp,CALM_South,CALM_SA2C,2019-02-01,1,340.0,340.0,,,,,,False,True,False,False
SA2C,Balcón II (Mendoza),-32.948611,-69.380278,3770.0,T/B,2021,350.0,29,exact,350.0,-32.948611,-69.380278,temp,CALM_South,CALM_SA2C,2021-02-01,1,350.0,350.0,,,,,,False,True,False,False
SA2C,Balcón II (Mendoza),-32.948611,-69.380278,3770.0,T/B,2022,350.0,29,exact,350.0,-32.948611,-69.380278,temp,CALM_South,CALM_SA2C,2022-02-01,1,350.0,350.0,,,,,,False,True,False,False
SA2C,Balcón II (Mendoza),-32.948611,-69.380278,3770.0,T/B,2023,340.0,29,exact,340.0,-32.948611,-69.380278,temp,CALM_South,CALM_SA2C,2023-02-01,1,340.0,340.0,,,,,,False,True,False,False
SA2C,Balcón II (Mendoza),-32.948611,-69.380278,3770.0,T/B,2024,340.0,29,exact,340.0,-32.948611,-69.380278,temp,CALM_South,CALM_SA2C,2024-02-01,1,340.0,340.0,,,,,,False,True,False,False
