calm_site_code,calm_site_name,calm_lat_raw,calm_lon_raw,calm_elevation_m,calm_method_raw,calm_year,calm_ald_raw,calm_workbook_row,calm_ald_bound_type,calm_ald_cm,decision
SA2A,Balcón I (Mendoza),-32.961944,-69.371944,3560.0,T/B,1990,-,27,missing,,missing
SA2A,Balcón I (Mendoza),-32.961944,-69.371944,3560.0,T/B,1991,-,27,missing,,missing
SA2A,Balcón I (Mendoza),-32.961944,-69.371944,3560.0,T/B,1992,-,27,missing,,missing
SA2A,Balcón I (Mendoza),-32.961944,-69.371944,3560.0,T/B,1993,-,27,missing,,missing
SA2A,Balcón I (Mendoza),-32.961944,-69.371944,3560.0,T/B,1994,-,27,missing,,missing
SA2A,Balcón I (Mendoza),-32.961944,-69.371944,3560.0,T/B,1995,-,27,missing,,missing
SA2A,Balcón I (Mendoza),-32.961944,-69.371944,3560.0,T/B,1996,-,27,missing,,missing
SA2A,Balcón I (Mendoza),-32.961944,-69.371944,3560.0,T/B,1997,-,27,missing,,missing
SA2A,Balcón I (Mendoza),-32.961944,-69.371944,3560.0,T/B,1998,-,27,missing,,missing
SA2A,Balcón I (Mendoza),-32.961944,-69.371944,3560.0,T/B,1999,-,27,missing,,missing
SA2A,Balcón I (Mendoza),-32.961944,-69.371944,3560.0,T/B,2000,-,27,missing,,missing
SA2A,Balcón I (Mendoza),-32.961944,-69.371944,3560.0,T/B,2001,-,27,missing,,missing
SA2A,Balcón I (Mendoza),-32.961944,-69.371944,3560.0,T/B,2002,-,27,missing,,missing
SA2A,Balcón I (Mendoza),-32.961944,-69.371944,3560.0,T/B,2003,-,27,missing,,missing
SA2A,Balcón I (Mendoza),-32.961944,-69.371944,3560.0,T/B,2004,-,27,missing,,missing
SA2A,Balcón I (Mendoza),-32.961944,-69.371944,3560.0,T/B,2005,-,27,missing,,missing
SA2A,Balcón I (Mendoza),-32.961944,-69.371944,3560.0,T/B,2006,-,27,missing,,missing
SA2A,Balcón I (Mendoza),-32.961944,-69.371944,3560.0,T/B,2007,-,27,missing,,missing
SA2A,Balcón I (Mendoza),-32.961944,-69.371944,3560.0,T/B,2008,750.0,27,exact,750.0,retained
SA2A,Balcón I (Mendoza),-32.961944,-69.371944,3560.0,T/B,2009,780.0,27,exact,780.0,retained
SA2A,Balcón I (Mendoza),-32.961944,-69.371944,3560.0,T/B,2010,830.0,27,exact,830.0,retained
SA2A,Balcón I (Mendoza),-32.961944,-69.371944,3560.0,T/B,2011,-,27,missing,,missing
SA2A,Balcón I (Mendoza),-32.961944,-69.371944,3560.0,T/B,2012,740.0,27,exact,740.0,retained
SA2A,Balcón I (Mendoza),-32.961944,-69.371944,3560.0,T/B,2013,770.0,27,exact,770.0,retained
SA2A,Balcón I (Mendoza),-32.961944,-69.371944,3560.0,T/B,2014,-,27,missing,,missing
SA2A,Balcón I (Mendoza),-32.961944,-69.371944,3560.0,T/B,2015,780.0,27,exact,780.0,retained
SA2A,Balcón I (Mendoza),-32.961944,-69.371944,3560.0,T/B,2016,780.0,27,exact,780.0,retained
SA2A,Balcón I (Mendoza),-32.961944,-69.371944,3560.0,T/B,2017,780.0,27,exact,780.0,retained
SA2A,Balcón I (Mendoza),-32.961944,-69.371944,3560.0,T/B,2018,-,27,missing,,missing
SA2A,Balcón I (Mendoza),-32.961944,-69.371944,3560.0,T/B,2019,790.0,27,exact,790.0,retained
SA2A,Balcón I (Mendoza),-32.961944,-69.371944,3560.0,T/B,2020,810.0,27,exact,810.0,retained
SA2A,Balcón I (Mendoza),-32.961944,-69.371944,3560.0,T/B,2021,-,27,missing,,missing
SA2A,Balcón I (Mendoza),-32.961944,-69.371944,3560.0,T/B,2022,810.0,27,exact,810.0,retained
SA2A,Balcón I (Mendoza),-32.961944,-69.371944,3560.0,T/B,2023,800.0,27,exact,800.0,retained
SA2A,Balcón I (Mendoza),-32.961944,-69.371944,3560.0,T/B,2024,790.0,27,exact,790.0,retained
SA2A,Balcón I (Mendoza),-32.961944,-69.371944,3560.0,T/B,2025,-,27,missing,,missing
SA2B,Balcón I Superior (Mendoza),-32.955,-69.370556,3586.0,T/B,1990,-,28,missing,,missing
SA2B,Balcón I Superior (Mendoza),-32.955,-69.370556,3586.0,T/B,1991,-,28,missing,,missing
SA2B,Balcón I Superior (Mendoza),-32.955,-69.370556,3586.0,T/B,1992,-,28,missing,,missing
SA2B,Balcón I Superior (Mendoza),-32.955,-69.370556,3586.0,T/B,1993,-,28,missing,,missing
SA2B,Balcón I Superior (Mendoza),-32.955,-69.370556,3586.0,T/B,1994,-,28,missing,,missing
SA2B,Balcón I Superior (Mendoza),-32.955,-69.370556,3586.0,T/B,1995,-,28,missing,,missing
SA2B,Balcón I Superior (Mendoza),-32.955,-69.370556,3586.0,T/B,1996,-,28,missing,,missing
SA2B,Balcón I Superior (Mendoza),-32.955,-69.370556,3586.0,T/B,1997,-,28,missing,,missing
SA2B,Balcón I Superior (Mendoza),-32.955,-69.370556,3586.0,T/B,1998,-,28,missing,,missing
SA2B,Balcón I Superior (Mendoza),-32.955,-69.370556,3586.0,T/B,1999,-,28,missing,,missing
SA2B,Balcón I Superior (Mendoza),-32.955,-69.370556,3586.0,T/B,2000,-,28,missing,,missing
SA2B,Balcón I Superior (Mendoza),-32.955,-69.370556,3586.0,T/B,2001,-,28,missing,,missing
SA2B,Balcón I Superior (Mendoza),-32.955,-69.370556,3586.0,T/B,2002,-,28,missing,,missing
SA2B,Balcón I Superior (Mendoza),-32.955,-69.370556,3586.0,T/B,2003,-,28,missing,,missing
SA2B,Balcón I Superior (Mendoza),-32.955,-69.370556,3586.0,T/B,2004,-,28,missing,,missing
SA2B,Balcón I Superior (Mendoza),-32.955,-69.370556,3586.0,T/B,2005,-,28,missing,,missing
SA2B,Balcón I Superior (Mendoza),-32.955,-69.370556,3586.0,T/B,2006,-,28,missing,,missing
SA2B,Balcón I Superior (Mendoza),-32.955,-69.370556,3586.0,T/B,2007,-,28,missing,,missing
SA2B,Balcón I Superior (Mendoza),-32.955,-69.370556,3586.0,T/B,2008,510.0,28,exact,510.0,retained
SA2B,Balcón I Superior (Mendoza),-32.955,-69.370556,3586.0,T/B,2009,530.0,28,exact,530.0,retained
SA2B,Balcón I Superior (Mendoza),-32.955,-69.370556,3586.0,T/B,2010,540.0,28,exact,540.0,retained
SA2B,Balcón I Superior (Mendoza),-32.955,-69.370556,3586.0,T/B,2011,550.0,28,exact,550.0,retained
SA2B,Balcón I Superior (Mendoza),-32.955,-69.370556,3586.0,T/B,2012,540.0,28,exact,540.0,retained
SA2B,Balcón I Superior (Mendoza),-32.955,-69.370556,3586.0,T/B,2013,560.0,28,exact,560.0,retained
SA2B,Balcón I Superior (Mendoza),-32.955,-69.370556,3586.0,T/B,2014,610.0,28,exact,610.0,retained
SA2B,Balcón I Superior (Mendoza),-32.955,-69.370556,3586.0,T/B,2015,580.0,28,exact,580.0,retained
SA2B,Balcón I Superior (Mendoza),-32.955,-69.370556,3586.0,T/B,2016,-,28,missing,,missing
SA2B,Balcón I Superior (Mendoza),-32.955,-69.370556,3586.0,T/B,2017,640.0,28,exact,640.0,retained
SA2B,Balcón I Superior (Mendoza),-32.955,-69.370556,3586.0,T/B,2018,630.0,28,exact,630.0,retained
SA2B,Balcón I Superior (Mendoza),-32.955,-69.370556,3586.0,T/B,2019,630.0,28,exact,630.0,retained
SA2B,Balcón I Superior (Mendoza),-32.955,-69.370556,3586.0,T/B,2020,590.0,28,exact,590.0,retained
SA2B,Balcón I Superior (Mendoza),-32.955,-69.370556,3586.0,T/B,2021,-,28,missing,,missing
SA2B,Balcón I Superior (Mendoza),-32.955,-69.370556,3586.0,T/B,2022,580.0,28,exact,580.0,retained
SA2B,Balcón I Superior (Mendoza),-32.955,-69.370556,3586.0,T/B,2023,640.0,28,exact,640.0,retained
SA2B,Balcón I Superior (Mendoza),-32.955,-69.370556,3586.0,T/B,2024,590.0,28,exact,590.0,retained
SA2B,Balcón I Superior (Mendoza),-32.955,-69.370556,3586.0,T/B,2025,590.0,28,exact,590.0,retained
SA2C,Balcón II (Mendoza),-32.948611,-69.380278,3770.0,T/B,1990,-,29,missing,,missing
SA2C,Balcón II (Mendoza),-32.948611,-69.380278,3770.0,T/B,1991,-,29,missing,,missing
SA2C,Balcón II (Mendoza),-32.948611,-69.380278,3770.0,T/B,1992,-,29,missing,,missing
SA2C,Balcón II (Mendoza),-32.948611,-69.380278,3770.0,T/B,1993,-,29,missing,,missing
SA2C,Balcón II (Mendoza),-32.948611,-69.380278,3770.0,T/B,1994,-,29,missing,,missing
SA2C,Balcón II (Mendoza),-32.948611,-69.380278,3770.0,T/B,1995,-,29,missing,,missing
SA2C,Balcón II (Mendoza),-32.948611,-69.380278,3770.0,T/B,1996,-,29,missing,,missing
SA2C,Balcón II (Mendoza),-32.948611,-69.380278,3770.0,T/B,1997,-,29,missing,,missing
SA2C,Balcón II (Mendoza),-32.948611,-69.380278,3770.0,T/B,1998,-,29,missing,,missing
SA2C,Balcón II (Mendoza),-32.948611,-69.380278,3770.0,T/B,1999,-,29,missing,,missing
SA2C,Balcón II (Mendoza),-32.948611,-69.380278,3770.0,T/B,2000,-,29,missing,,missing
SA2C,Balcón II (Mendoza),-32.948611,-69.380278,3770.0,T/B,2001,300.0,29,exact,300.0,retained
SA2C,Balcón II (Mendoza),-32.948611,-69.380278,3770.0,T/B,2002,300.0,29,exact,300.0,retained
SA2C,Balcón II (Mendoza),-32.948611,-69.380278,3770.0,T/B,2003,-,29,missing,,missing
SA2C,Balcón II (Mendoza),-32.948611,-69.380278,3770.0,T/B,2004,320.0,29,exact,320.0,retained
SA2C,Balcón II (Mendoza),-32.948611,-69.380278,3770.0,T/B,2005,310.0,29,exact,310.0,retained
SA2C,Balcón II (Mendoza),-32.948611,-69.380278,3770.0,T/B,2006,305.0,29,exact,305.0,retained
SA2C,Balcón II (Mendoza),-32.948611,-69.380278,3770.0,T/B,2007,305.0,29,exact,305.0,retained
SA2C,Balcón II (Mendoza),-32.948611,-69.380278,3770.0,T/B,2008,300.0,29,exact,300.0,retained
SA2C,Balcón II (Mendoza),-32.948611,-69.380278,3770.0,T/B,2009,320.0,29,exact,320.0,retained
SA2C,Balcón II (Mendoza),-32.948611,-69.380278,3770.0,T/B,2010,320.0,29,exact,320.0,retained
SA2C,Balcón II (Mendoza),-32.948611,-69.380278,3770.0,T/B,2011,310.0,29,exact,310.0,retained
SA2C,Balcón II (Mendoza),-32.948611,-69.380278,3770.0,T/B,2012,320.0,29,exact,320.0,retained
SA2C,Balcón II (Mendoza),-32.948611,-69.380278,3770.0,T/B,2013,320.0,29,exact,320.0,retained
SA2C,Balcón II (Mendoza),-32.948611,-69.380278,3770.0,T/B,2014,330.0,29,exact,330.0,retained
SA2C,Balcón II (Mendoza),-32.948611,-69.380278,3770.0,T/B,2015,320.0,29,exact,320.0,retained
SA2C,Balcón II (Mendoza),-32.948611,-69.380278,3770.0,T/B,2016,320.0,29,exact,320.0,retained
SA2C,Balcón II (Mendoza),-32.948611,-69.380278,3770.0,T/B,2017,320.0,29,exact,320.0,retained
SA2C,Balcón II (Mendoza),-32.948611,-69.380278,3770.0,T/B,2018,330.0,29,exact,330.0,retained
SA2C,Balcón II (Mendoza),-32.948611,-69.380278,3770.0,T/B,2019,340.0,29,exact,340.0,retained
SA2C,Balcón II (Mendoza),-32.948611,-69.380278,3770.0,T/B,2020,-,29,missing,,missing
SA2C,Balcón II (Mendoza),-32.948611,-69.380278,3770.0,T/B,2021,350.0,29,exact,350.0,retained
SA2C,Balcón II (Mendoza),-32.948611,-69.380278,3770.0,T/B,2022,350.0,29,exact,350.0,retained
SA2C,Balcón II (Mendoza),-32.948611,-69.380278,3770.0,T/B,2023,340.0,29,exact,340.0,retained
SA2C,Balcón II (Mendoza),-32.948611,-69.380278,3770.0,T/B,2024,340.0,29,exact,340.0,retained
SA2C,Balcón II (Mendoza),-32.948611,-69.380278,3770.0,T/B,2025,-,29,missing,,missing
A1,Scott Base ,77 51'S,166 46'E,38.0,T/B,1990,-,34,missing,,missing
A1,Scott Base ,77 51'S,166 46'E,38.0,T/B,1991,-,34,missing,,missing
A1,Scott Base ,77 51'S,166 46'E,38.0,T/B,1992,-,34,missing,,missing
A1,Scott Base ,77 51'S,166 46'E,38.0,T/B,1993,-,34,missing,,missing
A1,Scott Base ,77 51'S,166 46'E,38.0,T/B,1994,-,34,missing,,missing
A1,Scott Base ,77 51'S,166 46'E,38.0,T/B,1995,-,34,missing,,missing
A1,Scott Base ,77 51'S,166 46'E,38.0,T/B,1996,-,34,missing,,missing
A1,Scott Base ,77 51'S,166 46'E,38.0,T/B,1997,-,34,missing,,missing
A1,Scott Base ,77 51'S,166 46'E,38.0,T/B,1998,-,34,missing,,missing
A1,Scott Base ,77 51'S,166 46'E,38.0,T/B,1999,32.0,34,exact,32.0,retained
A1,Scott Base ,77 51'S,166 46'E,38.0,T/B,2000,31.0,34,exact,31.0,retained
A1,Scott Base ,77 51'S,166 46'E,38.0,T/B,2001,36.0,34,exact,36.0,retained
A1,Scott Base ,77 51'S,166 46'E,38.0,T/B,2002,37.0,34,exact,37.0,retained
A1,Scott Base ,77 51'S,166 46'E,38.0,T/B,2003,31.0,34,exact,31.0,retained
A1,Scott Base ,77 51'S,166 46'E,38.0,T/B,2004,34.0,34,exact,34.0,retained
A1,Scott Base ,77 51'S,166 46'E,38.0,T/B,2005,34.0,34,exact,34.0,retained
A1,Scott Base ,77 51'S,166 46'E,38.0,T/B,2006,36.0,34,exact,36.0,retained
A1,Scott Base ,77 51'S,166 46'E,38.0,T/B,2007,36.0,34,exact,36.0,retained
A1,Scott Base ,77 51'S,166 46'E,38.0,T/B,2008,35.0,34,exact,35.0,retained
A1,Scott Base ,77 51'S,166 46'E,38.0,T/B,2009,37.0,34,exact,37.0,retained
A1,Scott Base ,77 51'S,166 46'E,38.0,T/B,2010,34.0,34,exact,34.0,retained
A1,Scott Base ,77 51'S,166 46'E,38.0,T/B,2011,34.0,34,exact,34.0,retained
A1,Scott Base ,77 51'S,166 46'E,38.0,T/B,2012,37.0,34,exact,37.0,retained
A1,Scott Base ,77 51'S,166 46'E,38.0,T/B,2013,38.0,34,exact,38.0,retained
A1,Scott Base ,77 51'S,166 46'E,38.0,T/B,2014,39.0,34,exact,39.0,retained
A1,Scott Base ,77 51'S,166 46'E,38.0,T/B,2015,34.0,34,exact,34.0,retained
A1,Scott Base ,77 51'S,166 46'E,38.0,T/B,2016,28.0,34,exact,28.0,retained
A1,Scott Base ,77 51'S,166 46'E,38.0,T/B,2017,31.0,34,exact,31.0,retained
A1,Scott Base ,77 51'S,166 46'E,38.0,T/B,2018,-,34,missing,,missing
A1,Scott Base ,77 51'S,166 46'E,38.0,T/B,2019,-,34,missing,,missing
A1,Scott Base ,77 51'S,166 46'E,38.0,T/B,2020,-,34,missing,,missing
A1,Scott Base ,77 51'S,166 46'E,38.0,T/B,2021,-,34,missing,,missing
A1,Scott Base ,77 51'S,166 46'E,38.0,T/B,2022,-,34,missing,,missing
A1,Scott Base ,77 51'S,166 46'E,38.0,T/B,2023,-,34,missing,,missing
A1,Scott Base ,77 51'S,166 46'E,38.0,T/B,2024,-,34,missing,,missing
A1,Scott Base ,77 51'S,166 46'E,38.0,T/B,2025,-,34,missing,,missing
A2,Bull Pass,77 31'S ,161 52'E,152.0,T/B,1990,-,35,missing,,missing
A2,Bull Pass,77 31'S ,161 52'E,152.0,T/B,1991,-,35,missing,,missing
A2,Bull Pass,77 31'S ,161 52'E,152.0,T/B,1992,-,35,missing,,missing
A2,Bull Pass,77 31'S ,161 52'E,152.0,T/B,1993,-,35,missing,,missing
A2,Bull Pass,77 31'S ,161 52'E,152.0,T/B,1994,-,35,missing,,missing
A2,Bull Pass,77 31'S ,161 52'E,152.0,T/B,1995,-,35,missing,,missing
A2,Bull Pass,77 31'S ,161 52'E,152.0,T/B,1996,-,35,missing,,missing
A2,Bull Pass,77 31'S ,161 52'E,152.0,T/B,1997,-,35,missing,,missing
A2,Bull Pass,77 31'S ,161 52'E,152.0,T/B,1998,-,35,missing,,missing
A2,Bull Pass,77 31'S ,161 52'E,152.0,T/B,1999,62.0,35,exact,62.0,retained
A2,Bull Pass,77 31'S ,161 52'E,152.0,T/B,2000,39.0,35,exact,39.0,retained
A2,Bull Pass,77 31'S ,161 52'E,152.0,T/B,2001,51.0,35,exact,51.0,retained
A2,Bull Pass,77 31'S ,161 52'E,152.0,T/B,2002,59.0,35,exact,59.0,retained
A2,Bull Pass,77 31'S ,161 52'E,152.0,T/B,2003,43.0,35,exact,43.0,retained
A2,Bull Pass,77 31'S ,161 52'E,152.0,T/B,2004,47.0,35,exact,47.0,retained
A2,Bull Pass,77 31'S ,161 52'E,152.0,T/B,2005,45.0,35,exact,45.0,retained
A2,Bull Pass,77 31'S ,161 52'E,152.0,T/B,2006,49.0,35,exact,49.0,retained
A2,Bull Pass,77 31'S ,161 52'E,152.0,T/B,2007,51.0,35,exact,51.0,retained
A2,Bull Pass,77 31'S ,161 52'E,152.0,T/B,2008,61.0,35,exact,61.0,retained
A2,Bull Pass,77 31'S ,161 52'E,152.0,T/B,2009,52.0,35,exact,52.0,retained
A2,Bull Pass,77 31'S ,161 52'E,152.0,T/B,2010,39.0,35,exact,39.0,retained
A2,Bull Pass,77 31'S ,161 52'E,152.0,T/B,2011,42.0,35,exact,42.0,retained
A2,Bull Pass,77 31'S ,161 52'E,152.0,T/B,2012,60.0,35,exact,60.0,retained
A2,Bull Pass,77 31'S ,161 52'E,152.0,T/B,2013,51.0,35,exact,51.0,retained
A2,Bull Pass,77 31'S ,161 52'E,152.0,T/B,2014,55.0,35,exact,55.0,retained
A2,Bull Pass,77 31'S ,161 52'E,152.0,T/B,2015,45.0,35,exact,45.0,retained
A2,Bull Pass,77 31'S ,161 52'E,152.0,T/B,2016,50.0,35,exact,50.0,retained
A2,Bull Pass,77 31'S ,161 52'E,152.0,T/B,2017,38.0,35,exact,38.0,retained
A2,Bull Pass,77 31'S ,161 52'E,152.0,T/B,2018,-,35,missing,,missing
A2,Bull Pass,77 31'S ,161 52'E,152.0,T/B,2019,-,35,missing,,missing
A2,Bull Pass,77 31'S ,161 52'E,152.0,T/B,2020,-,35,missing,,missing
A2,Bull Pass,77 31'S ,161 52'E,152.0,T/B,2021,-,35,missing,,missing
A2,Bull Pass,77 31'S ,161 52'E,152.0,T/B,2022,-,35,missing,,missing
A2,Bull Pass,77 31'S ,161 52'E,152.0,T/B,2023,-,35,missing,,missing
A2,Bull Pass,77 31'S ,161 52'E,152.0,T/B,2024,-,35,missing,,missing
A2,Bull Pass,77 31'S ,161 52'E,152.0,T/B,2025,-,35,missing,,missing
A3,Marble Point,77 25'S,163 41'E,50.0,T/B,1990,-,36,missing,,missing
A3,Marble Point,77 25'S,163 41'E,50.0,T/B,1991,-,36,missing,,missing
A3,Marble Point,77 25'S,163 41'E,50.0,T/B,1992,-,36,missing,,missing
A3,Marble Point,77 25'S,163 41'E,50.0,T/B,1993,-,36,missing,,missing
A3,Marble Point,77 25'S,163 41'E,50.0,T/B,1994,-,36,missing,,missing
A3,Marble Point,77 25'S,163 41'E,50.0,T/B,1995,-,36,missing,,missing
A3,Marble Point,77 25'S,163 41'E,50.0,T/B,1996,-,36,missing,,missing
A3,Marble Point,77 25'S,163 41'E,50.0,T/B,1997,-,36,missing,,missing
A3,Marble Point,77 25'S,163 41'E,50.0,T/B,1998,-,36,missing,,missing
A3,Marble Point,77 25'S,163 41'E,50.0,T/B,1999,52.0,36,exact,52.0,retained
A3,Marble Point,77 25'S,163 41'E,50.0,T/B,2000,54.0,36,exact,54.0,retained
A3,Marble Point,77 25'S,163 41'E,50.0,T/B,2001,56.0,36,exact,56.0,retained
A3,Marble Point,77 25'S,163 41'E,50.0,T/B,2002,60.0,36,exact,60.0,retained
A3,Marble Point,77 25'S,163 41'E,50.0,T/B,2003,43.0,36,exact,43.0,retained
A3,Marble Point,77 25'S,163 41'E,50.0,T/B,2004,49.0,36,exact,49.0,retained
A3,Marble Point,77 25'S,163 41'E,50.0,T/B,2005,51.0,36,exact,51.0,retained
A3,Marble Point,77 25'S,163 41'E,50.0,T/B,2006,54.0,36,exact,54.0,retained
A3,Marble Point,77 25'S,163 41'E,50.0,T/B,2007,55.0,36,exact,55.0,retained
A3,Marble Point,77 25'S,163 41'E,50.0,T/B,2008,53.0,36,exact,53.0,retained
A3,Marble Point,77 25'S,163 41'E,50.0,T/B,2009,54.0,36,exact,54.0,retained
A3,Marble Point,77 25'S,163 41'E,50.0,T/B,2010,47.0,36,exact,47.0,retained
A3,Marble Point,77 25'S,163 41'E,50.0,T/B,2011,53.0,36,exact,53.0,retained
A3,Marble Point,77 25'S,163 41'E,50.0,T/B,2012,18.0,36,exact,18.0,retained
A3,Marble Point,77 25'S,163 41'E,50.0,T/B,2013,41.0,36,exact,41.0,retained
A3,Marble Point,77 25'S,163 41'E,50.0,T/B,2014,53.0,36,exact,53.0,retained
A3,Marble Point,77 25'S,163 41'E,50.0,T/B,2015,57.0,36,exact,57.0,retained
A3,Marble Point,77 25'S,163 41'E,50.0,T/B,2016,57.0,36,exact,57.0,retained
A3,Marble Point,77 25'S,163 41'E,50.0,T/B,2017,43.0,36,exact,43.0,retained
A3,Marble Point,77 25'S,163 41'E,50.0,T/B,2018,-,36,missing,,missing
A3,Marble Point,77 25'S,163 41'E,50.0,T/B,2019,-,36,missing,,missing
A3,Marble Point,77 25'S,163 41'E,50.0,T/B,2020,-,36,missing,,missing
A3,Marble Point,77 25'S,163 41'E,50.0,T/B,2021,-,36,missing,,missing
A3,Marble Point,77 25'S,163 41'E,50.0,T/B,2022,-,36,missing,,missing
A3,Marble Point,77 25'S,163 41'E,50.0,T/B,2023,-,36,missing,,missing
A3,Marble Point,77 25'S,163 41'E,50.0,T/B,2024,-,36,missing,,missing
A3,Marble Point,77 25'S,163 41'E,50.0,T/B,2025,-,36,missing,,missing
A5A,Victoria Valley1,77 20'S,161 37'E,412.0,T/B,1990,-,37,missing,,missing
A5A,Victoria Valley1,77 20'S,161 37'E,412.0,T/B,1991,-,37,missing,,missing
A5A,Victoria Valley1,77 20'S,161 37'E,412.0,T/B,1992,-,37,missing,,missing
A5A,Victoria Valley1,77 20'S,161 37'E,412.0,T/B,1993,-,37,missing,,missing
A5A,Victoria Valley1,77 20'S,161 37'E,412.0,T/B,1994,-,37,missing,,missing
A5A,Victoria Valley1,77 20'S,161 37'E,412.0,T/B,1995,-,37,missing,,missing
A5A,Victoria Valley1,77 20'S,161 37'E,412.0,T/B,1996,-,37,missing,,missing
A5A,Victoria Valley1,77 20'S,161 37'E,412.0,T/B,1997,-,37,missing,,missing
A5A,Victoria Valley1,77 20'S,161 37'E,412.0,T/B,1998,-,37,missing,,missing
A5A,Victoria Valley1,77 20'S,161 37'E,412.0,T/B,1999,17.0,37,exact,17.0,retained
A5A,Victoria Valley1,77 20'S,161 37'E,412.0,T/B,2000,16.0,37,exact,16.0,retained
A5A,Victoria Valley1,77 20'S,161 37'E,412.0,T/B,2001,21.0,37,exact,21.0,retained
A5A,Victoria Valley1,77 20'S,161 37'E,412.0,T/B,2002,26.0,37,exact,26.0,retained
A5A,Victoria Valley1,77 20'S,161 37'E,412.0,T/B,2003,21.0,37,exact,21.0,retained
A5A,Victoria Valley1,77 20'S,161 37'E,412.0,T/B,2004,23.0,37,exact,23.0,retained
A5A,Victoria Valley1,77 20'S,161 37'E,412.0,T/B,2005,21.0,37,exact,21.0,retained
A5A,Victoria Valley1,77 20'S,161 37'E,412.0,T/B,2006,24.0,37,exact,24.0,retained
A5A,Victoria Valley1,77 20'S,161 37'E,412.0,T/B,2007,23.0,37,exact,23.0,retained
A5A,Victoria Valley1,77 20'S,161 37'E,412.0,T/B,2008,24.0,37,exact,24.0,retained
A5A,Victoria Valley1,77 20'S,161 37'E,412.0,T/B,2009,25.0,37,exact,25.0,retained
A5A,Victoria Valley1,77 20'S,161 37'E,412.0,T/B,2010,22.0,37,exact,22.0,retained
A5A,Victoria Valley1,77 20'S,161 37'E,412.0,T/B,2011,23.0,37,exact,23.0,retained
A5A,Victoria Valley1,77 20'S,161 37'E,412.0,T/B,2012,25.0,37,exact,25.0,retained
A5A,Victoria Valley1,77 20'S,161 37'E,412.0,T/B,2013,23.0,37,exact,23.0,retained
A5A,Victoria Valley1,77 20'S,161 37'E,412.0,T/B,2014,25.0,37,exact,25.0,retained
A5A,Victoria Valley1,77 20'S,161 37'E,412.0,T/B,2015,21.0,37,exact,21.0,retained
A5A,Victoria Valley1,77 20'S,161 37'E,412.0,T/B,2016,23.0,37,exact,23.0,retained
A5A,Victoria Valley1,77 20'S,161 37'E,412.0,T/B,2017,19.0,37,exact,19.0,retained
A5A,Victoria Valley1,77 20'S,161 37'E,412.0,T/B,2018,-,37,missing,,missing
A5A,Victoria Valley1,77 20'S,161 37'E,412.0,T/B,2019,-,37,missing,,missing
A5A,Victoria Valley1,77 20'S,161 37'E,412.0,T/B,2020,-,37,missing,,missing
A5A,Victoria Valley1,77 20'S,161 37'E,412.0,T/B,2021,-,37,missing,,missing
A5A,Victoria Valley1,77 20'S,161 37'E,412.0,T/B,2022,-,37,missing,,missing
A5A,Victoria Valley1,77 20'S,161 37'E,412.0,T/B,2023,-,37,missing,,missing
A5A,Victoria Valley1,77 20'S,161 37'E,412.0,T/B,2024,-,37,missing,,missing
A5A,Victoria Valley1,77 20'S,161 37'E,412.0,T/B,2025,-,37,missing,,missing
A9,Mt. Fleming,77 33'S,160 17'E,1697.0,T/B,1990,-,38,missing,,missing
A9,Mt. Fleming,77 33'S,160 17'E,1697.0,T/B,1991,-,38,missing,,missing
A9,Mt. Fleming,77 33'S,160 17'E,1697.0,T/B,1992,-,38,missing,,missing
A9,Mt. Fleming,77 33'S,160 17'E,1697.0,T/B,1993,-,38,missing,,missing
A9,Mt. Fleming,77 33'S,160 17'E,1697.0,T/B,1994,-,38,missing,,missing
A9,Mt. Fleming,77 33'S,160 17'E,1697.0,T/B,1995,-,38,missing,,missing
A9,Mt. Fleming,77 33'S,160 17'E,1697.0,T/B,1996,-,38,missing,,missing
A9,Mt. Fleming,77 33'S,160 17'E,1697.0,T/B,1997,-,38,missing,,missing
A9,Mt. Fleming,77 33'S,160 17'E,1697.0,T/B,1998,-,38,missing,,missing
A9,Mt. Fleming,77 33'S,160 17'E,1697.0,T/B,1999,-,38,missing,,missing
A9,Mt. Fleming,77 33'S,160 17'E,1697.0,T/B,2000,-,38,missing,,missing
A9,Mt. Fleming,77 33'S,160 17'E,1697.0,T/B,2001,-,38,missing,,missing
A9,Mt. Fleming,77 33'S,160 17'E,1697.0,T/B,2002,-,38,missing,,missing
A9,Mt. Fleming,77 33'S,160 17'E,1697.0,T/B,2003,7.0,38,exact,7.0,retained
A9,Mt. Fleming,77 33'S,160 17'E,1697.0,T/B,2004,7.0,38,exact,7.0,retained
A9,Mt. Fleming,77 33'S,160 17'E,1697.0,T/B,2005,6.0,38,exact,6.0,retained
A9,Mt. Fleming,77 33'S,160 17'E,1697.0,T/B,2006,7.0,38,exact,7.0,retained
A9,Mt. Fleming,77 33'S,160 17'E,1697.0,T/B,2007,5.0,38,exact,5.0,retained
A9,Mt. Fleming,77 33'S,160 17'E,1697.0,T/B,2008,5.0,38,exact,5.0,retained
A9,Mt. Fleming,77 33'S,160 17'E,1697.0,T/B,2009,4.0,38,exact,4.0,retained
A9,Mt. Fleming,77 33'S,160 17'E,1697.0,T/B,2010,5.0,38,exact,5.0,retained
A9,Mt. Fleming,77 33'S,160 17'E,1697.0,T/B,2011,12.0,38,exact,12.0,retained
A9,Mt. Fleming,77 33'S,160 17'E,1697.0,T/B,2012,8.0,38,exact,8.0,retained
A9,Mt. Fleming,77 33'S,160 17'E,1697.0,T/B,2013,16.0,38,exact,16.0,retained
A9,Mt. Fleming,77 33'S,160 17'E,1697.0,T/B,2014,7.0,38,exact,7.0,retained
A9,Mt. Fleming,77 33'S,160 17'E,1697.0,T/B,2015,8.0,38,exact,8.0,retained
A9,Mt. Fleming,77 33'S,160 17'E,1697.0,T/B,2016,5.0,38,exact,5.0,retained
A9,Mt. Fleming,77 33'S,160 17'E,1697.0,T/B,2017,10.0,38,exact,10.0,retained
A9,Mt. Fleming,77 33'S,160 17'E,1697.0,T/B,2018,-,38,missing,,missing
A9,Mt. Fleming,77 33'S,160 17'E,1697.0,T/B,2019,-,38,missing,,missing
A9,Mt. Fleming,77 33'S,160 17'E,1697.0,T/B,2020,-,38,missing,,missing
A9,Mt. Fleming,77 33'S,160 17'E,1697.0,T/B,2021,-,38,missing,,missing
A9,Mt. Fleming,77 33'S,160 17'E,1697.0,T/B,2022,-,38,missing,,missing
A9,Mt. Fleming,77 33'S,160 17'E,1697.0,T/B,2023,-,38,missing,,missing
A9,Mt. Fleming,77 33'S,160 17'E,1697.0,T/B,2024,-,38,missing,,missing
A9,Mt. Fleming,77 33'S,160 17'E,1697.0,T/B,2025,-,38,missing,,missing
A10,Minna Bluff,78 30'S,166 45'E,38.0,T/B,1990,-,39,missing,,missing
A10,Minna Bluff,78 30'S,166 45'E,38.0,T/B,1991,-,39,missing,,missing
A10,Minna Bluff,78 30'S,166 45'E,38.0,T/B,1992,-,39,missing,,missing
A10,Minna Bluff,78 30'S,166 45'E,38.0,T/B,1993,-,39,missing,,missing
A10,Minna Bluff,78 30'S,166 45'E,38.0,T/B,1994,-,39,missing,,missing
A10,Minna Bluff,78 30'S,166 45'E,38.0,T/B,1995,-,39,missing,,missing
A10,Minna Bluff,78 30'S,166 45'E,38.0,T/B,1996,-,39,missing,,missing
A10,Minna Bluff,78 30'S,166 45'E,38.0,T/B,1997,-,39,missing,,missing
A10,Minna Bluff,78 30'S,166 45'E,38.0,T/B,1998,-,39,missing,,missing
A10,Minna Bluff,78 30'S,166 45'E,38.0,T/B,1999,-,39,missing,,missing
A10,Minna Bluff,78 30'S,166 45'E,38.0,T/B,2000,-,39,missing,,missing
A10,Minna Bluff,78 30'S,166 45'E,38.0,T/B,2001,-,39,missing,,missing
A10,Minna Bluff,78 30'S,166 45'E,38.0,T/B,2002,-,39,missing,,missing
A10,Minna Bluff,78 30'S,166 45'E,38.0,T/B,2003,23.0,39,exact,23.0,retained
A10,Minna Bluff,78 30'S,166 45'E,38.0,T/B,2004,23.0,39,exact,23.0,retained
A10,Minna Bluff,78 30'S,166 45'E,38.0,T/B,2005,23.0,39,exact,23.0,retained
A10,Minna Bluff,78 30'S,166 45'E,38.0,T/B,2006,24.0,39,exact,24.0,retained
A10,Minna Bluff,78 30'S,166 45'E,38.0,T/B,2007,27.0,39,exact,27.0,retained
A10,Minna Bluff,78 30'S,166 45'E,38.0,T/B,2008,25.0,39,exact,25.0,retained
A10,Minna Bluff,78 30'S,166 45'E,38.0,T/B,2009,31.0,39,exact,31.0,retained
A10,Minna Bluff,78 30'S,166 45'E,38.0,T/B,2010,25.0,39,exact,25.0,retained
A10,Minna Bluff,78 30'S,166 45'E,38.0,T/B,2011,24.0,39,exact,24.0,retained
A10,Minna Bluff,78 30'S,166 45'E,38.0,T/B,2012,31.0,39,exact,31.0,retained
A10,Minna Bluff,78 30'S,166 45'E,38.0,T/B,2013,32.0,39,exact,32.0,retained
A10,Minna Bluff,78 30'S,166 45'E,38.0,T/B,2014,35.0,39,exact,35.0,retained
A10,Minna Bluff,78 30'S,166 45'E,38.0,T/B,2015,27.0,39,exact,27.0,retained
A10,Minna Bluff,78 30'S,166 45'E,38.0,T/B,2016,-,39,missing,,missing
A10,Minna Bluff,78 30'S,166 45'E,38.0,T/B,2017,-,39,missing,,missing
A10,Minna Bluff,78 30'S,166 45'E,38.0,T/B,2018,-,39,missing,,missing
A10,Minna Bluff,78 30'S,166 45'E,38.0,T/B,2019,-,39,missing,,missing
A10,Minna Bluff,78 30'S,166 45'E,38.0,T/B,2020,-,39,missing,,missing
A10,Minna Bluff,78 30'S,166 45'E,38.0,T/B,2021,-,39,missing,,missing
A10,Minna Bluff,78 30'S,166 45'E,38.0,T/B,2022,-,39,missing,,missing
A10,Minna Bluff,78 30'S,166 45'E,38.0,T/B,2023,-,39,missing,,missing
A10,Minna Bluff,78 30'S,166 45'E,38.0,T/B,2024,-,39,missing,,missing
A10,Minna Bluff,78 30'S,166 45'E,38.0,T/B,2025,-,39,missing,,missing
A11,Granite Harbour,77 00'S,162 31'E,5.0,T/B,1990,-,40,missing,,missing
A11,Granite Harbour,77 00'S,162 31'E,5.0,T/B,1991,-,40,missing,,missing
A11,Granite Harbour,77 00'S,162 31'E,5.0,T/B,1992,-,40,missing,,missing
A11,Granite Harbour,77 00'S,162 31'E,5.0,T/B,1993,-,40,missing,,missing
A11,Granite Harbour,77 00'S,162 31'E,5.0,T/B,1994,-,40,missing,,missing
A11,Granite Harbour,77 00'S,162 31'E,5.0,T/B,1995,-,40,missing,,missing
A11,Granite Harbour,77 00'S,162 31'E,5.0,T/B,1996,-,40,missing,,missing
A11,Granite Harbour,77 00'S,162 31'E,5.0,T/B,1997,-,40,missing,,missing
A11,Granite Harbour,77 00'S,162 31'E,5.0,T/B,1998,-,40,missing,,missing
A11,Granite Harbour,77 00'S,162 31'E,5.0,T/B,1999,-,40,missing,,missing
A11,Granite Harbour,77 00'S,162 31'E,5.0,T/B,2000,-,40,missing,,missing
A11,Granite Harbour,77 00'S,162 31'E,5.0,T/B,2001,-,40,missing,,missing
A11,Granite Harbour,77 00'S,162 31'E,5.0,T/B,2002,-,40,missing,,missing
A11,Granite Harbour,77 00'S,162 31'E,5.0,T/B,2003,79.0,40,exact,79.0,retained
A11,Granite Harbour,77 00'S,162 31'E,5.0,T/B,2004,82.0,40,exact,82.0,retained
A11,Granite Harbour,77 00'S,162 31'E,5.0,T/B,2005,90+,40,lower,90.0,retained
A11,Granite Harbour,77 00'S,162 31'E,5.0,T/B,2006,90+,40,lower,90.0,retained
A11,Granite Harbour,77 00'S,162 31'E,5.0,T/B,2007,90+,40,lower,90.0,retained
A11,Granite Harbour,77 00'S,162 31'E,5.0,T/B,2008,73.0,40,exact,73.0,retained
A11,Granite Harbour,77 00'S,162 31'E,5.0,T/B,2009,84.0,40,exact,84.0,retained
A11,Granite Harbour,77 00'S,162 31'E,5.0,T/B,2010,81.0,40,exact,81.0,retained
A11,Granite Harbour,77 00'S,162 31'E,5.0,T/B,2011,90+,40,lower,90.0,retained
A11,Granite Harbour,77 00'S,162 31'E,5.0,T/B,2012,90+,40,lower,90.0,retained
A11,Granite Harbour,77 00'S,162 31'E,5.0,T/B,2013,90+,40,lower,90.0,retained
A11,Granite Harbour,77 00'S,162 31'E,5.0,T/B,2014,90+,40,lower,90.0,retained
A11,Granite Harbour,77 00'S,162 31'E,5.0,T/B,2015,90+,40,lower,90.0,retained
A11,Granite Harbour,77 00'S,162 31'E,5.0,T/B,2016,90+,40,lower,90.0,retained
A11,Granite Harbour,77 00'S,162 31'E,5.0,T/B,2017,67.0,40,exact,67.0,retained
A11,Granite Harbour,77 00'S,162 31'E,5.0,T/B,2018,-,40,missing,,missing
A11,Granite Harbour,77 00'S,162 31'E,5.0,T/B,2019,-,40,missing,,missing
A11,Granite Harbour,77 00'S,162 31'E,5.0,T/B,2020,-,40,missing,,missing
A11,Granite Harbour,77 00'S,162 31'E,5.0,T/B,2021,-,40,missing,,missing
A11,Granite Harbour,77 00'S,162 31'E,5.0,T/B,2022,-,40,missing,,missing
A11,Granite Harbour,77 00'S,162 31'E,5.0,T/B,2023,-,40,missing,,missing
A11,Granite Harbour,77 00'S,162 31'E,5.0,T/B,2024,-,40,missing,,missing
A11,Granite Harbour,77 00'S,162 31'E,5.0,T/B,2025,-,40,missing,,missing
A32,Prior Island,-75.692829,162.880554,30.0,T/B1,1990,,41,missing,,missing
A32,Prior Island,-75.692829,162.880554,30.0,T/B1,1991,,41,missing,,missing
A32,Prior Island,-75.692829,162.880554,30.0,T/B1,1992,,41,missing,,missing
A32,Prior Island,-75.692829,162.880554,30.0,T/B1,1993,,41,missing,,missing
A32,Prior Island,-75.692829,162.880554,30.0,T/B1,1994,,41,missing,,missing
A32,Prior Island,-75.692829,162.880554,30.0,T/B1,1995,,41,missing,,missing
A32,Prior Island,-75.692829,162.880554,30.0,T/B1,1996,,41,missing,,missing
A32,Prior Island,-75.692829,162.880554,30.0,T/B1,1997,,41,missing,,missing
A32,Prior Island,-75.692829,162.880554,30.0,T/B1,1998,,41,missing,,missing
A32,Prior Island,-75.692829,162.880554,30.0,T/B1,1999,,41,missing,,missing
A32,Prior Island,-75.692829,162.880554,30.0,T/B1,2000,,41,missing,,missing
A32,Prior Island,-75.692829,162.880554,30.0,T/B1,2001,,41,missing,,missing
A32,Prior Island,-75.692829,162.880554,30.0,T/B1,2002,,41,missing,,missing
A32,Prior Island,-75.692829,162.880554,30.0,T/B1,2003,,41,missing,,missing
A32,Prior Island,-75.692829,162.880554,30.0,T/B1,2004,,41,missing,,missing
A32,Prior Island,-75.692829,162.880554,30.0,T/B1,2005,,41,missing,,missing
A32,Prior Island,-75.692829,162.880554,30.0,T/B1,2006,,41,missing,,missing
A32,Prior Island,-75.692829,162.880554,30.0,T/B1,2007,,41,missing,,missing
A32,Prior Island,-75.692829,162.880554,30.0,T/B1,2008,,41,missing,,missing
A32,Prior Island,-75.692829,162.880554,30.0,T/B1,2009,,41,missing,,missing
A32,Prior Island,-75.692829,162.880554,30.0,T/B1,2010,,41,missing,,missing
A32,Prior Island,-75.692829,162.880554,30.0,T/B1,2011,,41,missing,,missing
A32,Prior Island,-75.692829,162.880554,30.0,T/B1,2012,,41,missing,,missing
A32,Prior Island,-75.692829,162.880554,30.0,T/B1,2013,,41,missing,,missing
A32,Prior Island,-75.692829,162.880554,30.0,T/B1,2014,,41,missing,,missing
A32,Prior Island,-75.692829,162.880554,30.0,T/B1,2015,55.0,41,exact,55.0,retained
A32,Prior Island,-75.692829,162.880554,30.0,T/B1,2016,59.0,41,exact,59.0,retained
A32,Prior Island,-75.692829,162.880554,30.0,T/B1,2017,43.0,41,exact,43.0,retained
A32,Prior Island,-75.692829,162.880554,30.0,T/B1,2018,50.0,41,exact,50.0,retained
A32,Prior Island,-75.692829,162.880554,30.0,T/B1,2019,53.0,41,exact,53.0,retained
A32,Prior Island,-75.692829,162.880554,30.0,T/B1,2020,58.0,41,exact,58.0,retained
A32,Prior Island,-75.692829,162.880554,30.0,T/B1,2021,50.0,41,exact,50.0,retained
A32,Prior Island,-75.692829,162.880554,30.0,T/B1,2022,82.0,41,exact,82.0,retained
A32,Prior Island,-75.692829,162.880554,30.0,T/B1,2023,50.0,41,exact,50.0,retained
A32,Prior Island,-75.692829,162.880554,30.0,T/B1,2024,54.0,41,exact,54.0,retained
A32,Prior Island,-75.692829,162.880554,30.0,T/B1,2025,,41,missing,,missing
A33,Finger Point,-77.004683,162.623283,190.0,T/B1,1990,-,42,missing,,missing
A33,Finger Point,-77.004683,162.623283,190.0,T/B1,1991,-,42,missing,,missing
A33,Finger Point,-77.004683,162.623283,190.0,T/B1,1992,-,42,missing,,missing
A33,Finger Point,-77.004683,162.623283,190.0,T/B1,1993,-,42,missing,,missing
A33,Finger Point,-77.004683,162.623283,190.0,T/B1,1994,-,42,missing,,missing
A33,Finger Point,-77.004683,162.623283,190.0,T/B1,1995,-,42,missing,,missing
A33,Finger Point,-77.004683,162.623283,190.0,T/B1,1996,-,42,missing,,missing
A33,Finger Point,-77.004683,162.623283,190.0,T/B1,1997,-,42,missing,,missing
A33,Finger Point,-77.004683,162.623283,190.0,T/B1,1998,-,42,missing,,missing
A33,Finger Point,-77.004683,162.623283,190.0,T/B1,1999,-,42,missing,,missing
A33,Finger Point,-77.004683,162.623283,190.0,T/B1,2000,-,42,missing,,missing
A33,Finger Point,-77.004683,162.623283,190.0,T/B1,2001,-,42,missing,,missing
A33,Finger Point,-77.004683,162.623283,190.0,T/B1,2002,-,42,missing,,missing
A33,Finger Point,-77.004683,162.623283,190.0,T/B1,2003,,42,missing,,missing
A33,Finger Point,-77.004683,162.623283,190.0,T/B1,2004,,42,missing,,missing
A33,Finger Point,-77.004683,162.623283,190.0,T/B1,2005,,42,missing,,missing
A33,Finger Point,-77.004683,162.623283,190.0,T/B1,2006,,42,missing,,missing
A33,Finger Point,-77.004683,162.623283,190.0,T/B1,2007,,42,missing,,missing
A33,Finger Point,-77.004683,162.623283,190.0,T/B1,2008,,42,missing,,missing
A33,Finger Point,-77.004683,162.623283,190.0,T/B1,2009,,42,missing,,missing
A33,Finger Point,-77.004683,162.623283,190.0,T/B1,2010,,42,missing,,missing
A33,Finger Point,-77.004683,162.623283,190.0,T/B1,2011,,42,missing,,missing
A33,Finger Point,-77.004683,162.623283,190.0,T/B1,2012,,42,missing,,missing
A33,Finger Point,-77.004683,162.623283,190.0,T/B1,2013,,42,missing,,missing
A33,Finger Point,-77.004683,162.623283,190.0,T/B1,2014,,42,missing,,missing
A33,Finger Point,-77.004683,162.623283,190.0,T/B1,2015,99.0,42,exact,99.0,retained
A33,Finger Point,-77.004683,162.623283,190.0,T/B1,2016,95.0,42,exact,95.0,retained
A33,Finger Point,-77.004683,162.623283,190.0,T/B1,2017,92.0,42,exact,92.0,retained
A33,Finger Point,-77.004683,162.623283,190.0,T/B1,2018,99.0,42,exact,99.0,retained
A33,Finger Point,-77.004683,162.623283,190.0,T/B1,2019,100.0,42,exact,100.0,retained
A33,Finger Point,-77.004683,162.623283,190.0,T/B1,2020,104.0,42,exact,104.0,retained
A33,Finger Point,-77.004683,162.623283,190.0,T/B1,2021,105.0,42,exact,105.0,retained
A33,Finger Point,-77.004683,162.623283,190.0,T/B1,2022,91.0,42,exact,91.0,retained
A33,Finger Point,-77.004683,162.623283,190.0,T/B1,2023,90.0,42,exact,90.0,retained
A33,Finger Point,-77.004683,162.623283,190.0,T/B1,2024,96.0,42,exact,96.0,retained
A33,Finger Point,-77.004683,162.623283,190.0,T/B1,2025,97.0,42,exact,97.0,retained
A6,Simpson Crags,74 26'S,162 53'E,830.0,"P, C",1990,-,46,missing,,missing
A6,Simpson Crags,74 26'S,162 53'E,830.0,"P, C",1991,-,46,missing,,missing
A6,Simpson Crags,74 26'S,162 53'E,830.0,"P, C",1992,-,46,missing,,missing
A6,Simpson Crags,74 26'S,162 53'E,830.0,"P, C",1993,-,46,missing,,missing
A6,Simpson Crags,74 26'S,162 53'E,830.0,"P, C",1994,-,46,missing,,missing
A6,Simpson Crags,74 26'S,162 53'E,830.0,"P, C",1995,-,46,missing,,missing
A6,Simpson Crags,74 26'S,162 53'E,830.0,"P, C",1996,-,46,missing,,missing
A6,Simpson Crags,74 26'S,162 53'E,830.0,"P, C",1997,-,46,missing,,missing
A6,Simpson Crags,74 26'S,162 53'E,830.0,"P, C",1998,-,46,missing,,missing
A6,Simpson Crags,74 26'S,162 53'E,830.0,"P, C",1999,-,46,missing,,missing
A6,Simpson Crags,74 26'S,162 53'E,830.0,"P, C",2000,-,46,missing,,missing
A6,Simpson Crags,74 26'S,162 53'E,830.0,"P, C",2001,-,46,missing,,missing
A6,Simpson Crags,74 26'S,162 53'E,830.0,"P, C",2002,-,46,missing,,missing
A6,Simpson Crags,74 26'S,162 53'E,830.0,"P, C",2003,-,46,missing,,missing
A6,Simpson Crags,74 26'S,162 53'E,830.0,"P, C",2004,-,46,missing,,missing
A6,Simpson Crags,74 26'S,162 53'E,830.0,"P, C",2005,-,46,missing,,missing
A6,Simpson Crags,74 26'S,162 53'E,830.0,"P, C",2006,-,46,missing,,missing
A6,Simpson Crags,74 26'S,162 53'E,830.0,"P, C",2007,-,46,missing,,missing
A6,Simpson Crags,74 26'S,162 53'E,830.0,"P, C",2008,-,46,missing,,missing
A6,Simpson Crags,74 26'S,162 53'E,830.0,"P, C",2009,-,46,missing,,missing
A6,Simpson Crags,74 26'S,162 53'E,830.0,"P, C",2010,-,46,missing,,missing
A6,Simpson Crags,74 26'S,162 53'E,830.0,"P, C",2011,-,46,missing,,missing
A6,Simpson Crags,74 26'S,162 53'E,830.0,"P, C",2012,-,46,missing,,missing
A6,Simpson Crags,74 26'S,162 53'E,830.0,"P, C",2013,-,46,missing,,missing
A6,Simpson Crags,74 26'S,162 53'E,830.0,"P, C",2014,-,46,missing,,missing
A6,Simpson Crags,74 26'S,162 53'E,830.0,"P, C",2015,-,46,missing,,missing
A6,Simpson Crags,74 26'S,162 53'E,830.0,"P, C",2016,-,46,missing,,missing
A6,Simpson Crags,74 26'S,162 53'E,830.0,"P, C",2017,-,46,missing,,missing
A6,Simpson Crags,74 26'S,162 53'E,830.0,"P, C",2018,-,46,missing,,missing
A6,Simpson Crags,74 26'S,162 53'E,830.0,"P, C",2019,-,46,missing,,missing
A6,Simpson Crags,74 26'S,162 53'E,830.0,"P, C",2020,-,46,missing,,missing
A6,Simpson Crags,74 26'S,162 53'E,830.0,"P, C",2021,-,46,missing,,missing
A6,Simpson Crags,74 26'S,162 53'E,830.0,"P, C",2022,-,46,missing,,missing
A6,Simpson Crags,74 26'S,162 53'E,830.0,"P, C",2023,-,46,missing,,missing
A6,Simpson Crags,74 26'S,162 53'E,830.0,"P, C",2024,-,46,missing,,missing
A6,Simpson Crags,74 26'S,162 53'E,830.0,"P, C",2025,-,46,missing,,missing
A7,Boulder Clay,-74.745489,164.020308,205.0,T/B3.6,1990,-,47,missing,,missing
A7,Boulder Clay,-74.745489,164.020308,205.0,T/B3.6,1991,-,47,missing,,missing
A7,Boulder Clay,-74.745489,164.020308,205.0,T/B3.6,1992,-,47,missing,,missing
A7,Boulder Clay,-74.745489,164.020308,205.0,T/B3.6,1993,-,47,missing,,missing
A7,Boulder Clay,-74.745489,164.020308,205.0,T/B3.6,1994,-,47,missing,,missing
A7,Boulder Clay,-74.745489,164.020308,205.0,T/B3.6,1995,-,47,missing,,missing
A7,Boulder Clay,-74.745489,164.020308,205.0,T/B3.6,1996,-,47,missing,,missing
A7,Boulder Clay,-74.745489,164.020308,205.0,T/B3.6,1997,20.0,47,exact,20.0,retained
A7,Boulder Clay,-74.745489,164.020308,205.0,T/B3.6,1998,11.0,47,exact,11.0,retained
A7,Boulder Clay,-74.745489,164.020308,205.0,T/B3.6,1999,25.0,47,exact,25.0,retained
A7,Boulder Clay,-74.745489,164.020308,205.0,T/B3.6,2000,20.0,47,exact,20.0,retained
A7,Boulder Clay,-74.745489,164.020308,205.0,T/B3.6,2001,-,47,missing,,missing
A7,Boulder Clay,-74.745489,164.020308,205.0,T/B3.6,2002,28.0,47,exact,28.0,retained
A7,Boulder Clay,-74.745489,164.020308,205.0,T/B3.6,2003,24.0,47,exact,24.0,retained
A7,Boulder Clay,-74.745489,164.020308,205.0,T/B3.6,2004,-,47,missing,,missing
A7,Boulder Clay,-74.745489,164.020308,205.0,T/B3.6,2005,29.0,47,exact,29.0,retained
A7,Boulder Clay,-74.745489,164.020308,205.0,T/B3.6,2006,29.0,47,exact,29.0,retained
A7,Boulder Clay,-74.745489,164.020308,205.0,T/B3.6,2007,25.0,47,exact,25.0,retained
A7,Boulder Clay,-74.745489,164.020308,205.0,T/B3.6,2008,28.0,47,exact,28.0,retained
A7,Boulder Clay,-74.745489,164.020308,205.0,T/B3.6,2009,30.0,47,exact,30.0,retained
A7,Boulder Clay,-74.745489,164.020308,205.0,T/B3.6,2010,28.0,47,exact,28.0,retained
A7,Boulder Clay,-74.745489,164.020308,205.0,T/B3.6,2011,-,47,missing,,missing
A7,Boulder Clay,-74.745489,164.020308,205.0,T/B3.6,2012,31.0,47,exact,31.0,retained
A7,Boulder Clay,-74.745489,164.020308,205.0,T/B3.6,2013,33.0,47,exact,33.0,retained
A7,Boulder Clay,-74.745489,164.020308,205.0,T/B3.6,2014,37.0,47,exact,37.0,retained
A7,Boulder Clay,-74.745489,164.020308,205.0,T/B3.6,2015,29.0,47,exact,29.0,retained
A7,Boulder Clay,-74.745489,164.020308,205.0,T/B3.6,2016,26.0,47,exact,26.0,retained
A7,Boulder Clay,-74.745489,164.020308,205.0,T/B3.6,2017,31.0,47,exact,31.0,retained
A7,Boulder Clay,-74.745489,164.020308,205.0,T/B3.6,2018,0.0,47,zero_unresolved,0.0,zero_unresolved
A7,Boulder Clay,-74.745489,164.020308,205.0,T/B3.6,2019,17.0,47,exact,17.0,retained
A7,Boulder Clay,-74.745489,164.020308,205.0,T/B3.6,2020,32.0,47,exact,32.0,retained
A7,Boulder Clay,-74.745489,164.020308,205.0,T/B3.6,2021,34.0,47,exact,34.0,retained
A7,Boulder Clay,-74.745489,164.020308,205.0,T/B3.6,2022,32.0,47,exact,32.0,retained
A7,Boulder Clay,-74.745489,164.020308,205.0,T/B3.6,2023,29.0,47,exact,29.0,retained
A7,Boulder Clay,-74.745489,164.020308,205.0,T/B3.6,2024,23.0,47,exact,23.0,retained
A7,Boulder Clay,-74.745489,164.020308,205.0,T/B3.6,2025,38.0,47,exact,38.0,retained
A8,Oasi,-74.74167,164.1,52.0,T/B30,1990,-,48,missing,,missing
A8,Oasi,-74.74167,164.1,52.0,T/B30,1991,-,48,missing,,missing
A8,Oasi,-74.74167,164.1,52.0,T/B30,1992,-,48,missing,,missing
A8,Oasi,-74.74167,164.1,52.0,T/B30,1993,-,48,missing,,missing
A8,Oasi,-74.74167,164.1,52.0,T/B30,1994,-,48,missing,,missing
A8,Oasi,-74.74167,164.1,52.0,T/B30,1995,-,48,missing,,missing
A8,Oasi,-74.74167,164.1,52.0,T/B30,1996,-,48,missing,,missing
A8,Oasi,-74.74167,164.1,52.0,T/B30,1997,-,48,missing,,missing
A8,Oasi,-74.74167,164.1,52.0,T/B30,1998,-,48,missing,,missing
A8,Oasi,-74.74167,164.1,52.0,T/B30,1999,-,48,missing,,missing
A8,Oasi,-74.74167,164.1,52.0,T/B30,2000,-,48,missing,,missing
A8,Oasi,-74.74167,164.1,52.0,T/B30,2001,-,48,missing,,missing
A8,Oasi,-74.74167,164.1,52.0,T/B30,2002,-,48,missing,,missing
A8,Oasi,-74.74167,164.1,52.0,T/B30,2003,-,48,missing,,missing
A8,Oasi,-74.74167,164.1,52.0,T/B30,2004,-,48,missing,,missing
A8,Oasi,-74.74167,164.1,52.0,T/B30,2005,-,48,missing,,missing
A8,Oasi,-74.74167,164.1,52.0,T/B30,2006,-,48,missing,,missing
A8,Oasi,-74.74167,164.1,52.0,T/B30,2007,-,48,missing,,missing
A8,Oasi,-74.74167,164.1,52.0,T/B30,2008,-,48,missing,,missing
A8,Oasi,-74.74167,164.1,52.0,T/B30,2009,-,48,missing,,missing
A8,Oasi,-74.74167,164.1,52.0,T/B30,2010,149.0,48,exact,149.0,retained
A8,Oasi,-74.74167,164.1,52.0,T/B30,2011,163.0,48,exact,163.0,retained
A8,Oasi,-74.74167,164.1,52.0,T/B30,2012,187.0,48,exact,187.0,retained
A8,Oasi,-74.74167,164.1,52.0,T/B30,2013,177.0,48,exact,177.0,retained
A8,Oasi,-74.74167,164.1,52.0,T/B30,2014,170.0,48,exact,170.0,retained
A8,Oasi,-74.74167,164.1,52.0,T/B30,2015,172.0,48,exact,172.0,retained
A8,Oasi,-74.74167,164.1,52.0,T/B30,2016,151.0,48,exact,151.0,retained
A8,Oasi,-74.74167,164.1,52.0,T/B30,2017,151.0,48,exact,151.0,retained
A8,Oasi,-74.74167,164.1,52.0,T/B30,2018,153.0,48,exact,153.0,retained
A8,Oasi,-74.74167,164.1,52.0,T/B30,2019,147.0,48,exact,147.0,retained
A8,Oasi,-74.74167,164.1,52.0,T/B30,2020,174.0,48,exact,174.0,retained
A8,Oasi,-74.74167,164.1,52.0,T/B30,2021,-,48,missing,,missing
A8,Oasi,-74.74167,164.1,52.0,T/B30,2022,-,48,missing,,missing
A8,Oasi,-74.74167,164.1,52.0,T/B30,2023,155.0,48,exact,155.0,retained
A8,Oasi,-74.74167,164.1,52.0,T/B30,2024,144.0,48,exact,144.0,retained
A8,Oasi,-74.74167,164.1,52.0,T/B30,2025,161.0,48,exact,161.0,retained
A13,Adelie Cove,74 47'S,163 58'E,35.0,T/B,1990,-,49,missing,,missing
A13,Adelie Cove,74 47'S,163 58'E,35.0,T/B,1991,-,49,missing,,missing
A13,Adelie Cove,74 47'S,163 58'E,35.0,T/B,1992,-,49,missing,,missing
A13,Adelie Cove,74 47'S,163 58'E,35.0,T/B,1993,-,49,missing,,missing
A13,Adelie Cove,74 47'S,163 58'E,35.0,T/B,1994,-,49,missing,,missing
A13,Adelie Cove,74 47'S,163 58'E,35.0,T/B,1995,-,49,missing,,missing
A13,Adelie Cove,74 47'S,163 58'E,35.0,T/B,1996,-,49,missing,,missing
A13,Adelie Cove,74 47'S,163 58'E,35.0,T/B,1997,-,49,missing,,missing
A13,Adelie Cove,74 47'S,163 58'E,35.0,T/B,1998,-,49,missing,,missing
A13,Adelie Cove,74 47'S,163 58'E,35.0,T/B,1999,-,49,missing,,missing
A13,Adelie Cove,74 47'S,163 58'E,35.0,T/B,2000,-,49,missing,,missing
A13,Adelie Cove,74 47'S,163 58'E,35.0,T/B,2001,-,49,missing,,missing
A13,Adelie Cove,74 47'S,163 58'E,35.0,T/B,2002,-,49,missing,,missing
A13,Adelie Cove,74 47'S,163 58'E,35.0,T/B,2003,-,49,missing,,missing
A13,Adelie Cove,74 47'S,163 58'E,35.0,T/B,2004,-,49,missing,,missing
A13,Adelie Cove,74 47'S,163 58'E,35.0,T/B,2005,-,49,missing,,missing
A13,Adelie Cove,74 47'S,163 58'E,35.0,T/B,2006,-,49,missing,,missing
A13,Adelie Cove,74 47'S,163 58'E,35.0,T/B,2007,-,49,missing,,missing
A13,Adelie Cove,74 47'S,163 58'E,35.0,T/B,2008,-,49,missing,,missing
A13,Adelie Cove,74 47'S,163 58'E,35.0,T/B,2009,-,49,missing,,missing
A13,Adelie Cove,74 47'S,163 58'E,35.0,T/B,2010,-,49,missing,,missing
A13,Adelie Cove,74 47'S,163 58'E,35.0,T/B,2011,-,49,missing,,missing
A13,Adelie Cove,74 47'S,163 58'E,35.0,T/B,2012,-,49,missing,,missing
A13,Adelie Cove,74 47'S,163 58'E,35.0,T/B,2013,-,49,missing,,missing
A13,Adelie Cove,74 47'S,163 58'E,35.0,T/B,2014,-,49,missing,,missing
A13,Adelie Cove,74 47'S,163 58'E,35.0,T/B,2015,-,49,missing,,missing
A13,Adelie Cove,74 47'S,163 58'E,35.0,T/B,2016,-,49,missing,,missing
A13,Adelie Cove,74 47'S,163 58'E,35.0,T/B,2017,-,49,missing,,missing
A13,Adelie Cove,74 47'S,163 58'E,35.0,T/B,2018,-,49,missing,,missing
A13,Adelie Cove,74 47'S,163 58'E,35.0,T/B,2019,-,49,missing,,missing
A13,Adelie Cove,74 47'S,163 58'E,35.0,T/B,2020,-,49,missing,,missing
A13,Adelie Cove,74 47'S,163 58'E,35.0,T/B,2021,-,49,missing,,missing
A13,Adelie Cove,74 47'S,163 58'E,35.0,T/B,2022,-,49,missing,,missing
A13,Adelie Cove,74 47'S,163 58'E,35.0,T/B,2023,-,49,missing,,missing
A13,Adelie Cove,74 47'S,163 58'E,35.0,T/B,2024,-,49,missing,,missing
A13,Adelie Cove,74 47'S,163 58'E,35.0,T/B,2025,-,49,missing,,missing
A14,Mt. Keinath,74 33'S ,163 59'E,1100.0,T/B,1990,-,50,missing,,missing
A14,Mt. Keinath,74 33'S ,163 59'E,1100.0,T/B,1991,-,50,missing,,missing
A14,Mt. Keinath,74 33'S ,163 59'E,1100.0,T/B,1992,-,50,missing,,missing
A14,Mt. Keinath,74 33'S ,163 59'E,1100.0,T/B,1993,-,50,missing,,missing
A14,Mt. Keinath,74 33'S ,163 59'E,1100.0,T/B,1994,-,50,missing,,missing
A14,Mt. Keinath,74 33'S ,163 59'E,1100.0,T/B,1995,-,50,missing,,missing
A14,Mt. Keinath,74 33'S ,163 59'E,1100.0,T/B,1996,-,50,missing,,missing
A14,Mt. Keinath,74 33'S ,163 59'E,1100.0,T/B,1997,-,50,missing,,missing
A14,Mt. Keinath,74 33'S ,163 59'E,1100.0,T/B,1998,-,50,missing,,missing
A14,Mt. Keinath,74 33'S ,163 59'E,1100.0,T/B,1999,-,50,missing,,missing
A14,Mt. Keinath,74 33'S ,163 59'E,1100.0,T/B,2000,-,50,missing,,missing
A14,Mt. Keinath,74 33'S ,163 59'E,1100.0,T/B,2001,-,50,missing,,missing
A14,Mt. Keinath,74 33'S ,163 59'E,1100.0,T/B,2002,-,50,missing,,missing
A14,Mt. Keinath,74 33'S ,163 59'E,1100.0,T/B,2003,-,50,missing,,missing
A14,Mt. Keinath,74 33'S ,163 59'E,1100.0,T/B,2004,-,50,missing,,missing
A14,Mt. Keinath,74 33'S ,163 59'E,1100.0,T/B,2005,-,50,missing,,missing
A14,Mt. Keinath,74 33'S ,163 59'E,1100.0,T/B,2006,-,50,missing,,missing
A14,Mt. Keinath,74 33'S ,163 59'E,1100.0,T/B,2007,-,50,missing,,missing
A14,Mt. Keinath,74 33'S ,163 59'E,1100.0,T/B,2008,-,50,missing,,missing
A14,Mt. Keinath,74 33'S ,163 59'E,1100.0,T/B,2009,-,50,missing,,missing
A14,Mt. Keinath,74 33'S ,163 59'E,1100.0,T/B,2010,-,50,missing,,missing
A14,Mt. Keinath,74 33'S ,163 59'E,1100.0,T/B,2011,-,50,missing,,missing
A14,Mt. Keinath,74 33'S ,163 59'E,1100.0,T/B,2012,-,50,missing,,missing
A14,Mt. Keinath,74 33'S ,163 59'E,1100.0,T/B,2013,-,50,missing,,missing
A14,Mt. Keinath,74 33'S ,163 59'E,1100.0,T/B,2014,-,50,missing,,missing
A14,Mt. Keinath,74 33'S ,163 59'E,1100.0,T/B,2015,-,50,missing,,missing
A14,Mt. Keinath,74 33'S ,163 59'E,1100.0,T/B,2016,-,50,missing,,missing
A14,Mt. Keinath,74 33'S ,163 59'E,1100.0,T/B,2017,-,50,missing,,missing
A14,Mt. Keinath,74 33'S ,163 59'E,1100.0,T/B,2018,-,50,missing,,missing
A14,Mt. Keinath,74 33'S ,163 59'E,1100.0,T/B,2019,-,50,missing,,missing
A14,Mt. Keinath,74 33'S ,163 59'E,1100.0,T/B,2020,-,50,missing,,missing
A14,Mt. Keinath,74 33'S ,163 59'E,1100.0,T/B,2021,-,50,missing,,missing
A14,Mt. Keinath,74 33'S ,163 59'E,1100.0,T/B,2022,-,50,missing,,missing
A14,Mt. Keinath,74 33'S ,163 59'E,1100.0,T/B,2023,-,50,missing,,missing
A14,Mt. Keinath,74 33'S ,163 59'E,1100.0,T/B,2024,-,50,missing,,missing
A14,Mt. Keinath,74 33'S ,163 59'E,1100.0,T/B,2025,-,50,missing,,missing
A30,Apostrophe Island,-73.51885,167.433567,20.0,T/B1,1990,,51,missing,,missing
A30,Apostrophe Island,-73.51885,167.433567,20.0,T/B1,1991,,51,missing,,missing
A30,Apostrophe Island,-73.51885,167.433567,20.0,T/B1,1992,,51,missing,,missing
A30,Apostrophe Island,-73.51885,167.433567,20.0,T/B1,1993,,51,missing,,missing
A30,Apostrophe Island,-73.51885,167.433567,20.0,T/B1,1994,,51,missing,,missing
A30,Apostrophe Island,-73.51885,167.433567,20.0,T/B1,1995,,51,missing,,missing
A30,Apostrophe Island,-73.51885,167.433567,20.0,T/B1,1996,,51,missing,,missing
A30,Apostrophe Island,-73.51885,167.433567,20.0,T/B1,1997,,51,missing,,missing
A30,Apostrophe Island,-73.51885,167.433567,20.0,T/B1,1998,,51,missing,,missing
A30,Apostrophe Island,-73.51885,167.433567,20.0,T/B1,1999,,51,missing,,missing
A30,Apostrophe Island,-73.51885,167.433567,20.0,T/B1,2000,,51,missing,,missing
A30,Apostrophe Island,-73.51885,167.433567,20.0,T/B1,2001,,51,missing,,missing
A30,Apostrophe Island,-73.51885,167.433567,20.0,T/B1,2002,,51,missing,,missing
A30,Apostrophe Island,-73.51885,167.433567,20.0,T/B1,2003,,51,missing,,missing
A30,Apostrophe Island,-73.51885,167.433567,20.0,T/B1,2004,,51,missing,,missing
A30,Apostrophe Island,-73.51885,167.433567,20.0,T/B1,2005,,51,missing,,missing
A30,Apostrophe Island,-73.51885,167.433567,20.0,T/B1,2006,,51,missing,,missing
A30,Apostrophe Island,-73.51885,167.433567,20.0,T/B1,2007,,51,missing,,missing
A30,Apostrophe Island,-73.51885,167.433567,20.0,T/B1,2008,,51,missing,,missing
A30,Apostrophe Island,-73.51885,167.433567,20.0,T/B1,2009,,51,missing,,missing
A30,Apostrophe Island,-73.51885,167.433567,20.0,T/B1,2010,,51,missing,,missing
A30,Apostrophe Island,-73.51885,167.433567,20.0,T/B1,2011,,51,missing,,missing
A30,Apostrophe Island,-73.51885,167.433567,20.0,T/B1,2012,,51,missing,,missing
A30,Apostrophe Island,-73.51885,167.433567,20.0,T/B1,2013,,51,missing,,missing
A30,Apostrophe Island,-73.51885,167.433567,20.0,T/B1,2014,,51,missing,,missing
A30,Apostrophe Island,-73.51885,167.433567,20.0,T/B1,2015,61.0,51,exact,61.0,retained
A30,Apostrophe Island,-73.51885,167.433567,20.0,T/B1,2016,55.0,51,exact,55.0,retained
A30,Apostrophe Island,-73.51885,167.433567,20.0,T/B1,2017,49.0,51,exact,49.0,retained
A30,Apostrophe Island,-73.51885,167.433567,20.0,T/B1,2018,55.0,51,exact,55.0,retained
A30,Apostrophe Island,-73.51885,167.433567,20.0,T/B1,2019,19.0,51,exact,19.0,retained
A30,Apostrophe Island,-73.51885,167.433567,20.0,T/B1,2020,50.0,51,exact,50.0,retained
A30,Apostrophe Island,-73.51885,167.433567,20.0,T/B1,2021,64.0,51,exact,64.0,retained
A30,Apostrophe Island,-73.51885,167.433567,20.0,T/B1,2022,55.0,51,exact,55.0,retained
A30,Apostrophe Island,-73.51885,167.433567,20.0,T/B1,2023,53.0,51,exact,53.0,retained
A30,Apostrophe Island,-73.51885,167.433567,20.0,T/B1,2024,54.0,51,exact,54.0,retained
A30,Apostrophe Island,-73.51885,167.433567,20.0,T/B1,2025,58.0,51,exact,58.0,retained
A31,Edmonson Point,-74.328494,165.131881,30.0,T/B1,1990,-,52,missing,,missing
A31,Edmonson Point,-74.328494,165.131881,30.0,T/B1,1991,-,52,missing,,missing
A31,Edmonson Point,-74.328494,165.131881,30.0,T/B1,1992,-,52,missing,,missing
A31,Edmonson Point,-74.328494,165.131881,30.0,T/B1,1993,-,52,missing,,missing
A31,Edmonson Point,-74.328494,165.131881,30.0,T/B1,1994,-,52,missing,,missing
A31,Edmonson Point,-74.328494,165.131881,30.0,T/B1,1995,-,52,missing,,missing
A31,Edmonson Point,-74.328494,165.131881,30.0,T/B1,1996,-,52,missing,,missing
A31,Edmonson Point,-74.328494,165.131881,30.0,T/B1,1997,-,52,missing,,missing
A31,Edmonson Point,-74.328494,165.131881,30.0,T/B1,1998,-,52,missing,,missing
A31,Edmonson Point,-74.328494,165.131881,30.0,T/B1,1999,-,52,missing,,missing
A31,Edmonson Point,-74.328494,165.131881,30.0,T/B1,2000,-,52,missing,,missing
A31,Edmonson Point,-74.328494,165.131881,30.0,T/B1,2001,-,52,missing,,missing
A31,Edmonson Point,-74.328494,165.131881,30.0,T/B1,2002,-,52,missing,,missing
A31,Edmonson Point,-74.328494,165.131881,30.0,T/B1,2003,-,52,missing,,missing
A31,Edmonson Point,-74.328494,165.131881,30.0,T/B1,2004,-,52,missing,,missing
A31,Edmonson Point,-74.328494,165.131881,30.0,T/B1,2005,-,52,missing,,missing
A31,Edmonson Point,-74.328494,165.131881,30.0,T/B1,2006,-,52,missing,,missing
A31,Edmonson Point,-74.328494,165.131881,30.0,T/B1,2007,-,52,missing,,missing
A31,Edmonson Point,-74.328494,165.131881,30.0,T/B1,2008,-,52,missing,,missing
A31,Edmonson Point,-74.328494,165.131881,30.0,T/B1,2009,-,52,missing,,missing
A31,Edmonson Point,-74.328494,165.131881,30.0,T/B1,2010,-,52,missing,,missing
A31,Edmonson Point,-74.328494,165.131881,30.0,T/B1,2011,-,52,missing,,missing
A31,Edmonson Point,-74.328494,165.131881,30.0,T/B1,2012,-,52,missing,,missing
A31,Edmonson Point,-74.328494,165.131881,30.0,T/B1,2013,-,52,missing,,missing
A31,Edmonson Point,-74.328494,165.131881,30.0,T/B1,2014,-,52,missing,,missing
A31,Edmonson Point,-74.328494,165.131881,30.0,T/B1,2015,47.0,52,exact,47.0,retained
A31,Edmonson Point,-74.328494,165.131881,30.0,T/B1,2016,45.0,52,exact,45.0,retained
A31,Edmonson Point,-74.328494,165.131881,30.0,T/B1,2017,20.0,52,exact,20.0,retained
A31,Edmonson Point,-74.328494,165.131881,30.0,T/B1,2018,37.0,52,exact,37.0,retained
A31,Edmonson Point,-74.328494,165.131881,30.0,T/B1,2019,34.0,52,exact,34.0,retained
A31,Edmonson Point,-74.328494,165.131881,30.0,T/B1,2020,45.0,52,exact,45.0,retained
A31,Edmonson Point,-74.328494,165.131881,30.0,T/B1,2021,48.0,52,exact,48.0,retained
A31,Edmonson Point,-74.328494,165.131881,30.0,T/B1,2022,46.0,52,exact,46.0,retained
A31,Edmonson Point,-74.328494,165.131881,30.0,T/B1,2023,40.0,52,exact,40.0,retained
A31,Edmonson Point,-74.328494,165.131881,30.0,T/B1,2024,40.0,52,exact,40.0,retained
A31,Edmonson Point,-74.328494,165.131881,30.0,T/B1,2025,-,52,missing,,missing
A15A,Livingston1 (Reina Sofía mount),62 67'S,60 38'W,274.0,40/T/B25,1990,-,56,missing,,missing
A15A,Livingston1 (Reina Sofía mount),62 67'S,60 38'W,274.0,40/T/B25,1991,-,56,missing,,missing
A15A,Livingston1 (Reina Sofía mount),62 67'S,60 38'W,274.0,40/T/B25,1992,-,56,missing,,missing
A15A,Livingston1 (Reina Sofía mount),62 67'S,60 38'W,274.0,40/T/B25,1993,-,56,missing,,missing
A15A,Livingston1 (Reina Sofía mount),62 67'S,60 38'W,274.0,40/T/B25,1994,-,56,missing,,missing
A15A,Livingston1 (Reina Sofía mount),62 67'S,60 38'W,274.0,40/T/B25,1995,-,56,missing,,missing
A15A,Livingston1 (Reina Sofía mount),62 67'S,60 38'W,274.0,40/T/B25,1996,-,56,missing,,missing
A15A,Livingston1 (Reina Sofía mount),62 67'S,60 38'W,274.0,40/T/B25,1997,-,56,missing,,missing
A15A,Livingston1 (Reina Sofía mount),62 67'S,60 38'W,274.0,40/T/B25,1998,-,56,missing,,missing
A15A,Livingston1 (Reina Sofía mount),62 67'S,60 38'W,274.0,40/T/B25,1999,-,56,missing,,missing
A15A,Livingston1 (Reina Sofía mount),62 67'S,60 38'W,274.0,40/T/B25,2000,75.0,56,exact,75.0,retained
A15A,Livingston1 (Reina Sofía mount),62 67'S,60 38'W,274.0,40/T/B25,2001,70.0,56,exact,70.0,retained
A15A,Livingston1 (Reina Sofía mount),62 67'S,60 38'W,274.0,40/T/B25,2002,80.0,56,exact,80.0,retained
A15A,Livingston1 (Reina Sofía mount),62 67'S,60 38'W,274.0,40/T/B25,2003,90.0,56,exact,90.0,retained
A15A,Livingston1 (Reina Sofía mount),62 67'S,60 38'W,274.0,40/T/B25,2004,85.0,56,exact,85.0,retained
A15A,Livingston1 (Reina Sofía mount),62 67'S,60 38'W,274.0,40/T/B25,2005,90.0,56,exact,90.0,retained
A15A,Livingston1 (Reina Sofía mount),62 67'S,60 38'W,274.0,40/T/B25,2006,90.0,56,exact,90.0,retained
A15A,Livingston1 (Reina Sofía mount),62 67'S,60 38'W,274.0,40/T/B25,2007,90.0,56,exact,90.0,retained
A15A,Livingston1 (Reina Sofía mount),62 67'S,60 38'W,274.0,40/T/B25,2008,-,56,missing,,missing
A15A,Livingston1 (Reina Sofía mount),62 67'S,60 38'W,274.0,40/T/B25,2009,-,56,missing,,missing
A15A,Livingston1 (Reina Sofía mount),62 67'S,60 38'W,274.0,40/T/B25,2010,-,56,missing,,missing
A15A,Livingston1 (Reina Sofía mount),62 67'S,60 38'W,274.0,40/T/B25,2011,-,56,missing,,missing
A15A,Livingston1 (Reina Sofía mount),62 67'S,60 38'W,274.0,40/T/B25,2012,-,56,missing,,missing
A15A,Livingston1 (Reina Sofía mount),62 67'S,60 38'W,274.0,40/T/B25,2013,-,56,missing,,missing
A15A,Livingston1 (Reina Sofía mount),62 67'S,60 38'W,274.0,40/T/B25,2014,-,56,missing,,missing
A15A,Livingston1 (Reina Sofía mount),62 67'S,60 38'W,274.0,40/T/B25,2015,-,56,missing,,missing
A15A,Livingston1 (Reina Sofía mount),62 67'S,60 38'W,274.0,40/T/B25,2016,-,56,missing,,missing
A15A,Livingston1 (Reina Sofía mount),62 67'S,60 38'W,274.0,40/T/B25,2017,-,56,missing,,missing
A15A,Livingston1 (Reina Sofía mount),62 67'S,60 38'W,274.0,40/T/B25,2018,-,56,missing,,missing
A15A,Livingston1 (Reina Sofía mount),62 67'S,60 38'W,274.0,40/T/B25,2019,-,56,missing,,missing
A15A,Livingston1 (Reina Sofía mount),62 67'S,60 38'W,274.0,40/T/B25,2020,-,56,missing,,missing
A15A,Livingston1 (Reina Sofía mount),62 67'S,60 38'W,274.0,40/T/B25,2021,-,56,missing,,missing
A15A,Livingston1 (Reina Sofía mount),62 67'S,60 38'W,274.0,40/T/B25,2022,-,56,missing,,missing
A15A,Livingston1 (Reina Sofía mount),62 67'S,60 38'W,274.0,40/T/B25,2023,-,56,missing,,missing
A15A,Livingston1 (Reina Sofía mount),62 67'S,60 38'W,274.0,40/T/B25,2024,-,56,missing,,missing
A15A,Livingston1 (Reina Sofía mount),62 67'S,60 38'W,274.0,40/T/B25,2025,-,56,missing,,missing
A15B,Livingston2 (Ramos Col),62 40'S,60 23'W,110.0,50/T/B2.4,1990,-,57,missing,,missing
A15B,Livingston2 (Ramos Col),62 40'S,60 23'W,110.0,50/T/B2.4,1991,-,57,missing,,missing
A15B,Livingston2 (Ramos Col),62 40'S,60 23'W,110.0,50/T/B2.4,1992,-,57,missing,,missing
A15B,Livingston2 (Ramos Col),62 40'S,60 23'W,110.0,50/T/B2.4,1993,-,57,missing,,missing
A15B,Livingston2 (Ramos Col),62 40'S,60 23'W,110.0,50/T/B2.4,1994,-,57,missing,,missing
A15B,Livingston2 (Ramos Col),62 40'S,60 23'W,110.0,50/T/B2.4,1995,-,57,missing,,missing
A15B,Livingston2 (Ramos Col),62 40'S,60 23'W,110.0,50/T/B2.4,1996,-,57,missing,,missing
A15B,Livingston2 (Ramos Col),62 40'S,60 23'W,110.0,50/T/B2.4,1997,-,57,missing,,missing
A15B,Livingston2 (Ramos Col),62 40'S,60 23'W,110.0,50/T/B2.4,1998,-,57,missing,,missing
A15B,Livingston2 (Ramos Col),62 40'S,60 23'W,110.0,50/T/B2.4,1999,-,57,missing,,missing
A15B,Livingston2 (Ramos Col),62 40'S,60 23'W,110.0,50/T/B2.4,2000,-,57,missing,,missing
A15B,Livingston2 (Ramos Col),62 40'S,60 23'W,110.0,50/T/B2.4,2001,-,57,missing,,missing
A15B,Livingston2 (Ramos Col),62 40'S,60 23'W,110.0,50/T/B2.4,2002,-,57,missing,,missing
A15B,Livingston2 (Ramos Col),62 40'S,60 23'W,110.0,50/T/B2.4,2003,-,57,missing,,missing
A15B,Livingston2 (Ramos Col),62 40'S,60 23'W,110.0,50/T/B2.4,2004,-,57,missing,,missing
A15B,Livingston2 (Ramos Col),62 40'S,60 23'W,110.0,50/T/B2.4,2005,-,57,missing,,missing
A15B,Livingston2 (Ramos Col),62 40'S,60 23'W,110.0,50/T/B2.4,2006,>130,57,lower,130.0,retained
A15B,Livingston2 (Ramos Col),62 40'S,60 23'W,110.0,50/T/B2.4,2007,>130,57,lower,130.0,retained
A15B,Livingston2 (Ramos Col),62 40'S,60 23'W,110.0,50/T/B2.4,2008,-,57,missing,,missing
A15B,Livingston2 (Ramos Col),62 40'S,60 23'W,110.0,50/T/B2.4,2009,-,57,missing,,missing
A15B,Livingston2 (Ramos Col),62 40'S,60 23'W,110.0,50/T/B2.4,2010,-,57,missing,,missing
A15B,Livingston2 (Ramos Col),62 40'S,60 23'W,110.0,50/T/B2.4,2011,-,57,missing,,missing
A15B,Livingston2 (Ramos Col),62 40'S,60 23'W,110.0,50/T/B2.4,2012,-,57,missing,,missing
A15B,Livingston2 (Ramos Col),62 40'S,60 23'W,110.0,50/T/B2.4,2013,-,57,missing,,missing
A15B,Livingston2 (Ramos Col),62 40'S,60 23'W,110.0,50/T/B2.4,2014,-,57,missing,,missing
A15B,Livingston2 (Ramos Col),62 40'S,60 23'W,110.0,50/T/B2.4,2015,-,57,missing,,missing
A15B,Livingston2 (Ramos Col),62 40'S,60 23'W,110.0,50/T/B2.4,2016,-,57,missing,,missing
A15B,Livingston2 (Ramos Col),62 40'S,60 23'W,110.0,50/T/B2.4,2017,-,57,missing,,missing
A15B,Livingston2 (Ramos Col),62 40'S,60 23'W,110.0,50/T/B2.4,2018,-,57,missing,,missing
A15B,Livingston2 (Ramos Col),62 40'S,60 23'W,110.0,50/T/B2.4,2019,-,57,missing,,missing
A15B,Livingston2 (Ramos Col),62 40'S,60 23'W,110.0,50/T/B2.4,2020,-,57,missing,,missing
A15B,Livingston2 (Ramos Col),62 40'S,60 23'W,110.0,50/T/B2.4,2021,-,57,missing,,missing
A15B,Livingston2 (Ramos Col),62 40'S,60 23'W,110.0,50/T/B2.4,2022,-,57,missing,,missing
A15B,Livingston2 (Ramos Col),62 40'S,60 23'W,110.0,50/T/B2.4,2023,-,57,missing,,missing
A15B,Livingston2 (Ramos Col),62 40'S,60 23'W,110.0,50/T/B2.4,2024,-,57,missing,,missing
A15B,Livingston2 (Ramos Col),62 40'S,60 23'W,110.0,50/T/B2.4,2025,-,57,missing,,missing
A16,Deception Island (Crater Lake),62 98 S,60 67 W,85.0,100/P/B1.3,1990,-,58,missing,,missing
A16,Deception Island (Crater Lake),62 98 S,60 67 W,85.0,100/P/B1.3,1991,-,58,missing,,missing
A16,Deception Island (Crater Lake),62 98 S,60 67 W,85.0,100/P/B1.3,1992,-,58,missing,,missing
A16,Deception Island (Crater Lake),62 98 S,60 67 W,85.0,100/P/B1.3,1993,-,58,missing,,missing
A16,Deception Island (Crater Lake),62 98 S,60 67 W,85.0,100/P/B1.3,1994,-,58,missing,,missing
A16,Deception Island (Crater Lake),62 98 S,60 67 W,85.0,100/P/B1.3,1995,-,58,missing,,missing
A16,Deception Island (Crater Lake),62 98 S,60 67 W,85.0,100/P/B1.3,1996,-,58,missing,,missing
A16,Deception Island (Crater Lake),62 98 S,60 67 W,85.0,100/P/B1.3,1997,-,58,missing,,missing
A16,Deception Island (Crater Lake),62 98 S,60 67 W,85.0,100/P/B1.3,1998,-,58,missing,,missing
A16,Deception Island (Crater Lake),62 98 S,60 67 W,85.0,100/P/B1.3,1999,-,58,missing,,missing
A16,Deception Island (Crater Lake),62 98 S,60 67 W,85.0,100/P/B1.3,2000,-,58,missing,,missing
A16,Deception Island (Crater Lake),62 98 S,60 67 W,85.0,100/P/B1.3,2001,-,58,missing,,missing
A16,Deception Island (Crater Lake),62 98 S,60 67 W,85.0,100/P/B1.3,2002,-,58,missing,,missing
A16,Deception Island (Crater Lake),62 98 S,60 67 W,85.0,100/P/B1.3,2003,-,58,missing,,missing
A16,Deception Island (Crater Lake),62 98 S,60 67 W,85.0,100/P/B1.3,2004,-,58,missing,,missing
A16,Deception Island (Crater Lake),62 98 S,60 67 W,85.0,100/P/B1.3,2005,-,58,missing,,missing
A16,Deception Island (Crater Lake),62 98 S,60 67 W,85.0,100/P/B1.3,2006,35.0,58,exact,35.0,retained
A16,Deception Island (Crater Lake),62 98 S,60 67 W,85.0,100/P/B1.3,2007,32.0,58,exact,32.0,retained
A16,Deception Island (Crater Lake),62 98 S,60 67 W,85.0,100/P/B1.3,2008,32.0,58,exact,32.0,retained
A16,Deception Island (Crater Lake),62 98 S,60 67 W,85.0,100/P/B1.3,2009,34.0,58,exact,34.0,retained
A16,Deception Island (Crater Lake),62 98 S,60 67 W,85.0,100/P/B1.3,2010,31.0,58,exact,31.0,retained
A16,Deception Island (Crater Lake),62 98 S,60 67 W,85.0,100/P/B1.3,2011,28.0,58,exact,28.0,retained
A16,Deception Island (Crater Lake),62 98 S,60 67 W,85.0,100/P/B1.3,2012,29.0,58,exact,29.0,retained
A16,Deception Island (Crater Lake),62 98 S,60 67 W,85.0,100/P/B1.3,2013,23.0,58,exact,23.0,retained
A16,Deception Island (Crater Lake),62 98 S,60 67 W,85.0,100/P/B1.3,2014,23.0,58,exact,23.0,retained
A16,Deception Island (Crater Lake),62 98 S,60 67 W,85.0,100/P/B1.3,2015,19.0,58,exact,19.0,retained
A16,Deception Island (Crater Lake),62 98 S,60 67 W,85.0,100/P/B1.3,2016,22.0,58,exact,22.0,retained
A16,Deception Island (Crater Lake),62 98 S,60 67 W,85.0,100/P/B1.3,2017,32.0,58,exact,32.0,retained
A16,Deception Island (Crater Lake),62 98 S,60 67 W,85.0,100/P/B1.3,2018,27.0,58,exact,27.0,retained
A16,Deception Island (Crater Lake),62 98 S,60 67 W,85.0,100/P/B1.3,2019,29.0,58,exact,29.0,retained
A16,Deception Island (Crater Lake),62 98 S,60 67 W,85.0,100/P/B1.3,2020,36.0,58,exact,36.0,retained
A16,Deception Island (Crater Lake),62 98 S,60 67 W,85.0,100/P/B1.3,2021,36.0,58,exact,36.0,retained
A16,Deception Island (Crater Lake),62 98 S,60 67 W,85.0,100/P/B1.3,2022,35.0,58,exact,35.0,retained
A16,Deception Island (Crater Lake),62 98 S,60 67 W,85.0,100/P/B1.3,2023,39.0,58,exact,39.0,retained
A16,Deception Island (Crater Lake),62 98 S,60 67 W,85.0,100/P/B1.3,2024,38.0,58,exact,38.0,retained
A16,Deception Island (Crater Lake),62 98 S,60 67 W,85.0,100/P/B1.3,2025,37.0,58,exact,37.0,retained
A26,Deception Island (Irizar),62 98 S,60 72 W,130.0,100/P/B1.2,1990,-,59,missing,,missing
A26,Deception Island (Irizar),62 98 S,60 72 W,130.0,100/P/B1.2,1991,-,59,missing,,missing
A26,Deception Island (Irizar),62 98 S,60 72 W,130.0,100/P/B1.2,1992,-,59,missing,,missing
A26,Deception Island (Irizar),62 98 S,60 72 W,130.0,100/P/B1.2,1993,-,59,missing,,missing
A26,Deception Island (Irizar),62 98 S,60 72 W,130.0,100/P/B1.2,1994,-,59,missing,,missing
A26,Deception Island (Irizar),62 98 S,60 72 W,130.0,100/P/B1.2,1995,-,59,missing,,missing
A26,Deception Island (Irizar),62 98 S,60 72 W,130.0,100/P/B1.2,1996,-,59,missing,,missing
A26,Deception Island (Irizar),62 98 S,60 72 W,130.0,100/P/B1.2,1997,-,59,missing,,missing
A26,Deception Island (Irizar),62 98 S,60 72 W,130.0,100/P/B1.2,1998,-,59,missing,,missing
A26,Deception Island (Irizar),62 98 S,60 72 W,130.0,100/P/B1.2,1999,-,59,missing,,missing
A26,Deception Island (Irizar),62 98 S,60 72 W,130.0,100/P/B1.2,2000,-,59,missing,,missing
A26,Deception Island (Irizar),62 98 S,60 72 W,130.0,100/P/B1.2,2001,-,59,missing,,missing
A26,Deception Island (Irizar),62 98 S,60 72 W,130.0,100/P/B1.2,2002,-,59,missing,,missing
A26,Deception Island (Irizar),62 98 S,60 72 W,130.0,100/P/B1.2,2003,-,59,missing,,missing
A26,Deception Island (Irizar),62 98 S,60 72 W,130.0,100/P/B1.2,2004,-,59,missing,,missing
A26,Deception Island (Irizar),62 98 S,60 72 W,130.0,100/P/B1.2,2005,-,59,missing,,missing
A26,Deception Island (Irizar),62 98 S,60 72 W,130.0,100/P/B1.2,2006,-,59,missing,,missing
A26,Deception Island (Irizar),62 98 S,60 72 W,130.0,100/P/B1.2,2007,-,59,missing,,missing
A26,Deception Island (Irizar),62 98 S,60 72 W,130.0,100/P/B1.2,2008,-,59,missing,,missing
A26,Deception Island (Irizar),62 98 S,60 72 W,130.0,100/P/B1.2,2009,67.0,59,exact,67.0,retained
A26,Deception Island (Irizar),62 98 S,60 72 W,130.0,100/P/B1.2,2010,46.0,59,exact,46.0,retained
A26,Deception Island (Irizar),62 98 S,60 72 W,130.0,100/P/B1.2,2011,49.0,59,exact,49.0,retained
A26,Deception Island (Irizar),62 98 S,60 72 W,130.0,100/P/B1.2,2012,65.0,59,exact,65.0,retained
A26,Deception Island (Irizar),62 98 S,60 72 W,130.0,100/P/B1.2,2013,52.0,59,exact,52.0,retained
A26,Deception Island (Irizar),62 98 S,60 72 W,130.0,100/P/B1.2,2014,45.0,59,exact,45.0,retained
A26,Deception Island (Irizar),62 98 S,60 72 W,130.0,100/P/B1.2,2015,-,59,missing,,missing
A26,Deception Island (Irizar),62 98 S,60 72 W,130.0,100/P/B1.2,2016,50.0,59,exact,50.0,retained
A26,Deception Island (Irizar),62 98 S,60 72 W,130.0,100/P/B1.2,2017,-,59,missing,,missing
A26,Deception Island (Irizar),62 98 S,60 72 W,130.0,100/P/B1.2,2018,43.0,59,exact,43.0,retained
A26,Deception Island (Irizar),62 98 S,60 72 W,130.0,100/P/B1.2,2019,36.0,59,exact,36.0,retained
A26,Deception Island (Irizar),62 98 S,60 72 W,130.0,100/P/B1.2,2020,48.0,59,exact,48.0,retained
A26,Deception Island (Irizar),62 98 S,60 72 W,130.0,100/P/B1.2,2021,50.0,59,exact,50.0,retained
A26,Deception Island (Irizar),62 98 S,60 72 W,130.0,100/P/B1.2,2022,47.0,59,exact,47.0,retained
A26,Deception Island (Irizar),62 98 S,60 72 W,130.0,100/P/B1.2,2023,57.0,59,exact,57.0,retained
A26,Deception Island (Irizar),62 98 S,60 72 W,130.0,100/P/B1.2,2024,33.0,59,exact,33.0,retained
A26,Deception Island (Irizar),62 98 S,60 72 W,130.0,100/P/B1.2,2025,43.0,59,exact,43.0,retained
A17,Signy Island,-60.7115,-45.5919,85.0,T/B3.6,1990,-,60,missing,,missing
A17,Signy Island,-60.7115,-45.5919,85.0,T/B3.6,1991,-,60,missing,,missing
A17,Signy Island,-60.7115,-45.5919,85.0,T/B3.6,1992,-,60,missing,,missing
A17,Signy Island,-60.7115,-45.5919,85.0,T/B3.6,1993,-,60,missing,,missing
A17,Signy Island,-60.7115,-45.5919,85.0,T/B3.6,1994,-,60,missing,,missing
A17,Signy Island,-60.7115,-45.5919,85.0,T/B3.6,1995,-,60,missing,,missing
A17,Signy Island,-60.7115,-45.5919,85.0,T/B3.6,1996,-,60,missing,,missing
A17,Signy Island,-60.7115,-45.5919,85.0,T/B3.6,1997,-,60,missing,,missing
A17,Signy Island,-60.7115,-45.5919,85.0,T/B3.6,1998,-,60,missing,,missing
A17,Signy Island,-60.7115,-45.5919,85.0,T/B3.6,1999,-,60,missing,,missing
A17,Signy Island,-60.7115,-45.5919,85.0,T/B3.6,2000,-,60,missing,,missing
A17,Signy Island,-60.7115,-45.5919,85.0,T/B3.6,2001,-,60,missing,,missing
A17,Signy Island,-60.7115,-45.5919,85.0,T/B3.6,2002,-,60,missing,,missing
A17,Signy Island,-60.7115,-45.5919,85.0,T/B3.6,2003,-,60,missing,,missing
A17,Signy Island,-60.7115,-45.5919,85.0,T/B3.6,2004,-,60,missing,,missing
A17,Signy Island,-60.7115,-45.5919,85.0,T/B3.6,2005,-,60,missing,,missing
A17,Signy Island,-60.7115,-45.5919,85.0,T/B3.6,2006,148.0,60,exact,148.0,retained
A17,Signy Island,-60.7115,-45.5919,85.0,T/B3.6,2007,148.0,60,exact,148.0,retained
A17,Signy Island,-60.7115,-45.5919,85.0,T/B3.6,2008,160.0,60,exact,160.0,retained
A17,Signy Island,-60.7115,-45.5919,85.0,T/B3.6,2009,148.0,60,exact,148.0,retained
A17,Signy Island,-60.7115,-45.5919,85.0,T/B3.6,2010,130.0,60,exact,130.0,retained
A17,Signy Island,-60.7115,-45.5919,85.0,T/B3.6,2011,150.0,60,exact,150.0,retained
A17,Signy Island,-60.7115,-45.5919,85.0,T/B3.6,2012,139.0,60,exact,139.0,retained
A17,Signy Island,-60.7115,-45.5919,85.0,T/B3.6,2013,97.0,60,exact,97.0,retained
A17,Signy Island,-60.7115,-45.5919,85.0,T/B3.6,2014,96.0,60,exact,96.0,retained
A17,Signy Island,-60.7115,-45.5919,85.0,T/B3.6,2015,141.0,60,exact,141.0,retained
A17,Signy Island,-60.7115,-45.5919,85.0,T/B3.6,2016,129.0,60,exact,129.0,retained
A17,Signy Island,-60.7115,-45.5919,85.0,T/B3.6,2017,180.0,60,exact,180.0,retained
A17,Signy Island,-60.7115,-45.5919,85.0,T/B3.6,2018,192.0,60,exact,192.0,retained
A17,Signy Island,-60.7115,-45.5919,85.0,T/B3.6,2019,191.0,60,exact,191.0,retained
A17,Signy Island,-60.7115,-45.5919,85.0,T/B3.6,2020,193.0,60,exact,193.0,retained
A17,Signy Island,-60.7115,-45.5919,85.0,T/B3.6,2021,195.0,60,exact,195.0,retained
A17,Signy Island,-60.7115,-45.5919,85.0,T/B3.6,2022,205.0,60,exact,205.0,retained
A17,Signy Island,-60.7115,-45.5919,85.0,T/B3.6,2023,215.0,60,exact,215.0,retained
A17,Signy Island,-60.7115,-45.5919,85.0,T/B3.6,2024,205.0,60,exact,205.0,retained
A17,Signy Island,-60.7115,-45.5919,85.0,T/B3.6,2025,198.0,60,exact,198.0,retained
A17A,Signy Island- Bertsen,-60.7083,-46.0,21.0,T/B30,1990,,61,missing,,missing
A17A,Signy Island- Bertsen,-60.7083,-46.0,21.0,T/B30,1991,,61,missing,,missing
A17A,Signy Island- Bertsen,-60.7083,-46.0,21.0,T/B30,1992,,61,missing,,missing
A17A,Signy Island- Bertsen,-60.7083,-46.0,21.0,T/B30,1993,,61,missing,,missing
A17A,Signy Island- Bertsen,-60.7083,-46.0,21.0,T/B30,1994,,61,missing,,missing
A17A,Signy Island- Bertsen,-60.7083,-46.0,21.0,T/B30,1995,,61,missing,,missing
A17A,Signy Island- Bertsen,-60.7083,-46.0,21.0,T/B30,1996,,61,missing,,missing
A17A,Signy Island- Bertsen,-60.7083,-46.0,21.0,T/B30,1997,,61,missing,,missing
A17A,Signy Island- Bertsen,-60.7083,-46.0,21.0,T/B30,1998,,61,missing,,missing
A17A,Signy Island- Bertsen,-60.7083,-46.0,21.0,T/B30,1999,,61,missing,,missing
A17A,Signy Island- Bertsen,-60.7083,-46.0,21.0,T/B30,2000,,61,missing,,missing
A17A,Signy Island- Bertsen,-60.7083,-46.0,21.0,T/B30,2001,-,61,missing,,missing
A17A,Signy Island- Bertsen,-60.7083,-46.0,21.0,T/B30,2002,-,61,missing,,missing
A17A,Signy Island- Bertsen,-60.7083,-46.0,21.0,T/B30,2003,-,61,missing,,missing
A17A,Signy Island- Bertsen,-60.7083,-46.0,21.0,T/B30,2004,-,61,missing,,missing
A17A,Signy Island- Bertsen,-60.7083,-46.0,21.0,T/B30,2005,-,61,missing,,missing
A17A,Signy Island- Bertsen,-60.7083,-46.0,21.0,T/B30,2006,-,61,missing,,missing
A17A,Signy Island- Bertsen,-60.7083,-46.0,21.0,T/B30,2007,-,61,missing,,missing
A17A,Signy Island- Bertsen,-60.7083,-46.0,21.0,T/B30,2008,-,61,missing,,missing
A17A,Signy Island- Bertsen,-60.7083,-46.0,21.0,T/B30,2009,-,61,missing,,missing
A17A,Signy Island- Bertsen,-60.7083,-46.0,21.0,T/B30,2010,-,61,missing,,missing
A17A,Signy Island- Bertsen,-60.7083,-46.0,21.0,T/B30,2011,-,61,missing,,missing
A17A,Signy Island- Bertsen,-60.7083,-46.0,21.0,T/B30,2012,-,61,missing,,missing
A17A,Signy Island- Bertsen,-60.7083,-46.0,21.0,T/B30,2013,280.0,61,exact,280.0,retained
A17A,Signy Island- Bertsen,-60.7083,-46.0,21.0,T/B30,2014,299.0,61,exact,299.0,retained
A17A,Signy Island- Bertsen,-60.7083,-46.0,21.0,T/B30,2015,283.0,61,exact,283.0,retained
A17A,Signy Island- Bertsen,-60.7083,-46.0,21.0,T/B30,2016,275.0,61,exact,275.0,retained
A17A,Signy Island- Bertsen,-60.7083,-46.0,21.0,T/B30,2017,307.0,61,exact,307.0,retained
A17A,Signy Island- Bertsen,-60.7083,-46.0,21.0,T/B30,2018,342.0,61,exact,342.0,retained
A17A,Signy Island- Bertsen,-60.7083,-46.0,21.0,T/B30,2019,318.0,61,exact,318.0,retained
A17A,Signy Island- Bertsen,-60.7083,-46.0,21.0,T/B30,2020,322.0,61,exact,322.0,retained
A17A,Signy Island- Bertsen,-60.7083,-46.0,21.0,T/B30,2021,300.0,61,exact,300.0,retained
A17A,Signy Island- Bertsen,-60.7083,-46.0,21.0,T/B30,2022,360.0,61,exact,360.0,retained
A17A,Signy Island- Bertsen,-60.7083,-46.0,21.0,T/B30,2023,380.0,61,exact,380.0,retained
A17A,Signy Island- Bertsen,-60.7083,-46.0,21.0,T/B30,2024,338.0,61,exact,338.0,retained
A17A,Signy Island- Bertsen,-60.7083,-46.0,21.0,T/B30,2025,294.0,61,exact,294.0,retained
A18,King George-Bellingshausen,"62 11' 54"" S","58 59' 3""W",,100/T,1990,-,62,missing,,missing
A18,King George-Bellingshausen,"62 11' 54"" S","58 59' 3""W",,100/T,1991,-,62,missing,,missing
A18,King George-Bellingshausen,"62 11' 54"" S","58 59' 3""W",,100/T,1992,-,62,missing,,missing
A18,King George-Bellingshausen,"62 11' 54"" S","58 59' 3""W",,100/T,1993,-,62,missing,,missing
A18,King George-Bellingshausen,"62 11' 54"" S","58 59' 3""W",,100/T,1994,-,62,missing,,missing
A18,King George-Bellingshausen,"62 11' 54"" S","58 59' 3""W",,100/T,1995,-,62,missing,,missing
A18,King George-Bellingshausen,"62 11' 54"" S","58 59' 3""W",,100/T,1996,-,62,missing,,missing
A18,King George-Bellingshausen,"62 11' 54"" S","58 59' 3""W",,100/T,1997,-,62,missing,,missing
A18,King George-Bellingshausen,"62 11' 54"" S","58 59' 3""W",,100/T,1998,-,62,missing,,missing
A18,King George-Bellingshausen,"62 11' 54"" S","58 59' 3""W",,100/T,1999,-,62,missing,,missing
A18,King George-Bellingshausen,"62 11' 54"" S","58 59' 3""W",,100/T,2000,-,62,missing,,missing
A18,King George-Bellingshausen,"62 11' 54"" S","58 59' 3""W",,100/T,2001,-,62,missing,,missing
A18,King George-Bellingshausen,"62 11' 54"" S","58 59' 3""W",,100/T,2002,-,62,missing,,missing
A18,King George-Bellingshausen,"62 11' 54"" S","58 59' 3""W",,100/T,2003,-,62,missing,,missing
A18,King George-Bellingshausen,"62 11' 54"" S","58 59' 3""W",,100/T,2004,-,62,missing,,missing
A18,King George-Bellingshausen,"62 11' 54"" S","58 59' 3""W",,100/T,2005,-,62,missing,,missing
A18,King George-Bellingshausen,"62 11' 54"" S","58 59' 3""W",,100/T,2006,-,62,missing,,missing
A18,King George-Bellingshausen,"62 11' 54"" S","58 59' 3""W",,100/T,2007,67.0,62,exact,67.0,retained
A18,King George-Bellingshausen,"62 11' 54"" S","58 59' 3""W",,100/T,2008,62.0,62,exact,62.0,retained
A18,King George-Bellingshausen,"62 11' 54"" S","58 59' 3""W",,100/T,2009,86.0,62,exact,86.0,retained
A18,King George-Bellingshausen,"62 11' 54"" S","58 59' 3""W",,100/T,2010,45.0,62,exact,45.0,retained
A18,King George-Bellingshausen,"62 11' 54"" S","58 59' 3""W",,100/T,2011,62.0,62,exact,62.0,retained
A18,King George-Bellingshausen,"62 11' 54"" S","58 59' 3""W",,100/T,2012,-,62,missing,,missing
A18,King George-Bellingshausen,"62 11' 54"" S","58 59' 3""W",,100/T,2013,47.0,62,exact,47.0,retained
A18,King George-Bellingshausen,"62 11' 54"" S","58 59' 3""W",,100/T,2014,-,62,missing,,missing
A18,King George-Bellingshausen,"62 11' 54"" S","58 59' 3""W",,100/T,2015,50.0,62,exact,50.0,retained
A18,King George-Bellingshausen,"62 11' 54"" S","58 59' 3""W",,100/T,2016,52.0,62,exact,52.0,retained
A18,King George-Bellingshausen,"62 11' 54"" S","58 59' 3""W",,100/T,2017,75.0,62,exact,75.0,retained
A18,King George-Bellingshausen,"62 11' 54"" S","58 59' 3""W",,100/T,2018,43.0,62,exact,43.0,retained
A18,King George-Bellingshausen,"62 11' 54"" S","58 59' 3""W",,100/T,2019,80.0,62,exact,80.0,retained
A18,King George-Bellingshausen,"62 11' 54"" S","58 59' 3""W",,100/T,2020,81.0,62,exact,81.0,retained
A18,King George-Bellingshausen,"62 11' 54"" S","58 59' 3""W",,100/T,2021,85.0,62,exact,85.0,retained
A18,King George-Bellingshausen,"62 11' 54"" S","58 59' 3""W",,100/T,2022,86.0,62,exact,86.0,retained
A18,King George-Bellingshausen,"62 11' 54"" S","58 59' 3""W",,100/T,2023,100.0,62,exact,100.0,retained
A18,King George-Bellingshausen,"62 11' 54"" S","58 59' 3""W",,100/T,2024,96.0,62,exact,96.0,retained
A18,King George-Bellingshausen,"62 11' 54"" S","58 59' 3""W",,100/T,2025,89.0,62,exact,89.0,retained
A19,Rothera,-67.5719,-68.126,31.0,T/B31,1990,-,63,missing,,missing
A19,Rothera,-67.5719,-68.126,31.0,T/B31,1991,-,63,missing,,missing
A19,Rothera,-67.5719,-68.126,31.0,T/B31,1992,-,63,missing,,missing
A19,Rothera,-67.5719,-68.126,31.0,T/B31,1993,-,63,missing,,missing
A19,Rothera,-67.5719,-68.126,31.0,T/B31,1994,-,63,missing,,missing
A19,Rothera,-67.5719,-68.126,31.0,T/B31,1995,-,63,missing,,missing
A19,Rothera,-67.5719,-68.126,31.0,T/B31,1996,-,63,missing,,missing
A19,Rothera,-67.5719,-68.126,31.0,T/B31,1997,-,63,missing,,missing
A19,Rothera,-67.5719,-68.126,31.0,T/B31,1998,-,63,missing,,missing
A19,Rothera,-67.5719,-68.126,31.0,T/B31,1999,-,63,missing,,missing
A19,Rothera,-67.5719,-68.126,31.0,T/B31,2000,-,63,missing,,missing
A19,Rothera,-67.5719,-68.126,31.0,T/B31,2001,-,63,missing,,missing
A19,Rothera,-67.5719,-68.126,31.0,T/B31,2002,-,63,missing,,missing
A19,Rothera,-67.5719,-68.126,31.0,T/B31,2003,-,63,missing,,missing
A19,Rothera,-67.5719,-68.126,31.0,T/B31,2004,-,63,missing,,missing
A19,Rothera,-67.5719,-68.126,31.0,T/B31,2005,-,63,missing,,missing
A19,Rothera,-67.5719,-68.126,31.0,T/B31,2006,-,63,missing,,missing
A19,Rothera,-67.5719,-68.126,31.0,T/B31,2007,-,63,missing,,missing
A19,Rothera,-67.5719,-68.126,31.0,T/B31,2008,-,63,missing,,missing
A19,Rothera,-67.5719,-68.126,31.0,T/B31,2009,97.0,63,exact,97.0,retained
A19,Rothera,-67.5719,-68.126,31.0,T/B31,2010,129.0,63,exact,129.0,retained
A19,Rothera,-67.5719,-68.126,31.0,T/B31,2011,94.0,63,exact,94.0,retained
A19,Rothera,-67.5719,-68.126,31.0,T/B31,2012,81.0,63,exact,81.0,retained
A19,Rothera,-67.5719,-68.126,31.0,T/B31,2013,106.0,63,exact,106.0,retained
A19,Rothera,-67.5719,-68.126,31.0,T/B31,2014,51.0,63,exact,51.0,retained
A19,Rothera,-67.5719,-68.126,31.0,T/B31,2015,29.0,63,exact,29.0,retained
A19,Rothera,-67.5719,-68.126,31.0,T/B31,2016,26.0,63,exact,26.0,retained
A19,Rothera,-67.5719,-68.126,31.0,T/B31,2017,129.0,63,exact,129.0,retained
A19,Rothera,-67.5719,-68.126,31.0,T/B31,2018,123.0,63,exact,123.0,retained
A19,Rothera,-67.5719,-68.126,31.0,T/B31,2019,10.0,63,exact,10.0,retained
A19,Rothera,-67.5719,-68.126,31.0,T/B31,2020,113.0,63,exact,113.0,retained
A19,Rothera,-67.5719,-68.126,31.0,T/B31,2021,30.0,63,exact,30.0,retained
A19,Rothera,-67.5719,-68.126,31.0,T/B31,2022,25.0,63,exact,25.0,retained
A19,Rothera,-67.5719,-68.126,31.0,T/B31,2023,-,63,missing,,missing
A19,Rothera,-67.5719,-68.126,31.0,T/B31,2024,122.0,63,exact,122.0,retained
A19,Rothera,-67.5719,-68.126,31.0,T/B31,2025,-,63,missing,,missing
A25,Limnopolar Lake (Livingston Island),"62º38’59.1""S",61º06’16.9’’W,80.0,100/T,1990,-,64,missing,,missing
A25,Limnopolar Lake (Livingston Island),"62º38’59.1""S",61º06’16.9’’W,80.0,100/T,1991,-,64,missing,,missing
A25,Limnopolar Lake (Livingston Island),"62º38’59.1""S",61º06’16.9’’W,80.0,100/T,1992,-,64,missing,,missing
A25,Limnopolar Lake (Livingston Island),"62º38’59.1""S",61º06’16.9’’W,80.0,100/T,1993,-,64,missing,,missing
A25,Limnopolar Lake (Livingston Island),"62º38’59.1""S",61º06’16.9’’W,80.0,100/T,1994,-,64,missing,,missing
A25,Limnopolar Lake (Livingston Island),"62º38’59.1""S",61º06’16.9’’W,80.0,100/T,1995,-,64,missing,,missing
A25,Limnopolar Lake (Livingston Island),"62º38’59.1""S",61º06’16.9’’W,80.0,100/T,1996,-,64,missing,,missing
A25,Limnopolar Lake (Livingston Island),"62º38’59.1""S",61º06’16.9’’W,80.0,100/T,1997,-,64,missing,,missing
A25,Limnopolar Lake (Livingston Island),"62º38’59.1""S",61º06’16.9’’W,80.0,100/T,1998,-,64,missing,,missing
A25,Limnopolar Lake (Livingston Island),"62º38’59.1""S",61º06’16.9’’W,80.0,100/T,1999,-,64,missing,,missing
A25,Limnopolar Lake (Livingston Island),"62º38’59.1""S",61º06’16.9’’W,80.0,100/T,2000,-,64,missing,,missing
A25,Limnopolar Lake (Livingston Island),"62º38’59.1""S",61º06’16.9’’W,80.0,100/T,2001,-,64,missing,,missing
A25,Limnopolar Lake (Livingston Island),"62º38’59.1""S",61º06’16.9’’W,80.0,100/T,2002,-,64,missing,,missing
A25,Limnopolar Lake (Livingston Island),"62º38’59.1""S",61º06’16.9’’W,80.0,100/T,2003,-,64,missing,,missing
A25,Limnopolar Lake (Livingston Island),"62º38’59.1""S",61º06’16.9’’W,80.0,100/T,2004,-,64,missing,,missing
A25,Limnopolar Lake (Livingston Island),"62º38’59.1""S",61º06’16.9’’W,80.0,100/T,2005,-,64,missing,,missing
A25,Limnopolar Lake (Livingston Island),"62º38’59.1""S",61º06’16.9’’W,80.0,100/T,2006,-,64,missing,,missing
A25,Limnopolar Lake (Livingston Island),"62º38’59.1""S",61º06’16.9’’W,80.0,100/T,2007,-,64,missing,,missing
A25,Limnopolar Lake (Livingston Island),"62º38’59.1""S",61º06’16.9’’W,80.0,100/T,2008,-,64,missing,,missing
A25,Limnopolar Lake (Livingston Island),"62º38’59.1""S",61º06’16.9’’W,80.0,100/T,2009,47.0,64,exact,47.0,retained
A25,Limnopolar Lake (Livingston Island),"62º38’59.1""S",61º06’16.9’’W,80.0,100/T,2010,43.0,64,exact,43.0,retained
A25,Limnopolar Lake (Livingston Island),"62º38’59.1""S",61º06’16.9’’W,80.0,100/T,2011,40.0,64,exact,40.0,retained
A25,Limnopolar Lake (Livingston Island),"62º38’59.1""S",61º06’16.9’’W,80.0,100/T,2012,39.0,64,exact,39.0,retained
A25,Limnopolar Lake (Livingston Island),"62º38’59.1""S",61º06’16.9’’W,80.0,100/T,2013,12.0,64,exact,12.0,retained
A25,Limnopolar Lake (Livingston Island),"62º38’59.1""S",61º06’16.9’’W,80.0,100/T,2014,,64,missing,,missing
A25,Limnopolar Lake (Livingston Island),"62º38’59.1""S",61º06’16.9’’W,80.0,100/T,2015,0.0,64,zero_unresolved,0.0,zero_unresolved
A25,Limnopolar Lake (Livingston Island),"62º38’59.1""S",61º06’16.9’’W,80.0,100/T,2016,29.0,64,exact,29.0,retained
A25,Limnopolar Lake (Livingston Island),"62º38’59.1""S",61º06’16.9’’W,80.0,100/T,2017,52.0,64,exact,52.0,retained
A25,Limnopolar Lake (Livingston Island),"62º38’59.1""S",61º06’16.9’’W,80.0,100/T,2018,53.0,64,exact,53.0,retained
A25,Limnopolar Lake (Livingston Island),"62º38’59.1""S",61º06’16.9’’W,80.0,100/T,2019,48.0,64,exact,48.0,retained
A25,Limnopolar Lake (Livingston Island),"62º38’59.1""S",61º06’16.9’’W,80.0,100/T,2020,47.0,64,exact,47.0,retained
A25,Limnopolar Lake (Livingston Island),"62º38’59.1""S",61º06’16.9’’W,80.0,100/T,2021,-,64,missing,,missing
A25,Limnopolar Lake (Livingston Island),"62º38’59.1""S",61º06’16.9’’W,80.0,100/T,2022,47.0,64,exact,47.0,retained
A25,Limnopolar Lake (Livingston Island),"62º38’59.1""S",61º06’16.9’’W,80.0,100/T,2023,47.0,64,exact,47.0,retained
A25,Limnopolar Lake (Livingston Island),"62º38’59.1""S",61º06’16.9’’W,80.0,100/T,2024,45.0,64,exact,45.0,retained
A25,Limnopolar Lake (Livingston Island),"62º38’59.1""S",61º06’16.9’’W,80.0,100/T,2025,54.0,64,exact,54.0,retained
A27,James Ross Island (JGM),-63.8012464,-57.8834444,10.0,70/T/G/B2.0,1990,-,65,missing,,missing
A27,James Ross Island (JGM),-63.8012464,-57.8834444,10.0,70/T/G/B2.0,1991,-,65,missing,,missing
A27,James Ross Island (JGM),-63.8012464,-57.8834444,10.0,70/T/G/B2.0,1992,-,65,missing,,missing
A27,James Ross Island (JGM),-63.8012464,-57.8834444,10.0,70/T/G/B2.0,1993,-,65,missing,,missing
A27,James Ross Island (JGM),-63.8012464,-57.8834444,10.0,70/T/G/B2.0,1994,-,65,missing,,missing
A27,James Ross Island (JGM),-63.8012464,-57.8834444,10.0,70/T/G/B2.0,1995,-,65,missing,,missing
A27,James Ross Island (JGM),-63.8012464,-57.8834444,10.0,70/T/G/B2.0,1996,-,65,missing,,missing
A27,James Ross Island (JGM),-63.8012464,-57.8834444,10.0,70/T/G/B2.0,1997,-,65,missing,,missing
A27,James Ross Island (JGM),-63.8012464,-57.8834444,10.0,70/T/G/B2.0,1998,-,65,missing,,missing
A27,James Ross Island (JGM),-63.8012464,-57.8834444,10.0,70/T/G/B2.0,1999,-,65,missing,,missing
A27,James Ross Island (JGM),-63.8012464,-57.8834444,10.0,70/T/G/B2.0,2000,-,65,missing,,missing
A27,James Ross Island (JGM),-63.8012464,-57.8834444,10.0,70/T/G/B2.0,2001,-,65,missing,,missing
A27,James Ross Island (JGM),-63.8012464,-57.8834444,10.0,70/T/G/B2.0,2002,-,65,missing,,missing
A27,James Ross Island (JGM),-63.8012464,-57.8834444,10.0,70/T/G/B2.0,2003,-,65,missing,,missing
A27,James Ross Island (JGM),-63.8012464,-57.8834444,10.0,70/T/G/B2.0,2004,-,65,missing,,missing
A27,James Ross Island (JGM),-63.8012464,-57.8834444,10.0,70/T/G/B2.0,2005,-,65,missing,,missing
A27,James Ross Island (JGM),-63.8012464,-57.8834444,10.0,70/T/G/B2.0,2006,-,65,missing,,missing
A27,James Ross Island (JGM),-63.8012464,-57.8834444,10.0,70/T/G/B2.0,2007,-,65,missing,,missing
A27,James Ross Island (JGM),-63.8012464,-57.8834444,10.0,70/T/G/B2.0,2008,-,65,missing,,missing
A27,James Ross Island (JGM),-63.8012464,-57.8834444,10.0,70/T/G/B2.0,2009,-,65,missing,,missing
A27,James Ross Island (JGM),-63.8012464,-57.8834444,10.0,70/T/G/B2.0,2010,-,65,missing,,missing
A27,James Ross Island (JGM),-63.8012464,-57.8834444,10.0,70/T/G/B2.0,2011,-,65,missing,,missing
A27,James Ross Island (JGM),-63.8012464,-57.8834444,10.0,70/T/G/B2.0,2012,-,65,missing,,missing
A27,James Ross Island (JGM),-63.8012464,-57.8834444,10.0,70/T/G/B2.0,2013,-,65,missing,,missing
A27,James Ross Island (JGM),-63.8012464,-57.8834444,10.0,70/T/G/B2.0,2014,66.0,65,exact,66.0,retained
A27,James Ross Island (JGM),-63.8012464,-57.8834444,10.0,70/T/G/B2.0,2015,78.0,65,exact,78.0,retained
A27,James Ross Island (JGM),-63.8012464,-57.8834444,10.0,70/T/G/B2.0,2016,77.0,65,exact,77.0,retained
A27,James Ross Island (JGM),-63.8012464,-57.8834444,10.0,70/T/G/B2.0,2017,81.0,65,exact,81.0,retained
A27,James Ross Island (JGM),-63.8012464,-57.8834444,10.0,70/T/G/B2.0,2018,72.0,65,exact,72.0,retained
A27,James Ross Island (JGM),-63.8012464,-57.8834444,10.0,70/T/G/B2.0,2019,65.0,65,exact,65.0,retained
A27,James Ross Island (JGM),-63.8012464,-57.8834444,10.0,70/T/G/B2.0,2020,80.0,65,exact,80.0,retained
A27,James Ross Island (JGM),-63.8012464,-57.8834444,10.0,70/T/G/B2.0,2021,81.0,65,exact,81.0,retained
A27,James Ross Island (JGM),-63.8012464,-57.8834444,10.0,70/T/G/B2.0,2022,81.0,65,exact,81.0,retained
A27,James Ross Island (JGM),-63.8012464,-57.8834444,10.0,70/T/G/B2.0,2023,93.0,65,exact,93.0,retained
A27,James Ross Island (JGM),-63.8012464,-57.8834444,10.0,70/T/G/B2.0,2024,84.0,65,exact,84.0,retained
A27,James Ross Island (JGM),-63.8012464,-57.8834444,10.0,70/T/G/B2.0,2025,80.0,65,exact,80.0,retained
A28,James Ross Island (Berry Hill),-63.802571891,-57.83848112,60.0,50/T/B0.9,1990,-,66,missing,,missing
A28,James Ross Island (Berry Hill),-63.802571891,-57.83848112,60.0,50/T/B0.9,1991,-,66,missing,,missing
A28,James Ross Island (Berry Hill),-63.802571891,-57.83848112,60.0,50/T/B0.9,1992,-,66,missing,,missing
A28,James Ross Island (Berry Hill),-63.802571891,-57.83848112,60.0,50/T/B0.9,1993,-,66,missing,,missing
A28,James Ross Island (Berry Hill),-63.802571891,-57.83848112,60.0,50/T/B0.9,1994,-,66,missing,,missing
A28,James Ross Island (Berry Hill),-63.802571891,-57.83848112,60.0,50/T/B0.9,1995,-,66,missing,,missing
A28,James Ross Island (Berry Hill),-63.802571891,-57.83848112,60.0,50/T/B0.9,1996,-,66,missing,,missing
A28,James Ross Island (Berry Hill),-63.802571891,-57.83848112,60.0,50/T/B0.9,1997,-,66,missing,,missing
A28,James Ross Island (Berry Hill),-63.802571891,-57.83848112,60.0,50/T/B0.9,1998,-,66,missing,,missing
A28,James Ross Island (Berry Hill),-63.802571891,-57.83848112,60.0,50/T/B0.9,1999,-,66,missing,,missing
A28,James Ross Island (Berry Hill),-63.802571891,-57.83848112,60.0,50/T/B0.9,2000,-,66,missing,,missing
A28,James Ross Island (Berry Hill),-63.802571891,-57.83848112,60.0,50/T/B0.9,2001,-,66,missing,,missing
A28,James Ross Island (Berry Hill),-63.802571891,-57.83848112,60.0,50/T/B0.9,2002,-,66,missing,,missing
A28,James Ross Island (Berry Hill),-63.802571891,-57.83848112,60.0,50/T/B0.9,2003,-,66,missing,,missing
A28,James Ross Island (Berry Hill),-63.802571891,-57.83848112,60.0,50/T/B0.9,2004,-,66,missing,,missing
A28,James Ross Island (Berry Hill),-63.802571891,-57.83848112,60.0,50/T/B0.9,2005,-,66,missing,,missing
A28,James Ross Island (Berry Hill),-63.802571891,-57.83848112,60.0,50/T/B0.9,2006,-,66,missing,,missing
A28,James Ross Island (Berry Hill),-63.802571891,-57.83848112,60.0,50/T/B0.9,2007,-,66,missing,,missing
A28,James Ross Island (Berry Hill),-63.802571891,-57.83848112,60.0,50/T/B0.9,2008,-,66,missing,,missing
A28,James Ross Island (Berry Hill),-63.802571891,-57.83848112,60.0,50/T/B0.9,2009,-,66,missing,,missing
A28,James Ross Island (Berry Hill),-63.802571891,-57.83848112,60.0,50/T/B0.9,2010,-,66,missing,,missing
A28,James Ross Island (Berry Hill),-63.802571891,-57.83848112,60.0,50/T/B0.9,2011,83.0,66,exact,83.0,retained
A28,James Ross Island (Berry Hill),-63.802571891,-57.83848112,60.0,50/T/B0.9,2012,90.0,66,exact,90.0,retained
A28,James Ross Island (Berry Hill),-63.802571891,-57.83848112,60.0,50/T/B0.9,2013,86.0,66,exact,86.0,retained
A28,James Ross Island (Berry Hill),-63.802571891,-57.83848112,60.0,50/T/B0.9,2014,86.0,66,exact,86.0,retained
A28,James Ross Island (Berry Hill),-63.802571891,-57.83848112,60.0,50/T/B0.9,2015,92.0,66,exact,92.0,retained
A28,James Ross Island (Berry Hill),-63.802571891,-57.83848112,60.0,50/T/B0.9,2016,93.0,66,exact,93.0,retained
A28,James Ross Island (Berry Hill),-63.802571891,-57.83848112,60.0,50/T/B0.9,2017,85.0,66,exact,85.0,retained
A28,James Ross Island (Berry Hill),-63.802571891,-57.83848112,60.0,50/T/B0.9,2018,84.0,66,exact,84.0,retained
A28,James Ross Island (Berry Hill),-63.802571891,-57.83848112,60.0,50/T/B0.9,2019,83.0,66,exact,83.0,retained
A28,James Ross Island (Berry Hill),-63.802571891,-57.83848112,60.0,50/T/B0.9,2020,88.0,66,exact,88.0,retained
A28,James Ross Island (Berry Hill),-63.802571891,-57.83848112,60.0,50/T/B0.9,2021,97.0,66,exact,97.0,retained
A28,James Ross Island (Berry Hill),-63.802571891,-57.83848112,60.0,50/T/B0.9,2022,98.0,66,exact,98.0,retained
A28,James Ross Island (Berry Hill),-63.802571891,-57.83848112,60.0,50/T/B0.9,2023,98.0,66,exact,98.0,retained
A28,James Ross Island (Berry Hill),-63.802571891,-57.83848112,60.0,50/T/B0.9,2024,91.4405235767517,66,exact,91.4405235767517,retained
A28,James Ross Island (Berry Hill),-63.802571891,-57.83848112,60.0,50/T/B0.9,2025,94.4498590825775,66,exact,94.4498590825775,retained
A34,Abernethy Flats,-63.881389,-57.934722,40.0,70/T/B,1990,,67,missing,,missing
A34,Abernethy Flats,-63.881389,-57.934722,40.0,70/T/B,1991,,67,missing,,missing
A34,Abernethy Flats,-63.881389,-57.934722,40.0,70/T/B,1992,,67,missing,,missing
A34,Abernethy Flats,-63.881389,-57.934722,40.0,70/T/B,1993,,67,missing,,missing
A34,Abernethy Flats,-63.881389,-57.934722,40.0,70/T/B,1994,,67,missing,,missing
A34,Abernethy Flats,-63.881389,-57.934722,40.0,70/T/B,1995,,67,missing,,missing
A34,Abernethy Flats,-63.881389,-57.934722,40.0,70/T/B,1996,,67,missing,,missing
A34,Abernethy Flats,-63.881389,-57.934722,40.0,70/T/B,1997,,67,missing,,missing
A34,Abernethy Flats,-63.881389,-57.934722,40.0,70/T/B,1998,,67,missing,,missing
A34,Abernethy Flats,-63.881389,-57.934722,40.0,70/T/B,1999,,67,missing,,missing
A34,Abernethy Flats,-63.881389,-57.934722,40.0,70/T/B,2000,,67,missing,,missing
A34,Abernethy Flats,-63.881389,-57.934722,40.0,70/T/B,2001,,67,missing,,missing
A34,Abernethy Flats,-63.881389,-57.934722,40.0,70/T/B,2002,,67,missing,,missing
A34,Abernethy Flats,-63.881389,-57.934722,40.0,70/T/B,2003,,67,missing,,missing
A34,Abernethy Flats,-63.881389,-57.934722,40.0,70/T/B,2004,,67,missing,,missing
A34,Abernethy Flats,-63.881389,-57.934722,40.0,70/T/B,2005,,67,missing,,missing
A34,Abernethy Flats,-63.881389,-57.934722,40.0,70/T/B,2006,,67,missing,,missing
A34,Abernethy Flats,-63.881389,-57.934722,40.0,70/T/B,2007,,67,missing,,missing
A34,Abernethy Flats,-63.881389,-57.934722,40.0,70/T/B,2008,,67,missing,,missing
A34,Abernethy Flats,-63.881389,-57.934722,40.0,70/T/B,2009,,67,missing,,missing
A34,Abernethy Flats,-63.881389,-57.934722,40.0,70/T/B,2010,,67,missing,,missing
A34,Abernethy Flats,-63.881389,-57.934722,40.0,70/T/B,2011,,67,missing,,missing
A34,Abernethy Flats,-63.881389,-57.934722,40.0,70/T/B,2012,65.0,67,exact,65.0,retained
A34,Abernethy Flats,-63.881389,-57.934722,40.0,70/T/B,2013,58.0,67,exact,58.0,retained
A34,Abernethy Flats,-63.881389,-57.934722,40.0,70/T/B,2014,54.0,67,exact,54.0,retained
A34,Abernethy Flats,-63.881389,-57.934722,40.0,70/T/B,2015,66.0,67,exact,66.0,retained
A34,Abernethy Flats,-63.881389,-57.934722,40.0,70/T/B,2016,68.0,67,exact,68.0,retained
A34,Abernethy Flats,-63.881389,-57.934722,40.0,70/T/B,2017,69.0,67,exact,69.0,retained
A34,Abernethy Flats,-63.881389,-57.934722,40.0,70/T/B,2018,63.0,67,exact,63.0,retained
A34,Abernethy Flats,-63.881389,-57.934722,40.0,70/T/B,2019,62.0,67,exact,62.0,retained
A34,Abernethy Flats,-63.881389,-57.934722,40.0,70/T/B,2020,77.0,67,exact,77.0,retained
A34,Abernethy Flats,-63.881389,-57.934722,40.0,70/T/B,2021,87.0,67,exact,87.0,retained
A34,Abernethy Flats,-63.881389,-57.934722,40.0,70/T/B,2022,93.0,67,exact,93.0,retained
A34,Abernethy Flats,-63.881389,-57.934722,40.0,70/T/B,2023,99.1970325114554,67,exact,99.1970325114554,retained
A34,Abernethy Flats,-63.881389,-57.934722,40.0,70/T/B,2024,93.7939144495076,67,exact,93.7939144495076,retained
A34,Abernethy Flats,-63.881389,-57.934722,40.0,70/T/B,2025,80.7177408121159,67,exact,80.7177408121159,retained
A20,Vasa,73 02'S ,13 26'W,450.0,,1990,-,71,missing,,missing
A20,Vasa,73 02'S ,13 26'W,450.0,,1991,-,71,missing,,missing
A20,Vasa,73 02'S ,13 26'W,450.0,,1992,-,71,missing,,missing
A20,Vasa,73 02'S ,13 26'W,450.0,,1993,-,71,missing,,missing
A20,Vasa,73 02'S ,13 26'W,450.0,,1994,-,71,missing,,missing
A20,Vasa,73 02'S ,13 26'W,450.0,,1995,-,71,missing,,missing
A20,Vasa,73 02'S ,13 26'W,450.0,,1996,-,71,missing,,missing
A20,Vasa,73 02'S ,13 26'W,450.0,,1997,-,71,missing,,missing
A20,Vasa,73 02'S ,13 26'W,450.0,,1998,-,71,missing,,missing
A20,Vasa,73 02'S ,13 26'W,450.0,,1999,-,71,missing,,missing
A20,Vasa,73 02'S ,13 26'W,450.0,,2000,-,71,missing,,missing
A20,Vasa,73 02'S ,13 26'W,450.0,,2001,-,71,missing,,missing
A20,Vasa,73 02'S ,13 26'W,450.0,,2002,-,71,missing,,missing
A20,Vasa,73 02'S ,13 26'W,450.0,,2003,-,71,missing,,missing
A20,Vasa,73 02'S ,13 26'W,450.0,,2004,-,71,missing,,missing
A20,Vasa,73 02'S ,13 26'W,450.0,,2005,-,71,missing,,missing
A20,Vasa,73 02'S ,13 26'W,450.0,,2006,-,71,missing,,missing
A20,Vasa,73 02'S ,13 26'W,450.0,,2007,-,71,missing,,missing
A20,Vasa,73 02'S ,13 26'W,450.0,,2008,-,71,missing,,missing
A20,Vasa,73 02'S ,13 26'W,450.0,,2009,-,71,missing,,missing
A20,Vasa,73 02'S ,13 26'W,450.0,,2010,-,71,missing,,missing
A20,Vasa,73 02'S ,13 26'W,450.0,,2011,-,71,missing,,missing
A20,Vasa,73 02'S ,13 26'W,450.0,,2012,-,71,missing,,missing
A20,Vasa,73 02'S ,13 26'W,450.0,,2013,-,71,missing,,missing
A20,Vasa,73 02'S ,13 26'W,450.0,,2014,-,71,missing,,missing
A20,Vasa,73 02'S ,13 26'W,450.0,,2015,-,71,missing,,missing
A20,Vasa,73 02'S ,13 26'W,450.0,,2016,-,71,missing,,missing
A20,Vasa,73 02'S ,13 26'W,450.0,,2017,-,71,missing,,missing
A20,Vasa,73 02'S ,13 26'W,450.0,,2018,-,71,missing,,missing
A20,Vasa,73 02'S ,13 26'W,450.0,,2019,-,71,missing,,missing
A20,Vasa,73 02'S ,13 26'W,450.0,,2020,-,71,missing,,missing
A20,Vasa,73 02'S ,13 26'W,450.0,,2021,-,71,missing,,missing
A20,Vasa,73 02'S ,13 26'W,450.0,,2022,-,71,missing,,missing
A20,Vasa,73 02'S ,13 26'W,450.0,,2023,-,71,missing,,missing
A20,Vasa,73 02'S ,13 26'W,450.0,,2024,-,71,missing,,missing
A20,Vasa,73 02'S ,13 26'W,450.0,,2025,-,71,missing,,missing
A21,Svea,74 34'S,11 13'W,1286.0,,1990,-,72,missing,,missing
A21,Svea,74 34'S,11 13'W,1286.0,,1991,-,72,missing,,missing
A21,Svea,74 34'S,11 13'W,1286.0,,1992,-,72,missing,,missing
A21,Svea,74 34'S,11 13'W,1286.0,,1993,-,72,missing,,missing
A21,Svea,74 34'S,11 13'W,1286.0,,1994,-,72,missing,,missing
A21,Svea,74 34'S,11 13'W,1286.0,,1995,-,72,missing,,missing
A21,Svea,74 34'S,11 13'W,1286.0,,1996,-,72,missing,,missing
A21,Svea,74 34'S,11 13'W,1286.0,,1997,-,72,missing,,missing
A21,Svea,74 34'S,11 13'W,1286.0,,1998,-,72,missing,,missing
A21,Svea,74 34'S,11 13'W,1286.0,,1999,-,72,missing,,missing
A21,Svea,74 34'S,11 13'W,1286.0,,2000,-,72,missing,,missing
A21,Svea,74 34'S,11 13'W,1286.0,,2001,-,72,missing,,missing
A21,Svea,74 34'S,11 13'W,1286.0,,2002,-,72,missing,,missing
A21,Svea,74 34'S,11 13'W,1286.0,,2003,-,72,missing,,missing
A21,Svea,74 34'S,11 13'W,1286.0,,2004,-,72,missing,,missing
A21,Svea,74 34'S,11 13'W,1286.0,,2005,-,72,missing,,missing
A21,Svea,74 34'S,11 13'W,1286.0,,2006,-,72,missing,,missing
A21,Svea,74 34'S,11 13'W,1286.0,,2007,-,72,missing,,missing
A21,Svea,74 34'S,11 13'W,1286.0,,2008,-,72,missing,,missing
A21,Svea,74 34'S,11 13'W,1286.0,,2009,-,72,missing,,missing
A21,Svea,74 34'S,11 13'W,1286.0,,2010,-,72,missing,,missing
A21,Svea,74 34'S,11 13'W,1286.0,,2011,-,72,missing,,missing
A21,Svea,74 34'S,11 13'W,1286.0,,2012,-,72,missing,,missing
A21,Svea,74 34'S,11 13'W,1286.0,,2013,-,72,missing,,missing
A21,Svea,74 34'S,11 13'W,1286.0,,2014,-,72,missing,,missing
A21,Svea,74 34'S,11 13'W,1286.0,,2015,-,72,missing,,missing
A21,Svea,74 34'S,11 13'W,1286.0,,2016,-,72,missing,,missing
A21,Svea,74 34'S,11 13'W,1286.0,,2017,-,72,missing,,missing
A21,Svea,74 34'S,11 13'W,1286.0,,2018,-,72,missing,,missing
A21,Svea,74 34'S,11 13'W,1286.0,,2019,-,72,missing,,missing
A21,Svea,74 34'S,11 13'W,1286.0,,2020,-,72,missing,,missing
A21,Svea,74 34'S,11 13'W,1286.0,,2021,-,72,missing,,missing
A21,Svea,74 34'S,11 13'W,1286.0,,2022,-,72,missing,,missing
A21,Svea,74 34'S,11 13'W,1286.0,,2023,-,72,missing,,missing
A21,Svea,74 34'S,11 13'W,1286.0,,2024,-,72,missing,,missing
A21,Svea,74 34'S,11 13'W,1286.0,,2025,-,72,missing,,missing
A22,Fossilbryggen,73 24'S,13 02'W,550.0,,1990,-,73,missing,,missing
A22,Fossilbryggen,73 24'S,13 02'W,550.0,,1991,-,73,missing,,missing
A22,Fossilbryggen,73 24'S,13 02'W,550.0,,1992,-,73,missing,,missing
A22,Fossilbryggen,73 24'S,13 02'W,550.0,,1993,-,73,missing,,missing
A22,Fossilbryggen,73 24'S,13 02'W,550.0,,1994,-,73,missing,,missing
A22,Fossilbryggen,73 24'S,13 02'W,550.0,,1995,-,73,missing,,missing
A22,Fossilbryggen,73 24'S,13 02'W,550.0,,1996,-,73,missing,,missing
A22,Fossilbryggen,73 24'S,13 02'W,550.0,,1997,-,73,missing,,missing
A22,Fossilbryggen,73 24'S,13 02'W,550.0,,1998,-,73,missing,,missing
A22,Fossilbryggen,73 24'S,13 02'W,550.0,,1999,-,73,missing,,missing
A22,Fossilbryggen,73 24'S,13 02'W,550.0,,2000,-,73,missing,,missing
A22,Fossilbryggen,73 24'S,13 02'W,550.0,,2001,-,73,missing,,missing
A22,Fossilbryggen,73 24'S,13 02'W,550.0,,2002,-,73,missing,,missing
A22,Fossilbryggen,73 24'S,13 02'W,550.0,,2003,-,73,missing,,missing
A22,Fossilbryggen,73 24'S,13 02'W,550.0,,2004,-,73,missing,,missing
A22,Fossilbryggen,73 24'S,13 02'W,550.0,,2005,-,73,missing,,missing
A22,Fossilbryggen,73 24'S,13 02'W,550.0,,2006,-,73,missing,,missing
A22,Fossilbryggen,73 24'S,13 02'W,550.0,,2007,-,73,missing,,missing
A22,Fossilbryggen,73 24'S,13 02'W,550.0,,2008,-,73,missing,,missing
A22,Fossilbryggen,73 24'S,13 02'W,550.0,,2009,-,73,missing,,missing
A22,Fossilbryggen,73 24'S,13 02'W,550.0,,2010,-,73,missing,,missing
A22,Fossilbryggen,73 24'S,13 02'W,550.0,,2011,-,73,missing,,missing
A22,Fossilbryggen,73 24'S,13 02'W,550.0,,2012,-,73,missing,,missing
A22,Fossilbryggen,73 24'S,13 02'W,550.0,,2013,-,73,missing,,missing
A22,Fossilbryggen,73 24'S,13 02'W,550.0,,2014,-,73,missing,,missing
A22,Fossilbryggen,73 24'S,13 02'W,550.0,,2015,-,73,missing,,missing
A22,Fossilbryggen,73 24'S,13 02'W,550.0,,2016,-,73,missing,,missing
A22,Fossilbryggen,73 24'S,13 02'W,550.0,,2017,-,73,missing,,missing
A22,Fossilbryggen,73 24'S,13 02'W,550.0,,2018,-,73,missing,,missing
A22,Fossilbryggen,73 24'S,13 02'W,550.0,,2019,-,73,missing,,missing
A22,Fossilbryggen,73 24'S,13 02'W,550.0,,2020,-,73,missing,,missing
A22,Fossilbryggen,73 24'S,13 02'W,550.0,,2021,-,73,missing,,missing
A22,Fossilbryggen,73 24'S,13 02'W,550.0,,2022,-,73,missing,,missing
A22,Fossilbryggen,73 24'S,13 02'W,550.0,,2023,-,73,missing,,missing
A22,Fossilbryggen,73 24'S,13 02'W,550.0,,2024,-,73,missing,,missing
A22,Fossilbryggen,73 24'S,13 02'W,550.0,,2025,-,73,missing,,missing
A23,Larseman Hills Progress ,69.24.14S,76.20.36E,90.0,T/100,1990,-,77,missing,,missing
A23,Larseman Hills Progress ,69.24.14S,76.20.36E,90.0,T/100,1991,-,77,missing,,missing
A23,Larseman Hills Progress ,69.24.14S,76.20.36E,90.0,T/100,1992,-,77,missing,,missing
A23,Larseman Hills Progress ,69.24.14S,76.20.36E,90.0,T/100,1993,-,77,missing,,missing
A23,Larseman Hills Progress ,69.24.14S,76.20.36E,90.0,T/100,1994,-,77,missing,,missing
A23,Larseman Hills Progress ,69.24.14S,76.20.36E,90.0,T/100,1995,-,77,missing,,missing
A23,Larseman Hills Progress ,69.24.14S,76.20.36E,90.0,T/100,1996,-,77,missing,,missing
A23,Larseman Hills Progress ,69.24.14S,76.20.36E,90.0,T/100,1997,-,77,missing,,missing
A23,Larseman Hills Progress ,69.24.14S,76.20.36E,90.0,T/100,1998,-,77,missing,,missing
A23,Larseman Hills Progress ,69.24.14S,76.20.36E,90.0,T/100,1999,-,77,missing,,missing
A23,Larseman Hills Progress ,69.24.14S,76.20.36E,90.0,T/100,2000,-,77,missing,,missing
A23,Larseman Hills Progress ,69.24.14S,76.20.36E,90.0,T/100,2001,-,77,missing,,missing
A23,Larseman Hills Progress ,69.24.14S,76.20.36E,90.0,T/100,2002,-,77,missing,,missing
A23,Larseman Hills Progress ,69.24.14S,76.20.36E,90.0,T/100,2003,-,77,missing,,missing
A23,Larseman Hills Progress ,69.24.14S,76.20.36E,90.0,T/100,2004,-,77,missing,,missing
A23,Larseman Hills Progress ,69.24.14S,76.20.36E,90.0,T/100,2005,-,77,missing,,missing
A23,Larseman Hills Progress ,69.24.14S,76.20.36E,90.0,T/100,2006,-,77,missing,,missing
A23,Larseman Hills Progress ,69.24.14S,76.20.36E,90.0,T/100,2007,-,77,missing,,missing
A23,Larseman Hills Progress ,69.24.14S,76.20.36E,90.0,T/100,2008,72.0,77,exact,72.0,retained
A23,Larseman Hills Progress ,69.24.14S,76.20.36E,90.0,T/100,2009,-,77,missing,,missing
A23,Larseman Hills Progress ,69.24.14S,76.20.36E,90.0,T/100,2010,73.0,77,exact,73.0,retained
A23,Larseman Hills Progress ,69.24.14S,76.20.36E,90.0,T/100,2011,61.0,77,exact,61.0,retained
A23,Larseman Hills Progress ,69.24.14S,76.20.36E,90.0,T/100,2012,-,77,missing,,missing
A23,Larseman Hills Progress ,69.24.14S,76.20.36E,90.0,T/100,2013,-,77,missing,,missing
A23,Larseman Hills Progress ,69.24.14S,76.20.36E,90.0,T/100,2014,-,77,missing,,missing
A23,Larseman Hills Progress ,69.24.14S,76.20.36E,90.0,T/100,2015,85.0,77,exact,85.0,retained
A23,Larseman Hills Progress ,69.24.14S,76.20.36E,90.0,T/100,2016,-,77,missing,,missing
A23,Larseman Hills Progress ,69.24.14S,76.20.36E,90.0,T/100,2017,85.0,77,exact,85.0,retained
A23,Larseman Hills Progress ,69.24.14S,76.20.36E,90.0,T/100,2018,-,77,missing,,missing
A23,Larseman Hills Progress ,69.24.14S,76.20.36E,90.0,T/100,2019,61.0,77,exact,61.0,retained
A23,Larseman Hills Progress ,69.24.14S,76.20.36E,90.0,T/100,2020,62.0,77,exact,62.0,retained
A23,Larseman Hills Progress ,69.24.14S,76.20.36E,90.0,T/100,2021,-,77,missing,,missing
A23,Larseman Hills Progress ,69.24.14S,76.20.36E,90.0,T/100,2022,-,77,missing,,missing
A23,Larseman Hills Progress ,69.24.14S,76.20.36E,90.0,T/100,2023,-,77,missing,,missing
A23,Larseman Hills Progress ,69.24.14S,76.20.36E,90.0,T/100,2024,-,77,missing,,missing
A23,Larseman Hills Progress ,69.24.14S,76.20.36E,90.0,T/100,2025,-,77,missing,,missing
A24,Schumacher Oasis Novolazarevskaya,70.46.26S,11.47.76E,94.0,100.0,1990,-,78,missing,,missing
A24,Schumacher Oasis Novolazarevskaya,70.46.26S,11.47.76E,94.0,100.0,1991,-,78,missing,,missing
A24,Schumacher Oasis Novolazarevskaya,70.46.26S,11.47.76E,94.0,100.0,1992,-,78,missing,,missing
A24,Schumacher Oasis Novolazarevskaya,70.46.26S,11.47.76E,94.0,100.0,1993,-,78,missing,,missing
A24,Schumacher Oasis Novolazarevskaya,70.46.26S,11.47.76E,94.0,100.0,1994,-,78,missing,,missing
A24,Schumacher Oasis Novolazarevskaya,70.46.26S,11.47.76E,94.0,100.0,1995,-,78,missing,,missing
A24,Schumacher Oasis Novolazarevskaya,70.46.26S,11.47.76E,94.0,100.0,1996,-,78,missing,,missing
A24,Schumacher Oasis Novolazarevskaya,70.46.26S,11.47.76E,94.0,100.0,1997,-,78,missing,,missing
A24,Schumacher Oasis Novolazarevskaya,70.46.26S,11.47.76E,94.0,100.0,1998,-,78,missing,,missing
A24,Schumacher Oasis Novolazarevskaya,70.46.26S,11.47.76E,94.0,100.0,1999,-,78,missing,,missing
A24,Schumacher Oasis Novolazarevskaya,70.46.26S,11.47.76E,94.0,100.0,2000,-,78,missing,,missing
A24,Schumacher Oasis Novolazarevskaya,70.46.26S,11.47.76E,94.0,100.0,2001,-,78,missing,,missing
A24,Schumacher Oasis Novolazarevskaya,70.46.26S,11.47.76E,94.0,100.0,2002,-,78,missing,,missing
A24,Schumacher Oasis Novolazarevskaya,70.46.26S,11.47.76E,94.0,100.0,2003,-,78,missing,,missing
A24,Schumacher Oasis Novolazarevskaya,70.46.26S,11.47.76E,94.0,100.0,2004,-,78,missing,,missing
A24,Schumacher Oasis Novolazarevskaya,70.46.26S,11.47.76E,94.0,100.0,2005,-,78,missing,,missing
A24,Schumacher Oasis Novolazarevskaya,70.46.26S,11.47.76E,94.0,100.0,2006,-,78,missing,,missing
A24,Schumacher Oasis Novolazarevskaya,70.46.26S,11.47.76E,94.0,100.0,2007,-,78,missing,,missing
A24,Schumacher Oasis Novolazarevskaya,70.46.26S,11.47.76E,94.0,100.0,2008,72.0,78,exact,72.0,retained
A24,Schumacher Oasis Novolazarevskaya,70.46.26S,11.47.76E,94.0,100.0,2009,-,78,missing,,missing
A24,Schumacher Oasis Novolazarevskaya,70.46.26S,11.47.76E,94.0,100.0,2010,67.0,78,exact,67.0,retained
A24,Schumacher Oasis Novolazarevskaya,70.46.26S,11.47.76E,94.0,100.0,2011,71.0,78,exact,71.0,retained
A24,Schumacher Oasis Novolazarevskaya,70.46.26S,11.47.76E,94.0,100.0,2012,81.0,78,exact,81.0,retained
A24,Schumacher Oasis Novolazarevskaya,70.46.26S,11.47.76E,94.0,100.0,2013,88.0,78,exact,88.0,retained
A24,Schumacher Oasis Novolazarevskaya,70.46.26S,11.47.76E,94.0,100.0,2014,89.0,78,exact,89.0,retained
A24,Schumacher Oasis Novolazarevskaya,70.46.26S,11.47.76E,94.0,100.0,2015,89.0,78,exact,89.0,retained
A24,Schumacher Oasis Novolazarevskaya,70.46.26S,11.47.76E,94.0,100.0,2016,-,78,missing,,missing
A24,Schumacher Oasis Novolazarevskaya,70.46.26S,11.47.76E,94.0,100.0,2017,92.0,78,exact,92.0,retained
A24,Schumacher Oasis Novolazarevskaya,70.46.26S,11.47.76E,94.0,100.0,2018,89.0,78,exact,89.0,retained
A24,Schumacher Oasis Novolazarevskaya,70.46.26S,11.47.76E,94.0,100.0,2019,-,78,missing,,missing
A24,Schumacher Oasis Novolazarevskaya,70.46.26S,11.47.76E,94.0,100.0,2020,-,78,missing,,missing
A24,Schumacher Oasis Novolazarevskaya,70.46.26S,11.47.76E,94.0,100.0,2021,-,78,missing,,missing
A24,Schumacher Oasis Novolazarevskaya,70.46.26S,11.47.76E,94.0,100.0,2022,-,78,missing,,missing
A24,Schumacher Oasis Novolazarevskaya,70.46.26S,11.47.76E,94.0,100.0,2023,-,78,missing,,missing
A24,Schumacher Oasis Novolazarevskaya,70.46.26S,11.47.76E,94.0,100.0,2024,-,78,missing,,missing
A24,Schumacher Oasis Novolazarevskaya,70.46.26S,11.47.76E,94.0,100.0,2025,-,78,missing,,missing
A29,Molodyozhnaya,67.66S,45.86W,26.0,100.0,1990,-,79,missing,,missing
A29,Molodyozhnaya,67.66S,45.86W,26.0,100.0,1991,-,79,missing,,missing
A29,Molodyozhnaya,67.66S,45.86W,26.0,100.0,1992,-,79,missing,,missing
A29,Molodyozhnaya,67.66S,45.86W,26.0,100.0,1993,-,79,missing,,missing
A29,Molodyozhnaya,67.66S,45.86W,26.0,100.0,1994,-,79,missing,,missing
A29,Molodyozhnaya,67.66S,45.86W,26.0,100.0,1995,-,79,missing,,missing
A29,Molodyozhnaya,67.66S,45.86W,26.0,100.0,1996,-,79,missing,,missing
A29,Molodyozhnaya,67.66S,45.86W,26.0,100.0,1997,-,79,missing,,missing
A29,Molodyozhnaya,67.66S,45.86W,26.0,100.0,1998,-,79,missing,,missing
A29,Molodyozhnaya,67.66S,45.86W,26.0,100.0,1999,-,79,missing,,missing
A29,Molodyozhnaya,67.66S,45.86W,26.0,100.0,2000,-,79,missing,,missing
A29,Molodyozhnaya,67.66S,45.86W,26.0,100.0,2001,-,79,missing,,missing
A29,Molodyozhnaya,67.66S,45.86W,26.0,100.0,2002,-,79,missing,,missing
A29,Molodyozhnaya,67.66S,45.86W,26.0,100.0,2003,-,79,missing,,missing
A29,Molodyozhnaya,67.66S,45.86W,26.0,100.0,2004,-,79,missing,,missing
A29,Molodyozhnaya,67.66S,45.86W,26.0,100.0,2005,-,79,missing,,missing
A29,Molodyozhnaya,67.66S,45.86W,26.0,100.0,2006,-,79,missing,,missing
A29,Molodyozhnaya,67.66S,45.86W,26.0,100.0,2007,-,79,missing,,missing
A29,Molodyozhnaya,67.66S,45.86W,26.0,100.0,2008,-,79,missing,,missing
A29,Molodyozhnaya,67.66S,45.86W,26.0,100.0,2009,-,79,missing,,missing
A29,Molodyozhnaya,67.66S,45.86W,26.0,100.0,2010,-,79,missing,,missing
A29,Molodyozhnaya,67.66S,45.86W,26.0,100.0,2011,-,79,missing,,missing
A29,Molodyozhnaya,67.66S,45.86W,26.0,100.0,2012,66.0,79,exact,66.0,retained
A29,Molodyozhnaya,67.66S,45.86W,26.0,100.0,2013,75.0,79,exact,75.0,retained
A29,Molodyozhnaya,67.66S,45.86W,26.0,100.0,2014,-,79,missing,,missing
A29,Molodyozhnaya,67.66S,45.86W,26.0,100.0,2015,58.0,79,exact,58.0,retained
A29,Molodyozhnaya,67.66S,45.86W,26.0,100.0,2016,-,79,missing,,missing
A29,Molodyozhnaya,67.66S,45.86W,26.0,100.0,2017,-,79,missing,,missing
A29,Molodyozhnaya,67.66S,45.86W,26.0,100.0,2018,-,79,missing,,missing
A29,Molodyozhnaya,67.66S,45.86W,26.0,100.0,2019,50.0,79,exact,50.0,retained
A29,Molodyozhnaya,67.66S,45.86W,26.0,100.0,2020,51.0,79,exact,51.0,retained
A29,Molodyozhnaya,67.66S,45.86W,26.0,100.0,2021,-,79,missing,,missing
A29,Molodyozhnaya,67.66S,45.86W,26.0,100.0,2022,-,79,missing,,missing
A29,Molodyozhnaya,67.66S,45.86W,26.0,100.0,2023,-,79,missing,,missing
A29,Molodyozhnaya,67.66S,45.86W,26.0,100.0,2024,-,79,missing,,missing
A29,Molodyozhnaya,67.66S,45.86W,26.0,100.0,2025,-,79,missing,,missing
