source_directory,processing_script,processed_output,metadata_status,structured_metadata_present,validation_error_count,validation_errors,source_key,release_clearance,permission_basis,original_author,last_substantive_update,manual_steps_required,external_dependencies_required,source_dataset,processing_assumptions,temporal_handling,spatial_handling,manual_steps,known_limitations,external_dependencies,notes
Bakian_Dogaheh_2020,data\Bakian_Dogaheh_2020\process_bakian_dogaheh_2020.py,data\Bakian_Dogaheh_2020\processed_bakian_dogaheh_2020.csv,structured_toml,yes,0,,Bakian_Dogaheh_2020,approved,public_repository_terms,jschwenk + Codex,2026-08-04,no,no,"Bakian-Dogaheh, K.; Chen, R. H.; Moghaddam, M.; Yi, Y.; Tabatabaeenejad, A.
2020. ABoVE: Active Layer Soil Characterization of Permafrost Sites, Northern
Alaska, 2018 (Version 1). ORNL Distributed Active Archive Center.
https://doi.org/10.3334/ORNLDAAC/1759
","Source dates are normalized from mixed MM/DD/YY strings and Excel serial values. || Rows with numeric active-layer thickness are treated as permafrost-present, so pf_observed is fixed to 1 and pf_depth is set equal to thaw_depth. || Eight -9999 rows flagged water are excluded because they contain no active-layer measurement and do not establish permafrost state. || method is set to tp/pit and transect is retained as transect_direction. || The source publishes hundreds of 5 m transect measurements but only six distinguishable coordinate supports; rows are therefore averaged by site/date/coordinate rather than released as hundreds of colocated points.",Per-record dates are preserved after normalization from the source date field.,"Coordinates are read directly from the source CSV without reprojection. || Coordinate-level summaries receive coord_site_level and summary_statistic flags, and retain native counts and contributing transect names.",,"The assumption that all sites are permafrost-present should be revisited if the source dataset is used outside its intended study context. || Water locations without a reported active-layer value are not retained as observations. || Published coordinates do not resolve individual 5 m transect positions, so within-coordinate spatial variability is represented by summary statistics.",,
Barrow_CALM_U1,data\Barrow_CALM_U1\process_barrow_calm_u1.py,data\Barrow_CALM_U1\processed_barrow_calm_u1.csv,structured_toml,yes,0,,Barrow_CALM_U1,approved,public_repository_terms,jschwenk + Codex,2026-08-06,yes,yes,"Brown, J. and Nelson, F. 1998. Active layer and permafrost properties,
including snow depth, soil temperature, and soil moisture, Barrow,
Alaska, Version 1. NSIDC GGD222. National Snow and Ice Data Center.
https://doi.org/10.7265/w3wq-st79
","Only the plot-level thaw-depth summary files named YYplN.dat are ingested into CUSP. || Soil-temperature, soil-moisture, and snow-depth files are excluded because they are related environmental measurements rather than canonical CUSP thaw-depth/permafrost-depth observations. || Each YYplN.dat file is a summary table for one plot; each non-empty date column is emitted as one CUSP observation. || The source does not include individual probe measurements in these files, so CUSP uses the source-provided MEAN thaw depth as thaw_depth and pf_depth. || The source-provided N OF CASES, minimum, maximum, and median are preserved as provenance columns. || All retained thaw-depth summaries are treated as permafrost-present active-layer observations with method = tp. || All rows use the dataset-level coordinate published on the NSIDC landing page because plot-specific coordinates are not present in the ASCII files.","Date columns are parsed from YYMMDD tokens in the source files. || The 1962 files report 620800, which is interpreted as August 1962 with no known day; CUSP records this as 1962-08-01 and flags the date precision as month. || Only those month-precision rows receive the assigned-date and approximate-source-date flags.","The dataset-level NSIDC spatial coverage coordinate is used for every plot/date summary: 71.29058, -156.78872.",Downloaded all files from ftp://sidads.colorado.edu/pub/DATASETS/fgdc/ggd222_activlayer_barrow into raw/.,"The original individual probe points are not available in the downloaded ASCII files; CUSP represents source summary means rather than raw probe observations. || Plot-specific coordinates are not available in the source files. || This source overlaps conceptually with CALM U1, but it provides pre-1990s and early-1990s plot/date thaw-depth summaries that are more detailed than the annual CALM export.",NSIDC DOI: 10.7265/w3wq-st79,
Bonnaventure_Whati,data\Bonnaventure_Whati\process_bonnaventure_whati.py,data\Bonnaventure_Whati\processed_bonnaventure_whati.csv,structured_toml,yes,0,,Bonnaventure_Whati,approved,emailed_approval,jschwenk + Codex,2026-08-04,yes,no,"Ground-truth cryotic-assessment points collected around Whati, Northwest
Territories, in August 2019 and shared by Philip P. Bonnaventure for CUSP.
The observations are described by Daly, Bonnaventure, and Kochtitzky (2022),
doi:10.1002/ppp.2160, and reused by Bonnaventure et al. (2026),
doi:10.1002/ppp.70037. The 2026 paper does not distribute the point file and
instead directs readers to contact the authors for data access.
","The source PF field is carried directly into pf_observed after coordinate and column normalization. || Permafrost-absence rows are assigned obs_limit = 150 cm from the study's conservative cryotic-assessment protocol target; this is not a row-specific measured depth. || The field protocol used soil probes or hammer-drill pilot holes followed by bottom-hole temperature profiles, so method is mapped to temp for the final permafrost classification. || Presence rows have no released frost-table depth and are retained as upper-bounded presence observations. || The available CSV does not identify the 31 published sites whose state used thermal-gradient extrapolation, so model_or_estimate is conservatively attached to every row from this source.","All observations are assigned 2019-08-15, the midpoint of the reported August 2019 field campaign, and receive assigned/approximate-date flags.",X and Y are interpreted as WGS84 longitude and latitude; the original waypoint Name is retained as site_id. || The study reports GPS waypoint averaging with approximately 1-4 m positional accuracy.,The groundTruthLocs.csv file was supplied directly by Philip P. Bonnaventure under emailed permission; CUSP treats it as the field dataset used by the linked publications rather than as a file distributed with either paper.,"The directly shared file is believed to contain the ground-truth observations used in the linked publications, but row-for-row identity cannot be verified from public supplements because the papers do not distribute the point file. || The shared file contains 145 unique points (83 presence and 62 absence), six more absence points than the 139 sites reported in Daly et al. (2022) and Bonnaventure et al. (2026). The row-level reason for that difference is not available. || The shared file omits pilot-hole depth, temperature-gradient classification, and observation-tool fields, so those distinctions cannot be recovered per row. || The assigned 150 cm absence limit is conservative but may differ from actual hole depths, reported in the study as approximately 30-189 cm.",,The source key and directory use the corrected spelling Bonnaventure.
Cable_2017,data\Cable_2017\process_cable_2017.py,data\Cable_2017\processed_cable_2017.csv,structured_toml,yes,0,,Cable_2017,approved,public_repository_terms,jrowland,2026-04-10,no,no,"William Cable & Vladimir Romanovsky. 2017. Network of Permafrost
Observatories in Western Alaska. Arctic Data Center.
doi:10.18739/A23N20D37
","Three borehole records and the network sampling table are harmonized into a single processed output. || Within each site-year group, thaw_depth is set to the deepest profile depth for which all shallower temperature measurements are above 0 C. || A special 3 cm thaw rule is applied: the 25 cm sensor must be present and the qualifying observation must occur after July 1 for that year. || pf_observed is set to 0 if any observation within the annual group has all monitored temperatures above 0 C; otherwise it is set to 1. || Organic thickness for network records is approximated by extracting the largest centimeter value mentioned in soilDescription.","Source dates are parsed from borehole and network files, then observations are aggregated to annual records. || The output date for each annual record is the date associated with the deepest valid thaw observation in that year.","Borehole coordinates are supplied as fixed metadata in the script for Kugurak Cabin, Selawik Thaw Slump, and Selawik Village. || Network coordinates are read directly from the source CSV without reprojection.",,The annualized output discards within-season temperature-profile detail. || org_thick is only available where soilDescription contains a parseable centimeter value.,,
CALM,data\CALM\process_calm.py,data\CALM\processed_calm.csv,structured_toml,yes,0,,CALM,approved,public_repository_terms,jschwenk + Codex,2026-08-04,no,no,"Streletskiy, Dmitry A; CALM; GTN-P; Wieczorek, Mareike; Heim,
Birgit; Bartsch, Annett (2025): GTN-P CALM: 35 years of Active Layer
Thickness (ALT) across latitudinal and elevational gradients in the
Northern Hemisphere [dataset]. PANGAEA.
https://doi.org/10.1594/PANGAEA.972777
","The PANGAEA tab export is parsed directly; the event-level metadata block is used to recover site method details, URIs, location, and elevation. || Rows without a numeric active-layer-depth value are dropped rather than converted to permafrost absence. || Numeric ALD values are treated as direct active-layer-thickness observations with pf_observed = 1 and pf_depth equal to thaw_depth. || ALD values reported with a leading > are treated as lower-bound observations where permafrost was not confirmed within the reported limit; pf_observed is set to 0, obs_limit is set to the reported depth, and thaw_depth/pf_depth are left missing. || ALD values reported with a leading < are treated as upper-bound observations where permafrost was confirmed but the exact thaw depth is not recoverable; pf_observed is set to 1 and the exact thaw_depth/pf_depth are left missing. || ESA CCI validation comments are preserved as provenance and are not used to filter observations. || The CALM Event label is used as site_id because it is stable and unique across the file.","The source reports year-only annual end-of-thaw-season ALT values. || Year-only dates are encoded as September 1 of that year, following the project convention for Northern Hemisphere thaw-season observations without a reported month or day.","Latitude and longitude are read from the data table, which repeats the event coordinates for every annual observation.",,"This PANGAEA file is an annual site-level time-series export, not the individual CALM grid-node raw measurements. || A small number of event metadata records lack a recoverable method detail and are assigned method = unknown.",,The PANGAEA dataset is published under CC BY 4.0.
Chapin_2025,data\Chapin_2025\process_chapin_2025.py,data\Chapin_2025\processed_chapin_2025.csv,structured_toml,yes,0,,Chapin_2025,approved,public_repository_terms,jschwenk + Codex,2026-08-05,no,no,"Chapin, F.S.; Ruess, R.; Bonanza Creek LTER. 2025. Bonanza Creek LTER:
Annual Active Layer Depths from 2002 to Present in the Survey Line Fire near
Fairbanks, Alaska, ver. 26. Environmental Data Initiative.
https://doi.org/10.6073/pasta/b3318a9042025ce80e04ce13abf35898

Chapin, F.S.; Ruess, R.; Bonanza Creek LTER. 2025. Bonanza Creek LTER:
Annual Active Layer Depths from 2004 to Present in the Boundary Fire Fireline
near Fairbanks, Alaska, ver. 27. Environmental Data Initiative.
https://doi.org/10.6073/pasta/39a508640acba64933f5ad5613b744d0
",Boundary Fire and Survey Line Fire annual thaw-depth tables are concatenated into one source product. || thaw_depth is averaged by site and calendar year. || pf_observed is set to 0 only when all flags in a site-year group are N; otherwise it is set to 1. || pf_depth is set equal to the annual mean thaw_depth where pf_observed = 1. || Site coordinates are assigned from the bundled EML metadata through a hardcoded lookup table in the script.,The first measurement date within each site-year group is retained as the representative output date.,Coordinates are not read from the source tables; they are assigned from the script's site_coords lookup using the per-site bounding coordinates in the bundled EML metadata. || The SL1B longitude is -148.2861185 from knb-lter-bnz.240.26.xml; an earlier processor typo duplicated its latitude into the longitude field.,,Annual averaging removes within-year variation in thaw depth. || The hardcoded coordinate lookup should be checked whenever site lists or identifiers change. || Ruess_2025 republishes the same 360 stake measurements for SL1A in 2015-2022 and SL1B in 2015-2024. CUSP retains this dedicated Chapin source and removes all 18 shared site-years from Ruess_2025.,,"The 18 Chapin/Ruess overlap groups have identical dates, stake identifiers, and source depths. Sixteen annual summaries are numerically identical; SL1A 2021 and 2022 differ only because the processors interpret non-Ice rows differently, so the dedicated Chapin product remains authoritative."
Daanen_2017,data\Daanen_2017\process_daanen_2017.py,data\Daanen_2017\processed_daanen_2017.csv,structured_toml,yes,0,,Daanen_2017,approved,public_repository_terms,jschwenk + Codex,2026-08-06,no,no,"Ronald Daanen. (2017). Elevation and permafrost active layer observations near
two creeks in the foothills of the Brooks Range, Alaska, May 2017.
Arctic Data Center. doi:10.18739/A2H708100.
","Only rows with 'no rocks' in Rock_depth [cm] and non-'c.n.p' thaw-depth values are retained. || If the parsed Time field is missing or does not land in 2016, the script assigns a default date of 2016-08-24. || A reported depth of 125 cm is interpreted as reaching the source observation limit without detecting permafrost; it is retained as obs_limit and cleared from canonical thaw_depth. || Assigned dates and assumed absence limits are flagged only on rows where those interpretations apply.",Dates are parsed from the Time field when possible and otherwise default to 2016-08-24.,Lat and Lon are used directly from each creek CSV.,,The script applies a fallback date rather than preserving unknown timing when the Time field is unusable. || method is fixed to tp for all rows.,,
Douglas_Koyukuk_2022,data\Douglas_Koyukuk_2022\process_douglas_koyukuk_2022.py,data\Douglas_Koyukuk_2022\processed_douglas_koyukuk_2022.csv,structured_toml,yes,0,,Douglas_Koyukuk_2022,approved,public_repository_terms,Joel Rowland,2026-04-10,no,no,"Douglas Koyukuk 2022 field observations compiled in
PermafrostMeasurementsDatesFinal.csv for the CUSP release workflow.
",All 2018 rows are dropped from the source table. || Duplicate latitude/longitude locations are collapsed to unique sites and permafrost/thaw-depth values are blanked where repeated visits make the depth ambiguous. || The source Permafrost Y/N field is mapped directly to pf_observed 1/0 and method is forced to tp.,"Dates are reconstructed from the Year, Month, and Day columns.",Latitude and Longitude are used directly from the source CSV without reprojection.,,site_id is currently left blank in the processed output. || Depth_to_permafrost_cm is nulled at locations with repeated observations instead of attempting a multi-visit reconciliation.,,
Ebel_2018,data\Ebel_2018\process_ebel_2018.py,data\Ebel_2018\processed_ebel_2018.csv,structured_toml,yes,0,,Ebel_2018,approved,public_repository_terms,jschwenk + Codex,2026-08-06,no,yes,"Ebel, B.A. 2018. Physical and hydraulic properties at recently burned and
long-unburned boreal forest areas in interior Alaska, USA. U.S. Geological
Survey data release. https://doi.org/10.5066/F7610Z7J
","pf_observed, thaw_depth, and obs_limit are carried directly from the revised source CSV. || Coordinates are reconstructed from Easting/Northing using the per-row EPSG code and then exported in WGS84. || pf_depth is left missing because the source table does not provide a separate permafrost-depth field. || Rows matching Minsley_2017 within 30 m, one campaign day, permafrost state, and depth within 1 cm are removed in favor of the direct thaw-probe release.",Observation dates are preserved directly from the source CSV without additional aggregation.,Rows are split by EPSG:32605 and EPSG:32606 before reprojection to WGS84.,,Two nearby Ebel active-layer measurements differ materially from the nearest Minsley_2017 value and are retained as potentially independent soil-sampling-site observations. || The overlap filter is guarded at nine rows so source revisions cannot silently change the result. || method is exported as unknown because the revised source CSV does not include a reliable observation-tool field.,data/Minsley_2017/processed_minsley_2017.csv is required for source-specific overlap filtering.,
Fisher_2016,data\Fisher_2016\process_fisher_2016.py,data\Fisher_2016\processed_fisher_2016.csv,structured_toml,yes,0,,Fisher_2016,approved,public_repository_terms,jschwenk + Codex,2026-05-22,yes,yes,"Williams, M.; Estop-Aragones, C.; Fisher, J.P.; Murton, J.B.; Phoenix,
G.K.; Hartley, I.P. (2020): Extensive vegetation and soil surveys from
multiple sites in boreal forests of subarctic Canada, 2013-2014.
NERC Environmental Information Data Centre.
https://doi.org/10.5285/36f4e380-d01d-44a7-8321-7a677e6996b2
","Each plot row in Extensive_Vegetation_and_Soil_Data.csv is emitted as one CUSP observation. || The source ALD field is reported in centimeters and is retained in centimeters. || Numeric ALD rows are treated as permafrost-present late-August active-layer/thaw-depth observations, with pf_depth set equal to thaw_depth. || Rows reported as > 150 are treated as lower-bound/no-refusal observations: pf_observed is set to 0, obs_limit is set to 150 cm, and thaw_depth/pf_depth are left missing. || Rows missing plot GPS coordinates are dropped because they cannot be represented as CUSP point observations. || The source documentation states ALD was taken from the bottom of the moss layer; CUSP preserves the reported ALD value rather than adding moss thickness to reinterpret the datum. || Method is set to tp because the documentation describes a graduated stainless-steel rod inserted to refusal, with temperature confirmation of frozen soil.",The source gives campaign years by region/site group rather than plot-level dates. || Whitehorse/Yukon plots (Region = WH) are assigned 2013-08-31. || Yellowknife/Northwest Territories plots (Region = YK) are assigned 2014-08-31.,Plot-level GPS.N and GPS.W coordinates are read directly from the source CSV. || GPS.W is stored as positive west longitude in the source and is converted to negative decimal degrees for CUSP.,Download fisher_2016_data.zip from https://data-package.ceh.ac.uk/data/36f4e380-d01d-44a7-8321-7a677e6996b2.zip and extract the data package under raw/.,"The exact plot measurement day is not reported; late-August representative dates are used. || The source ALD datum is bottom of moss layer rather than moss/vegetation surface, so values may not be directly comparable to thaw depths measured from the ground or moss surface. || No coordinate/year/depth duplicates were found against the current CUSP release within 50 m, but this source is geographically near other Yukon/Northwest Territories datasets.",Dataset DOI: 10.5285/36f4e380-d01d-44a7-8321-7a677e6996b2 || Article DOI: 10.1111/gcb.13248,
Hanston_etal_2024,data\Hanston_etal_2024\process_hanston_etal_2024.py,data\Hanston_etal_2024\processed_hanston_etal_2024.csv,structured_toml,yes,0,,Hanston_etal_2024,approved,public_repository_terms,jschwenk + Codex,2026-08-06,no,no,"Hanston et al. 2024 thaw-depth measurements from Kougarok and Teller compiled
for CUSP release in the Hanston_etal_2024 source directory.
","The source probe length is treated as 130 cm, but thaw-depth values of 120 cm at Teller are classified as non-permafrost because measurements were collected in July before maximum thaw development. || pf_depth is left empty because the measurements were made mid-summer rather than at full seasonal thaw. || The Kougarok and Teller site tables are concatenated after harmonizing the same key columns. || method is set to tp for all rows because the source consists of thaw-probe measurements. || The assumed-state and assumed-limit flags apply only to rows classified as absence by the 119 cm threshold.",Dates are parsed from YYYYMMDD strings in the source CSVs and normalized to calendar dates.,Latitude and Longitude are used directly from each source CSV.,,The pf_observed threshold is a conservative inference based on summer timing rather than a direct permafrost measurement. || obs_limit is fixed to 130 cm for absence rows; their capped reported depth is preserved only as provenance.,,
Hollingsworth_2005,data\Hollingsworth_2005\process_hollingsworth_2005.py,data\Hollingsworth_2005\processed_hollingsworth_2005.csv,structured_toml,yes,0,,Hollingsworth_2005,approved,public_repository_terms,jrowland,2026-04-11,no,no,"Hollingsworth, Teresa Nettleton. 2005. Active layer depths: 150 mature black
spruce sites in interior Alaska (2000-2003). Bonanza Creek LTER -
University of Alaska Fairbanks. BNZ:140.
http://www.lter.uaf.edu/data/data-detail/id/140
doi:10.6073/pasta/2fbece708e6552adb8ba6dcbc817ebb1
","Depth strings are cleaned to numeric values by removing non-numeric characters before aggregation. || Each site-date group is summarized using probe-code counts: I indicates valid permafrost hits, while R and O affect pf_observed and thaw-depth handling. || pf_observed is set to 1 only when I-coded hits outnumber the combined R and O counts. || obs_limit is set to the maximum O-coded depth when present; otherwise it defaults to 130 cm. || method is set to tp for all processed rows.",Per-date records are preserved and summarized within each site-date group rather than aggregated across years.,Coordinates are joined from the separate TKN_SiteCords.csv table without reprojection.,,The interpretation of probe codes is encoded in CUSP-specific aggregation logic and should be revisited if the source code definitions change.,,
Holloway_2019,data\Holloway_2019\process_holloway_2019.py,data\Holloway_2019\processed_holloway_2019.csv,structured_toml,yes,0,,Holloway_2019,approved,published_literature,jschwenk + Codex,2026-08-04,yes,no,"Holloway, Jean E.; Lewkowicz, Antoni G. 2020. Half a century of discontinuous
permafrost persistence and degradation in western Canada. Permafrost and
Periglacial Processes 31(1): 85-96. doi:10.1002/ppp.2017
","The source workbook is split into 1962 and 2018 observation blocks that are processed separately and concatenated at the end. || For 1962 observations, ALT_cm_1962 is treated as pf_depth and copied to thaw_depth where pf_observed = 1. || For 2017-2018 observations, unmarked ALT values are direct frost-table depths; values marked with * are thermal-gradient estimates for source rows classified as Probable. || Permafrost absence is assigned obs_limit = 200 cm because the paper explicitly defines absence as no directly observed or temperature-gradient-predicted frost table within the upper 2 m. || Question marks and placeholder hyphens are treated as missing values. || method is tp for direct frost-table observations, temp for 2017-2018 probable/absence classifications that use thermal profiles, and tp with a method-approximation flag for the historical 1962 classifications.",The September 1962 observations are assigned the representative date 1962-09-15. || The repeat observations span August 2017 and 2018 but cannot be separated row by row in the transcribed table; all are assigned 2018-08-15 and flagged as source-date approximate.,Coordinates are read directly from the source workbook without reprojection.,The source observations were transcribed from a Word-document source into holloway_data.xlsx before this script runs.,Seven probable repeat-survey frost-table depths and the repeat-survey absence classifications rely on linear extrapolation of instantaneous temperature gradients rather than direct contact with frozen ground. || The repeat-survey table combines observations from 2017 and 2018 without a row-level year field. || The 1962 method is mapped approximately to frost probing from the repeat-study description of Brown's comparable field procedure.,,
Jafarov_2016,data\Jafarov_2016\process_jafarov_2016.py,data\Jafarov_2016\processed_jafarov_2016.csv,structured_toml,yes,0,,Jafarov_2016,approved,public_repository_terms,jschwenk + Codex,2026-08-04,no,no,"Jafarov, E.; Parsekian, A.; Schaefer, K.; Liu, L.; Chen, A.; Panda, S.K.;
Zhang, T. 2018. Pre-ABoVE: Active Layer Thickness and Soil Water Content,
Barrow, Alaska, 2013. ORNL DAAC. https://doi.org/10.3334/ORNLDAAC/1355
","The complete level-1 GPR product is read from lvl1_gpr_alt.csv; the high-density comparison table is used only for its mechanical-probe observations because its GPR subset is already represented in the level-1 product. || Probe and GPR active-layer-thickness values are converted from meters to centimeters. || Dense GPR picks are aggregated to one mean observation per occupied 5 m by 5 m UTM cell within site and survey date; probe observations are not spatially aggregated. || All processed observations are treated as permafrost-present, so pf_observed is fixed to 1 and pf_depth is set equal to thaw_depth. || method is set to tp for probe rows and gp for GPR rows.","Official documentation and raw-file names establish that the campaign occurred from 2013-08-10 through 2013-08-15. || The processed source tables do not provide a reliable observation date for every point, so all rows are assigned the representative campaign midpoint 2013-08-12 and carry the date_assigned quality flag.",Probe and GPR coordinates are taken from their respective source tables without source-coordinate interpolation. || GPR aggregation uses a local UTM projection selected independently for each site/date survey unit.,,"Observation day is approximate, but the 2013 thaw year is established by the dataset documentation and raw-file names. || The script assumes all retained observations come from continuous permafrost terrain and therefore does not represent non-permafrost cases. || Moore_et_al_2025 republishes 57,294 native GPR picks and 1,297 probe observations from this source with dates assigned to 2014 or 2018. The Moore processor removes those copies before aggregation and retains Jafarov_2016, whose primary documentation establishes the 2013 thaw year, as the original source.",,
James_2019,data\James_2019\process_james_2019.py,data\James_2019\processed_james_2019.csv,structured_toml,yes,0,,James_2019,approved,public_repository_terms,jschwenk + Codex,2026-08-04,no,no,"James, S.R.; Minsley, B.J.; Waldrop, M.P.; McFarland, J.W.; Manies, K.L.;
Pastick, N.J. 2021. Permafrost characterization at the Alaska Peatland
Experiment (APEX): Geophysical and related field data collected from 2018-2020.
U.S. Geological Survey data release. https://doi.org/10.5066/P90M04ST
","Dates are parsed from YYYYMMDD strings and retained per observation. || Ordinary numeric thaw depths are direct frost-probe detections and are copied to pf_depth with pf_observed = 1. || The documented sentinel 999 means no detection with the 250 cm frost probe; those rows have pf_observed = 0, obs_limit = 250 cm, and empty thaw/pf depths. || Repeated probes sharing an instrument/electrode coordinate, date, and state are averaged because the source reports that individual measurements were taken within 1 m of the published support coordinate. || method is set to tp for all retained rows because the source documentation describes frost-probe measurements.",Original per-observation dates are preserved after parsing from the source CSV. || No annual maximum or date interpolation is applied; every retained row keeps its source observation date.,"Latitude and longitude are carried directly from the source CSV without reprojection. || Published coordinates represent the adjacent seismometer, NMR borehole, or ERT electrode; coordinate-level summaries retain native counts and receive coord_site_level flags.",,,,
James_2020,data\James_2020\process_james_2020.py,data\James_2020\processed_james_2020.csv,structured_toml,yes,0,,James_2020,approved,public_repository_terms,jschwenk + Codex,2026-08-04,no,no,"James, S.R.; Minsley, B.J.; Pastick, N.J.; Sullivan, T.D. 2020. Alaska
permafrost characterization: Geophysical and related field data collected from
2019-2020. U.S. Geological Survey data release.
https://doi.org/10.5066/P9I6VUQV
","ThawDepth sentinel values of 999 and 888 are treated as observation-limit codes and remapped to 200 cm and 120 cm, respectively, before permafrost presence is inferred. || Ordinary numeric thaw depths are treated as permafrost detections at the reported depth, without applying an arbitrary near-surface threshold. || Only source sentinel rows are treated as absence; they retain their interpreted 120 or 200 cm observation limits and have canonical thaw/pf depth cleared. || Dates are cleaned from YYYYMMDD strings after stripping any trailing comma-delimited suffixes. || The final output preserves the processed thaw depth, pf_observed, pf_depth, obs_limit, and source coordinates from the shapefile. || method is set to tp for all retained rows because the source release represents thaw-depth probe observations.",Per-observation dates are preserved after cleanup from the source SampleDate field.,Coordinates are read directly from the source shapefile attributes; the geometry is dropped after tabular export.,,"The meaning of the 999 and 888 thaw-depth sentinels should still be confirmed against the original field protocol; CUSP interprets them as 200 cm and 120 cm observation limits and flags that interpretation. || A non-fatal PROJ/GDAL environment warning has appeared during some rebuilds, even though the shapefile still reads successfully.",,
Jones_2025,data\Jones_2025\process_jones_2025.py,data\Jones_2025\processed_jones_2025.csv,structured_toml,yes,0,,Jones_2025,approved,public_repository_terms,jrowland,2025-07-25,no,no,"Benjamin Jones, Mikhail Kanevskiy, Melissa Ward Jones, Phillip Wilson,
Isaiah Ditmer, Benjamin Gaglioti, Eric Klein, Rodrigo Rangel, Kristi Wallace,
Miriam Jones, Matthew Wooller, and Yuri Shur. (2025). Near-surface permafrost
studies near Bethel and remotely sensing ice wedge networks across the Yukon
Kuskokwim Delta, Alaska 2025. Arctic Data Center. doi:10.18739/A24B2X68B.
",Thaw depths are computed from the difference between ground-surface and top-of-permafrost elevations in the source table. || Rows marked 'greater than probe length' are treated as pf_observed = 0 with thaw_depth and pf_depth left empty. || method is set to tp by default and upgraded to aug when thaw_depth exceeds 150 cm.,"Fixed dates of 2024-10-03 and 2024-10-01 are assigned to the BET-7 and BET-31 transects, respectively.",Latitude and longitude values added by Ben Jones are used directly from the source CSV.,,obs_limit is only recorded for tp rows and remains empty for aug rows. || The processed output is derived from two fixed transect dates rather than per-point timestamps.,,
Jones_Jones_2025,data\Jones_Jones_2025\process_jones_jones_2025.py,data\Jones_Jones_2025\processed_jones_jones_2025.csv,structured_toml,yes,0,,Jones_Jones_2025,approved,public_repository_terms,jschwenk + Codex,2026-05-20,no,no,"Melissa Ward Jones and Benjamin Jones. (2025). Permafrost and Environmental
Monitoring in 2023 and 2024 at the Teshekpuk Lake Observatory, Northern Alaska.
Arctic Data Center. doi:10.18739/A29Z90D9R.
","Each input CSV filename encodes the site code and survey date used in the processed output. || Mean_ThawDepth_cm > 100 is treated as pf_observed = 0; otherwise pf_observed = 1. || pf_depth is left empty for all rows because only thaw-depth observations are retained. || The source metadata maps the HCP grid to CALM site U60 and the LCP grid to CALM site U60a. || To avoid double-counting once CALM is used as the canonical monitoring-network source, HCP rows are filtered out for years represented by CALM_U60 in data/CALM/processed_calm.csv. || LCP/U60a rows are retained because the current CALM processed table does not contain U60a as a separate site.",Observation dates are parsed from the source filenames and formatted as calendar dates.,Lat_Decimal_Degrees and Long_Decimal_Degrees are used directly from each source CSV.,,"The permafrost classification uses a simple 100 cm threshold rather than an explicit observation-limit field from the source. || method is fixed to tp for all rows. || The CALM overlap handling here is source-specific and intentionally not a general CUSP duplicate detector. || If future CALM processing adds U60a as a distinct site, revisit whether LCP rows should also be filtered or retained.",,
Jorgenson_Kanevskiy_2022_Gosling,data\Jorgenson_Kanevskiy_2022_Gosling\process_jorgenson_kanevskiy_2022_gosling.py,data\Jorgenson_Kanevskiy_2022_Gosling\processed_jorgenson_kanevskiy_2022_gosling.csv,structured_toml,yes,0,,Jorgenson_Kanevskiy_2022_Gosling,approved,public_repository_terms,jschwenk + Codex,2026-08-06,no,no,"Mark Jorgenson and Mikhail Kanevskiy. (2022). Gosling Lake, Alaska,
Topography, Vegetation, Soils, Soil temperatures, and Site-Environmental Data,
2005-2021. Arctic Data Center. doi:10.18739/A22F7JS4S.
","SoilPFrost codes p and y are treated as permafrost present, a and n as absent, and u as unresolved. || pf_depth is set equal to thaw_depth only when pf_observed is definitively present. || For permafrost-absent rows, SoilThawDep_cm is the source's recorded maximum probing depth in totally unfrozen soil; CUSP moves that value to obs_limit and clears thaw_depth. || SoilObsDep_cm is retained as a provenance field but is not used as the permafrost observation limit because it records the separately described soil-profile depth and is shallower than the frost-probe reach for all absence rows. || method is tp because the metadata explicitly describes thaw-depth and maximum-unfrozen-depth measurements with a metal probe. || Rows with missing thaw_depth are dropped from the processed output.",Dates are parsed from the source Date column and reformatted to calendar dates.,LatWGS84 and LonWGS84 are used directly from the source archive.,,Rows with unresolved SoilPFrost codes are dropped rather than exported with missing pf_observed. || This dedicated release is primary for 15 matching site-years also compiled in Jorgenson_Kanevskiy_2025; the copies are removed in the 2025 inventory processor.,,
Jorgenson_Kanevskiy_2022_Jago,data\Jorgenson_Kanevskiy_2022_Jago\process_jorgenson_kanevskiy_2022_jago.py,data\Jorgenson_Kanevskiy_2022_Jago\processed_jorgenson_kanevskiy_2022_jago.csv,structured_toml,yes,0,,Jorgenson_Kanevskiy_2022_Jago,approved,public_repository_terms,jschwenk + Codex,2026-08-06,no,no,"Mark Jorgenson and Mikhail Kanevskiy. (2022). Jago Alaska Topography,
Vegetation, Soils, and Site-Environmental Data 2009-2018.
Arctic Data Center. doi:10.18739/A2XP6V496.
","SoilPFrost code p is treated as permafrost present, a as absent, and u as unresolved. || pf_depth is set equal to thaw_depth only when pf_observed is present. || obs_limit is left blank for permafrost-presence rows because SoilObsDep_cm is a profile or sampling depth, not a censoring limit on an already observed thaw depth.",Dates are parsed from the source Date column and reformatted to calendar dates.,LatWGS84 and LonWGS84 are used directly from the source archive.,,method is exported as unknown because the source archive does not specify a clean controlled-vocabulary method. || Rows with unresolved SoilPFrost codes are dropped rather than exported with missing pf_observed. || This dedicated release is primary for 93 matching site-years also compiled in Jorgenson_Kanevskiy_2025; the copies are removed in the 2025 inventory processor.,,
Jorgenson_Kanevskiy_2025,data\Jorgenson_Kanevskiy_2025\process_jorgenson_kanevskiy_2025.py,data\Jorgenson_Kanevskiy_2025\processed_jorgenson_kanevskiy_2025.csv,structured_toml,yes,0,,Jorgenson_Kanevskiy_2025,approved,public_repository_terms,jschwenk + Codex,2026-08-06,no,yes,"Jorgenson, Mark; Kanevskiy, Mikhail. 2025. Alaska Permafrost Soils Inventory
and Thermokarst Monitoring Database 2024 Update. Arctic Data Center.
doi:10.18739/A27P8TG0G
","Soil stratigraphy rows are grouped by SiteIDFnl and effective year after parsing embedded year values out of SiteIDFnl where available. || Site metadata are resolved by trying exact SiteID/year matches first, then composite IDs, then relaxed SiteID/SiteIDFld matches. || Permafrost presence/absence uses the source SoilPFrost field (P=present, A=absent); source-unknown U records are excluded. || thaw_depth uses the source SoilThawDep_cm field after treating 999 as missing. || pf_depth is retained only when thaw_depth is unavailable and a definite permafrost or massive-ice CryostratFnl horizon supplies a depth. || ALF denotes frozen active-layer or seasonal-frost material and is not interpreted as permafrost; TL, PT, and TLP are also not treated as exact permafrost tops. || Organic thickness is derived from O horizons above the first non-O horizon. || method is fixed to aug_pit, and rows with unresolved/conflicting site metadata are dropped before export. || obs_limit is blank for permafrost-presence rows. For absence rows it is the deepest valid value among SoilObsDep_cm and SoilThawDep_cm, with profile bottom used only when neither site field supplies a limit. || The 2022 Jago and Gosling dedicated releases are primary where their normalized site ID and observation year match this compiled inventory; 93 Jago and 15 Gosling copies are removed. || A zero-depth placeholder profile cannot support either state or depth and is excluded.",Dates are normalized from the site metadata table and carried through as site-level observation dates for each summarized record.,Latitude and longitude are attached by matching summarized soil records to the site metadata table; no reprojection is performed in the script.,,"Relaxed site matching can fall back to non-year-specific metadata when exact year matches are unavailable. || Rows with conflicting site metadata are dropped rather than resolved automatically. || SoilPFrost defines P as proven or highly likely permafrost; present records without a reported thaw depth or definite permafrost horizon are retained but flagged as assumed state. || The source contains several soil sampling methods, but this legacy processor retains the combined pit/auger canonical method and flags it as approximate. || Although the inventory metadata says SoilObsDep_cm includes frost-probe depth, 58 raw site rows report SoilThawDep_cm deeper than SoilObsDep_cm. The dedicated Gosling release identifies the smaller field as soil-profile depth and independently uses SoilThawDep_cm as frost-probe reach. CUSP therefore treats these as different measurement extents rather than swapped values, uses the larger absence value as the actual search limit, and retains both source fields for audit.",data/Jorgenson_Kanevskiy_2022_Jago/processed_jorgenson_kanevskiy_2022_jago.csv is required for source-specific overlap filtering. || data/Jorgenson_Kanevskiy_2022_Gosling/processed_jorgenson_kanevskiy_2022_gosling.csv is required for source-specific overlap filtering.,
Kling_2016,data\Kling_2016\process_kling_2016.py,data\Kling_2016\processed_kling_2016.csv,structured_toml,yes,0,,Kling_2016,approved,public_repository_terms,jschwenk + Codex,2026-08-06,no,no,"Kling, G. 2016. Tussock Watershed Thaw Depth Survey Summary for 1990 to
present, Arctic LTER, Toolik Research Station, Alaska, ver. 9.
Environmental Data Initiative.
https://doi.org/10.6073/pasta/fc25feb51864f13223b8573cffb7ed87
","Each source row is a date-specific mean of many thaw-probe measurements and is retained as one summary observation. || thaw_depth and pf_depth are both set to the reported date-specific mean thaw depth; the associated count, spread, minimum, and maximum are preserved as provenance. || Every retained mean represents probe contact with frozen ground, so pf_observed is set to 1 without an arbitrary depth threshold. || site_id is fixed to LTER_TussockWS and method defaults to tp unless the metadata text says otherwise. || lat/lon are inferred from the center of the metadata bounding box rather than from observation-specific coordinates.",Per-record dates are preserved from the source CSV after parsing.,The script derives one representative site coordinate from metadata text rather than using point locations.,,All records share one site-level coordinate instead of observation-specific positions. || The output represents source summary means rather than the individual probe measurements.,,
Kling_2025,data\Kling_2025\process_kling_2025.py,data\Kling_2025\processed_kling_2025.csv,structured_toml,yes,0,,Kling_2025,approved,public_repository_terms,jschwenk + Codex,2026-08-06,no,no,"Kling, G. 2025. Imnavait Watershed Thaw Depth Survey Summary for 2003 to 2024,
Arctic LTER, Toolik Research Station, Alaska, ver. 13. Environmental Data
Initiative. https://doi.org/10.6073/pasta/6ed482c5c7dd3fd5871b2e463734ce75
","Each source row is a date-specific mean of many thaw-probe measurements and is retained as one summary observation. || thaw_depth and pf_depth are both set to the reported date-specific mean thaw depth; the associated count, spread, minimum, and maximum are preserved as provenance. || Every retained mean represents probe contact with frozen ground, so pf_observed is set to 1 without an arbitrary depth threshold. || site_id is fixed to LTER_Imnavait and method is fixed to tp. || lat/lon are inferred from the center of a bounding box extracted from the metadata text file rather than point coordinates in the source CSV.",Per-record dates are preserved from the source CSV after parsing.,The script derives one representative site coordinate from metadata text rather than observation-specific coordinates.,,The output uses one site-level coordinate for all records instead of per-observation positions. || The output represents source summary means rather than the individual probe measurements.,,
Koyukuk_2018,data\Koyukuk_2018\process_koyukuk_2018.py,data\Koyukuk_2018\processed_koyukuk_2018.csv,structured_toml,yes,0,,Koyukuk_2018,approved,public_repository_terms,jschwenk + Codex,2026-08-04,no,no,"Schwenk J.; Piliouras A.; Rowland J. (2023). Observations and Machine-Learned
Models of Near-Surface Permafrost along the Koyukuk River, Alaska, USA.
ESS-DIVE repository. doi:10.15485/1922517
","Rows with site_id = polysample are retained under the project team's decision to include visually interpreted permafrost presence/absence observations when their basis is explicitly flagged. || The 314 polysample rows are representative points randomly sampled from team-created permafrost and non-permafrost polygons at 100 m minimum within-class and global spacing; they are not instrument measurements made at the sampled coordinates and are not machine-learning model predictions. || Polysample rows retain blank pf_depth, thaw_depth, and obs_limit values because no point-specific measurement depth or observation limit supports them. || The source pf_obs Y/N flags are mapped directly to pf_observed 1/0. || For direct field rows, the source depth_obs field is carried into obs_limit where reported. || For direct field rows lacking depth_obs, 96 cm is assigned as a conservative source-specific observation limit: it is the maximum observed permafrost depth among the direct field rows and is below the approximately 100 cm general field limit described in the local metadata. || For direct permafrost-present rows, the source pf_depth column is interpreted as both pf_depth and thaw_depth. || method is set to tp for direct rows where depth_obs is reported and unknown for rows whose exact field method is not recoverable row by row, including visual polygon samples.",A single campaign-average date of 2018-07-08 is assigned to every row because the source table does not provide per-observation dates.,"Coordinates are read directly from the source CSV without reprojection. || Direct-row coordinates represent field observations; polysample coordinates are randomly sampled representative locations within interpreted polygons, with 100 m minimum spacing documented in koyukuk_readme.txt.",,Observation timing is approximate because all rows share the same campaign-average date. || The 96 cm observation limit is a conservative source-level inference rather than a row-specific measured limit for 24 observations. || The 314 visually interpreted polygon samples do not have point-specific measurement depths or observation limits and should be excluded from analyses requiring instrument-observed or depth-bounded records by filtering quality flag VI.,,
Langer_etal_2020,data\Langer_etal_2020\process_langer_etal_2020.py,data\Langer_etal_2020\processed_langer_etal_2020.csv,structured_toml,yes,0,,Langer_etal_2020,approved,public_repository_terms,jschwenk + Codex,2026-08-04,no,no,"Langer, Moritz; Kaiser, Soraya; Oehme, Alexander; Schneider von Deimling,
Thomas; Jacobi, Stephan. 2020. Active layer thickness (ALT) on the North Slope
of Alaska (USA) and Manitoba (Canada) in summer 2018 and 2019 [dataset].
PANGAEA. https://doi.org/10.1594/PANGAEA.913423
","Only rows with numeric active-layer depth are retained from the source table. || Rows with comment = rocks are dropped before permafrost presence is derived. || pf_observed is set to 0 only for comment = end of probe and 1 otherwise. || For comment = end of probe, obs_limit is assigned by year using 145 cm for 2018 and 200 cm for 2019, and the capped value is cleared from canonical thaw_depth. || pf_depth is set equal to thaw_depth where pf_observed = 1. || method is set to tp for all retained rows because the source reports active-layer depth probe measurements.",Source dates are parsed directly from the PANGAEA table and preserved per observation.,Coordinates are read directly from the source table without reprojection.,,The probe-length assumption is hardcoded from source interpretation rather than an explicit observation-limit field in each row.,,
Minsley_2015,data\Minsley_2015\process_minsley_2015.py,data\Minsley_2015\processed_minsley_2015.csv,structured_toml,yes,0,,Minsley_2015,approved,public_repository_terms,jschwenk + Codex,2026-08-04,no,no,"Pastick, N.J.; Kass, M.A.; Wylie, B.K.; James, S.R.; Rey, D.M.; Minsley, B.J.;
Ebel, B.A. 2018. Alaska permafrost characterization: Geophysical and related
field data collected from 2016-2017. U.S. Geological Survey data release.
https://doi.org/10.5066/P99PTGP4
","This script processes the point-soil observations only; the ERT portion of the release is intentionally not included. || Active-layer-thickness values reported with a leading > are treated as observation-limit non-permafrost observations. || Rejected probes with DepthtoRejection < 100 cm have their active-layer thickness cleared before permafrost presence is derived. || Ordinary numeric active-layer thickness is treated as permafrost presence at the reported depth, regardless of depth. || Only explicit >x values are treated as lower-bound absence, with obs_limit set to the row's reported x value; nonpositive >0 records are excluded. || method is set to tp for all retained rows because this script only exports the point-soil thaw-probe observations from the release.",All retained observations are assigned the representative campaign date 2015-08-29.,Latitude and longitude are read directly from the source workbook in WGS84 decimal degrees.,,Observation timing is approximate because all rows share one campaign-average date. || Rows with probe rejection shallower than 100 cm do not establish permafrost state and are excluded.,,
Minsley_2017,data\Minsley_2017\process_minsley_2017.py,data\Minsley_2017\processed_minsley_2017.csv,structured_toml,yes,0,,Minsley_2017,approved,public_repository_terms,jschwenk + Codex,2026-08-06,no,no,"Pastick, N.J.; Kass, M.A.; Wylie, B.K.; James, S.R.; Rey, D.M.; Minsley, B.J.;
Ebel, B.A. 2018. Alaska permafrost characterization: Geophysical and related
field data collected from 2016-2017. U.S. Geological Survey data release.
https://doi.org/10.5066/P99PTGP4
","This script processes the point-soil observations only; the ERT portion of the release is intentionally not included. || ActiveLayerThickness values reported with a leading > are treated as observation-limit non-permafrost observations. || Rejected probes with DepthtoRejection < 100 cm have their active-layer thickness cleared before permafrost presence is derived. || Ordinary numeric active-layer thickness is treated as permafrost presence at the reported depth, regardless of depth. || Only explicit >x values are treated as lower-bound absence, with obs_limit set to the row's reported x value. || method is set to tp for all retained rows because this script only exports the point-soil thaw-probe observations from the release.",Per-observation dates are parsed from SampleDate using the source mm/dd/yy format and preserved in the processed output.,Latitude and longitude are read directly from the source CSV in WGS84 decimal degrees.,,Rows with probe rejection shallower than 100 cm do not establish permafrost state and are excluded. || Minsley_2017 is the primary CUSP source for nine campaign-date/location/state/depth matches also present as contextual active-layer values in Ebel_2018; those copies are removed in the Ebel processor.,,
Minsley_2021,data\Minsley_2021\process_minsley_2021.py,data\Minsley_2021\processed_minsley_2021.csv,structured_toml,yes,0,,Minsley_2021,approved,public_repository_terms,jschwenk + Codex,2026-08-04,no,no,"Minsley, B.J.; James, S.R.; Pastick, N.J. 2022. Alaska permafrost
characterization: Geophysical and related field data collected in 2021.
U.S. Geological Survey data release. https://doi.org/10.5066/P9XEMDE1
","ALT == 999 is treated as an observation-limit code and remapped to 132 cm before permafrost presence is inferred. || Rows are retained only when ALT establishes a permafrost observation; OLT-only rows are not sufficient. || Ordinary numeric ALT is treated as permafrost presence, while ALT == 999 is retained as lower-bound absence with obs_limit = 132 cm. || The final processed table keeps thaw_depth, pf_observed, pf_depth, org_thick, obs_limit, date, and site_id derived through csvify_working(). || method is set to tp for all retained rows because this script only exports the point-soil thaw-probe observations from the release.",Dates are parsed from YYYYMMDD strings and preserved per observation.,Coordinates are read directly from the source CSV in WGS84 decimal degrees.,,The 132 cm interpretation of source sentinel 999 is a processor assumption and is quality-flagged.,,
Moore_et_al_2025,data\Moore_et_al_2025\process_moore_et_al_2025.py,data\Moore_et_al_2025\processed_moore_et_al_2025.csv,structured_toml,yes,0,,Moore_et_al_2025,approved,public_repository_terms,jschwenk + Codex,2026-08-06,yes,yes,"Moore, M.A., K. Schaefer, L.K. Clayton, E.E. Hoy, M. Auclair,
K. Bakian-Dogaheh, M.J. Battaglia, K. Bennett, W.R. Bolton,
L.L. Bourgeau-Chavez, A.E. Bredder, D. Chen, R.H. Chen, A.C. Chen,
J. Chen, D. Chiasson, R. Chitra-tarak, A. Collins, L. Cornette,
J. Dann, E. Devoie, M. Dominico, T.A. Douglas, S. Gagnon, S.E. Grelick,
P. Griffith, J. He, G. Iwahana, E. Jafarov, L.K. Jenkins, E.S. Kasischke,
S. Kim, P.B. Kirchner, B. Lecavalier, J. Ledman, S. Liben, L. Liu,
T.V. Loboda, S. Ludwig, M.J. Macander, N. Matsui, R.J. Michaelides,
M. Moghaddam, S. Natali, S.K. Panda, A.D. Parsekian, M. Pearce,
W. Quinton, A.V. Rocha, H. Rodenhizer, P. Roy-Leveillee, N. Saravanan,
Z. Sauve, S.R. Schaefer, E.A.G. Schuur, O. Sonnentag, T.D. Sullivan,
A. Tabatabaeenejad, L. Thomas, B. Thorne, K. Turner, K. Wang, C.J. Wilson,
H.A. Zebker, T. Zhang, Y. Zhao, and S. Zwieback. 2025.
ABoVE: Soil Moisture and Active Layer Thickness in Alaska, USA and Canada,
2005-2022. ORNL DAAC, Oak Ridge, Tennessee, USA.
https://doi.org/10.3334/ORNLDAAC/2369

Correction provenance:
Douglas, T.A. 2019. ABoVE: Soil Active Layer Thaw Depths at CRREL sites near
Fairbanks, Alaska, 2014-2018. ORNL DAAC, Oak Ridge, Tennessee, USA.
https://doi.org/10.3334/ORNLDAAC/1701

Douglas, T.A. 2021. Repeat active layer depths at sites near Fairbanks,
Alaska (Version 1). Zenodo.
https://doi.org/10.5281/zenodo.4670463
","ALT == -9999 and rows with missing lat/lon are dropped before aggregation. || Rows matching the original Jafarov_2016 GPR and probe products by method, coordinates rounded to six decimals, and depth rounded to 0.0001 cm are removed before Moore aggregation, irrespective of the conflicting dates in the synthesis table. || All valid rows attributed to the Natali team are removed before aggregation because the direct Natali_2023 release contains the underlying 2016-2018 transect observations with their actual dates. || Malformed Douglas Farmers Loop dates are decoded with an explicit source-specific mapping after annual depth vectors are checked against the original Douglas workbook. || Douglas Farmers Loop station numbers and coordinates are restored from the official ORNL DAAC point geometry because the synthesis import removed zeroes from station identifiers and collapsed distinct stations such as 1, 10, and 100. || Duplicate rows at the same site_name/latitude/longitude/date are averaged for ALT. || Dense retained GPR picks are aggregated to one mean observation per occupied 5 m by 5 m UTM cell within site and survey date; non-GPR observations are not spatially aggregated. || Every retained numeric ALT is treated as a permafrost detection at the reported depth; no arbitrary 130 cm or July 15 presence threshold is applied. || method is inferred from ALT_instrument and mapped to tp or gp when the group is internally consistent; otherwise method is set to unknown.","Per-record dates are parsed from the input CSV and kept at the observation level outside the documented Douglas Farmers Loop import error. || For malformed Farmers Loop dates, the real month and day are decoded from the synthesis field and the thaw year is recovered by matching each annual depth vector to the original Douglas 2014-2020 workbook; the 2022 T1 year follows the source sequence and stated 2005-2022 coverage and is flagged as approximate. || The Jafarov copies are removed without using Moore dates because primary documentation and raw-file names establish that the shared observations were collected in August 2013, while Moore assigns those same rows dates in 2014 or 2018.",Coordinates outside the Douglas Farmers Loop transects are used as provided in the source CSV without reprojection. || Farmers Loop T1 and T2 coordinates are restored from the 2014 station sequence in the official ORNL DAAC EPSG:26906 point geometry and transformed to WGS84. || GPR aggregation uses a local UTM projection selected independently for each site/date survey unit.,Download ABoVE_Soil_ThawDepth_Moisture_Validation_V2.csv into data/Moore_et_al_2025 before running the script.,"The source file labels the measurement ALT rather than supplying a separate binary permafrost field, so conversion from numeric ALT to presence is flagged as a source-context state assignment. || The Jafarov source-specific filter is guarded by expected match counts (57,294 GPR and 1,297 probe rows) so a changed input cannot silently alter deduplication. || The Natali filter is guarded at 1,962 valid synthesis rows; Moore assigns all of them the implausible date 2013-08-11, while the direct source records their 2016-2018 campaign dates. || The Farmers Loop repair is guarded at 1,488 corrected date rows and 1,917 coordinate-restored rows. Fourteen 2014-2020 site-year depth vectors match the older Douglas deposit exactly except for one T1 2016 value; the newer Moore value is retained for that point. || The T1 date 2022-09-17 is decoded from the malformed month/day field and assigned to the otherwise missing 2022 block based on the source sequence and stated temporal coverage; those rows carry date_source_approximate. || Rows assigned that approximate 2022 date carry both date_assigned and date_source_approximate; validated workbook date corrections carry only the source-code-recoded flag. || CALM overlap review found spatial/site-year overlap with CALM but no exact coordinate/date/depth duplicate rows; source documentation indicates ABoVE/SMALT field observations, so Moore_et_al_2025 is treated as independent for now.",Gitignored raw input ABoVE_Soil_ThawDepth_Moisture_Validation_V2.csv hosted outside the repo; see EXTERNAL_DATA_SOURCES.md.,The committed Douglas workbook and ORNL DAAC geometry archive are small primary-source companions used only to validate and repair the affected Farmers Loop rows.
Myers-Smith_2005,data\Myers-Smith_2005\process_myers-smith_2005.py,data\Myers-Smith_2005\processed_myers-smith_2005.csv,structured_toml,yes,0,,Myers-Smith_2005,approved,public_repository_terms,jschwenk + Codex,2026-08-04,yes,no,"Myers-Smith, Isla. 2005. Active Layer Depth Data for the BBC collapse scar
for 2003 and 2004, Bonanza Creek LTER - University of Alaska Fairbanks.
BNZ:206. http://www.lter.uaf.edu/data/data-detail/id/206
doi:10.6073/pasta/28920b92a1ca20a1a7e90fff842f3e45
",Measurement coordinates are assigned by merging collapse-scar transect distances with a separate coordinate table for east and west offsets. || Each dated row is interpreted independently rather than assigning one annual state to every observation at a location. || Ordinary numeric thaw depths are permafrost detections and are copied to pf_depth. || Explicit >120 and >205.5 values are lower-bound absence observations with the reported value used as obs_limit; missing-depth rows are excluded. || method is fixed to tp.,Dates are reconstructed from Year and DOY in the source table.,Point coordinates are based on an auxiliary Transect_Points_Coordinates.csv file derived from dataset-provided transect endpoints and Google Earth interpretation.,Transect point coordinates were derived outside this script and stored in Transect_Points_Coordinates.csv.,Coordinate placement depends on the manual boardwalk-based reconstruction described in the script header and is flagged as interpolated.,,
Natali_2023,data\Natali_2023\process_natali_2023.py,data\Natali_2023\processed_natali_2023.csv,structured_toml,yes,0,,Natali_2023,approved,public_repository_terms,jschwenk + Codex,2026-08-06,no,no,"Natali, S.; Ludwig, S.; Minions, C.; Watts, J. D. 2023. ABoVE: Thaw Depth at
Selected Unburned and Burned Sites Across Alaska (Version 1.0). ORNL
Distributed Active Archive Center. https://doi.org/10.3334/ORNLDAAC/1579
","Ordinary numeric thaw depths are direct probe detections and are retained as permafrost presence; no arbitrary depth threshold is used. || Notes stating that thaw exceeded the 109, 115, or 147 cm probe length are retained as lower-bound absence observations with the stated row-specific obs_limit. || One source value of 552 cm at NCU_OLD on 2017-09-18 is corrected to 52 cm because the same observation is 52 cm in FireALT and 552 cm is incompatible with neighboring 34-63 cm values. || Rows with missing thaw depth caused by rock or with no usable lower-bound note are excluded. || The 93 EML observations from 2017-09-20 are removed because the earlier ViPER_2018 release contains the same transects; ViPER is retained as the primary source. || method is set to tp for all retained rows.",Per-record dates are stripped and parsed directly from the source CSV.,Each site/date/transect has coordinates at its two endpoints; coordinates for interior sample_location values are linearly interpolated between those endpoints. || Endpoint rows retain their source coordinates and interior rows carry the coord_lookup_or_interpolated quality flag.,,Straight-line interpolation assumes sample_location is distance along the segment joining the two source endpoints. || Numeric rows whose notes report rock are retained but carry refusal_or_obstruction_note because refusal may not represent frozen ground. || The ViPER overlap filter and the 552-to-52 correction are guarded by expected counts so source revisions cannot silently change either decision.,,
NCSS_Lab_Data_Mart,data\NCSS_Lab_Data_Mart\process_ncss_lab_data_mart.py,data\NCSS_Lab_Data_Mart\processed_ncss_lab_data_mart.csv,structured_toml,yes,0,,NCSS_Lab_Data_Mart,approved,public_repository_terms,jschwenk + Codex,2026-08-05,yes,yes,"USDA Natural Resources Conservation Service, National Cooperative Soil Survey
Soil Characterization Database / NCSS Lab Data Mart. Compact CUSP raw extract
generated from ncss_labdatagpkg.zip downloaded from
https://ncsslabdatamart.sc.egov.usda.gov/ on 2026-05-21.
","The versioned raw input is a compact pedon-level subset generated from the local NCSS Lab Data Mart GeoPackage by extract_ncss_lab_data_mart_raw.py. || The full NCSS GeoPackage and ZIP archive are intentionally not versioned because they are too large for the repository. || Rows with a syntactically valid f or ff suffix in the normalized NCSS hzn_desgn field are treated as permafrost-presence observations, following USDA usage of those suffixes for permanently frozen soil or ice. || The legacy hzn_desgn_old field is not used to classify frozen horizons because it contains free-form descriptions such as DUFF, CLAY FILMS, and fragment notes that are not horizon suffixes. || For presence rows, pf_depth is the shallowest top depth among horizons with a valid f or ff suffix. || Rows with no valid frozen-horizon suffix are treated as absence observations to profile bottom, with obs_limit equal to the deepest horizon bottom. || Absence rows are only retained in the raw extract when abs(latitude) >= 55 degrees to avoid low-latitude absence records that are not useful for CUSP. || Explicit presence rows are retained globally regardless of latitude. || NCSS horizon designation notation is treated as authoritative for frozen-layer status; otherwise the source cannot be used consistently. || The canonical thaw_depth field is left missing because these are pedon/profile frozen-horizon observations, not active-layer-thickness measurements. || Method is assigned as pit, the closest current CUSP vocabulary term for soil pedon/profile descriptions.",NCSS site_obsdate is parsed as the observation date and written as YYYY-MM-DD. || Rows missing site_obsdate are excluded during compact raw extract generation.,Latitude and longitude are read from NCSS latitude_decimal_degrees and longitude_decimal_degrees. || Rows missing coordinates are excluded during compact raw extract generation.,Download the zipped GeoPackage from the NCSS Lab Data Mart website. || Place ncss_labdatagpkg.zip in data/NCSS_Lab_Data_Mart/ and extract ncss_labdata.gpkg locally. || Run data/NCSS_Lab_Data_Mart/extract_ncss_lab_data_mart_raw.py to regenerate raw_ncss_permafrost_domain_pedons.csv.,"The compact raw extract is derived from the NCSS GeoPackage and should be regenerated if the NCSS Lab Data Mart release changes. || Valid f/ff presence records are retained globally without a latitude or climate filter; uncommon low-latitude records therefore rely on the source horizon designation and carry the CUSP assumed-state quality flag. || Absence observations mean permafrost/frozen material was not indicated within the described profile, not that permafrost is absent below the profile bottom. || Some NCSS rows overlap with existing Pastick records; Pastick often carries update-like dates, so coordinate/depth/profile-bottom matching is more informative than exact date matching for that source. || The method field does not distinguish soil pits from auger/core descriptions because the compact NCSS tables do not provide a reliable per-row CUSP method mapping.",NCSS Lab Data Mart: https://ncsslabdatamart.sc.egov.usda.gov/ || USDA-NRCS soils data are public domain unless otherwise noted by USDA.,
Obu_etal_2016,data\Obu_etal_2016\process_obu_etal_2016.py,data\Obu_etal_2016\processed_obu_etal_2016.csv,structured_toml,yes,0,,Obu_etal_2016,approved,public_repository_terms,ksolander,2026-04-11,no,no,"Obu, Jaroslav; Lantuit, Hugues; Myers-Smith, Isla H.; Heim, Birgit; Wolter,
Juliane; Fritz, Michael. 2016. Permafrost cores and active layer pits on
Herschel Island: core attributes [dataset]. PANGAEA.
https://doi.org/10.1594/PANGAEA.859664
","All records in the shapefile are treated as permafrost-present observations, so pf_observed is fixed to 1. || thaw_depth is read directly from THAWDEPTH, while pf_depth is left missing. || obs_limit is read directly from COREDEPTH and site_id from CORENR. || The script preserves ice_content as an ancillary field in the processed output. || method is set to pit for all retained rows because the source archive describes permafrost cores and active-layer pits.",All observations are assigned the representative campaign date 2013-06-23.,Latitude and longitude are read directly from the shapefile attributes without reprojection.,,The script assumes every retained record corresponds to a permafrost-present core or pit observation. || Observation timing is approximate because all rows share one campaign date.,,
Pastick,data\Pastick\process_pastick.py,data\Pastick\processed_pastick.csv,structured_toml,yes,0,,Pastick,approved,emailed_approval,jschwenk + Codex,2026-08-06,no,yes,"Pastick, Neal. Unpublished Alaska pedon and near-surface permafrost data
compiled from multiple sources, including NRCS-derived products represented in
this directory.
","YFlats_NRCS pfrost depth is treated as both pf_depth and thaw_depth when pf_observed = 1. || WesternAKSitePhoriz permafrost presence is inferred from horizon names containing frozen-soil suffixes, with the shallowest frozen horizon top used as pf_depth. || WesternAKSitePhoriz obs_limit is taken as the deepest horizon bottom for each pedon, and organic thickness is derived from O-horizon bottoms when present. || WesternAKSitePhoriz absence rows are flagged because absence is interpreted only to the bottom of the recorded soil profile. || WesternAKSitePhoriz/numeric-ID pit rows that overlap with NCSS_Lab_Data_Mart are removed in favor of NCSS: same pf_observed status and within 1 m, regardless of Pastick's update-like date fields or small depth/profile-bottom differences. || For Innoko probe rows, numeric Depth is permafrost depth for presence and the reported observation limit for absence; source >2m codes are conservatively recoded to a 200 cm absence limit. || Innoko water/mud/see-note rows without a positive observation depth are excluded because they do not support a usable permafrost-absence limit. || Five additional absence rows with zero-depth WesternAKSitePhoriz/Gates records are excluded because no defensible observation limit can be recovered. || If a permafrost-present record reports an observation limit shallower than its permafrost depth, the contradictory canonical limit is cleared, the source value is preserved in pastick_source_obs_limit_cm, and the row is flagged as recoded. || Innoko Pnt_type = Estimated coordinates are retained and flagged as interpolated source coordinates. || The remaining site shapefiles are harmonized through column-name standardization, records with unrecognized pf_observed encodings are dropped, and source-native site identifiers are preserved where available. || method is assigned explicitly for YFlats_NRCS and WesternAKSitePhoriz, and set to unknown for the remaining shapefiles when no reliable method field is available.",Per-record dates are carried through from the source shapefiles when present; the script does not impose a campaign-average date.,YFlats_NRCS and WesternAKSitePhoriz coordinates are read from source attributes. || The remaining site shapefiles are reprojected to WGS84 from their source projected coordinates before latitude and longitude are extracted from point geometry.,,This source is a compiled unpublished dataset with heterogeneous schemas and uneven metadata across component files. || Small coordinate precision differences can appear across rebuilds because several component shapefiles are reprojected before export. || Some NCSS-overlapping WesternAKSitePhoriz rows have different depth/profile-bottom values between Pastick and NCSS; CUSP keeps NCSS as the preferred source system for these pedons. || Innoko coordinate interpolation and source code recoding are retained in row-level provenance/quality fields.,data/NCSS_Lab_Data_Mart/processed_ncss_lab_data_mart.csv is required for source-specific NCSS overlap filtering.,"The Pastick source key identifies the unpublished compilation supplied to CUSP.
It is not renamed to NRCS_Alaska because only YFlats_NRCS and
WesternAKSitePhoriz are identified as NRCS-derived in the supplied metadata;
the remaining component shapefiles do not contain complete original-source
citations.
"
Patton_2021,data\Patton_2021\process_patton_2021.py,data\Patton_2021\processed_patton_2021.csv,structured_toml,yes,0,,Patton_2021,approved,published_literature,jschwenk + Codex,2026-08-06,no,no,"Patton, A. I.; Rathburn, S. L.; Capps, D. M.; McGrath, D.; Brown, R. A. 2021.
Ongoing landslide deformation in thawing permafrost. Geophysical Research
Letters 48, e2021GL092959. https://doi.org/10.1029/2021GL092959
",Three GPR transects are processed separately and then concatenated into one output table. || alt_m is converted from meters to centimeters. || Native dense GPR picks are aggregated to one mean observation per occupied 5 m by 5 m UTM cell within transect and survey date. || Every retained numeric GPR active-layer depth is treated as a permafrost detection at the reported interpreted depth; no arbitrary 130 cm threshold is applied. || method is set to gp and pf_depth is copied from thaw_depth.,Each transect is assigned a fixed survey date hardcoded in the script.,Transect coordinates are interpreted in EPSG:6334 and transformed to WGS84. || GPR aggregation uses a local UTM projection selected independently for each transect/date survey unit.,,"The script assumes NAD83(2011) and WGS84 are close enough for this application, which the original author flagged as an unresolved source of roughly meter-scale horizontal error. || Permafrost depths are geophysical interpretations rather than mechanical probe contacts. || A 2026-08-04 cross-source footprint and coordinate/depth/date audit found no overlap with the retained Jafarov_2016, Moore_et_al_2025, or Petrone_etal_2016 GPR observations, so no cross-source rows are removed here.",,
Pawley_2018,data\Pawley_2018\process_pawley_2018.py,data\Pawley_2018\processed_pawley_2018.csv,structured_toml,yes,0,,Pawley_2018,approved,public_repository_terms,jschwenk + Codex,2026-08-04,no,no,"Pawley, S.M.; Utting, D.J. 2018. Permafrost site location training data for
northern Alberta (tabular data, tab-delimited format). Alberta Energy
Regulator, AER/AGS Digital Data 2018-0006.
http://ags.aer.ca/document/DIG/DIG_2018_0006.zip
","The source training table is joined to a Source-to-Year lookup table to construct a representative date field. || The gridded probability/classification model outputs are not used. || Rows whose Source indicates remote-sensing/manual interpretation rather than direct source observations are excluded before date handling: Mapped wetland types in sample tiles, Stratified random points in sample tiles, and Offgrid points. || Rows with no resolved Year after the Source-to-Year join are dropped because the observation year is not known. || Resolved year-only dates are encoded as September 1 of that year, following the project convention for Northern Hemisphere thaw-season observations without a reported month or day. || Coordinates are transformed from Alberta 10TM NAD83 coordinates into WGS84 using a custom PROJ pipeline. || Perm is mapped to pf_observed and Perm_cm to pf_depth, while thaw_depth is left missing. || The source does not report row-specific observation limits. CUSP assigns a conservative 110 cm source-wide obs_limit from the maximum reported permafrost depth, rather than the 150 cm maximum associated with only some of the source's field methods. || The source reports permafrost presence/absence was established with soil probes, augers, hand-dug soil pits, or shallow coring equipment, but the exact method is not recoverable per row; method is therefore set to unknown. || The source does not provide site IDs, so site_id is left missing rather than assigning synthetic identifiers. || Original Source, Dataset_Source, and Alberta 10TM coordinate fields are retained as all-fields provenance columns.",date is derived from the joined Year field as YYYY-09-01. || Rows without a resolved Year are excluded from the processed output.,The script transforms only rows within a plausible Alberta 10TM coordinate range and leaves invalid transformations as missing coordinates.,,"The source table does not provide full per-observation dates; retained rows use a representative September 1 date derived from source-level year metadata. || The exact per-row observation tool is not reported, so method is unknown even though the source-level methods are direct field observations. || The 110 cm obs_limit is inferred at source level, not measured independently for every row. || Some source-level direct field records, including AGS Field Data and Geological Survey of Canada Unpublished Field Data, are excluded because no defensible observation year is available in the current source-to-year lookup.",,
Peirce_2020,data\Peirce_2020\process_peirce_2020.py,data\Peirce_2020\processed_peirce_2020.csv,structured_toml,yes,0,,Peirce_2020,approved,public_repository_terms,jschwenk + Codex,2026-08-06,no,no,"Peirce, Jana; Walker, Donald A. (Skip); Watson-Cook, Emily; Kanevskiy,
Mikhail; Bergstedt, Helena. 2022. Observations in ice-rich permafrost systems,
Prudhoe Bay Alaska, August 2020. Arctic Data Center.
doi:10.18739/A2542J96D
","Airport T3-T5, Colleen T1-T2, and Joregenson JS are removed because Walker_2022 publishes the same 2020 transects with native point coordinates; only the four NIRPO transects unique to this release are retained. || Thaw depth values reported with a leading > are treated as observation-limit non-permafrost observations. || Ordinary numeric thaw depth is treated as permafrost presence at the reported depth. || Only explicit >x values are treated as lower-bound absence, with obs_limit set to x. || Point observations are merged to generated 1 m transect points built from separate transect start/end coordinates. || method is set to tp; obs_limit is populated only for explicit lower-bound rows.",Per-record sample dates are parsed directly from the measurement CSV.,"Transect start/end coordinates are built in WGS84, projected to UTM zone 6N for point generation, and returned to WGS84 for export.",,The current implementation assumes the generated 1 m transect points and the Distanc from start (m) field line up exactly. || site_id is a generated transect identifier because the source is organized around transects rather than named sites. || The shared-transect filter is guarded at 776 raw rows so source revisions cannot silently change the deduplication result.,,
PERMOS_2024,data\PERMOS_2024\process_permos_2024.py,data\PERMOS_2024\processed_permos_2024.csv,structured_toml,yes,0,,PERMOS_2024,approved,public_repository_terms,jschwenk + Codex,2026-05-21,yes,yes,"PERMOS 2024: PERMOS Database. Swiss Permafrost Monitoring Network,
Davos and Fribourg, Switzerland. https://doi.org/10.13093/permos-2024-01
","Only the annual active-layer-thickness table alt_20240529.csv is ingested into the canonical CUSP observation table. || Ground-surface-temperature, ERT, and terrestrial geodetic-survey tables are excluded because they are related monitoring products rather than direct thaw-depth/permafrost-depth observations in the current CUSP schema. || PERMOS ALT is calculated from borehole thermistor temperatures by linear interpolation between neighbouring sensors above and below the permafrost table; CUSP records these rows with method = temp. || ALT values are converted from meters to centimeters. || Rows with a numeric ALT and date are retained. || Rows with ALT < x m comments are retained as permafrost-present upper-bound observations: pf_observed = 1, obs_limit is set to x, and exact thaw_depth/pf_depth are left missing. || Rows with ALT between x and y m comments are retained as lower-bound absence observations: pf_observed = 0, obs_limit is set to x, and exact thaw_depth/pf_depth are left missing. || Exact ALT rows already represented in CALM are filtered out by matching PERMOS calm_id, PERMOS year, and reported ALT depth against data/CALM/processed_calm.csv. || Bounded or otherwise nonexact ALT rows with CALM identifiers are filtered out when CALM already represents the same calm_id and year. || Retained rows whose comments state ALT > a reported depth are treated as lower-bound observations where permafrost was not observed within the reported limit: pf_observed = 0, obs_limit is set to the reported ALT value, and thaw_depth/pf_depth are left missing. || All other retained numeric ALT rows are treated as permafrost-present observations with thaw_depth and pf_depth equal to the reported ALT. || PERMOS guess flags and ALT comments are retained as provenance fields and are not used to filter numeric ALT rows.","The PERMOS date field is the date of maximum ALT and is written directly as the CUSP observation date. || Bound-only rows without a PERMOS date are assigned September 1 of the PERMOS year, following the CUSP convention for Northern Hemisphere year-only thaw-season observations. || The PERMOS year field is retained separately as provenance because one annual ALT row can have a max-ALT date outside the calendar year.","Borehole latitude/longitude are used when available. || If borehole coordinates are missing, site-level latitude/longitude are used as a fallback and the coordinate source is recorded.",Download PERMOS Database release 2024 from the DOI landing page and unpack the ASCII tables into data/PERMOS_2024/Data.,"The ingest excludes no-data, incomplete/not-yet-available, erroneous/unreliable, and talik/no-freeze-through rows from the ALT table. || Talik/no-freeze-through rows are not encoded as absence observations because the source does not provide a usable observation limit. || The CALM overlap filtering is source-specific because the CUSP CALM processor uses year-only dates while PERMOS reports exact maximum-ALT dates. || Eighteen retained rows use site-level coordinates because borehole coordinates are absent in borehole_20240529.csv. || Rows flagged as PERMOS guesses are included but flagged in permos_guess. || PERMOS ALT is derived from in situ thermistor data rather than direct manual probing.",data/CALM/processed_calm.csv is required for source-specific overlap filtering. || PERMOS DOI: 10.13093/permos-2024-01 || PERMOS Data Policy: CC BY 4.0 with required citation.,
Petrone_etal_2016,data\Petrone_etal_2016\process_petrone_etal_2016.py,data\Petrone_etal_2016\processed_petrone_etal_2016.csv,structured_toml,yes,0,,Petrone_etal_2016,approved,public_repository_terms,jschwenk + Codex,2026-08-04,no,no,"Petrone, Johannes; Sohlenius, Gustav; Johansson, Emma; Lindborg, Tobias;
Näslund, Jens-Ove; Strömgren, Mårten; Brydsten, Lars. 2016. Using
ground-penetrating radar, topography and classification of vegetation to model
the sediment and active layer thickness in a periglacial lake catchment,
Western Greenland. PANGAEA. Supplement to Earth System Science Data 8(2),
663-677. https://doi.org/10.1594/PANGAEA.845258
","All processed observations are treated as permafrost-present records, so pf_observed is fixed to 1. || The GPR workbook is assumed to already contain thaw-depth values converted from return times using the class-specific values described in Petrone et al. 2016. || Dense GPR picks are aggregated to one mean observation per occupied 5 m by 5 m UTM cell within transect and survey date; probe observations are not spatially aggregated. || GPR transects are labeled GPRT* and thaw-probe transects are labeled PT* based on sheet names.",All GPR observations are assigned the single campaign date 2011-08-18. || Probe-transect dates are parsed from the workbook when a date column is available.,Coordinates are read directly from the source workbooks without reprojection. || GPR aggregation uses a local UTM projection selected independently for each transect/date survey unit.,,"The processed output does not include non-permafrost observations, so absence conditions are not represented directly. || obs_limit is left missing because the workbooks do not provide a consistent usable observation-limit field. || A 2026-08-04 cross-source footprint and coordinate/depth/date audit found no overlap with the retained Jafarov_2016, Moore_et_al_2025, or Patton_2021 GPR observations, so no cross-source rows are removed here.",,
Ruess_2025,data\Ruess_2025\process_ruess_2025.py,data\Ruess_2025\processed_ruess_2025.csv,structured_toml,yes,0,,Ruess_2025,approved,public_repository_terms,jschwenk + Codex,2026-08-05,no,yes,"Ruess, Roger; Hollingsworth, Teresa Nettleton; Bonanza Creek LTER. 2025.
Bonanza Creek LTER: Active Layer Depth or Permafrost Presence for the Regional
Site Network. LTER Network Member Node.
https://pasta.lternet.edu/package/metadata/eml/knb-lter-bnz/605/6
doi:10.6073/pasta/10324bd31b26ef97fe2cfe6a8537d941
","Site-year observations also published by the dedicated Chapin_2025 Survey Line Fire source are removed after annual processing, with Chapin retained as the primary source. || Records are grouped by site and calendar year before summary statistics are computed. || Permafrost presence requires at least one valid source Hit Type = Ice measurement; thaw_depth and pf_depth are the mean of Ice depths only. || Permafrost absence requires at least one valid no-barrier probe depth (blank/None Hit Type) and no Ice hits; obs_limit is the minimum full probe depth in that site-year group. || Rock-only, unvisited, inaccessible, snow-obstructed, and otherwise missing site-year groups are excluded because they do not directly establish permafrost absence. || method is set to tp for all retained rows.",A single source date is preserved when all measurements in a site-year share it; otherwise the median source date is used and flagged as assigned/approximate.,Latitude and longitude are taken directly from the source CSV without reprojection.,,"Annual aggregation discards within-year measurement timing and variation. || The released table's blank Hit Type is interpreted as the metadata code for no barrier only when accompanied by a valid measured depth; this interpretation is guarded by expected absence counts. || Four absence summaries also contain rock refusals at other within-site probe locations and are flagged accordingly. || The source republishes 360 stake measurements from Chapin_2025: SL1A in 2015-2022 and SL1B in 2015-2024. All 18 shared site-years are removed here; dates, stake identifiers, and raw depths match exactly across the two source tables.",data/Chapin_2025/processed_chapin_2025.csv is used to identify shared site-year keys after Chapin is processed.,Sixteen shared annual summaries are identical. SL1A 2021 and 2022 differ because Chapin averages all retained dedicated-source depths while this processor averages Ice hits only; CUSP keeps Chapin for both years rather than selecting between derived summaries.
Scheer_etal_2023,data\Scheer_etal_2023\process_scheer_etal_2023.py,data\Scheer_etal_2023\processed_scheer_etal_2023.csv,structured_toml,yes,0,,Scheer_etal_2023,approved,public_repository_terms,jrowland,2026-04-10,no,no,"Scheer, Johanna; Caduff, Rafael; How, Penelope; Marcer, Marco; Strozzi,
Tazio; Bartsch, Annett; Ingeman-Nielsen, Thomas. 2024. Mapping the frost
susceptibility of the ground from thaw-season InSAR surface displacements and
extrapolated active layer thicknesses, Ilulissat, West-Greenland [dataset].
PANGAEA. https://doi.org/10.1594/PANGAEA.964306
","The source table is expanded from wide ALT_2020 and ALT_2021 columns into one row per site-year with non-null thaw depth. || All retained observations are treated as permafrost-present, so pf_observed is fixed to 1 and pf_depth is set equal to thaw_depth. || method is set to tp and obs_limit is left missing.",Each annual record is assigned September 1 because the source reports thaw-season observations without exact dates and the script uses early September as the end-of-summer proxy.,Latitude and longitude are read directly from the source table without reprojection.,,Exact observation dates are not available in the processed output.,,
Schwenk_PFRR,data\Schwenk_PFRR\process_schwenk_pfrr.py,data\Schwenk_PFRR\processed_schwenk_pfrr.csv,structured_toml,yes,0,,Schwenk_PFRR,approved,self_generated,jrowland,2026-04-10,no,no,"Schwenk, Jon. 2024. Poker Flats Research Range observations, unpublished.
This script processes the frost-probing subset of the broader PFRR field
campaign package described in the local readme files.
","Permafrost? is mapped directly to pf_observed, and pf_depth is set equal to thaw_depth when pf_observed = 1. || Rows marked Hit bedrock? = 1 are excluded from the processed output. || obs_limit is fixed at 180 cm and method is set to tp for all retained observations.",The Date and time field is parsed and reduced to date-only precision in the processed output.,Coordinates are read directly from the source CSV without reprojection.,,This script only processes the frost-probing subset of the broader PFRR package. || Locations where the probe hit bedrock are excluded rather than represented as censored observations.,,
Selawik,data\Selawik\process_selawik.py,data\Selawik\processed_selawik.csv,structured_toml,yes,0,,Selawik,approved,self_generated,jschwenk + Codex,2026-08-04,no,no,"Rowland, Joel. 2022. Selawik National Wildlife Refuge observations, unpublished.
",The source pf field is mapped directly to pf_observed; depth is exact thaw_depth for presence and source-reported supporting depth for absence. || pf_depth is set equal to thaw_depth where pf_observed = 1. || obs_limit is fixed at 120 cm for absence rows and method is set to tp. || Rows with missing pf_observed are dropped before export.,All observations are assigned the representative campaign date 2022-09-15.,Coordinates are used as provided in the source CSV without reprojection.,,Observation timing is approximate because all rows share one campaign date.,,
Seward,data\Seward\process_seward.py,data\Seward\processed_seward.csv,structured_toml,yes,0,,Seward,approved,public_repository_terms,jschwenk + Codex,2026-08-04,no,no,"Thaler, E.; Uhlemann, S.; Rowland, J.; Dafflon, B.; Schwenk, J.; Bennett, K.;
Thomas, L. 2023. Machine learning predictions of near-surface permafrost extent
at Teller 27, Teller 47, and the Kougarok 64 Hillslope sites on the Seward
Peninsula, Alaska: Supporting Data. NGEE Arctic / ESS-DIVE.
doi:10.5440/1970774

Thaler, E. A. et al. 2023. High-Resolution Maps of Near-Surface Permafrost for
Three Watersheds on the Seward Peninsula, Alaska Derived From Machine Learning.
Earth and Space Science 10, e2023EA003015. doi:10.1029/2023EA003015
","Three ground-truth tables (KG, T47, and T27) are processed separately and concatenated. || Only source presence/absence classifications are retained; the source tables do not provide row-level thaw or permafrost depth. || Permafrost absence is represented to a conservative 100 cm observation limit, matching the study's near-surface permafrost definition and remaining within the 0.75-1.20 m range of manual temperature observations. || The tables combine classifications from co-located ERT and temperature measurements with manual temperature profiles, frost probing, trenches, and exposed-bedrock observations; row-level method provenance is unavailable, so method is unknown.","KG is assigned 2019-08-15 from its 2019 late-summer survey year. || T27 is assigned 2018-08-15, the earliest primary survey year, but the source table also includes 2022 observations that cannot be identified row by row. || T47 is assigned 2021-09-15, the primary geophysical survey year, but the source table also includes manual observations from August 2022 that cannot be identified row by row.",Source X/Y coordinates are interpreted in EPSG:32603 and reprojected to WGS84 before export.,,T27 and T47 are multi-year composite tables without row-level dates; their assigned dates must not be interpreted as exact observation dates. || The exact observation method cannot be recovered for individual rows from the released ground-truth tables. || The 100 cm absence limit is a conservative source-level interpretation rather than a row-specific measured limit.,,
Seward_2022,data\Seward_2022\process_seward_2022.py,data\Seward_2022\processed_seward_2022.csv,structured_toml,yes,0,,Seward_2022,approved,public_repository_terms,jschwenk + Codex,2026-08-06,no,no,"Thaler, E.; Del Vecchio, J.; Farley, M.; Thomas, L.; Rowland, J. 2024.
Active Layer Depth and Permafrost Temperatures at the Teller 47 Field Site,
Seward Peninsula, Alaska, 2022. NGEE Arctic / ESS-DIVE.
doi:10.15485/2395957
","PF is mapped directly to pf_observed, PfDepth to thaw_depth, and PfTemp to temp. || pf_depth is set equal to thaw_depth where pf_observed = 1. || obs_limit is fixed at 120 cm for absence rows and method is set to tp for all processed observations. || For source PF = 0, the reported capped depth is preserved as provenance but cleared from canonical thaw_depth; obs_limit is 120 cm. || The assumed-limit flag applies only to source PF = 0 rows.",All rows are assigned the single campaign-average date 2022-08-16 because the processed source table does not preserve per-observation dates.,The source Easting/Northing coordinates are interpreted as EPSG:32603 and reprojected to WGS84 before export.,,Observation timing is approximate because all records share one campaign-average date.,,
Smith_Burgess_2000,data\Smith_Burgess_2000\process_smith_burgess_2000.py,data\Smith_Burgess_2000\processed_smith_burgess_2000.csv,structured_toml,yes,0,,Smith_Burgess_2000,approved,published_literature,jschwenk + Codex,2026-08-06,no,no,"Smith, S.; Burgess, M. M. 2000. Ground temperature database for northern
Canada. Geological Survey of Canada, Open File 3954.
https://doi.org/10.4095/211804
","Only a subset of sheets and columns from the Canadian workbook are used, with active-layer thickness parsed out of free-form text values. || The largest integer found in each active-layer-thickness cell is taken as the usable thaw depth. || Rows explicitly marked no pf/no permafrost are retained as pf_observed = 0; their observation limit is the deepest row-specific ground-temperature sensor depth converted from m to cm. || Rows lacking both a numeric thickness and an explicit no-permafrost marker are dropped. || A midpoint year is extracted from PERIOD, including two-digit historical year ranges, and exported as July 1 of that year. || West longitudes stored as positive degrees W are converted to negative WGS84 longitude. || pf_depth is set equal to thaw_depth for numeric active-layer observations; method is temp for explicit no-permafrost temperature profiles and unknown for numeric active-layer values whose field method is heterogeneous.",Date is reduced to July 1 of a midpoint year inferred from the PERIOD field rather than a full observation date.,Latitude and longitude are read directly from the workbook without reprojection.,,"The processed output uses only the active-layer-thickness information from the broader ground-temperature database. || Temporal precision is limited to an inferred midpoint year. || Coordinates and active-layer values are compiled from heterogeneous original references and may have source-specific precision not recoverable from this workbook. || Bounded, approximate, or ranged active-layer text is converted to one representative numeric value and carries source_value_approximate.",,
Smith_Burgess_2002,data\Smith_Burgess_2002\process_smith_burgess_2002.py,data\Smith_Burgess_2002\processed_smith_burgess_2002.csv,structured_toml,yes,0,,Smith_Burgess_2002,approved,published_literature,jschwenk + Codex,2026-08-06,no,yes,"Smith, S. L.; Burgess, M. M. 2002. A digital database of permafrost thickness
in Canada. Geological Survey of Canada, Open File 4173. Natural Resources
Canada. https://doi.org/10.4095/213043
","Only the active-layer-thickness field from the broader permafrost-thickness database is used for CUSP processing. || The largest integer found in each active-layer-thickness cell is taken as the usable thaw depth. || Rows lacking a numeric active-layer thickness are dropped unless explicitly marked no pf. Exact observation matches and additional coordinate/site-identifier matches represented in Smith_Burgess_2000 are removed in favor of that CUSP-relevant ground-temperature product. || A midpoint year is extracted from PERIOD and exported as July 1 of that year. || West longitudes stored as positive degrees W are converted to negative WGS84 longitude. || pf_depth is set equal to thaw_depth for all retained rows, and method is exported as unknown because the source workbook aggregates multiple monitoring contexts.",Date is reduced to July 1 of a midpoint year inferred from the PERIOD field rather than a full observation date.,Latitude and longitude are read directly from the workbook without reprojection.,,"The processed output uses only the active-layer-thickness information from a broader permafrost database product. || Temporal precision is limited to an inferred midpoint year. || Thirty-five exact observation matches and 11 additional coordinate/site-identifier matches are removed against Smith_Burgess_2000; differing active-layer values at those 11 sites are treated as alternate compiled representations rather than independent observations. || Bounded, approximate, or ranged active-layer text is converted to one representative numeric value and carries source_value_approximate.",data/Smith_Burgess_2000/processed_smith_burgess_2000.csv is required for source-specific overlap filtering.,
Talucci_2024,data\Talucci_2024\process_talucci_2024.py,data\Talucci_2024\processed_talucci_2024.csv,structured_toml,yes,0,,Talucci_2024,approved,public_repository_terms,jschwenk + Codex,2026-08-06,no,no,"Talucci, Anna; Loranty, Michael; Holloway, Jean; Rogers, Brendan; Alexander,
Heather; Baillargeon, Natalie; Baltzer, Jennifer; Berner, Logan; and others.
2024. FireALT: active layer thickness estimates for paired burned and unburned
sites in northern high latitudes. Arctic Data Center.
doi:10.18739/A2RN3092P
","Natali Bonanza Creek rows already represented by the direct ViPER_2018 source are removed before FireALT aggregation: BCB 2015 and BCU 2015, 2017, and 2018. || Additional Natali-attributed site-years represented by the direct Natali_2023 source are removed before aggregation; FireALT-only Natali contributions such as NCU_NEW, YKD, and sites a-g are retained. || Where both msrType = thaw and msrType = active exist for the same grouped site, only the active records are retained. || Repeated measurements at the same lat/lon, burn status, and time-since-fire grouping are summarized using mean estimated thaw depth rather than mean measured thaw depth. || pf_observed is fixed to 1 and pf_depth is set equal to the estimated thaw depth used for aggregation. || Single-record locations retain measured_thaw_depth and measured_date alongside the aggregated estimated-depth output.","Aggregated dates are reconstructed from year and mean estimated day-of-year. || For single-record locations, measured_date is reconstructed separately from msrDoy.",Latitude and longitude are used directly from the source CSV without reprojection.,,"The main processed thaw_depth field is based on estimated rather than measured depth for multi-observation groups. || Unburned control rows have no numeric time-since-fire value, so timeSinceFire is blank after ingestion. || method is exported as unknown because the source combines modeled and measured information without one clean field that maps to the CUSP method vocabulary. || CUSP prefers the direct ViPER_2018 thaw-probe observations over FireALT's synthesized Natali Bonanza Creek rows where the two overlap. || The ViPER and Natali filters are guarded at 3,936 and 1,552 raw rows, respectively, so source revisions cannot silently change deduplication.",,
Utqiagvik_ERT_GPR,data\Utqiagvik_ERT_GPR\process_utqiagvik_ert_gpr.py,data\Utqiagvik_ERT_GPR\processed_utqiagvik_ert_gpr.csv,structured_toml,yes,0,,Utqiagvik_ERT_GPR,approved,public_repository_terms,jschwenk + Codex,2026-05-22,yes,yes,"Ekimova, Valentina; Sullivan, Taylor; Nelson, MacKenzie; Epstein,
Howard; Douglas, Thomas; Jull, Matthew (2025): Utqiagvik permafrost
geophysics datasets (2021-2023) [dataset]. Zenodo.
https://doi.org/10.5281/zenodo.17096203
","Only thaw-probe observations are emitted as CUSP rows; raw ERT and GPR files are retained as source context but are not converted into observations because they are geophysical measurement files rather than interpreted point thaw-depth picks. || The source thaw_depth column is reported in meters and is converted to centimeters. || Numeric thaw_depth rows are treated as permafrost-present point observations, with pf_depth set equal to thaw_depth. || Rows whose field comment indicates that the frost probe bottomed out are retained as permafrost-absence observations to the 1 m probe limit stated in Ekimova et al. 2026. || Rows without numeric thaw_depth and without a frost-probe-bottomed-out comment are dropped because they document locations where no usable thaw-depth observation was recorded. || Source comment values consisting only of a ditto mark are forward-filled from the previous non-empty comment before processing. || Method is set to tp for all emitted observations.","The source table reports year only. || The publication describes field work as occurring in late August to early September near peak thaw, so year-only dates are encoded as September 1 of the reported year.",Source coordinates are UTM easting/northing in EPSG:32604 and are transformed to WGS84 latitude/longitude. || The source elevation and detected CRS columns are retained as provenance fields.,Download Geophysics_for_publication.zip from Zenodo DOI 10.5281/zenodo.17096203 and extract it in this source directory.,"The raw ERT and GPR files may support interpreted thaw-depth profiles in the paper, but CUSP currently ingests only the direct thaw-probe table from this release. || Future GPR ingestion would need interpreted thaw-depth picks or a documented picking workflow; ingesting every raw trace would overstate independent observations and mostly duplicate the same probe transect footprints. || Future ERT ingestion would require explicit inversion and interpretation decisions because the archive contains raw quadripole measurements and topography rather than point thaw-depth observations; resistivity-derived thaw depth is more interpretive than the probe table. || Several field notes indicate gravel, road, standing water, or possible refusal ambiguity; these notes are preserved but not used to filter numeric thaw-depth observations. || The BEO rows are spatially near existing Barrow/CALM observations, but this source provides individual 2021-2023 transect point observations rather than CALM annual site means.",Zenodo DOI: 10.5281/zenodo.17096203 || Article DOI: 10.5194/tc-20-265-2026,
Veremeeva_etal_2025,data\Veremeeva_etal_2025\process_veremeeva_etal_2025.py,data\Veremeeva_etal_2025\processed_veremeeva_etal_2025.csv,structured_toml,yes,0,,Veremeeva_etal_2025,approved,public_repository_terms,jschwenk + Codex,2026-05-21,yes,yes,"Veremeeva, Alexandra; Morgenstern, Anne; Gottschalk, Milena; Junger,
Julia; Laboor, Sebastian; Abakumov, Evgeny; Grosse, Guido; et al. (2025):
ALLena: Thaw depth measurements of the active layer in the Lena River
Delta region from 1998 to 2022, Northeastern Siberia [dataset].
PANGAEA. https://doi.org/10.1594/PANGAEA.973813
","The PANGAEA tab export is parsed directly from its embedded table header. || Each ALLena Data ID is emitted as one CUSP observation row. || The canonical thaw_depth and pf_depth fields use Thaw depth mean [cm], which is the source-provided mean for the measurement site. || The three discrete thaw-depth columns, thaw-depth minimum/maximum, source NOBS, and source quality flags are preserved as provenance columns. || Rows with QF TD = 2 are treated as lower-bound observations because the source says the actual thaw depth was larger than the reported value; pf_observed is set to 0, obs_limit is set to the reported mean depth, and thaw_depth/pf_depth are left missing. || Rows with QF TD = 1, where values were extracted from published figures, are retained as thaw-depth observations and flagged in the provenance columns. || Method is mapped from Device: metal probe to tp, measurement tape in soil pit or at outcrop to pit, measurement tape on core to aug, and mixed soil pit / metal probe to tp_pit. || Zero thaw-depth values are retained as reported rather than recoded.",The source Date/Time field is parsed as the observation date and written as YYYY-MM-DD. || Rows with QF date = 1 are retained; the flag indicates cases where only a measurement date range was available to the source compilers.,"Latitude and longitude are read directly from the source table in EPSG:4326. || Rows with QF coord = 1 or 2 are retained and flagged in provenance columns; QF coord = 1 indicates coordinates georeferenced from figures, and QF coord = 2 indicates likely coordinate problems in the source.",Download Veremeeva_main_table.tab from the PANGAEA dataset landing page.,"The local raw file is the main ALLena table. It does not include the separate detailed tables for sites with more than three thaw-depth measurements. || For source rows with more than three measurements, CUSP retains only the source-provided mean/min/max/NOBS summary available in the main table. || The method mapping for measurement tape on core uses aug as the closest current CUSP method vocabulary term. || One 30 m/year aggregate cell overlaps with CALM near Samoylov in 2002, but exact observation-level duplicate checks found no CALM matches on coordinates, date, and thaw/permafrost depth.",PANGAEA DOI: 10.1594/PANGAEA.973813,
ViPER_2018,data\ViPER_2018\process_viper_2018.py,data\ViPER_2018\processed_viper_2018.csv,structured_toml,yes,0,,ViPER_2018,approved,public_repository_terms,jschwenk + Codex,2026-05-21,yes,yes,"Natali, Susan; Kholodov, Alexander; Loranty, Michael (2016): Thaw depth
and organic layer depth from Alaska borehole sites, 2015, 2017, 2018
(ViPER Project). Arctic Data Center. https://doi.org/10.18739/A22J6848J
","Only the thaw-depth transect tables for 2015, 2017, and 2018 are ingested into the canonical CUSP observation table. || Organic-layer-depth tables are excluded because organic-layer depth is not a canonical CUSP permafrost/depth observation. || The source metadata says TD is in meters, but the source values and probe-limit notes show the TD values are centimeters; CUSP therefore treats TD as centimeters. || Thaw depth was measured with a metal thaw probe inserted until resistance from frozen ground, so method is mapped to tp. || Rows with numeric TD and no probe-limit note are retained as permafrost-present observations with thaw_depth and pf_depth set to TD. || Rows whose notes say thaw depth exceeded probe length are retained as lower-bound absence observations with pf_observed = 0, obs_limit set to the stated probe length, and thaw_depth/pf_depth left missing. || Source TD values greater than 200 cm without a probe-limit note are excluded as probable data-entry errors because they are inconsistent with neighboring values and the source probe-limit notes. || Rows with nonnumeric TD, including NA values caused by obstruction or missing measurements, are excluded. || Coordinates are joined from the year-specific coordinate files. When only transect endpoint coordinates are supplied, point coordinates are linearly interpolated by source Location along the transect.",Observation dates are read from ViPER_TD_OLD_sample_dates_2015_2017_2018.csv by site and year. || Rows for site-years with source date = NA are excluded if present.,"Latitude and longitude are read from the year-specific coordinate tables in EPSG:4326. || Positive 2015 longitude values are interpreted as missing west-longitude signs and multiplied by -1, consistent with the dataset bounding box and the 2017/2018 coordinate tables. || Point coordinates are interpolated from bracketing transect coordinates when possible. || Rows with a site-level coordinate and no transect endpoint coordinates use that site-level coordinate for all thaw-depth points at the site/transect.",Download the Arctic Data Center package for DOI 10.18739/A22J6848J and unpack it into data/ViPER_2018.,Transect interpolation assumes that the source Location field is distance in meters along a straight line between supplied coordinate points. || A local comparison against FireALT/Talucci_2024 found overlapping Bonanza Creek rows; CUSP treats ViPER as the direct source and filters those rows in the Talucci_2024 processor. || Rows using site-level coordinates have repeated coordinates for multiple transect locations.,Arctic Data Center DOI: 10.18739/A22J6848J || License: Creative Commons Attribution 4.0 International,
Wagner_2019,data\Wagner_2019\process_wagner_2019.py,data\Wagner_2019\processed_wagner_2019.csv,structured_toml,yes,0,,Wagner_2019,approved,public_repository_terms,jschwenk + Codex,2026-08-06,no,no,"Wagner, Anna; Barker, Amanda (2018). Data for: Distribution of Polycyclic
Aromatic Hydrocarbons (PAHs) from Legacy Spills at an Alaskan Arctic Site
Underlain by Permafrost. Mendeley Data, V1.
doi:10.17632/2dn4rdmsxn.1
","The location and permafrost-depth tables are joined after reformatting station names to a common pattern. || UTM Zone 4 coordinates are converted from EPSG:32604 to WGS84. || Any row with a reported permafrost depth is treated as permafrost presence, regardless of depth; rows lacking permafrost depth are absence to the reported final profile depth.",A single field-campaign date of 2015-09-01 is assigned to all processed rows.,Easting and Northing coordinates are projected in EPSG:32604 and reprojected to WGS84 before export.,,thaw_depth is not reported and remains empty in the processed output. || The processed dates are campaign-level approximations rather than per-observation timestamps. || The source reports approximately 20 cm uncertainty in permafrost depth; CUSP preserves the numeric value without threshold reclassification.,,
Walker_2022,data\Walker_2022\process_walker_2022.py,data\Walker_2022\processed_walker_2022.csv,structured_toml,yes,0,,Walker_2022,approved,public_repository_terms,jschwenk + Codex,2026-08-06,no,no,"Walker, D. A., M. Kanevskiy, A. L. Breen, A. Kade, R. P. Daanen, B. M. Jones,
D. J. Nicolsky, H. Bergstedt, E. Watson-Cook, and J. L. Peirce. 2022.
Observations in ice-rich permafrost systems, Prudhoe Bay Alaska, 2020-21.
AGC Data Report 22-01, Alaska Geobotany Center, Fairbanks, Alaska, USA.
","Rows with numeric thaw depths are direct permafrost-presence observations with pf_depth equal to thaw_depth. || Rows reported as >x are lower-bound absence observations: pf_observed = 0, obs_limit = x, and thaw_depth/pf_depth are left empty. || Rows with other nonnumeric thaw-depth text are excluded because they do not support a state/depth observation. || Transect sample points are assumed to already have individual lat/lon coordinates in the input table.",Source dates are normalized to ISO calendar dates.,The script uses the per-point latitude and longitude values present in the input CSV.,,"Walker_2022 is the primary CUSP source for the 2020 Airport, Colleen, and Joregenson transects also published by Peirce_2020 because Walker provides native per-point coordinates; those shared rows are removed from Peirce_2020. || Greater-than measurements are censored at their reported probing limit and do not provide exact active-layer thickness.",,
Wang_2018,data\Wang_2018\process_wang_2018.py,data\Wang_2018\processed_wang_2018.csv,structured_toml,yes,0,,Wang_2018,approved,public_repository_terms,jschwenk + Codex,2026-05-19,no,no,"Kang Wang, Irina Overeem, Elchin Jafarov, Gary Clow, Vladimir Romanovsky,
Kevin Schaefer, Frank Urban, William Cable, Mark Piper, Christopher Schwalm,
Tingjun Zhang, Alexander Kholodov, Pamela Sousanes, Michael Loso,
David Swanson, and Kenneth Hill. (2018). A synthesis dataset of near-surface
permafrost conditions for Alaska, 1997-2016. Arctic Data Center.
doi:10.18739/A24X54G8D.
","The annual thaw-depth estimate for each site is taken from the deepest positive soil-temperature depth observed in that year. || If no deeper negative temperature is observed below the deepest thawed depth, the row is treated as pf_observed = 0; if a deeper negative temperature exists, pf_observed = 1 and pf_depth is set to the thaw depth. || Rows are skipped when the logic cannot evaluate deeper temperatures because required deeper sensors are missing.",Month abbreviations are mapped to integers and each annual record is assigned a mid-month date with day = 15.,Lat and Lon are read directly from the source synthesis dataset.,,"Depth resolution is limited to the available 25 cm sensor spacing. || Years with incomplete deeper temperature coverage can be skipped entirely. || Some Wang_2018 station-years spatially overlap with CALM/GTN-P annual ALT records, but the Wang publication and metadata describe PF-AK as a synthesis from GI-UAF, USGS, and NPS monitoring networks rather than as a CALM-derived table. CUSP therefore treats Wang_2018 as an independent source pending explicit station-year deduplication review.",,
Whitley_2018,data\Whitley_2018\process_whitley_2018.py,data\Whitley_2018\processed_whitley_2018.csv,structured_toml,yes,0,,Whitley_2018,approved,public_repository_terms,Annalise Khandelwal,2026-08-06,no,no,"Whitley, M.; Frost, G.; Jorgenson, M. T.; Macander, M.; Maio, C. V.; Winder,
S. G. 2018. ABoVE: Permafrost Measurements and Distribution Across the Y-K
Delta, Alaska, 2016. ORNL DAAC. https://doi.org/10.3334/ORNLDAAC/1598
","Source UTM coordinates are transformed from EPSG:26903 to WGS84 before export. || A single campaign-midpoint date of 2016-07-13 is assigned to all rows. || Where pf_observed = 1, thaw_depth is taken from frost_bottom when available, otherwise from frost_top. || pf_depth is set equal to thaw_depth for permafrost-present records. || obs_limit is fixed at 125 cm only for permafrost-absence rows; those rows receive the assumed-limit flag. || method is set to tp for all processed rows.",All observations share one representative campaign date because the script uses the midpoint of the 2016 measurement window.,Coordinates are transformed from NAD83 / UTM zone 3N (EPSG:26903) to WGS84.,,Observation timing is approximate because all records share one campaign-average date.,,
Zhang_2019,data\Zhang_2019\process_zhang_2019.py,data\Zhang_2019\processed_zhang_2019.csv,structured_toml,yes,0,,Zhang_2019,approved,published_literature,jschwenk + Codex,2026-08-04,no,no,"Zhang, Y.; Touzi, R.; Feng, W.; Hong, G.; Lantz, T.C.; Kokelj, S.V. 2021.
Landscape-scale variations in near-surface soil temperature and active-layer
thickness: Implications for high-resolution permafrost mapping. Permafrost and
Periglacial Processes 32(4): 627-640. https://doi.org/10.1002/ppp.2104
","The workbook is split into separate 2016 and 2017 observation tables and then concatenated. || thaw_depth and organic thickness values reported with a leading > are cleaned to numeric values before processing. || Ordinary numeric active-layer thickness is treated as permafrost presence at the reported depth. || Only explicit >x active-layer values are treated as lower-bound absence, using x as the row-specific obs_limit. || Longitude values are negated after import to convert west-longitude convention into signed decimal degrees. || pf_depth is set equal to exact numeric thaw_depth for presence rows and left empty for lower-bound absence rows. || method is set to tp for all retained rows because the source reports active-layer probe measurements.",Per-observation dates are preserved from the workbook after conversion to date strings.,Coordinates are read directly from the workbook and adjusted only by sign-flipping longitude.,,,,
Zhao_2021,data\Zhao_2021\process_zhao_2021.py,data\Zhao_2021\processed_zhao_2021.csv,structured_toml,yes,0,,Zhao_2021,approved,published_literature,jschwenk + Codex,2026-08-04,no,no,"Zhao, L.; Zou, D.; Hu, G.; Wu, T.; Du, E.; Liu, G.; Xiao, Y.; Li, R.; Pang,
Q.; Qiao, Y.; Wu, X.; Sun, Z.; Xing, Z.; Sheng, Y.; Zhao, Y.; Shi, J.; Xie,
C.; Wang, L.; Wang, C.; Cheng, G. 2021. A synthesis dataset of permafrost
thermal state for the Qinghai-Tibet (Xizang) Plateau, China. Earth System
Science Data 13: 4207-4218. https://doi.org/10.5194/essd-13-4207-2021
","For each site-year, the script searches all temperature-depth observations and keeps the deepest depth that is above 0 C, subject to the deeper-sensor decision rules in process_sheet(). || pf_observed is set to 1 only when a deeper sensor exists with temperature below 0 C; years with deeper readings that are all above 0 C or entirely missing are treated as indeterminate and skipped. || For absence rows, obs_limit is set to the maximum sensor depth and the deepest thawed sensor is retained only as provenance; presence rows keep exact inferred thaw/pf depth. || method is set to temp for all processed rows, and pf_depth is set equal to thaw_depth where pf_observed = 1.",Daily observations are reduced to one representative record per site-year based on the deepest valid thaw depth and warmest tie-breaking temperature.,Coordinates are attached by normalizing site names and joining to Site_Location_Info_Structured.csv without reprojection.,,"Years with insufficient deeper-sensor information are dropped entirely rather than carried forward as unknown permafrost states. || The site-name normalization removes trailing parenthetical descriptors, which could collapse distinct labels if future source naming changes.",,
