site_id,date,lat,lon,thaw_depth,method,source,quality_flag_date_assigned,gpr_native_count,gpr_aggregation_spacing_m,quality_flag_summary_statistic,pf_observed,pf_depth,obs_limit
BS,2013-08-12,71.2566646,-156.55393729999997,41.27062,gp,Jafarov_2016,True,10,5.0,True,1,41.27062,
BS,2013-08-12,71.25663242857142,-156.55393423809522,42.71147142857143,gp,Jafarov_2016,True,21,5.0,True,1,42.71147142857143,
BS,2013-08-12,71.25659571428572,-156.55392564285714,40.50712142857143,gp,Jafarov_2016,True,14,5.0,True,1,40.50712142857143,
BS,2013-08-12,71.25657363636364,-156.5539037272727,43.064336363636365,gp,Jafarov_2016,True,11,5.0,True,1,43.064336363636365,
BS,2013-08-12,71.2565415,-156.553898375,44.84029583333333,gp,Jafarov_2016,True,24,5.0,True,1,44.84029583333333,
BS,2013-08-12,71.25649504347827,-156.55388204347827,44.266726086956524,gp,Jafarov_2016,True,23,5.0,True,1,44.266726086956524,
BS,2013-08-12,71.25645136363637,-156.55385151515154,43.031636363636366,gp,Jafarov_2016,True,33,5.0,True,1,43.031636363636366,
BS,2013-08-12,71.25640540740741,-156.55382962962963,42.04737407407407,gp,Jafarov_2016,True,27,5.0,True,1,42.04737407407407,
BS,2013-08-12,71.25636023809524,-156.55382276190477,42.5829380952381,gp,Jafarov_2016,True,21,5.0,True,1,42.5829380952381,
BS,2013-08-12,71.25631621052631,-156.55381126315788,42.817684210526316,gp,Jafarov_2016,True,19,5.0,True,1,42.817684210526316,
BS,2013-08-12,71.256303,-156.553808,42.3773,gp,Jafarov_2016,True,1,5.0,False,1,42.3773,
BS,2013-08-12,71.25627200000001,-156.55379294444444,41.61250555555556,gp,Jafarov_2016,True,18,5.0,True,1,41.61250555555556,
BS,2013-08-12,71.25622924,-156.55377416,42.10736,gp,Jafarov_2016,True,25,5.0,True,1,42.10736,
BS,2013-08-12,71.25618081818182,-156.55376213636364,43.03981363636364,gp,Jafarov_2016,True,22,5.0,True,1,43.03981363636364,
BS,2013-08-12,71.25613678260869,-156.55375365217392,42.92886086956522,gp,Jafarov_2016,True,23,5.0,True,1,42.92886086956522,
BS,2013-08-12,71.2560905,-156.5537638846154,42.32536923076923,gp,Jafarov_2016,True,26,5.0,True,1,42.32536923076923,
BS,2013-08-12,71.25604592592593,-156.5537948888889,40.237922222222224,gp,Jafarov_2016,True,27,5.0,True,1,40.237922222222224,
BS,2013-08-12,71.25600382608695,-156.55381960869565,42.494639130434784,gp,Jafarov_2016,True,23,5.0,True,1,42.494639130434784,
BS,2013-08-12,71.25595681818182,-156.5538281060606,41.64932727272728,gp,Jafarov_2016,True,66,5.0,True,1,41.64932727272728,
BS,2013-08-12,71.25591454166667,-156.553767625,46.395100000000006,gp,Jafarov_2016,True,24,5.0,True,1,46.395100000000006,
BS,2013-08-12,71.25590314285714,-156.5536772857143,45.46653571428572,gp,Jafarov_2016,True,28,5.0,True,1,45.46653571428572,
BS,2013-08-12,71.25586203030304,-156.55363696969698,32.64385151515152,gp,Jafarov_2016,True,33,5.0,True,1,32.64385151515152,
BS,2013-08-12,71.2558445,-156.5535825,35.89925,gp,Jafarov_2016,True,2,5.0,True,1,35.89925,
BS,2013-08-12,71.25582046428572,-156.5535415357143,37.40306071428571,gp,Jafarov_2016,True,28,5.0,True,1,37.40306071428571,
BS,2013-08-12,71.25578616666667,-156.553483,40.73526666666667,gp,Jafarov_2016,True,12,5.0,True,1,40.73526666666667,
BS,2013-08-12,71.25576342857143,-156.5534384285714,43.61118571428572,gp,Jafarov_2016,True,14,5.0,True,1,43.61118571428572,
BS,2013-08-12,71.25573037142857,-156.55340494285716,42.331005714285716,gp,Jafarov_2016,True,35,5.0,True,1,42.331005714285716,
BS,2013-08-12,71.25568163157895,-156.55336663157894,44.56503684210526,gp,Jafarov_2016,True,19,5.0,True,1,44.56503684210526,
BS,2013-08-12,71.25564686666667,-156.5533456,44.59061333333333,gp,Jafarov_2016,True,15,5.0,True,1,44.59061333333333,
BS,2013-08-12,71.25562466666666,-156.55332411111112,44.20673333333333,gp,Jafarov_2016,True,9,5.0,True,1,44.20673333333333,
BS,2013-08-12,71.25559121428572,-156.5532820357143,42.08808571428572,gp,Jafarov_2016,True,28,5.0,True,1,42.08808571428572,
BS,2013-08-12,71.25554457575758,-156.5532440909091,42.94165454545455,gp,Jafarov_2016,True,33,5.0,True,1,42.94165454545455,
BS,2013-08-12,71.25551153333332,-156.55322399999997,42.827153333333335,gp,Jafarov_2016,True,15,5.0,True,1,42.827153333333335,
BS,2013-08-12,71.25548775,-156.553212,42.9845875,gp,Jafarov_2016,True,8,5.0,True,1,42.9845875,
BS,2013-08-12,71.25545805263158,-156.55320247368422,43.01656315789474,gp,Jafarov_2016,True,19,5.0,True,1,43.01656315789474,
BS,2013-08-12,71.255414,-156.5531906111111,43.83184444444444,gp,Jafarov_2016,True,18,5.0,True,1,43.83184444444444,
BS,2013-08-12,71.25536724999999,-156.5531788,44.374695,gp,Jafarov_2016,True,20,5.0,True,1,44.374695,
BS,2013-08-12,71.25532063157894,-156.55315563157896,44.62187368421053,gp,Jafarov_2016,True,19,5.0,True,1,44.62187368421053,
BS,2013-08-12,71.255276125,-156.5531335,43.71001875,gp,Jafarov_2016,True,16,5.0,True,1,43.71001875,
BS,2013-08-12,71.25524136363636,-156.55311409090908,44.09496363636364,gp,Jafarov_2016,True,11,5.0,True,1,44.09496363636364,
BS,2013-08-12,71.25521916666666,-156.55309783333334,41.47755,gp,Jafarov_2016,True,6,5.0,True,1,41.47755,
BS,2013-08-12,71.25518671428571,-156.55308128571428,41.54181904761905,gp,Jafarov_2016,True,21,5.0,True,1,41.54181904761905,
BS,2013-08-12,71.25514141176471,-156.55306247058823,41.535770588235295,gp,Jafarov_2016,True,17,5.0,True,1,41.535770588235295,
BS,2013-08-12,71.25509594444445,-156.5530573888889,43.00708888888889,gp,Jafarov_2016,True,18,5.0,True,1,43.00708888888889,
BS,2013-08-12,71.2550505,-156.5530694375,42.883387500000005,gp,Jafarov_2016,True,16,5.0,True,1,42.883387500000005,
BS,2013-08-12,71.25500677777778,-156.55304794444444,44.16173888888889,gp,Jafarov_2016,True,18,5.0,True,1,44.16173888888889,
BS,2013-08-12,71.25495971428572,-156.55301935714286,43.45695714285715,gp,Jafarov_2016,True,14,5.0,True,1,43.45695714285715,
BS,2013-08-12,71.2549141875,-156.55298525,41.88805,gp,Jafarov_2016,True,16,5.0,True,1,41.88805,
BS,2013-08-12,71.25485490163933,-156.55293940983609,43.14280163934426,gp,Jafarov_2016,True,61,5.0,True,1,43.14280163934426,
BS,2013-08-12,71.25483117647059,-156.5529074117647,44.44135882352941,gp,Jafarov_2016,True,17,5.0,True,1,44.44135882352941,
BS,2013-08-12,71.2548082,-156.5528736,42.26932000000001,gp,Jafarov_2016,True,5,5.0,True,1,42.26932000000001,
BS,2013-08-12,71.25477595833333,-156.55280224999998,42.1748375,gp,Jafarov_2016,True,24,5.0,True,1,42.1748375,
BS,2013-08-12,71.254755,-156.55275,44.5366,gp,Jafarov_2016,True,1,5.0,False,1,44.5366,
BS,2013-08-12,71.25473041666667,-156.552698625,42.28729583333334,gp,Jafarov_2016,True,24,5.0,True,1,42.28729583333334,
BS,2013-08-12,71.2547048,-156.5526292,41.189620000000005,gp,Jafarov_2016,True,5,5.0,True,1,41.189620000000005,
BS,2013-08-12,71.25467985185185,-156.5525424814815,42.13734814814815,gp,Jafarov_2016,True,27,5.0,True,1,42.13734814814815,
BS,2013-08-12,71.25465004347826,-156.5524149130435,40.65215652173913,gp,Jafarov_2016,True,23,5.0,True,1,40.65215652173913,
BS,2013-08-12,71.25462775,-156.55229017857144,38.723735714285716,gp,Jafarov_2016,True,28,5.0,True,1,38.723735714285716,
BS,2013-08-12,71.25461233333333,-156.55221500000002,39.408166666666666,gp,Jafarov_2016,True,3,5.0,True,1,39.408166666666666,
BS,2013-08-12,71.2545991,-156.55213765000002,41.054685,gp,Jafarov_2016,True,20,5.0,True,1,41.054685,
BS,2013-08-12,71.25457453846154,-156.55201984615385,41.21454615384615,gp,Jafarov_2016,True,13,5.0,True,1,41.21454615384615,
BS,2013-08-12,71.25456275,-156.55195475,42.3773,gp,Jafarov_2016,True,4,5.0,True,1,42.3773,
BS,2013-08-12,71.25454509090909,-156.55186486363638,41.555254545454545,gp,Jafarov_2016,True,22,5.0,True,1,41.555254545454545,
BS,2013-08-12,71.25452492307691,-156.5517589230769,41.526007692307694,gp,Jafarov_2016,True,13,5.0,True,1,41.526007692307694,
BS,2013-08-12,71.25451275,-156.5516915,41.5337875,gp,Jafarov_2016,True,8,5.0,True,1,41.5337875,
BS,2013-08-12,71.25449477777778,-156.55159216666667,41.95741666666667,gp,Jafarov_2016,True,18,5.0,True,1,41.95741666666667,
BS,2013-08-12,71.25447481818182,-156.55148672727273,41.984663636363635,gp,Jafarov_2016,True,11,5.0,True,1,41.984663636363635,
BS,2013-08-12,71.25446475,-156.55142225,40.3866,gp,Jafarov_2016,True,8,5.0,True,1,40.3866,
BS,2013-08-12,71.25444742361111,-156.55133508333336,40.9620625,gp,Jafarov_2016,True,144,5.0,True,1,40.9620625,
BS,2013-08-12,71.25440011111111,-156.55129,41.657494444444445,gp,Jafarov_2016,True,18,5.0,True,1,41.657494444444445,
BS,2013-08-12,71.25435378947368,-156.55128273684213,40.54466315789474,gp,Jafarov_2016,True,19,5.0,True,1,40.54466315789474,
BS,2013-08-12,71.25432471428572,-156.55127371428574,39.98654285714286,gp,Jafarov_2016,True,7,5.0,True,1,39.98654285714286,
BS,2013-08-12,71.25430308333334,-156.55126408333334,40.555325,gp,Jafarov_2016,True,12,5.0,True,1,40.555325,
BS,2013-08-12,71.25426268181819,-156.5512465909091,39.874404545454546,gp,Jafarov_2016,True,22,5.0,True,1,39.874404545454546,
BS,2013-08-12,71.25422036842106,-156.55122110526315,41.780615789473686,gp,Jafarov_2016,True,19,5.0,True,1,41.780615789473686,
BS,2013-08-12,71.25417350000001,-156.55121027777778,41.14765,gp,Jafarov_2016,True,18,5.0,True,1,41.14765,
BS,2013-08-12,71.25413145,-156.5512099,42.37728,gp,Jafarov_2016,True,20,5.0,True,1,42.37728,
BS,2013-08-12,71.25408076470589,-156.5512095,41.11499705882353,gp,Jafarov_2016,True,34,5.0,True,1,41.11499705882353,
BS,2013-08-12,71.25404023529413,-156.55120764705885,41.4563705882353,gp,Jafarov_2016,True,17,5.0,True,1,41.4563705882353,
BS,2013-08-12,71.25399544444446,-156.55122077777776,42.55722222222222,gp,Jafarov_2016,True,18,5.0,True,1,42.55722222222222,
BS,2013-08-12,71.25394931578948,-156.5512265263158,42.2352052631579,gp,Jafarov_2016,True,19,5.0,True,1,42.2352052631579,
BS,2013-08-12,71.25390676470589,-156.55123335294115,42.50429411764706,gp,Jafarov_2016,True,17,5.0,True,1,42.50429411764706,
BS,2013-08-12,71.25386078947368,-156.55124757894737,41.38283684210526,gp,Jafarov_2016,True,19,5.0,True,1,41.38283684210526,
BS,2013-08-12,71.25381635294117,-156.55126935294118,40.503723529411765,gp,Jafarov_2016,True,17,5.0,True,1,40.503723529411765,
BS,2013-08-12,71.25377188235294,-156.55129094117646,40.05915294117647,gp,Jafarov_2016,True,17,5.0,True,1,40.05915294117647,
BS,2013-08-12,71.25372621052631,-156.5513017368421,39.74912105263158,gp,Jafarov_2016,True,19,5.0,True,1,39.74912105263158,
BS,2013-08-12,71.25368076470588,-156.5513331764706,35.645170588235295,gp,Jafarov_2016,True,17,5.0,True,1,35.645170588235295,
BS,2013-08-12,71.2536493,-156.55135,36.60103,gp,Jafarov_2016,True,10,5.0,True,1,36.60103,
BS,2013-08-12,71.2536292,-156.5513613,40.19093,gp,Jafarov_2016,True,10,5.0,True,1,40.19093,
BS,2013-08-12,71.25359254166666,-156.55139233333333,39.27322083333333,gp,Jafarov_2016,True,24,5.0,True,1,39.27322083333333,
BS,2013-08-12,71.2535575,-156.55146092857143,41.14335714285715,gp,Jafarov_2016,True,14,5.0,True,1,41.14335714285715,
BS,2013-08-12,71.253531,-156.551514,41.5675,gp,Jafarov_2016,True,3,5.0,True,1,41.5675,
BS,2013-08-12,71.25350625,-156.551536125,42.20858125,gp,Jafarov_2016,True,16,5.0,True,1,42.20858125,
BS,2013-08-12,71.25345907692308,-156.55156323076923,41.858207692307694,gp,Jafarov_2016,True,13,5.0,True,1,41.858207692307694,
BS,2013-08-12,71.25341546666667,-156.55156266666665,41.45955333333334,gp,Jafarov_2016,True,15,5.0,True,1,41.45955333333334,
BS,2013-08-12,71.253371,-156.55155416666668,40.960208333333334,gp,Jafarov_2016,True,12,5.0,True,1,40.960208333333334,
BS,2013-08-12,71.25332691666667,-156.55155158333335,41.410075,gp,Jafarov_2016,True,12,5.0,True,1,41.410075,
BS,2013-08-12,71.25329011111111,-156.55154466666667,41.62748888888889,gp,Jafarov_2016,True,9,5.0,True,1,41.62748888888889,
BS,2013-08-12,71.25326733333334,-156.551536,40.9377,gp,Jafarov_2016,True,3,5.0,True,1,40.9377,
BS,2013-08-12,71.25323976190477,-156.5515324761905,40.44926666666667,gp,Jafarov_2016,True,21,5.0,True,1,40.44926666666667,
BS,2013-08-12,71.25323833333333,-156.5515526111111,40.15792777777778,gp,Jafarov_2016,True,18,5.0,True,1,40.15792777777778,
BS,2013-08-12,71.25319106666666,-156.5515374,40.793760000000006,gp,Jafarov_2016,True,15,5.0,True,1,40.793760000000006,
BS,2013-08-12,71.25314664285715,-156.55152621428573,40.6228,gp,Jafarov_2016,True,14,5.0,True,1,40.6228,
BS,2013-08-12,71.25310400000001,-156.55151535294118,38.4078705882353,gp,Jafarov_2016,True,17,5.0,True,1,38.4078705882353,
BS,2013-08-12,71.25305766666666,-156.55150940000001,38.436479999999996,gp,Jafarov_2016,True,15,5.0,True,1,38.436479999999996,
BS,2013-08-12,71.25301185714285,-156.55151871428572,39.62025,gp,Jafarov_2016,True,14,5.0,True,1,39.62025,
BS,2013-08-12,71.25296988235294,-156.55153452941178,42.52017647058824,gp,Jafarov_2016,True,17,5.0,True,1,42.52017647058824,
BS,2013-08-12,71.25292370588235,-156.55154335294117,40.249688235294116,gp,Jafarov_2016,True,17,5.0,True,1,40.249688235294116,
BS,2013-08-12,71.25287396,-156.55153428,38.965508,gp,Jafarov_2016,True,25,5.0,True,1,38.965508,
BS,2013-08-12,71.2528330625,-156.55153906249998,41.0782875,gp,Jafarov_2016,True,16,5.0,True,1,41.0782875,
BS,2013-08-12,71.25278116455696,-156.55153174683545,39.01524936708861,gp,Jafarov_2016,True,79,5.0,True,1,39.01524936708861,
BS,2013-08-12,71.25274226666667,-156.55153346666665,41.18964666666667,gp,Jafarov_2016,True,15,5.0,True,1,41.18964666666667,
BS,2013-08-12,71.25269773333333,-156.55153553333332,42.86313333333333,gp,Jafarov_2016,True,15,5.0,True,1,42.86313333333333,
BS,2013-08-12,71.25265368421053,-156.5515336842105,42.53354210526316,gp,Jafarov_2016,True,19,5.0,True,1,42.53354210526316,
BS,2013-08-12,71.25260995,-156.5515431,41.71598,gp,Jafarov_2016,True,20,5.0,True,1,41.71598,
BS,2013-08-12,71.25256583333334,-156.55155016666666,42.49725,gp,Jafarov_2016,True,18,5.0,True,1,42.49725,
BS,2013-08-12,71.25251989473685,-156.55156147368422,43.300689473684216,gp,Jafarov_2016,True,19,5.0,True,1,43.300689473684216,
BS,2013-08-12,71.25247413333334,-156.5515694,42.071373333333334,gp,Jafarov_2016,True,15,5.0,True,1,42.071373333333334,
BS,2013-08-12,71.2524285,-156.5515597142857,41.220485714285715,gp,Jafarov_2016,True,14,5.0,True,1,41.220485714285715,
BS,2013-08-12,71.2523845,-156.551556125,40.65653125,gp,Jafarov_2016,True,16,5.0,True,1,40.65653125,
BS,2013-08-12,71.25234099999999,-156.5515510666667,42.19732,gp,Jafarov_2016,True,15,5.0,True,1,42.19732,
BS,2013-08-12,71.25229338461538,-156.55154207692308,42.39804615384616,gp,Jafarov_2016,True,13,5.0,True,1,42.39804615384616,
BS,2013-08-12,71.25226257142857,-156.55153485714285,43.881128571428576,gp,Jafarov_2016,True,7,5.0,True,1,43.881128571428576,
BS,2013-08-12,71.2522395,-156.55152089999999,39.975010000000005,gp,Jafarov_2016,True,10,5.0,True,1,39.975010000000005,
BS,2013-08-12,71.25220366666666,-156.55152266666667,43.78686111111111,gp,Jafarov_2016,True,18,5.0,True,1,43.78686111111111,
BS,2013-08-12,71.252181,-156.551535,44.626599999999996,gp,Jafarov_2016,True,3,5.0,True,1,44.626599999999996,
BS,2013-08-12,71.25216195833333,-156.55155541666667,44.60413333333333,gp,Jafarov_2016,True,24,5.0,True,1,44.60413333333333,
BS,2013-08-12,71.2521215,-156.55162245833333,44.255475,gp,Jafarov_2016,True,24,5.0,True,1,44.255475,
BS,2013-08-12,71.25208163636363,-156.55167581818182,46.965890909090916,gp,Jafarov_2016,True,11,5.0,True,1,46.965890909090916,
BS,2013-08-12,71.25205885714286,-156.55171114285713,46.54172857142857,gp,Jafarov_2016,True,7,5.0,True,1,46.54172857142857,
BS,2013-08-12,71.25203074999999,-156.55178404999998,45.9807,gp,Jafarov_2016,True,20,5.0,True,1,45.9807,
BS,2013-08-12,71.25198538461538,-156.55186423076924,44.308246153846156,gp,Jafarov_2016,True,13,5.0,True,1,44.308246153846156,
BS,2013-08-12,71.25194,-156.5518985,41.76995,gp,Jafarov_2016,True,16,5.0,True,1,41.76995,
BS,2013-08-12,71.25189606666666,-156.55189526666666,42.539226666666664,gp,Jafarov_2016,True,15,5.0,True,1,42.539226666666664,
BS,2013-08-12,71.25185028571428,-156.55186814285713,42.78216428571428,gp,Jafarov_2016,True,14,5.0,True,1,42.78216428571428,
BS,2013-08-12,71.25180747368421,-156.55189657894735,43.655831578947364,gp,Jafarov_2016,True,19,5.0,True,1,43.655831578947364,
BS,2013-08-12,71.25176135714285,-156.55194364285714,40.68065,gp,Jafarov_2016,True,14,5.0,True,1,40.68065,
BS,2013-08-12,71.25172043243242,-156.5519734054054,39.32065135135135,gp,Jafarov_2016,True,37,5.0,True,1,39.32065135135135,
BS,2013-08-12,71.25167433333334,-156.55193742857142,42.750033333333334,gp,Jafarov_2016,True,21,5.0,True,1,42.750033333333334,
BS,2013-08-12,71.25165,-156.55188049999998,46.696,gp,Jafarov_2016,True,2,5.0,True,1,46.696,
BS,2013-08-12,71.25162584210526,-156.55182463157894,43.03077894736842,gp,Jafarov_2016,True,19,5.0,True,1,43.03077894736842,
BS,2013-08-12,71.251601,-156.5517585,38.463449999999995,gp,Jafarov_2016,True,2,5.0,True,1,38.463449999999995,
BS,2013-08-12,71.2515802,-156.55168205,43.03857,gp,Jafarov_2016,True,20,5.0,True,1,43.03857,
BS,2013-08-12,71.25155833333334,-156.551605,43.996833333333335,gp,Jafarov_2016,True,3,5.0,True,1,43.996833333333335,
BS,2013-08-12,71.25153910526315,-156.5515463157895,41.738,gp,Jafarov_2016,True,19,5.0,True,1,41.738,
BS,2013-08-12,71.2515145,-156.5514551,44.23974,gp,Jafarov_2016,True,10,5.0,True,1,44.23974,
BS,2013-08-12,71.25149123529411,-156.55138864705881,44.441382352941176,gp,Jafarov_2016,True,17,5.0,True,1,44.441382352941176,
BS,2013-08-12,71.25146996428572,-156.55130385714284,44.05464285714286,gp,Jafarov_2016,True,28,5.0,True,1,44.05464285714286,
BS,2013-08-12,71.25148895238095,-156.55113276190477,43.0456619047619,gp,Jafarov_2016,True,21,5.0,True,1,43.0456619047619,
BS,2013-08-12,71.251505,-156.551066,40.7578,gp,Jafarov_2016,True,1,5.0,False,1,40.7578,
BS,2013-08-12,71.25152419999999,-156.5510042,44.37468,gp,Jafarov_2016,True,15,5.0,True,1,44.37468,
BS,2013-08-12,71.2515532,-156.5509352,42.86316,gp,Jafarov_2016,True,5,5.0,True,1,42.86316,
BS,2013-08-12,71.25157238888889,-156.55085222222223,43.15205,gp,Jafarov_2016,True,18,5.0,True,1,43.15205,
BS,2013-08-12,71.25156976470588,-156.55070864705883,41.428758823529414,gp,Jafarov_2016,True,17,5.0,True,1,41.428758823529414,
BS,2013-08-12,71.25155775,-156.55057225000002,40.112218750000004,gp,Jafarov_2016,True,16,5.0,True,1,40.112218750000004,
BS,2013-08-12,71.25154366666668,-156.55048116666669,40.27015,gp,Jafarov_2016,True,6,5.0,True,1,40.27015,
BS,2013-08-12,71.2515303076923,-156.55041092307692,41.795192307692304,gp,Jafarov_2016,True,13,5.0,True,1,41.795192307692304,
BS,2013-08-12,71.2515065625,-156.5502991875,42.50985625,gp,Jafarov_2016,True,16,5.0,True,1,42.50985625,
BS,2013-08-12,71.25149,-156.55023433333335,41.7654,gp,Jafarov_2016,True,3,5.0,True,1,41.7654,
BS,2013-08-12,71.25146747619048,-156.55016238095237,41.52847142857143,gp,Jafarov_2016,True,21,5.0,True,1,41.52847142857143,
BS,2013-08-12,71.251445,-156.5501,41.559200000000004,gp,Jafarov_2016,True,1,5.0,False,1,41.559200000000004,
BS,2013-08-12,71.251423,-156.55003535,42.07866,gp,Jafarov_2016,True,20,5.0,True,1,42.07866,
BS,2013-08-12,71.251398,-156.5499685,41.53335,gp,Jafarov_2016,True,2,5.0,True,1,41.53335,
BS,2013-08-12,71.25137681818181,-156.54990072727273,40.66502272727273,gp,Jafarov_2016,True,22,5.0,True,1,40.66502272727273,
BS,2013-08-12,71.251353,-156.54981,40.2186,gp,Jafarov_2016,True,1,5.0,False,1,40.2186,
BS,2013-08-12,71.25132876190476,-156.54975733333333,40.5132,gp,Jafarov_2016,True,21,5.0,True,1,40.5132,
BS,2013-08-12,71.251304,-156.549705,39.4709,gp,Jafarov_2016,True,3,5.0,True,1,39.4709,
BS,2013-08-12,71.251281,-156.5496507894737,40.40988947368421,gp,Jafarov_2016,True,19,5.0,True,1,40.40988947368421,
BS,2013-08-12,71.25124541666666,-156.54958608333334,40.328125,gp,Jafarov_2016,True,12,5.0,True,1,40.328125,
BS,2013-08-12,71.25122383333333,-156.54955133333334,42.139266666666664,gp,Jafarov_2016,True,6,5.0,True,1,42.139266666666664,
BS,2013-08-12,71.25119172727273,-156.54950163636363,43.147045454545456,gp,Jafarov_2016,True,22,5.0,True,1,43.147045454545456,
BS,2013-08-12,71.2511584,-156.5494487,42.476980000000005,gp,Jafarov_2016,True,10,5.0,True,1,42.476980000000005,
BS,2013-08-12,71.25113653846154,-156.54941592307694,42.229492307692304,gp,Jafarov_2016,True,13,5.0,True,1,42.229492307692304,
BS,2013-08-12,71.25109937500001,-156.54936216666667,41.327149999999996,gp,Jafarov_2016,True,24,5.0,True,1,41.327149999999996,
BS,2013-08-12,71.25107042857142,-156.549319,41.743314285714284,gp,Jafarov_2016,True,7,5.0,True,1,41.743314285714284,
BS,2013-08-12,71.25104716666667,-156.54929433333334,41.44959166666667,gp,Jafarov_2016,True,12,5.0,True,1,41.44959166666667,
BS,2013-08-12,71.2510115,-156.54925629166667,38.75868333333333,gp,Jafarov_2016,True,24,5.0,True,1,38.75868333333333,
BS,2013-08-12,71.25096971428572,-156.5492045,39.67713571428571,gp,Jafarov_2016,True,14,5.0,True,1,39.67713571428571,
BS,2013-08-12,71.250949,-156.54917283333333,40.992,gp,Jafarov_2016,True,6,5.0,True,1,40.992,
BS,2013-08-12,71.2509179090909,-156.5491215909091,40.57363636363636,gp,Jafarov_2016,True,22,5.0,True,1,40.57363636363636,
BS,2013-08-12,71.25087178947369,-156.54907863157896,41.06526315789474,gp,Jafarov_2016,True,19,5.0,True,1,41.06526315789474,
BS,2013-08-12,71.25083290909092,-156.54906472727274,41.78415454545455,gp,Jafarov_2016,True,11,5.0,True,1,41.78415454545455,
BS,2013-08-12,71.250811,-156.549054,41.10544,gp,Jafarov_2016,True,5,5.0,True,1,41.10544,
BS,2013-08-12,71.250782,-156.5490535625,41.22883125,gp,Jafarov_2016,True,16,5.0,True,1,41.22883125,
BS,2013-08-12,71.25073752941177,-156.5490452352941,40.951047058823534,gp,Jafarov_2016,True,17,5.0,True,1,40.951047058823534,
BS,2013-08-12,71.25069335,-156.54903535,43.161455000000004,gp,Jafarov_2016,True,20,5.0,True,1,43.161455000000004,
BS,2013-08-12,71.25064438888889,-156.549016,43.90072222222222,gp,Jafarov_2016,True,36,5.0,True,1,43.90072222222222,
BS,2013-08-12,71.25060305263158,-156.54898968421054,39.70973157894737,gp,Jafarov_2016,True,19,5.0,True,1,39.70973157894737,
BS,2013-08-12,71.25055572222223,-156.54897055555554,39.35487777777777,gp,Jafarov_2016,True,18,5.0,True,1,39.35487777777777,
BS,2013-08-12,71.25052183333334,-156.54896383333332,41.3014,gp,Jafarov_2016,True,6,5.0,True,1,41.3014,
BS,2013-08-12,71.2505005,-156.548948,41.43284,gp,Jafarov_2016,True,10,5.0,True,1,41.43284,
BS,2013-08-12,71.2504678125,-156.5489325625,41.08383125,gp,Jafarov_2016,True,16,5.0,True,1,41.08383125,
BS,2013-08-12,71.25042166666667,-156.5489048888889,39.724422222222216,gp,Jafarov_2016,True,18,5.0,True,1,39.724422222222216,
BS,2013-08-12,71.250377625,-156.5488803125,40.47958125,gp,Jafarov_2016,True,16,5.0,True,1,40.47958125,
BS,2013-08-12,71.25033313333333,-156.54886026666665,39.90916666666667,gp,Jafarov_2016,True,15,5.0,True,1,39.90916666666667,
BS,2013-08-12,71.25031,-156.548841,38.3623,gp,Jafarov_2016,True,1,5.0,False,1,38.3623,
BS,2013-08-12,71.25028705555556,-156.54882066666667,40.31307777777778,gp,Jafarov_2016,True,18,5.0,True,1,40.31307777777778,
BS,2013-08-12,71.25023788235295,-156.54877658823528,41.5516,gp,Jafarov_2016,True,17,5.0,True,1,41.5516,
BS,2013-08-12,71.25020454545455,-156.54873045454545,40.34508181818182,gp,Jafarov_2016,True,11,5.0,True,1,40.34508181818182,
BS,2013-08-12,71.25018320000001,-156.5486917,39.7545,gp,Jafarov_2016,True,10,5.0,True,1,39.7545,
BS,2013-08-12,71.25015331578948,-156.54862457894737,40.11271578947369,gp,Jafarov_2016,True,19,5.0,True,1,40.11271578947369,
BS,2013-08-12,71.25012833333334,-156.548584,39.522466666666666,gp,Jafarov_2016,True,3,5.0,True,1,39.522466666666666,
BS,2013-08-12,71.25010233333334,-156.54853883333334,40.48495,gp,Jafarov_2016,True,18,5.0,True,1,40.48495,
BS,2013-08-12,71.25007042857143,-156.54847885714284,41.14667142857143,gp,Jafarov_2016,True,7,5.0,True,1,41.14667142857143,
BS,2013-08-12,71.2500463076923,-156.5484302307692,41.66426923076923,gp,Jafarov_2016,True,13,5.0,True,1,41.66426923076923,
BS,2013-08-12,71.25002136363636,-156.54836036363636,40.675563636363634,gp,Jafarov_2016,True,11,5.0,True,1,40.675563636363634,
BS,2013-08-12,71.24999569230769,-156.548267,41.21210769230769,gp,Jafarov_2016,True,13,5.0,True,1,41.21210769230769,
BS,2013-08-12,71.24997422222222,-156.5482011111111,40.39042222222222,gp,Jafarov_2016,True,9,5.0,True,1,40.39042222222222,
BS,2013-08-12,71.24995592307693,-156.54814284615384,41.53935384615385,gp,Jafarov_2016,True,13,5.0,True,1,41.53935384615385,
BS,2013-08-12,71.24993666666667,-156.548071,42.3842,gp,Jafarov_2016,True,3,5.0,True,1,42.3842,
BS,2013-08-12,71.24992453846154,-156.54798953846154,42.31873846153846,gp,Jafarov_2016,True,13,5.0,True,1,42.31873846153846,
BS,2013-08-12,71.24991186666666,-156.5478382,40.68776666666667,gp,Jafarov_2016,True,15,5.0,True,1,40.68776666666667,
BS,2013-08-12,71.24989715384615,-156.5477313846154,41.717815384615385,gp,Jafarov_2016,True,13,5.0,True,1,41.717815384615385,
BS,2013-08-12,71.2498875,-156.54765500000002,40.60525,gp,Jafarov_2016,True,2,5.0,True,1,40.60525,
BS,2013-08-12,71.24988280000001,-156.547572,40.90434666666667,gp,Jafarov_2016,True,15,5.0,True,1,40.90434666666667,
BS,2013-08-12,71.24987246153846,-156.54743846153846,42.14620000000001,gp,Jafarov_2016,True,13,5.0,True,1,42.14620000000001,
BS,2013-08-12,71.24985716666667,-156.54729894444444,41.33715,gp,Jafarov_2016,True,18,5.0,True,1,41.33715,
BS,2013-08-12,71.249841625,-156.547191625,40.631025,gp,Jafarov_2016,True,8,5.0,True,1,40.631025,
BS,2013-08-12,71.249835,-156.54712416666666,42.2037,gp,Jafarov_2016,True,6,5.0,True,1,42.2037,
BS,2013-08-12,71.24982113333334,-156.54701726666664,43.604479999999995,gp,Jafarov_2016,True,15,5.0,True,1,43.604479999999995,
BS,2013-08-12,71.2497987,-156.54691010000002,42.411500000000004,gp,Jafarov_2016,True,10,5.0,True,1,42.411500000000004,
BS,2013-08-12,71.249782,-156.54685,42.16245,gp,Jafarov_2016,True,6,5.0,True,1,42.16245,
BS,2013-08-12,71.24975766666667,-156.54677025,39.9414,gp,Jafarov_2016,True,12,5.0,True,1,39.9414,
BS,2013-08-12,71.2497345,-156.54670283333334,38.671683333333334,gp,Jafarov_2016,True,6,5.0,True,1,38.671683333333334,
BS,2013-08-12,71.2497105,-156.54665789999999,38.810919999999996,gp,Jafarov_2016,True,10,5.0,True,1,38.810919999999996,
BS,2013-08-12,71.24968063636364,-156.54659154545453,39.68418181818182,gp,Jafarov_2016,True,11,5.0,True,1,39.68418181818182,
BS,2013-08-12,71.24965816666666,-156.54653183333332,37.84668333333334,gp,Jafarov_2016,True,6,5.0,True,1,37.84668333333334,
BS,2013-08-12,71.24963428571428,-156.54644957142858,34.826614285714285,gp,Jafarov_2016,True,7,5.0,True,1,34.826614285714285,
BS,2013-08-12,71.24961654545454,-156.54638154545455,38.038872727272725,gp,Jafarov_2016,True,11,5.0,True,1,38.038872727272725,
BS,2013-08-12,71.24959311111111,-156.54631877777777,37.94123333333334,gp,Jafarov_2016,True,9,5.0,True,1,37.94123333333334,
BS,2013-08-12,71.24956854545455,-156.54624872727274,36.6467,gp,Jafarov_2016,True,11,5.0,True,1,36.6467,
BS,2013-08-12,71.24954108333334,-156.54618783333333,39.657833333333336,gp,Jafarov_2016,True,12,5.0,True,1,39.657833333333336,
BS,2013-08-12,71.2495205,-156.54613166666667,39.83183333333333,gp,Jafarov_2016,True,6,5.0,True,1,39.83183333333333,
BS,2013-08-12,71.2494875,-156.54607714285717,41.16877857142857,gp,Jafarov_2016,True,14,5.0,True,1,41.16877857142857,
BS,2013-08-12,71.24944166666667,-156.54606446666668,38.661359999999995,gp,Jafarov_2016,True,15,5.0,True,1,38.661359999999995,
BS,2013-08-12,71.24939416666666,-156.54605775000002,39.55470833333333,gp,Jafarov_2016,True,12,5.0,True,1,39.55470833333333,
BS,2013-08-12,71.2493516923077,-156.546063,37.74357692307692,gp,Jafarov_2016,True,13,5.0,True,1,37.74357692307692,
BS,2013-08-12,71.2493085,-156.54605728571428,36.881750000000004,gp,Jafarov_2016,True,14,5.0,True,1,36.881750000000004,
BS,2013-08-12,71.249261875,-156.5460521875,40.0687,gp,Jafarov_2016,True,16,5.0,True,1,40.0687,
BS,2013-08-12,71.24922725,-156.54605737499998,41.3207,gp,Jafarov_2016,True,8,5.0,True,1,41.3207,
BS,2013-08-12,71.24920428571428,-156.54604557142855,39.99758571428571,gp,Jafarov_2016,True,7,5.0,True,1,39.99758571428571,
BS,2013-08-12,71.2491716875,-156.546007,38.17378125,gp,Jafarov_2016,True,16,5.0,True,1,38.17378125,
BS,2013-08-12,71.24912592307693,-156.5459616153846,37.23190769230769,gp,Jafarov_2016,True,13,5.0,True,1,37.23190769230769,
BS,2013-08-12,71.24909725,-156.54593599999998,32.8323,gp,Jafarov_2016,True,4,5.0,True,1,32.8323,
BS,2013-08-12,71.2490769,-156.5459069,32.63889,gp,Jafarov_2016,True,10,5.0,True,1,32.63889,
BS,2013-08-12,71.249034125,-156.545860875,33.33499375,gp,Jafarov_2016,True,16,5.0,True,1,33.33499375,
BS,2013-08-12,71.24900414285715,-156.54581657142856,33.62227142857143,gp,Jafarov_2016,True,7,5.0,True,1,33.62227142857143,
BS,2013-08-12,71.24898254545454,-156.545792,34.00297272727273,gp,Jafarov_2016,True,11,5.0,True,1,34.00297272727273,
BS,2013-08-12,71.24894494444445,-156.54575883333334,33.532650000000004,gp,Jafarov_2016,True,18,5.0,True,1,33.532650000000004,
BS,2013-08-12,71.2488981875,-156.5457030625,33.3688375,gp,Jafarov_2016,True,16,5.0,True,1,33.3688375,
BS,2013-08-12,71.248854,-156.5456726923077,32.52586923076923,gp,Jafarov_2016,True,13,5.0,True,1,32.52586923076923,
BS,2013-08-12,71.248858,-156.54568,33.7217,gp,Jafarov_2016,True,1,5.0,False,1,33.7217,
BS,2013-08-12,71.24880641666667,-156.54564791666667,33.28344166666667,gp,Jafarov_2016,True,12,5.0,True,1,33.28344166666667,
BS,2013-08-12,71.2487655625,-156.54563275,34.3714,gp,Jafarov_2016,True,16,5.0,True,1,34.3714,
BS,2013-08-12,71.24872046153847,-156.54562453846154,36.06343846153846,gp,Jafarov_2016,True,13,5.0,True,1,36.06343846153846,
BS,2013-08-12,71.24867253333333,-156.54561813333333,35.278906666666664,gp,Jafarov_2016,True,15,5.0,True,1,35.278906666666664,
BS,2013-08-12,71.24862784615385,-156.54561323076922,33.971584615384614,gp,Jafarov_2016,True,13,5.0,True,1,33.971584615384614,
BS,2013-08-12,71.24858123529413,-156.54560217647057,36.01470588235294,gp,Jafarov_2016,True,17,5.0,True,1,36.01470588235294,
BS,2013-08-12,71.24853900000001,-156.5456115,36.62208333333333,gp,Jafarov_2016,True,12,5.0,True,1,36.62208333333333,
BS,2013-08-12,71.24849342857144,-156.54561978571428,37.318178571428575,gp,Jafarov_2016,True,14,5.0,True,1,37.318178571428575,
BS,2013-08-12,71.24844935714286,-156.54561835714284,37.92035714285714,gp,Jafarov_2016,True,14,5.0,True,1,37.92035714285714,
BS,2013-08-12,71.24840206666666,-156.5456102,39.53276666666667,gp,Jafarov_2016,True,15,5.0,True,1,39.53276666666667,
BS,2013-08-12,71.24836142857143,-156.54561071428571,38.52805,gp,Jafarov_2016,True,14,5.0,True,1,38.52805,
BS,2013-08-12,71.2483395,-156.545605,37.782250000000005,gp,Jafarov_2016,True,2,5.0,True,1,37.782250000000005,
BS,2013-08-12,71.24831473333333,-156.54559740000002,38.826366666666665,gp,Jafarov_2016,True,15,5.0,True,1,38.826366666666665,
BS,2013-08-12,71.24826892307692,-156.54556184615384,39.6117,gp,Jafarov_2016,True,13,5.0,True,1,39.6117,
BS,2013-08-12,71.24822776923077,-156.54551384615385,40.73615384615384,gp,Jafarov_2016,True,13,5.0,True,1,40.73615384615384,
BS,2013-08-12,71.24820433333333,-156.545477,41.481833333333334,gp,Jafarov_2016,True,3,5.0,True,1,41.481833333333334,
BS,2013-08-12,71.2481774,-156.54543473333334,41.352920000000005,gp,Jafarov_2016,True,15,5.0,True,1,41.352920000000005,
BS,2013-08-12,71.24813138461538,-156.54540007692307,39.742592307692306,gp,Jafarov_2016,True,13,5.0,True,1,39.742592307692306,
BS,2013-08-12,71.24808576923077,-156.54538646153847,38.80256923076923,gp,Jafarov_2016,True,13,5.0,True,1,38.80256923076923,
BS,2013-08-12,71.24804191666666,-156.54537691666667,38.78125,gp,Jafarov_2016,True,12,5.0,True,1,38.78125,
BS,2013-08-12,71.24800371428572,-156.5453714285714,41.312428571428576,gp,Jafarov_2016,True,7,5.0,True,1,41.312428571428576,
BS,2013-08-12,71.2479816,-156.54537059999998,39.9092,gp,Jafarov_2016,True,5,5.0,True,1,39.9092,
BS,2013-08-12,71.2479522,-156.5453657,37.41873,gp,Jafarov_2016,True,10,5.0,True,1,37.41873,
BS,2013-08-12,71.24790742857142,-156.54534228571427,31.891250000000003,gp,Jafarov_2016,True,14,5.0,True,1,31.891250000000003,
BS,2013-08-12,71.24786415384615,-156.54532676923077,34.09850769230769,gp,Jafarov_2016,True,13,5.0,True,1,34.09850769230769,
BS,2013-08-12,71.24781692857142,-156.545324,38.01427857142858,gp,Jafarov_2016,True,14,5.0,True,1,38.01427857142858,
BS,2013-08-12,71.24777315384615,-156.5453270769231,37.366769230769236,gp,Jafarov_2016,True,13,5.0,True,1,37.366769230769236,
BS,2013-08-12,71.247728,-156.54532184615385,36.34146923076923,gp,Jafarov_2016,True,13,5.0,True,1,36.34146923076923,
BS,2013-08-12,71.24767935714286,-156.5453207142857,38.24077857142857,gp,Jafarov_2016,True,14,5.0,True,1,38.24077857142857,
BS,2013-08-12,71.24763546153847,-156.54532023076925,38.70738461538462,gp,Jafarov_2016,True,13,5.0,True,1,38.70738461538462,
BS,2013-08-12,71.24759090909092,-156.5453080909091,33.9889,gp,Jafarov_2016,True,11,5.0,True,1,33.9889,
BS,2013-08-12,71.24754033333333,-156.54525666666666,32.77642222222222,gp,Jafarov_2016,True,9,5.0,True,1,32.77642222222222,
BS,2013-08-12,71.24750028571428,-156.54526735714285,37.73252142857143,gp,Jafarov_2016,True,14,5.0,True,1,37.73252142857143,
BS,2013-08-12,71.2474565,-156.54528100000002,31.697891666666663,gp,Jafarov_2016,True,12,5.0,True,1,31.697891666666663,
BS,2013-08-12,71.247411,-156.54528846153846,33.70981538461538,gp,Jafarov_2016,True,13,5.0,True,1,33.70981538461538,
BS,2013-08-12,71.247375625,-156.545304125,32.5164375,gp,Jafarov_2016,True,8,5.0,True,1,32.5164375,
BS,2013-08-12,71.24735650000001,-156.54531383333332,35.096716666666666,gp,Jafarov_2016,True,6,5.0,True,1,35.096716666666666,
BS,2013-08-12,71.24732183333333,-156.5453285,31.38208333333333,gp,Jafarov_2016,True,12,5.0,True,1,31.38208333333333,
BS,2013-08-12,71.24727953333333,-156.54537100000002,21.759259999999998,gp,Jafarov_2016,True,15,5.0,True,1,21.759259999999998,
BS,2013-08-12,71.24723658333333,-156.54540508333335,37.588875,gp,Jafarov_2016,True,12,5.0,True,1,37.588875,
BS,2013-08-12,71.24719157142857,-156.54544257142857,38.39545714285714,gp,Jafarov_2016,True,14,5.0,True,1,38.39545714285714,
BS,2013-08-12,71.247168,-156.545473,27.0186,gp,Jafarov_2016,True,1,5.0,False,1,27.0186,
BS,2013-08-12,71.24714769230769,-156.5455153076923,30.102446153846152,gp,Jafarov_2016,True,13,5.0,True,1,30.102446153846152,
BS,2013-08-12,71.2471015625,-156.54557818749998,45.47306875,gp,Jafarov_2016,True,16,5.0,True,1,45.47306875,
BS,2013-08-12,71.247074,-156.54562075,49.8091,gp,Jafarov_2016,True,4,5.0,True,1,49.8091,
BS,2013-08-12,71.2470519,-156.545648,49.73952,gp,Jafarov_2016,True,10,5.0,True,1,49.73952,
BS,2013-08-12,71.24701316666666,-156.54571422222222,43.14041666666667,gp,Jafarov_2016,True,18,5.0,True,1,43.14041666666667,
BS,2013-08-12,71.2469868,-156.5457678,40.5434,gp,Jafarov_2016,True,5,5.0,True,1,40.5434,
BS,2013-08-12,71.24696529411764,-156.54582352941176,46.31048235294117,gp,Jafarov_2016,True,17,5.0,True,1,46.31048235294117,
BS,2013-08-12,71.246933,-156.5458915714286,51.608285714285714,gp,Jafarov_2016,True,14,5.0,True,1,51.608285714285714,
BS,2013-08-12,71.24691075,-156.54593599999998,52.761075,gp,Jafarov_2016,True,4,5.0,True,1,52.761075,
BS,2013-08-12,71.24688514285715,-156.5459772857143,50.65255,gp,Jafarov_2016,True,14,5.0,True,1,50.65255,
BS,2013-08-12,71.2468478888889,-156.54603455555556,50.80031111111111,gp,Jafarov_2016,True,9,5.0,True,1,50.80031111111111,
BS,2013-08-12,71.24682416666667,-156.54609866666667,51.072399999999995,gp,Jafarov_2016,True,6,5.0,True,1,51.072399999999995,
BS,2013-08-12,71.24680733333334,-156.54617593333333,51.16351333333333,gp,Jafarov_2016,True,15,5.0,True,1,51.16351333333333,
BS,2013-08-12,71.24678305263157,-156.5462634736842,52.438815789473686,gp,Jafarov_2016,True,19,5.0,True,1,52.438815789473686,
BS,2013-08-12,71.2467646,-156.5463202,52.00569,gp,Jafarov_2016,True,10,5.0,True,1,52.00569,
BS,2013-08-12,71.24674481818182,-156.5464060909091,48.67008181818182,gp,Jafarov_2016,True,11,5.0,True,1,48.67008181818182,
BS,2013-08-12,71.24671646153845,-156.54646969230768,48.15516923076923,gp,Jafarov_2016,True,13,5.0,True,1,48.15516923076923,
BS,2013-08-12,71.24669788888889,-156.54654866666667,50.77161111111111,gp,Jafarov_2016,True,9,5.0,True,1,50.77161111111111,
BS,2013-08-12,71.246685125,-156.5466245,53.270224999999996,gp,Jafarov_2016,True,8,5.0,True,1,53.270224999999996,
BS,2013-08-12,71.24666623529413,-156.5467237647059,52.53888823529412,gp,Jafarov_2016,True,17,5.0,True,1,52.53888823529412,
BS,2013-08-12,71.24664999999999,-156.546805,49.8091,gp,Jafarov_2016,True,2,5.0,True,1,49.8091,
BS,2013-08-12,71.24663422222223,-156.54686555555557,53.0352037037037,gp,Jafarov_2016,True,27,5.0,True,1,53.0352037037037,
BS,2013-08-12,71.24660966666666,-156.54695166666667,52.973533333333336,gp,Jafarov_2016,True,3,5.0,True,1,52.973533333333336,
BS,2013-08-12,71.24658272222223,-156.54701722222222,53.53210555555555,gp,Jafarov_2016,True,18,5.0,True,1,53.53210555555555,
BS,2013-08-12,71.24655899999999,-156.5470775,54.0821,gp,Jafarov_2016,True,2,5.0,True,1,54.0821,
BS,2013-08-12,71.24653788235294,-156.5471310588235,55.26501176470588,gp,Jafarov_2016,True,17,5.0,True,1,55.26501176470588,
BS,2013-08-12,71.24649741666667,-156.547192,54.397933333333334,gp,Jafarov_2016,True,12,5.0,True,1,54.397933333333334,
BS,2013-08-12,71.24646874999999,-156.547227,53.212,gp,Jafarov_2016,True,4,5.0,True,1,53.212,
BS,2013-08-12,71.24644889999999,-156.54726069999998,53.888760000000005,gp,Jafarov_2016,True,10,5.0,True,1,53.888760000000005,
BS,2013-08-12,71.24640761538461,-156.5472916923077,52.779192307692306,gp,Jafarov_2016,True,13,5.0,True,1,52.779192307692306,
BS,2013-08-12,71.24636257142858,-156.54734142857143,54.34177142857143,gp,Jafarov_2016,True,14,5.0,True,1,54.34177142857143,
BS,2013-08-12,71.24633416666667,-156.54738183333333,54.8556,gp,Jafarov_2016,True,6,5.0,True,1,54.8556,
BS,2013-08-12,71.246313,-156.54741836363635,56.28288181818182,gp,Jafarov_2016,True,11,5.0,True,1,56.28288181818182,
BS,2013-08-12,71.24628369230768,-156.54749176923076,54.91508461538462,gp,Jafarov_2016,True,13,5.0,True,1,54.91508461538462,
BS,2013-08-12,71.24626171428572,-156.54757085714286,53.88877142857143,gp,Jafarov_2016,True,7,5.0,True,1,53.88877142857143,
BS,2013-08-12,71.24623575,-156.5476415,52.203325,gp,Jafarov_2016,True,12,5.0,True,1,52.203325,
BS,2013-08-12,71.24621333333333,-156.54769866666666,51.761799999999994,gp,Jafarov_2016,True,3,5.0,True,1,51.761799999999994,
BS,2013-08-12,71.2461927,-156.54775924999998,52.152390000000004,gp,Jafarov_2016,True,20,5.0,True,1,52.152390000000004,
BS,2013-08-12,71.24615006666666,-156.54789686666666,55.819759999999995,gp,Jafarov_2016,True,15,5.0,True,1,55.819759999999995,
BS,2013-08-12,71.2461290909091,-156.548019,52.331345454545456,gp,Jafarov_2016,True,11,5.0,True,1,52.331345454545456,
BS,2013-08-12,71.246114375,-156.5480865,50.6838375,gp,Jafarov_2016,True,8,5.0,True,1,50.6838375,
BS,2013-08-12,71.24609339999999,-156.5481332,51.18172,gp,Jafarov_2016,True,5,5.0,True,1,51.18172,
BS,2013-08-12,71.24606163636363,-156.54818945454545,51.726672727272735,gp,Jafarov_2016,True,11,5.0,True,1,51.726672727272735,
BS,2013-08-12,71.2460305,-156.5482515,49.71651666666667,gp,Jafarov_2016,True,6,5.0,True,1,49.71651666666667,
BS,2013-08-12,71.24600666666667,-156.54832283333334,48.575700000000005,gp,Jafarov_2016,True,12,5.0,True,1,48.575700000000005,
BS,2013-08-12,71.24599233333333,-156.54838733333332,46.50246666666667,gp,Jafarov_2016,True,3,5.0,True,1,46.50246666666667,
BS,2013-08-12,71.2460032857143,-156.54865342857144,38.15651428571429,gp,Jafarov_2016,True,7,5.0,True,1,38.15651428571429,
BS,2013-08-12,71.2460115,-156.548756,31.02626,gp,Jafarov_2016,True,10,5.0,True,1,31.02626,
BS,2013-08-12,71.24601253846154,-156.54889007692307,33.05837692307692,gp,Jafarov_2016,True,13,5.0,True,1,33.05837692307692,
BS,2013-08-12,71.24601527272728,-156.5490280909091,33.090590909090906,gp,Jafarov_2016,True,11,5.0,True,1,33.090590909090906,
BS,2013-08-12,71.24601683333333,-156.54917158333333,30.80145,gp,Jafarov_2016,True,12,5.0,True,1,30.80145,
BS,2013-08-12,71.2460156923077,-156.54931346153847,29.608130769230772,gp,Jafarov_2016,True,13,5.0,True,1,29.608130769230772,
BS,2013-08-12,71.24601081818182,-156.54945627272727,33.775318181818186,gp,Jafarov_2016,True,11,5.0,True,1,33.775318181818186,
BS,2013-08-12,71.24600976923077,-156.54958476923076,39.24115384615384,gp,Jafarov_2016,True,13,5.0,True,1,39.24115384615384,
BS,2013-08-12,71.24601233333333,-156.54964733333333,29.377533333333332,gp,Jafarov_2016,True,3,5.0,True,1,29.377533333333332,
BS,2013-08-12,71.24601518181818,-156.5497341818182,30.284336363636363,gp,Jafarov_2016,True,11,5.0,True,1,30.284336363636363,
BS,2013-08-12,71.24602166666666,-156.54987366666668,28.380799999999997,gp,Jafarov_2016,True,12,5.0,True,1,28.380799999999997,
BS,2013-08-12,71.24603009090909,-156.55001427272728,22.503236363636365,gp,Jafarov_2016,True,11,5.0,True,1,22.503236363636365,
BS,2013-08-12,71.24603611111111,-156.55015033333333,21.07141111111111,gp,Jafarov_2016,True,9,5.0,True,1,21.07141111111111,
BS,2013-08-12,71.24604053846154,-156.55028769230768,24.203607692307692,gp,Jafarov_2016,True,13,5.0,True,1,24.203607692307692,
BS,2013-08-12,71.24603845454546,-156.5504240909091,22.278427272727274,gp,Jafarov_2016,True,11,5.0,True,1,22.278427272727274,
BS,2013-08-12,71.24603625,-156.55056558333334,21.471099999999996,gp,Jafarov_2016,True,12,5.0,True,1,21.471099999999996,
BS,2013-08-12,71.24603008333334,-156.55070283333333,22.548383333333334,gp,Jafarov_2016,True,12,5.0,True,1,22.548383333333334,
BS,2013-08-12,71.246027,-156.55078,22.9325,gp,Jafarov_2016,True,1,5.0,False,1,22.9325,
BS,2013-08-12,71.2460244,-156.5508452,24.303919999999998,gp,Jafarov_2016,True,10,5.0,True,1,24.303919999999998,
BS,2013-08-12,71.2460226153846,-156.55098330769232,25.033738461538462,gp,Jafarov_2016,True,13,5.0,True,1,25.033738461538462,
BS,2013-08-12,71.24602358333333,-156.55112916666667,37.246516666666665,gp,Jafarov_2016,True,12,5.0,True,1,37.246516666666665,
BS,2013-08-12,71.24602922222222,-156.55124466666666,21.745866666666668,gp,Jafarov_2016,True,9,5.0,True,1,21.745866666666668,
BS,2013-08-12,71.24603433333333,-156.55131633333335,23.232200000000002,gp,Jafarov_2016,True,3,5.0,True,1,23.232200000000002,
BS,2013-08-12,71.24603781818182,-156.55139954545456,23.136854545454547,gp,Jafarov_2016,True,11,5.0,True,1,23.136854545454547,
BS,2013-08-12,71.24604407692308,-156.55154184615384,28.62233846153846,gp,Jafarov_2016,True,13,5.0,True,1,28.62233846153846,
BS,2013-08-12,71.2460428,-156.551641,35.11816,gp,Jafarov_2016,True,5,5.0,True,1,35.11816,
BS,2013-08-12,71.24601463636364,-156.55170154545456,38.01842727272727,gp,Jafarov_2016,True,11,5.0,True,1,38.01842727272727,
BS,2013-08-12,71.2459865,-156.55175150000002,38.827799999999996,gp,Jafarov_2016,True,2,5.0,True,1,38.827799999999996,
BS,2013-08-12,71.2459643076923,-156.55179346153847,41.54132307692308,gp,Jafarov_2016,True,13,5.0,True,1,41.54132307692308,
BS,2013-08-12,71.2459462,-156.5518642,44.74078,gp,Jafarov_2016,True,5,5.0,True,1,44.74078,
BS,2013-08-12,71.245948,-156.5519325,45.7525,gp,Jafarov_2016,True,6,5.0,True,1,45.7525,
BS,2013-08-12,71.2459570625,-156.5520130625,46.2162125,gp,Jafarov_2016,True,16,5.0,True,1,46.2162125,
BS,2013-08-12,71.2459609,-156.5521033,48.09635,gp,Jafarov_2016,True,10,5.0,True,1,48.09635,
BS,2013-08-12,71.2459728,-156.5522521,49.27671,gp,Jafarov_2016,True,10,5.0,True,1,49.27671,
BS,2013-08-12,71.24597744444445,-156.55238066666666,47.90336666666667,gp,Jafarov_2016,True,9,5.0,True,1,47.90336666666667,
BS,2013-08-12,71.24598209090908,-156.55252745454547,46.813263636363644,gp,Jafarov_2016,True,11,5.0,True,1,46.813263636363644,
BS,2013-08-12,71.24598341666668,-156.55266016666667,47.27945,gp,Jafarov_2016,True,12,5.0,True,1,47.27945,
BS,2013-08-12,71.24598236363637,-156.55280118181818,45.997772727272725,gp,Jafarov_2016,True,11,5.0,True,1,45.997772727272725,
BS,2013-08-12,71.2459728,-156.5529449,43.00963,gp,Jafarov_2016,True,10,5.0,True,1,43.00963,
BS,2013-08-12,71.2459725,-156.5530787,42.09906,gp,Jafarov_2016,True,10,5.0,True,1,42.09906,
BS,2013-08-12,71.24597381818181,-156.5532199090909,37.05574545454545,gp,Jafarov_2016,True,11,5.0,True,1,37.05574545454545,
BS,2013-08-12,71.2459715,-156.55332175,29.958325,gp,Jafarov_2016,True,4,5.0,True,1,29.958325,
BS,2013-08-12,71.24596914285715,-156.5533834285714,25.212871428571425,gp,Jafarov_2016,True,7,5.0,True,1,25.212871428571425,
BS,2013-08-12,71.24597,-156.55350058333332,26.436008333333334,gp,Jafarov_2016,True,12,5.0,True,1,26.436008333333334,
BS,2013-08-12,71.24596965217391,-156.55366217391304,35.386,gp,Jafarov_2016,True,23,5.0,True,1,35.386,
BS,2013-08-12,71.2459672,-156.5537898,39.95197,gp,Jafarov_2016,True,10,5.0,True,1,39.95197,
BS,2013-08-12,71.24596681818183,-156.5539269090909,40.029627272727275,gp,Jafarov_2016,True,11,5.0,True,1,40.029627272727275,
BS,2013-08-12,71.24597399999999,-156.5540558888889,38.254099999999994,gp,Jafarov_2016,True,9,5.0,True,1,38.254099999999994,
BS,2013-08-12,71.24597899999999,-156.55414666666667,39.469833333333334,gp,Jafarov_2016,True,3,5.0,True,1,39.469833333333334,
BS,2013-08-12,71.245985375,-156.55421875,34.244125,gp,Jafarov_2016,True,8,5.0,True,1,34.244125,
BS,2013-08-12,71.24598999999999,-156.55433936363636,34.04101818181818,gp,Jafarov_2016,True,11,5.0,True,1,34.04101818181818,
BS,2013-08-12,71.24599618181819,-156.5544807272727,39.330318181818186,gp,Jafarov_2016,True,11,5.0,True,1,39.330318181818186,
BS,2013-08-12,71.2459919090909,-156.55462145454547,44.36022727272727,gp,Jafarov_2016,True,11,5.0,True,1,44.36022727272727,
BS,2013-08-12,71.245987,-156.554678,47.8134,gp,Jafarov_2016,True,2,5.0,True,1,47.8134,
BS,2013-08-12,71.24598309090909,-156.5547520909091,48.307372727272735,gp,Jafarov_2016,True,11,5.0,True,1,48.307372727272735,
BS,2013-08-12,71.2459819090909,-156.55489545454546,48.32438181818182,gp,Jafarov_2016,True,11,5.0,True,1,48.32438181818182,
BS,2013-08-12,71.245978,-156.555034,47.72626363636364,gp,Jafarov_2016,True,11,5.0,True,1,47.72626363636364,
BS,2013-08-12,71.24598633333333,-156.55517958333334,46.61249166666667,gp,Jafarov_2016,True,12,5.0,True,1,46.61249166666667,
BS,2013-08-12,71.2459929090909,-156.5553050909091,44.581345454545456,gp,Jafarov_2016,True,11,5.0,True,1,44.581345454545456,
BS,2013-08-12,71.2461352,-156.556727,33.4994,gp,Jafarov_2016,True,5,5.0,True,1,33.4994,
BS,2013-08-12,71.24614191666667,-156.55682825,33.780425,gp,Jafarov_2016,True,12,5.0,True,1,33.780425,
BS,2013-08-12,71.2461496,-156.5569244,35.335480000000004,gp,Jafarov_2016,True,5,5.0,True,1,35.335480000000004,
BS,2013-08-12,71.24615533333333,-156.556991,38.050066666666666,gp,Jafarov_2016,True,9,5.0,True,1,38.050066666666666,
BS,2013-08-12,71.24616466666667,-156.557106,42.024125000000005,gp,Jafarov_2016,True,12,5.0,True,1,42.024125000000005,
BS,2013-08-12,71.24617841666667,-156.55724116666667,46.02417500000001,gp,Jafarov_2016,True,12,5.0,True,1,46.02417500000001,
BS,2013-08-12,71.246195,-156.55734428571427,48.487928571428576,gp,Jafarov_2016,True,7,5.0,True,1,48.487928571428576,
BS,2013-08-12,71.246212,-156.55740985714286,49.7849,gp,Jafarov_2016,True,7,5.0,True,1,49.7849,
BS,2013-08-12,71.24623561538462,-156.55752184615383,50.651761538461535,gp,Jafarov_2016,True,13,5.0,True,1,50.651761538461535,
BS,2013-08-12,71.24626042857143,-156.5576482857143,49.51607857142857,gp,Jafarov_2016,True,14,5.0,True,1,49.51607857142857,
BS,2013-08-12,71.24628572727273,-156.55778254545456,48.68842727272727,gp,Jafarov_2016,True,11,5.0,True,1,48.68842727272727,
BS,2013-08-12,71.246299,-156.557854,49.4622,gp,Jafarov_2016,True,1,5.0,False,1,49.4622,
BS,2013-08-12,71.2463163076923,-156.5579266923077,49.4622,gp,Jafarov_2016,True,13,5.0,True,1,49.4622,
BS,2013-08-12,71.246339,-156.55803628571428,49.4622,gp,Jafarov_2016,True,7,5.0,True,1,49.4622,
BS,2013-08-12,71.24634900000001,-156.55810724999998,49.4622,gp,Jafarov_2016,True,4,5.0,True,1,49.4622,
BS,2013-08-12,71.24636,-156.558197,49.57461818181818,gp,Jafarov_2016,True,11,5.0,True,1,49.57461818181818,
BS,2013-08-12,71.24637322222222,-156.5583361111111,50.68624444444444,gp,Jafarov_2016,True,9,5.0,True,1,50.68624444444444,
BS,2013-08-12,71.2463832,-156.5584302,52.07018000000001,gp,Jafarov_2016,True,5,5.0,True,1,52.07018000000001,
BS,2013-08-12,71.24644166666667,-156.55890366666668,49.050000000000004,gp,Jafarov_2016,True,6,5.0,True,1,49.050000000000004,
BS,2013-08-12,71.24644833333333,-156.55893166666667,48.1132,gp,Jafarov_2016,True,3,5.0,True,1,48.1132,
BS,2013-08-12,71.24645941666667,-156.5590131666667,47.804100000000005,gp,Jafarov_2016,True,12,5.0,True,1,47.804100000000005,
BS,2013-08-12,71.24647716666666,-156.55916333333332,47.56675833333333,gp,Jafarov_2016,True,12,5.0,True,1,47.56675833333333,
BS,2013-08-12,71.2464919090909,-156.55929418181816,46.22943636363636,gp,Jafarov_2016,True,11,5.0,True,1,46.22943636363636,
BS,2013-08-12,71.2465035,-156.55943733333334,46.658075,gp,Jafarov_2016,True,12,5.0,True,1,46.658075,
BS,2013-08-12,71.24651758333333,-156.55956608333335,48.946949999999994,gp,Jafarov_2016,True,12,5.0,True,1,48.946949999999994,
BS,2013-08-12,71.24653266666667,-156.55970958333333,48.37864166666666,gp,Jafarov_2016,True,12,5.0,True,1,48.37864166666666,
BS,2013-08-12,71.24654425,-156.55982625000001,44.3988375,gp,Jafarov_2016,True,8,5.0,True,1,44.3988375,
BS,2013-08-12,71.24655166666666,-156.55989133333333,41.4808,gp,Jafarov_2016,True,3,5.0,True,1,41.4808,
BS,2013-08-12,71.24655908333334,-156.55998241666666,36.35658333333333,gp,Jafarov_2016,True,12,5.0,True,1,36.35658333333333,
BS,2013-08-12,71.24656872727273,-156.5601230909091,36.095127272727275,gp,Jafarov_2016,True,11,5.0,True,1,36.095127272727275,
BS,2013-08-12,71.24657916666666,-156.56025566666668,39.7571,gp,Jafarov_2016,True,12,5.0,True,1,39.7571,
BS,2013-08-12,71.24658781818181,-156.560396,41.255945454545454,gp,Jafarov_2016,True,11,5.0,True,1,41.255945454545454,
BS,2013-08-12,71.246595625,-156.5605545,42.7665375,gp,Jafarov_2016,True,16,5.0,True,1,42.7665375,
BS,2013-08-12,71.246734,-156.5613898,21.8353,gp,Jafarov_2016,True,5,5.0,True,1,21.8353,
BS,2013-08-12,71.24674575,-156.561438,22.066875,gp,Jafarov_2016,True,4,5.0,True,1,22.066875,
BS,2013-08-12,71.24676005882353,-156.5615073529412,24.08569411764706,gp,Jafarov_2016,True,17,5.0,True,1,24.08569411764706,
BS,2013-08-12,71.24678407692308,-156.561601,24.51666923076923,gp,Jafarov_2016,True,13,5.0,True,1,24.51666923076923,
BS,2013-08-12,71.24679925,-156.5616755,24.412575,gp,Jafarov_2016,True,4,5.0,True,1,24.412575,
BS,2013-08-12,71.24682055555556,-156.5617621111111,24.595761111111113,gp,Jafarov_2016,True,18,5.0,True,1,24.595761111111113,
BS,2013-08-12,71.2468408,-156.5618544,38.45458,gp,Jafarov_2016,True,5,5.0,True,1,38.45458,
BS,2013-08-12,71.24685333333333,-156.5619215,42.245200000000004,gp,Jafarov_2016,True,12,5.0,True,1,42.245200000000004,
BS,2013-08-12,71.2468762857143,-156.56202064285714,43.287435714285714,gp,Jafarov_2016,True,14,5.0,True,1,43.287435714285714,
BS,2013-08-12,71.24689928571429,-156.56208542857144,41.19172857142858,gp,Jafarov_2016,True,7,5.0,True,1,41.19172857142858,
BS,2013-08-12,71.24692094117647,-156.56215770588236,31.846235294117644,gp,Jafarov_2016,True,17,5.0,True,1,31.846235294117644,
BS,2013-08-12,71.246939,-156.562227,25.40556666666667,gp,Jafarov_2016,True,3,5.0,True,1,25.40556666666667,
BS,2013-08-12,71.24695211764707,-156.5623064117647,23.934635294117648,gp,Jafarov_2016,True,17,5.0,True,1,23.934635294117648,
BS,2013-08-12,71.24697644444444,-156.562408,22.425911111111112,gp,Jafarov_2016,True,9,5.0,True,1,22.425911111111112,
BS,2013-08-12,71.24699162499999,-156.56247274999998,25.636025,gp,Jafarov_2016,True,8,5.0,True,1,25.636025,
BS,2013-08-12,71.247015125,-156.562580375,41.89953125,gp,Jafarov_2016,True,16,5.0,True,1,41.89953125,
BS,2013-08-12,71.24703075,-156.5626575,43.054575,gp,Jafarov_2016,True,4,5.0,True,1,43.054575,
BS,2013-08-12,71.24704621428572,-156.56272107142857,42.90546428571429,gp,Jafarov_2016,True,14,5.0,True,1,42.90546428571429,
BS,2013-08-12,71.24706921428572,-156.56285321428572,40.52180714285714,gp,Jafarov_2016,True,14,5.0,True,1,40.52180714285714,
BS,2013-08-12,71.24709547826087,-156.5629802173913,44.51107826086957,gp,Jafarov_2016,True,23,5.0,True,1,44.51107826086957,
BS,2013-08-12,71.24712082352941,-156.5631254117647,46.02365882352941,gp,Jafarov_2016,True,17,5.0,True,1,46.02365882352941,
BS,2013-08-12,71.24713855,-156.56325825,47.76474,gp,Jafarov_2016,True,20,5.0,True,1,47.76474,
BS,2013-08-12,71.24715511764705,-156.56339458823527,51.26740588235294,gp,Jafarov_2016,True,17,5.0,True,1,51.26740588235294,
BS,2013-08-12,71.24717073684211,-156.56352542105265,44.332547368421054,gp,Jafarov_2016,True,19,5.0,True,1,44.332547368421054,
BS,2013-08-12,71.24718,-156.563605,43.167,gp,Jafarov_2016,True,1,5.0,False,1,43.167,
BS,2013-08-12,71.247193875,-156.5636744375,41.16461875,gp,Jafarov_2016,True,16,5.0,True,1,41.16461875,
BS,2013-08-12,71.24722066666666,-156.5637738888889,27.71631111111111,gp,Jafarov_2016,True,9,5.0,True,1,27.71631111111111,
BS,2013-08-12,71.24723328571429,-156.563842,26.047942857142857,gp,Jafarov_2016,True,7,5.0,True,1,26.047942857142857,
BS,2013-08-12,71.2472520909091,-156.56394254545455,27.83780909090909,gp,Jafarov_2016,True,11,5.0,True,1,27.83780909090909,
BS,2013-08-12,71.24727066666667,-156.56404166666667,28.92788333333333,gp,Jafarov_2016,True,6,5.0,True,1,28.92788333333333,
BS,2013-08-12,71.247281125,-156.564103875,29.593,gp,Jafarov_2016,True,8,5.0,True,1,29.593,
BS,2013-08-12,71.24729127272727,-156.56421254545455,30.903627272727274,gp,Jafarov_2016,True,11,5.0,True,1,30.903627272727274,
BS,2013-08-12,71.24729007692308,-156.56435453846154,25.526623076923077,gp,Jafarov_2016,True,13,5.0,True,1,25.526623076923077,
BS,2013-08-12,71.24729545454545,-156.56447090909091,28.542945454545453,gp,Jafarov_2016,True,11,5.0,True,1,28.542945454545453,
BS,2013-08-12,71.26356255555555,-156.63050766666666,32.23477777777778,gp,Jafarov_2016,True,9,5.0,True,1,32.23477777777778,
BS,2013-08-12,71.26353675,-156.6305339375,32.659406249999996,gp,Jafarov_2016,True,16,5.0,True,1,32.659406249999996,
BS,2013-08-12,71.26348470588235,-156.63059429411766,37.7787,gp,Jafarov_2016,True,17,5.0,True,1,37.7787,
BS,2013-08-12,71.26346183333332,-156.63062908333333,47.792025,gp,Jafarov_2016,True,12,5.0,True,1,47.792025,
BS,2013-08-12,71.26344270588235,-156.63067317647057,59.63986470588235,gp,Jafarov_2016,True,17,5.0,True,1,59.63986470588235,
BS,2013-08-12,71.26340275,-156.6307465625,42.30814375,gp,Jafarov_2016,True,16,5.0,True,1,42.30814375,
BS,2013-08-12,71.26337316666667,-156.63078483333334,46.11165,gp,Jafarov_2016,True,6,5.0,True,1,46.11165,
BS,2013-08-12,71.263351125,-156.630811875,42.579175,gp,Jafarov_2016,True,8,5.0,True,1,42.579175,
BS,2013-08-12,71.26331463636365,-156.6308508181818,43.96637272727273,gp,Jafarov_2016,True,11,5.0,True,1,43.96637272727273,
BS,2013-08-12,71.26326894736842,-156.63090431578948,46.5605052631579,gp,Jafarov_2016,True,19,5.0,True,1,46.5605052631579,
BS,2013-08-12,71.26322982352941,-156.63091805882354,38.40368823529412,gp,Jafarov_2016,True,17,5.0,True,1,38.40368823529412,
BS,2013-08-12,71.26317992857143,-156.6309117142857,41.34403571428572,gp,Jafarov_2016,True,14,5.0,True,1,41.34403571428572,
BS,2013-08-12,71.26314268421052,-156.6308835263158,41.63625789473684,gp,Jafarov_2016,True,19,5.0,True,1,41.63625789473684,
BS,2013-08-12,71.26312,-156.63077619999999,44.969669999999994,gp,Jafarov_2016,True,10,5.0,True,1,44.969669999999994,
BS,2013-08-12,71.26310749999999,-156.63070900000002,41.46795,gp,Jafarov_2016,True,2,5.0,True,1,41.46795,
BS,2013-08-12,71.26308782352942,-156.6306291764706,38.02105294117647,gp,Jafarov_2016,True,17,5.0,True,1,38.02105294117647,
BS,2013-08-12,71.2630675,-156.63053725,37.1314,gp,Jafarov_2016,True,4,5.0,True,1,37.1314,
BS,2013-08-12,71.26304913333334,-156.63047820000003,43.57477333333334,gp,Jafarov_2016,True,15,5.0,True,1,43.57477333333334,
BS,2013-08-12,71.2630256,-156.6303722,38.439589999999995,gp,Jafarov_2016,True,10,5.0,True,1,38.439589999999995,
BS,2013-08-12,71.263012,-156.6303024,39.14428,gp,Jafarov_2016,True,5,5.0,True,1,39.14428,
BS,2013-08-12,71.26299566666667,-156.63021366666666,38.97808,gp,Jafarov_2016,True,15,5.0,True,1,38.97808,
BS,2013-08-12,71.26297445454544,-156.63008363636365,35.05681818181818,gp,Jafarov_2016,True,11,5.0,True,1,35.05681818181818,
BS,2013-08-12,71.262966,-156.63001400000002,34.2585,gp,Jafarov_2016,True,2,5.0,True,1,34.2585,
BS,2013-08-12,71.26295566666666,-156.62994066666667,36.39783333333333,gp,Jafarov_2016,True,15,5.0,True,1,36.39783333333333,
BS,2013-08-12,71.26293692857142,-156.62980885714288,33.917764285714284,gp,Jafarov_2016,True,14,5.0,True,1,33.917764285714284,
BS,2013-08-12,71.2629218,-156.6297028,31.52648,gp,Jafarov_2016,True,5,5.0,True,1,31.52648,
BS,2013-08-12,71.26291288888889,-156.62963422222222,31.897477777777777,gp,Jafarov_2016,True,9,5.0,True,1,31.897477777777777,
BS,2013-08-12,71.26289378947368,-156.62951352631578,34.15577368421052,gp,Jafarov_2016,True,19,5.0,True,1,34.15577368421052,
BS,2013-08-12,71.262877,-156.6294446,35.21252,gp,Jafarov_2016,True,5,5.0,True,1,35.21252,
BS,2013-08-12,71.26284770833333,-156.62938595833333,34.967708333333334,gp,Jafarov_2016,True,24,5.0,True,1,34.967708333333334,
BS,2013-08-12,71.262825,-156.629325,32.3071,gp,Jafarov_2016,True,1,5.0,False,1,32.3071,
BS,2013-08-12,71.26281093333334,-156.62926346666666,31.338573333333333,gp,Jafarov_2016,True,15,5.0,True,1,31.338573333333333,
BS,2013-08-12,71.2627869090909,-156.62911854545453,35.48058181818182,gp,Jafarov_2016,True,11,5.0,True,1,35.48058181818182,
BS,2013-08-12,71.26277675,-156.62903599999999,35.342600000000004,gp,Jafarov_2016,True,4,5.0,True,1,35.342600000000004,
BS,2013-08-12,71.2627723076923,-156.62896484615385,33.69976153846154,gp,Jafarov_2016,True,13,5.0,True,1,33.69976153846154,
BS,2013-08-12,71.2627666,-156.62884720000002,31.17953333333333,gp,Jafarov_2016,True,15,5.0,True,1,31.17953333333333,
BS,2013-08-12,71.26274976923077,-156.62870692307692,35.592807692307694,gp,Jafarov_2016,True,13,5.0,True,1,35.592807692307694,
BS,2013-08-12,71.26273280000001,-156.6285767,37.60846,gp,Jafarov_2016,True,10,5.0,True,1,37.60846,
BS,2013-08-12,71.2627245,-156.6284925,38.7034,gp,Jafarov_2016,True,2,5.0,True,1,38.7034,
BS,2013-08-12,71.26271727272727,-156.6284180909091,42.162763636363636,gp,Jafarov_2016,True,11,5.0,True,1,42.162763636363636,
BS,2013-08-12,71.26270213636363,-156.62828636363636,46.829454545454546,gp,Jafarov_2016,True,22,5.0,True,1,46.829454545454546,
BS,2013-08-12,71.26268911111111,-156.6281612777778,36.16775,gp,Jafarov_2016,True,18,5.0,True,1,36.16775,
BS,2013-08-12,71.262576,-156.627549,41.8474,gp,Jafarov_2016,True,1,5.0,False,1,41.8474,
BS,2013-08-12,71.26255692857143,-156.6274782857143,39.237742857142855,gp,Jafarov_2016,True,14,5.0,True,1,39.237742857142855,
BS,2013-08-12,71.26253583333333,-156.627372,35.48715000000001,gp,Jafarov_2016,True,6,5.0,True,1,35.48715000000001,
BS,2013-08-12,71.26252566666666,-156.627308,36.49901666666667,gp,Jafarov_2016,True,6,5.0,True,1,36.49901666666667,
BS,2013-08-12,71.26250693333333,-156.62719866666666,30.63752,gp,Jafarov_2016,True,15,5.0,True,1,30.63752,
BS,2013-08-12,71.26248875,-156.62709625,31.59335,gp,Jafarov_2016,True,8,5.0,True,1,31.59335,
BS,2013-08-12,71.26247466666666,-156.6270285,30.295383333333334,gp,Jafarov_2016,True,6,5.0,True,1,30.295383333333334,
BS,2013-08-12,71.26245519999999,-156.62692786666668,33.940466666666666,gp,Jafarov_2016,True,15,5.0,True,1,33.940466666666666,
BS,2013-08-12,71.262437,-156.6268436,35.03906,gp,Jafarov_2016,True,5,5.0,True,1,35.03906,
BS,2013-08-12,71.262425,-156.62678133333333,34.62708,gp,Jafarov_2016,True,15,5.0,True,1,34.62708,
BS,2013-08-12,71.26240333333332,-156.62666,38.50465833333333,gp,Jafarov_2016,True,12,5.0,True,1,38.50465833333333,
BS,2013-08-12,71.262388,-156.62652255555557,42.61834444444444,gp,Jafarov_2016,True,9,5.0,True,1,42.61834444444444,
BS,2013-08-12,71.26238540000001,-156.62639633333336,30.678433333333334,gp,Jafarov_2016,True,15,5.0,True,1,30.678433333333334,
BS,2013-08-12,71.262383,-156.62637,33.506820000000005,gp,Jafarov_2016,True,5,5.0,True,1,33.506820000000005,
BS,2013-08-12,71.2623764,-156.62624506666668,29.777413333333335,gp,Jafarov_2016,True,15,5.0,True,1,29.777413333333335,
BS,2013-08-12,71.26236435294118,-156.6261092352941,30.559694117647062,gp,Jafarov_2016,True,17,5.0,True,1,30.559694117647062,
BS,2013-08-12,71.26235188235295,-156.62596047058824,45.66097647058824,gp,Jafarov_2016,True,17,5.0,True,1,45.66097647058824,
BS,2013-08-12,71.26233927777778,-156.625841,47.91248888888889,gp,Jafarov_2016,True,18,5.0,True,1,47.91248888888889,
BS,2013-08-12,71.26232842857142,-156.62577085714287,37.51087142857143,gp,Jafarov_2016,True,7,5.0,True,1,37.51087142857143,
BS,2013-08-12,71.26231733333333,-156.6257003888889,32.63227777777777,gp,Jafarov_2016,True,18,5.0,True,1,32.63227777777777,
BS,2013-08-12,71.26229266666667,-156.62555033333334,28.855900000000002,gp,Jafarov_2016,True,12,5.0,True,1,28.855900000000002,
BS,2013-08-12,71.26227041666667,-156.62541641666667,33.76159166666667,gp,Jafarov_2016,True,12,5.0,True,1,33.76159166666667,
BS,2013-08-12,71.262254,-156.6252805,35.27333333333333,gp,Jafarov_2016,True,12,5.0,True,1,35.27333333333333,
BS,2013-08-12,71.262243,-156.62513976923077,33.947138461538465,gp,Jafarov_2016,True,13,5.0,True,1,33.947138461538465,
BS,2013-08-12,71.26223425,-156.62505175,34.74635,gp,Jafarov_2016,True,4,5.0,True,1,34.74635,
BS,2013-08-12,71.262228,-156.62498077777775,32.3793,gp,Jafarov_2016,True,9,5.0,True,1,32.3793,
BS,2013-08-12,71.2622174,-156.62486099999998,32.76961333333333,gp,Jafarov_2016,True,15,5.0,True,1,32.76961333333333,
BS,2013-08-12,71.2621966,-156.62472746666666,32.49499333333333,gp,Jafarov_2016,True,15,5.0,True,1,32.49499333333333,
BS,2013-08-12,71.262183,-156.624652,32.3071,gp,Jafarov_2016,True,1,5.0,False,1,32.3071,
BS,2013-08-12,71.2621725,-156.62458157142856,33.344721428571425,gp,Jafarov_2016,True,14,5.0,True,1,33.344721428571425,
BS,2013-08-12,71.26214686666667,-156.62445786666666,32.307053333333336,gp,Jafarov_2016,True,15,5.0,True,1,32.307053333333336,
BS,2013-08-12,71.262135,-156.62437666666668,32.451600000000006,gp,Jafarov_2016,True,3,5.0,True,1,32.451600000000006,
BS,2013-08-12,71.26212566666668,-156.6243046666667,29.750308333333333,gp,Jafarov_2016,True,12,5.0,True,1,29.750308333333333,
BS,2013-08-12,71.26211130769231,-156.6241743076923,39.12872307692308,gp,Jafarov_2016,True,13,5.0,True,1,39.12872307692308,
BS,2013-08-12,71.26209525,-156.624032875,43.61586875,gp,Jafarov_2016,True,16,5.0,True,1,43.61586875,
BS,2013-08-12,71.26208666666666,-156.62395033333334,39.317750000000004,gp,Jafarov_2016,True,6,5.0,True,1,39.317750000000004,
BS,2013-08-12,71.2620769,-156.6238828,38.4107,gp,Jafarov_2016,True,10,5.0,True,1,38.4107,
BS,2013-08-12,71.26206153333332,-156.6237646666667,41.688386666666666,gp,Jafarov_2016,True,15,5.0,True,1,41.688386666666666,
BS,2013-08-12,71.26204388888888,-156.6236311111111,48.32406296296296,gp,Jafarov_2016,True,27,5.0,True,1,48.32406296296296,
BS,2013-08-12,71.262035,-156.623555,37.7277,gp,Jafarov_2016,True,1,5.0,False,1,37.7277,
BS,2013-08-12,71.26202658333334,-156.62349158333333,38.12520833333333,gp,Jafarov_2016,True,12,5.0,True,1,38.12520833333333,
BS,2013-08-12,71.262015125,-156.623346375,42.762125,gp,Jafarov_2016,True,16,5.0,True,1,42.762125,
BS,2013-08-12,71.2620092,-156.62321666666668,43.90723333333334,gp,Jafarov_2016,True,15,5.0,True,1,43.90723333333334,
BS,2013-08-12,71.26199063636363,-156.62309136363635,39.14690909090909,gp,Jafarov_2016,True,11,5.0,True,1,39.14690909090909,
BS,2013-08-12,71.26198099999999,-156.623022,41.8474,gp,Jafarov_2016,True,2,5.0,True,1,41.8474,
BS,2013-08-12,71.26196523076922,-156.6229436923077,41.63056923076923,gp,Jafarov_2016,True,13,5.0,True,1,41.63056923076923,
BS,2013-08-12,71.26194813333333,-156.6228066,43.98675333333333,gp,Jafarov_2016,True,15,5.0,True,1,43.98675333333333,
BS,2013-08-12,71.26193608333334,-156.62266366666668,42.55204166666667,gp,Jafarov_2016,True,12,5.0,True,1,42.55204166666667,
BS,2013-08-12,71.261932,-156.62257025000002,43.798775,gp,Jafarov_2016,True,4,5.0,True,1,43.798775,
BS,2013-08-12,71.261925,-156.6225065,41.522149999999996,gp,Jafarov_2016,True,8,5.0,True,1,41.522149999999996,
BS,2013-08-12,71.26190891666667,-156.62239508333332,37.104324999999996,gp,Jafarov_2016,True,12,5.0,True,1,37.104324999999996,
BS,2013-08-12,71.2618892,-156.62226040000002,37.22901,gp,Jafarov_2016,True,10,5.0,True,1,37.22901,
BS,2013-08-12,71.261881,-156.62219,41.1969,gp,Jafarov_2016,True,1,5.0,False,1,41.1969,
BS,2013-08-12,71.26187421428571,-156.6221086428571,38.44011428571429,gp,Jafarov_2016,True,14,5.0,True,1,38.44011428571429,
BS,2013-08-12,71.2618669,-156.62197120000002,34.06335,gp,Jafarov_2016,True,10,5.0,True,1,34.06335,
BS,2013-08-12,71.26185983333333,-156.62184291666668,34.37593333333333,gp,Jafarov_2016,True,12,5.0,True,1,34.37593333333333,
BS,2013-08-12,71.26184575,-156.62170191666667,31.98181666666667,gp,Jafarov_2016,True,12,5.0,True,1,31.98181666666667,
BS,2013-08-12,71.26183328571429,-156.6215987142857,27.97052857142857,gp,Jafarov_2016,True,7,5.0,True,1,27.97052857142857,
BS,2013-08-12,71.26182414285714,-156.6215232857143,39.95791428571429,gp,Jafarov_2016,True,7,5.0,True,1,39.95791428571429,
BS,2013-08-12,71.26181185714286,-156.621462,51.310271428571426,gp,Jafarov_2016,True,7,5.0,True,1,51.310271428571426,
BS,2013-08-12,71.261786625,-156.621256875,38.920225,gp,Jafarov_2016,True,8,5.0,True,1,38.920225,
BS,2013-08-12,71.261782,-156.6211846,44.297520000000006,gp,Jafarov_2016,True,5,5.0,True,1,44.297520000000006,
BS,2013-08-12,71.261773,-156.62112361538462,38.853523076923075,gp,Jafarov_2016,True,13,5.0,True,1,38.853523076923075,
BS,2013-08-12,71.26175985714285,-156.6210142142857,33.305992857142854,gp,Jafarov_2016,True,14,5.0,True,1,33.305992857142854,
BS,2013-08-12,71.26175016666667,-156.62087499999998,36.408674999999995,gp,Jafarov_2016,True,12,5.0,True,1,36.408674999999995,
BS,2013-08-12,71.261747125,-156.620739125,42.4978625,gp,Jafarov_2016,True,8,5.0,True,1,42.4978625,
BS,2013-08-12,71.26175084615384,-156.6206036923077,38.77848461538461,gp,Jafarov_2016,True,13,5.0,True,1,38.77848461538461,
BS,2013-08-12,71.2617515,-156.62045783333335,34.565666666666665,gp,Jafarov_2016,True,12,5.0,True,1,34.565666666666665,
BS,2013-08-12,71.26175383333333,-156.62032216666668,37.266933333333334,gp,Jafarov_2016,True,12,5.0,True,1,37.266933333333334,
BS,2013-08-12,71.26175921428572,-156.62017578571428,36.75197857142857,gp,Jafarov_2016,True,14,5.0,True,1,36.75197857142857,
BS,2013-08-12,71.26175714285715,-156.62002935714284,35.776264285714284,gp,Jafarov_2016,True,14,5.0,True,1,35.776264285714284,
BS,2013-08-12,71.2617529090909,-156.61989663636362,35.00752727272727,gp,Jafarov_2016,True,11,5.0,True,1,35.00752727272727,
BS,2013-08-12,71.261746,-156.6197569090909,44.301472727272724,gp,Jafarov_2016,True,11,5.0,True,1,44.301472727272724,
BS,2013-08-12,71.26173926666667,-156.61962039999997,43.64704666666667,gp,Jafarov_2016,True,15,5.0,True,1,43.64704666666667,
BS,2013-08-12,71.26173446153847,-156.61947846153845,42.923192307692304,gp,Jafarov_2016,True,13,5.0,True,1,42.923192307692304,
BS,2013-08-12,71.26173192307692,-156.6193376923077,44.35476923076923,gp,Jafarov_2016,True,13,5.0,True,1,44.35476923076923,
BS,2013-08-12,71.26172186666668,-156.61920899999998,48.98336666666667,gp,Jafarov_2016,True,15,5.0,True,1,48.98336666666667,
BS,2013-08-12,71.2617113125,-156.619062875,48.39959375,gp,Jafarov_2016,True,16,5.0,True,1,48.39959375,
BS,2013-08-12,71.26170775,-156.61897875,40.87165,gp,Jafarov_2016,True,4,5.0,True,1,40.87165,
BS,2013-08-12,71.26169908333334,-156.61891183333333,44.340891666666664,gp,Jafarov_2016,True,12,5.0,True,1,44.340891666666664,
BS,2013-08-12,71.2616965,-156.61879591666667,45.000400000000006,gp,Jafarov_2016,True,12,5.0,True,1,45.000400000000006,
BS,2013-08-12,71.26170233333333,-156.61852544444446,42.31717777777778,gp,Jafarov_2016,True,9,5.0,True,1,42.31717777777778,
BS,2013-08-12,71.26169949999999,-156.61845625,42.0642,gp,Jafarov_2016,True,4,5.0,True,1,42.0642,
BS,2013-08-12,71.261693,-156.61837114285714,42.43591428571428,gp,Jafarov_2016,True,14,5.0,True,1,42.43591428571428,
BS,2013-08-12,71.26168553333333,-156.61822926666667,41.420966666666665,gp,Jafarov_2016,True,15,5.0,True,1,41.420966666666665,
BS,2013-08-12,71.261688,-156.61809866666667,50.93239333333334,gp,Jafarov_2016,True,15,5.0,True,1,50.93239333333334,
BS,2013-08-12,71.26168783333334,-156.61792135714285,48.95484761904762,gp,Jafarov_2016,True,42,5.0,True,1,48.95484761904762,
BS,2013-08-12,71.26168369230768,-156.6178133076923,52.00446923076923,gp,Jafarov_2016,True,13,5.0,True,1,52.00446923076923,
BS,2013-08-12,71.26167938461539,-156.6176733076923,54.90817692307693,gp,Jafarov_2016,True,13,5.0,True,1,54.90817692307693,
BS,2013-08-12,71.26167246666667,-156.617536,54.21978,gp,Jafarov_2016,True,15,5.0,True,1,54.21978,
BS,2013-08-12,71.26166453846155,-156.61739615384616,52.60110769230769,gp,Jafarov_2016,True,13,5.0,True,1,52.60110769230769,
BS,2013-08-12,71.26166157142858,-156.61726042857143,54.49505714285714,gp,Jafarov_2016,True,14,5.0,True,1,54.49505714285714,
BS,2013-08-12,71.26165491666667,-156.61711649999998,53.01149166666667,gp,Jafarov_2016,True,12,5.0,True,1,53.01149166666667,
BS,2013-08-12,71.2616556923077,-156.61698215384615,51.34416153846154,gp,Jafarov_2016,True,13,5.0,True,1,51.34416153846154,
BS,2013-08-12,71.261661,-156.61683653846154,52.84773846153847,gp,Jafarov_2016,True,13,5.0,True,1,52.84773846153847,
BS,2013-08-12,71.26166542857143,-156.61669764285713,55.026942857142856,gp,Jafarov_2016,True,14,5.0,True,1,55.026942857142856,
BS,2013-08-12,71.26167175,-156.616588125,57.437,gp,Jafarov_2016,True,8,5.0,True,1,57.437,
BS,2013-08-12,71.261678875,-156.61652175,58.6134125,gp,Jafarov_2016,True,8,5.0,True,1,58.6134125,
BS,2013-08-12,71.2616888,-156.6164152,49.57276,gp,Jafarov_2016,True,15,5.0,True,1,49.57276,
BS,2013-08-12,71.2616923125,-156.6162888125,40.0171625,gp,Jafarov_2016,True,16,5.0,True,1,40.0171625,
BS,2013-08-12,71.26168931250001,-156.6161301875,40.8316125,gp,Jafarov_2016,True,16,5.0,True,1,40.8316125,
BS,2013-08-12,71.26168526666667,-156.61601526666666,37.72770666666667,gp,Jafarov_2016,True,15,5.0,True,1,37.72770666666667,
BS,2013-08-12,71.26167866666667,-156.61571416666666,35.62825833333333,gp,Jafarov_2016,True,12,5.0,True,1,35.62825833333333,
BS,2013-08-12,71.26167138461538,-156.6155833076923,38.47233846153846,gp,Jafarov_2016,True,13,5.0,True,1,38.47233846153846,
BS,2013-08-12,71.2616635,-156.61551,38.8343,gp,Jafarov_2016,True,2,5.0,True,1,38.8343,
BS,2013-08-12,71.26165457142858,-156.61542057142856,33.2718,gp,Jafarov_2016,True,7,5.0,True,1,33.2718,
BS,2013-08-12,71.26164405555556,-156.61531233333332,33.09446666666666,gp,Jafarov_2016,True,18,5.0,True,1,33.09446666666666,
BS,2013-08-12,71.26162992857142,-156.61516735714284,34.55715,gp,Jafarov_2016,True,14,5.0,True,1,34.55715,
BS,2013-08-12,71.26161928571429,-156.61502328571427,34.16560714285715,gp,Jafarov_2016,True,14,5.0,True,1,34.16560714285715,
BS,2013-08-12,71.2616130909091,-156.61491090909092,26.926863636363635,gp,Jafarov_2016,True,11,5.0,True,1,26.926863636363635,
BS,2013-08-12,71.261608,-156.6148412,28.957659999999997,gp,Jafarov_2016,True,5,5.0,True,1,28.957659999999997,
BS,2013-08-12,71.2615985263158,-156.61475110526317,32.838663157894736,gp,Jafarov_2016,True,19,5.0,True,1,32.838663157894736,
BS,2013-08-12,71.26157929411765,-156.61461835294116,27.33944705882353,gp,Jafarov_2016,True,17,5.0,True,1,27.33944705882353,
BS,2013-08-12,71.2615648,-156.61453160000002,28.83358,gp,Jafarov_2016,True,5,5.0,True,1,28.83358,
BS,2013-08-12,71.261554375,-156.614466,33.0944875,gp,Jafarov_2016,True,8,5.0,True,1,33.0944875,
BS,2013-08-12,71.26155514285713,-156.6143707142857,33.16834285714286,gp,Jafarov_2016,True,7,5.0,True,1,33.16834285714286,
BS,2013-08-12,71.261561875,-156.6142935,33.521075,gp,Jafarov_2016,True,8,5.0,True,1,33.521075,
BS,2013-08-12,71.26157388235295,-156.61420294117647,31.476258823529413,gp,Jafarov_2016,True,17,5.0,True,1,31.476258823529413,
BS,2013-08-12,71.26157671428571,-156.61406007142858,27.177364285714283,gp,Jafarov_2016,True,14,5.0,True,1,27.177364285714283,
BS,2013-08-12,71.2615795,-156.6139210714286,26.88187142857143,gp,Jafarov_2016,True,14,5.0,True,1,26.88187142857143,
BS,2013-08-12,71.26158307692307,-156.61377207692308,31.71025384615385,gp,Jafarov_2016,True,13,5.0,True,1,31.71025384615385,
BS,2013-08-12,71.26158633333334,-156.61370066666666,32.12923333333334,gp,Jafarov_2016,True,3,5.0,True,1,32.12923333333334,
BS,2013-08-12,71.26157871428572,-156.613204,31.026100000000003,gp,Jafarov_2016,True,7,5.0,True,1,31.026100000000003,
BS,2013-08-12,71.2615723076923,-156.61308738461537,31.2011,gp,Jafarov_2016,True,13,5.0,True,1,31.2011,
BS,2013-08-12,71.26157107692308,-156.6129453076923,29.8248,gp,Jafarov_2016,True,13,5.0,True,1,29.8248,
BS,2013-08-12,71.2615718125,-156.6127965625,31.7047875,gp,Jafarov_2016,True,16,5.0,True,1,31.7047875,
BS,2013-08-12,71.2615655,-156.61266225,31.64659375,gp,Jafarov_2016,True,16,5.0,True,1,31.64659375,
BS,2013-08-12,71.26155052941176,-156.6125342352941,30.70365294117647,gp,Jafarov_2016,True,17,5.0,True,1,30.70365294117647,
BS,2013-08-12,71.26153666666666,-156.61243,29.33686666666667,gp,Jafarov_2016,True,6,5.0,True,1,29.33686666666667,
BS,2013-08-12,71.2615275,-156.61236209999998,28.575020000000002,gp,Jafarov_2016,True,10,5.0,True,1,28.575020000000002,
BS,2013-08-12,71.26151066666667,-156.6122596666667,27.502920000000003,gp,Jafarov_2016,True,15,5.0,True,1,27.502920000000003,
BS,2013-08-12,71.26149441666666,-156.61211516666665,24.622633333333336,gp,Jafarov_2016,True,12,5.0,True,1,24.622633333333336,
BS,2013-08-12,71.26148549999999,-156.612037,24.0452,gp,Jafarov_2016,True,2,5.0,True,1,24.0452,
BS,2013-08-12,71.2614737368421,-156.61196536842104,27.106994736842108,gp,Jafarov_2016,True,19,5.0,True,1,27.106994736842108,
BS,2013-08-12,71.26144976923078,-156.61184153846153,41.39196923076923,gp,Jafarov_2016,True,13,5.0,True,1,41.39196923076923,
BS,2013-08-12,71.26143766666667,-156.611748,44.2294,gp,Jafarov_2016,True,3,5.0,True,1,44.2294,
BS,2013-08-12,71.261431,-156.611707,44.8844,gp,Jafarov_2016,True,4,5.0,True,1,44.8844,
BS,2013-08-12,71.261391625,-156.611405625,41.342237499999996,gp,Jafarov_2016,True,8,5.0,True,1,41.342237499999996,
BS,2013-08-12,71.26139146153847,-156.61128815384615,35.74362307692308,gp,Jafarov_2016,True,13,5.0,True,1,35.74362307692308,
BS,2013-08-12,71.261386625,-156.611186375,32.9005625,gp,Jafarov_2016,True,8,5.0,True,1,32.9005625,
BS,2013-08-12,71.26137854545455,-156.61111845454545,30.029463636363634,gp,Jafarov_2016,True,11,5.0,True,1,30.029463636363634,
BS,2013-08-12,71.26135725,-156.6110143,40.72689,gp,Jafarov_2016,True,20,5.0,True,1,40.72689,
BS,2013-08-12,71.261338,-156.610938,41.9369,gp,Jafarov_2016,True,4,5.0,True,1,41.9369,
BS,2013-08-12,71.26132276470588,-156.6108655882353,37.02444705882353,gp,Jafarov_2016,True,17,5.0,True,1,37.02444705882353,
BS,2013-08-12,71.26129651515151,-156.61072133333334,43.466800000000006,gp,Jafarov_2016,True,33,5.0,True,1,43.466800000000006,
BS,2013-08-12,71.26128824999999,-156.61067,46.925200000000004,gp,Jafarov_2016,True,4,5.0,True,1,46.925200000000004,
BS,2013-08-12,71.2612817037037,-156.6106391851852,46.83557037037037,gp,Jafarov_2016,True,27,5.0,True,1,46.83557037037037,
BS,2013-08-12,71.26128341666667,-156.61077341666666,51.76185,gp,Jafarov_2016,True,12,5.0,True,1,51.76185,
BS,2013-08-12,71.26126118181818,-156.61086227272727,52.85714545454545,gp,Jafarov_2016,True,11,5.0,True,1,52.85714545454545,
BS,2013-08-12,71.261241,-156.61093599999998,56.053775,gp,Jafarov_2016,True,4,5.0,True,1,56.053775,
BS,2013-08-12,71.26121890909091,-156.61100263636365,56.89052727272727,gp,Jafarov_2016,True,11,5.0,True,1,56.89052727272727,
BS,2013-08-12,71.26118,-156.61106407692307,51.073692307692305,gp,Jafarov_2016,True,13,5.0,True,1,51.073692307692305,
BS,2013-08-12,71.26113699999999,-156.61107431034483,42.06707586206897,gp,Jafarov_2016,True,29,5.0,True,1,42.06707586206897,
BS,2013-08-12,71.261105,-156.6110042,50.13812,gp,Jafarov_2016,True,5,5.0,True,1,50.13812,
BS,2013-08-12,71.26108771428571,-156.6109012857143,54.01491428571428,gp,Jafarov_2016,True,14,5.0,True,1,54.01491428571428,
BS,2013-08-12,71.26107157142857,-156.61080357142856,55.9208,gp,Jafarov_2016,True,7,5.0,True,1,55.9208,
BS,2013-08-12,71.26106,-156.6107394,56.2606,gp,Jafarov_2016,True,5,5.0,True,1,56.2606,
BS,2013-08-12,71.26103438888889,-156.61063466666667,56.08824444444444,gp,Jafarov_2016,True,18,5.0,True,1,56.08824444444444,
BS,2013-08-12,71.26099875,-156.61050125,56.8358625,gp,Jafarov_2016,True,16,5.0,True,1,56.8358625,
BS,2013-08-12,71.2609734,-156.6104104,57.56368,gp,Jafarov_2016,True,5,5.0,True,1,57.56368,
BS,2013-08-12,71.260952,-156.61033976923076,49.196200000000005,gp,Jafarov_2016,True,13,5.0,True,1,49.196200000000005,
BS,2013-08-12,71.26093423529412,-156.6102835882353,44.774870588235295,gp,Jafarov_2016,True,17,5.0,True,1,44.774870588235295,
BS,2013-08-12,71.26090875,-156.61022041666666,49.33145833333333,gp,Jafarov_2016,True,12,5.0,True,1,49.33145833333333,
BS,2013-08-12,71.26088566666667,-156.61013566666668,33.49091666666667,gp,Jafarov_2016,True,6,5.0,True,1,33.49091666666667,
BS,2013-08-12,71.260864625,-156.6100755,35.1370375,gp,Jafarov_2016,True,8,5.0,True,1,35.1370375,
BS,2013-08-12,71.2608412,-156.6099798,36.76589,gp,Jafarov_2016,True,10,5.0,True,1,36.76589,
BS,2013-08-12,71.2608245,-156.60991425,34.3355,gp,Jafarov_2016,True,4,5.0,True,1,34.3355,
BS,2013-08-12,71.26080019999999,-156.60983006666666,38.35512666666667,gp,Jafarov_2016,True,15,5.0,True,1,38.35512666666667,
BS,2013-08-12,71.260783,-156.60976,38.6792,gp,Jafarov_2016,True,1,5.0,False,1,38.6792,
BS,2013-08-12,71.26076453333333,-156.60969013333334,36.272913333333335,gp,Jafarov_2016,True,15,5.0,True,1,36.272913333333335,
BS,2013-08-12,71.26074,-156.60960925,31.775875,gp,Jafarov_2016,True,4,5.0,True,1,31.775875,
BS,2013-08-12,71.26072053846154,-156.60954053846154,35.238461538461536,gp,Jafarov_2016,True,13,5.0,True,1,35.238461538461536,
BS,2013-08-12,71.26069685714286,-156.60945371428573,37.44551428571429,gp,Jafarov_2016,True,7,5.0,True,1,37.44551428571429,
BS,2013-08-12,71.26068133333332,-156.60938666666667,39.437599999999996,gp,Jafarov_2016,True,6,5.0,True,1,39.437599999999996,
BS,2013-08-12,71.26066623076923,-156.6092873076923,47.11188461538462,gp,Jafarov_2016,True,13,5.0,True,1,47.11188461538462,
BS,2013-08-12,71.2606665,-156.60913742857142,38.90817142857143,gp,Jafarov_2016,True,14,5.0,True,1,38.90817142857143,
BS,2013-08-12,71.26065447368421,-156.60902168421055,36.331347368421056,gp,Jafarov_2016,True,19,5.0,True,1,36.331347368421056,
BS,2013-08-12,71.2606425,-156.6089009,37.02785,gp,Jafarov_2016,True,10,5.0,True,1,37.02785,
BS,2013-08-12,71.260629,-156.60883414285715,37.60064285714286,gp,Jafarov_2016,True,7,5.0,True,1,37.60064285714286,
BS,2013-08-12,71.2606064,-156.60875193333334,34.39067333333333,gp,Jafarov_2016,True,15,5.0,True,1,34.39067333333333,
BS,2013-08-12,71.26058566666667,-156.608686,38.1276,gp,Jafarov_2016,True,3,5.0,True,1,38.1276,
BS,2013-08-12,71.260561,-156.6086115,44.39960625,gp,Jafarov_2016,True,16,5.0,True,1,44.39960625,
BS,2013-08-12,71.2605395,-156.608546,49.74515,gp,Jafarov_2016,True,2,5.0,True,1,49.74515,
BS,2013-08-12,71.26052581249999,-156.6084589375,41.23881875,gp,Jafarov_2016,True,16,5.0,True,1,41.23881875,
BS,2013-08-12,71.2605032857143,-156.60837757142858,41.04307142857143,gp,Jafarov_2016,True,7,5.0,True,1,41.04307142857143,
BS,2013-08-12,71.26048507142858,-156.60831121428572,37.28299285714286,gp,Jafarov_2016,True,14,5.0,True,1,37.28299285714286,
BS,2013-08-12,71.26046099999999,-156.60820800000002,42.431842857142854,gp,Jafarov_2016,True,14,5.0,True,1,42.431842857142854,
BS,2013-08-12,71.260447,-156.608138,41.781800000000004,gp,Jafarov_2016,True,2,5.0,True,1,41.781800000000004,
BS,2013-08-12,71.26044028571428,-156.60806271428572,43.05237857142857,gp,Jafarov_2016,True,14,5.0,True,1,43.05237857142857,
BS,2013-08-12,71.26042816666667,-156.60792074999998,50.28809999999999,gp,Jafarov_2016,True,12,5.0,True,1,50.28809999999999,
BS,2013-08-12,71.2604175,-156.60778314285716,52.88220714285715,gp,Jafarov_2016,True,14,5.0,True,1,52.88220714285715,
BS,2013-08-12,71.26040873333334,-156.60764220000002,52.60873333333333,gp,Jafarov_2016,True,15,5.0,True,1,52.60873333333333,
BS,2013-08-12,71.2603982,-156.60755239999997,51.162,gp,Jafarov_2016,True,5,5.0,True,1,51.162,
BS,2013-08-12,71.26038935714286,-156.60748692857143,43.15947142857143,gp,Jafarov_2016,True,14,5.0,True,1,43.15947142857143,
BS,2013-08-12,71.26037172727273,-156.6073744090909,43.85487727272727,gp,Jafarov_2016,True,22,5.0,True,1,43.85487727272727,
BS,2013-08-12,71.26034949999999,-156.60728175,48.47825,gp,Jafarov_2016,True,4,5.0,True,1,48.47825,
BS,2013-08-12,71.26033164285714,-156.60721414285715,47.68902857142857,gp,Jafarov_2016,True,14,5.0,True,1,47.68902857142857,
BS,2013-08-12,71.26030672727273,-156.60711963636365,47.454209090909096,gp,Jafarov_2016,True,11,5.0,True,1,47.454209090909096,
BS,2013-08-12,71.26029109999999,-156.60706620000002,47.718090000000004,gp,Jafarov_2016,True,10,5.0,True,1,47.718090000000004,
BS,2013-08-12,71.26026988235294,-156.60697199999998,35.86249411764706,gp,Jafarov_2016,True,17,5.0,True,1,35.86249411764706,
BS,2013-08-12,71.26024006666667,-156.6068297333333,25.868853333333334,gp,Jafarov_2016,True,15,5.0,True,1,25.868853333333334,
BS,2013-08-12,71.26021615384616,-156.60669107692308,28.01096923076923,gp,Jafarov_2016,True,13,5.0,True,1,28.01096923076923,
BS,2013-08-12,71.260205,-156.606622,32.474,gp,Jafarov_2016,True,1,5.0,False,1,32.474,
BS,2013-08-12,71.26018933333333,-156.60655260000001,31.55008666666667,gp,Jafarov_2016,True,15,5.0,True,1,31.55008666666667,
BS,2013-08-12,71.2601659090909,-156.60643254545454,40.155263636363635,gp,Jafarov_2016,True,11,5.0,True,1,40.155263636363635,
BS,2013-08-12,71.26015475,-156.60636825,46.17715,gp,Jafarov_2016,True,4,5.0,True,1,46.17715,
BS,2013-08-12,71.2601439375,-156.606286125,42.92586875,gp,Jafarov_2016,True,16,5.0,True,1,42.92586875,
BS,2013-08-12,71.26012317647059,-156.6061401764706,48.86910588235294,gp,Jafarov_2016,True,17,5.0,True,1,48.86910588235294,
BS,2013-08-12,71.26011033333333,-156.60606066666665,51.81353333333334,gp,Jafarov_2016,True,3,5.0,True,1,51.81353333333334,
BS,2013-08-12,71.26008946666667,-156.60599113333333,41.51979333333334,gp,Jafarov_2016,True,15,5.0,True,1,41.51979333333334,
BS,2013-08-12,71.26007475,-156.60591125,39.2479875,gp,Jafarov_2016,True,8,5.0,True,1,39.2479875,
BS,2013-08-12,71.26002575,-156.60544908333333,28.087233333333334,gp,Jafarov_2016,True,12,5.0,True,1,28.087233333333334,
BS,2013-08-12,71.26001436363636,-156.60532645454546,30.640590909090914,gp,Jafarov_2016,True,11,5.0,True,1,30.640590909090914,
BS,2013-08-12,71.260006,-156.60526249999998,31.2329,gp,Jafarov_2016,True,2,5.0,True,1,31.2329,
BS,2013-08-12,71.25999885714285,-156.60518085714287,35.65042857142857,gp,Jafarov_2016,True,14,5.0,True,1,35.65042857142857,
BS,2013-08-12,71.25999716666666,-156.60503908333334,28.62155,gp,Jafarov_2016,True,12,5.0,True,1,28.62155,
BS,2013-08-12,71.25999254545455,-156.60490027272726,29.67220909090909,gp,Jafarov_2016,True,11,5.0,True,1,29.67220909090909,
BS,2013-08-12,71.25998961538461,-156.6047636153846,30.095284615384614,gp,Jafarov_2016,True,13,5.0,True,1,30.095284615384614,
BS,2013-08-12,71.25998011111112,-156.60463066666665,25.797594444444442,gp,Jafarov_2016,True,18,5.0,True,1,25.797594444444442,
BS,2013-08-12,71.2599782,-156.6044926666667,25.57928,gp,Jafarov_2016,True,15,5.0,True,1,25.57928,
BS,2013-08-12,71.25998341666667,-156.60435058333334,24.665741666666666,gp,Jafarov_2016,True,12,5.0,True,1,24.665741666666666,
BS,2013-08-12,71.25999166666666,-156.604264,28.2337,gp,Jafarov_2016,True,3,5.0,True,1,28.2337,
BS,2013-08-12,71.26000261538462,-156.60419215384616,34.12866923076923,gp,Jafarov_2016,True,13,5.0,True,1,34.12866923076923,
BS,2013-08-12,71.2600244,-156.6040686,36.714180000000006,gp,Jafarov_2016,True,15,5.0,True,1,36.714180000000006,
BS,2013-08-12,71.260042,-156.6039181875,37.224825,gp,Jafarov_2016,True,16,5.0,True,1,37.224825,
BS,2013-08-12,71.26006371428572,-156.60380107142856,34.97820714285714,gp,Jafarov_2016,True,14,5.0,True,1,34.97820714285714,
BS,2013-08-12,71.2600816,-156.6037258,33.79774,gp,Jafarov_2016,True,5,5.0,True,1,33.79774,
BS,2013-08-12,71.26009592307693,-156.60363,29.498607692307694,gp,Jafarov_2016,True,13,5.0,True,1,29.498607692307694,
BS,2013-08-12,71.26011257142856,-156.6035132142857,31.092557142857142,gp,Jafarov_2016,True,14,5.0,True,1,31.092557142857142,
BS,2013-08-12,71.26012075,-156.60344725,30.043550000000003,gp,Jafarov_2016,True,4,5.0,True,1,30.043550000000003,
BS,2013-08-12,71.26013736363636,-156.6033359090909,29.065768181818182,gp,Jafarov_2016,True,22,5.0,True,1,29.065768181818182,
BS,2013-08-12,71.26013786666667,-156.60322073333333,26.68240666666667,gp,Jafarov_2016,True,15,5.0,True,1,26.68240666666667,
BS,2013-08-12,71.26012305263158,-156.60309368421053,32.53927368421053,gp,Jafarov_2016,True,19,5.0,True,1,32.53927368421053,
BS,2013-08-12,71.26012,-156.6029355625,32.13781875,gp,Jafarov_2016,True,16,5.0,True,1,32.13781875,
BS,2013-08-12,71.26012453846154,-156.602799,34.948084615384616,gp,Jafarov_2016,True,13,5.0,True,1,34.948084615384616,
BS,2013-08-12,71.26014,-156.6026519333333,33.3358,gp,Jafarov_2016,True,15,5.0,True,1,33.3358,
BS,2013-08-12,71.26014886363636,-156.60253063636364,28.65445909090909,gp,Jafarov_2016,True,22,5.0,True,1,28.65445909090909,
BS,2013-08-12,71.26015,-156.60242549999998,26.398049999999998,gp,Jafarov_2016,True,2,5.0,True,1,26.398049999999998,
BS,2013-08-12,71.26015255555555,-156.60235644444444,26.023600000000002,gp,Jafarov_2016,True,9,5.0,True,1,26.023600000000002,
BS,2013-08-12,71.26015418181818,-156.60223727272725,27.5505,gp,Jafarov_2016,True,11,5.0,True,1,27.5505,
BS,2013-08-12,71.26014875,-156.60209133333333,28.285416666666666,gp,Jafarov_2016,True,12,5.0,True,1,28.285416666666666,
BS,2013-08-12,71.26014891666667,-156.60194616666666,25.760258333333336,gp,Jafarov_2016,True,12,5.0,True,1,25.760258333333336,
BS,2013-08-12,71.26014544444445,-156.6018317777778,26.395144444444444,gp,Jafarov_2016,True,9,5.0,True,1,26.395144444444444,
BS,2013-08-12,71.26014119999999,-156.6017702,24.61402,gp,Jafarov_2016,True,5,5.0,True,1,24.61402,
BS,2013-08-12,71.26013576923077,-156.60167892307692,24.757199999999997,gp,Jafarov_2016,True,13,5.0,True,1,24.757199999999997,
BS,2013-08-12,71.260127625,-156.6015368125,25.07293125,gp,Jafarov_2016,True,16,5.0,True,1,25.07293125,
BS,2013-08-12,71.26011844444446,-156.60142922222224,24.234822222222224,gp,Jafarov_2016,True,9,5.0,True,1,24.234822222222224,
BS,2013-08-12,71.26009970588235,-156.6011247647059,23.531147058823528,gp,Jafarov_2016,True,17,5.0,True,1,23.531147058823528,
BS,2013-08-12,71.2600875,-156.601063,21.9251,gp,Jafarov_2016,True,2,5.0,True,1,21.9251,
BS,2013-08-12,71.26006538888889,-156.60100216666666,32.59461111111111,gp,Jafarov_2016,True,18,5.0,True,1,32.59461111111111,
BS,2013-08-12,71.2600164,-156.600812,31.067440000000005,gp,Jafarov_2016,True,5,5.0,True,1,31.067440000000005,
BS,2013-08-12,71.26001636842106,-156.60070889473684,28.353468421052632,gp,Jafarov_2016,True,19,5.0,True,1,28.353468421052632,
BS,2013-08-12,71.2600191111111,-156.6005943888889,27.718533333333333,gp,Jafarov_2016,True,18,5.0,True,1,27.718533333333333,
BS,2013-08-12,71.26002011764706,-156.60044294117648,29.028641176470586,gp,Jafarov_2016,True,17,5.0,True,1,29.028641176470586,
BS,2013-08-12,71.26001742857143,-156.600299,35.709514285714285,gp,Jafarov_2016,True,14,5.0,True,1,35.709514285714285,
BS,2013-08-12,71.2600084,-156.60015905,34.86295,gp,Jafarov_2016,True,20,5.0,True,1,34.86295,
BS,2013-08-12,71.259991,-156.60002876190478,29.947557142857143,gp,Jafarov_2016,True,21,5.0,True,1,29.947557142857143,
BS,2013-08-12,71.25998383333334,-156.59997266666667,23.373,gp,Jafarov_2016,True,6,5.0,True,1,23.373,
BS,2013-08-12,71.25998792307692,-156.59987992307694,24.2958,gp,Jafarov_2016,True,13,5.0,True,1,24.2958,
BS,2013-08-12,71.25999964285714,-156.59975949999998,26.44602857142857,gp,Jafarov_2016,True,14,5.0,True,1,26.44602857142857,
BS,2013-08-12,71.2599908125,-156.5995956875,33.1138625,gp,Jafarov_2016,True,16,5.0,True,1,33.1138625,
BS,2013-08-12,71.25998,-156.599529,30.819200000000002,gp,Jafarov_2016,True,1,5.0,False,1,30.819200000000002,
BS,2013-08-12,71.2599616,-156.5994612,33.69430666666667,gp,Jafarov_2016,True,15,5.0,True,1,33.69430666666667,
BS,2013-08-12,71.25993783333332,-156.5993725,36.80035,gp,Jafarov_2016,True,6,5.0,True,1,36.80035,
BS,2013-08-12,71.25991538461538,-156.59930346153845,40.38958461538462,gp,Jafarov_2016,True,13,5.0,True,1,40.38958461538462,
BS,2013-08-12,71.2598916,-156.59924099999998,40.582119999999996,gp,Jafarov_2016,True,5,5.0,True,1,40.582119999999996,
BS,2013-08-12,71.25987183333334,-156.59916433333333,31.48226111111111,gp,Jafarov_2016,True,18,5.0,True,1,31.48226111111111,
BS,2013-08-12,71.2598496923077,-156.59907838461538,28.811276923076925,gp,Jafarov_2016,True,13,5.0,True,1,28.811276923076925,
BS,2013-08-12,71.259836,-156.599001,30.405500000000004,gp,Jafarov_2016,True,2,5.0,True,1,30.405500000000004,
BS,2013-08-12,71.25981635294117,-156.59892288235295,29.25574117647059,gp,Jafarov_2016,True,17,5.0,True,1,29.25574117647059,
BS,2013-08-12,71.259792,-156.59884749999998,26.78585,gp,Jafarov_2016,True,2,5.0,True,1,26.78585,
BS,2013-08-12,71.25977838461539,-156.59878276923075,25.361807692307693,gp,Jafarov_2016,True,13,5.0,True,1,25.361807692307693,
BS,2013-08-12,71.2597585,-156.59860075,27.44085,gp,Jafarov_2016,True,4,5.0,True,1,27.44085,
BS,2013-08-12,71.25974972222222,-156.59852533333333,25.519916666666667,gp,Jafarov_2016,True,18,5.0,True,1,25.519916666666667,
BS,2013-08-12,71.25974133333334,-156.59839622222225,34.34702222222222,gp,Jafarov_2016,True,9,5.0,True,1,34.34702222222222,
BS,2013-08-12,71.25973866666666,-156.59832433333332,33.5771,gp,Jafarov_2016,True,3,5.0,True,1,33.5771,
BS,2013-08-12,71.25973692307693,-156.59823584615384,35.811246153846156,gp,Jafarov_2016,True,13,5.0,True,1,35.811246153846156,
BS,2013-08-12,71.25973566666667,-156.59813633333331,34.4648,gp,Jafarov_2016,True,6,5.0,True,1,34.4648,
BS,2013-08-12,71.25973871428572,-156.5980657142857,24.466271428571428,gp,Jafarov_2016,True,7,5.0,True,1,24.466271428571428,
BS,2013-08-12,71.259747,-156.59795593333334,26.77204,gp,Jafarov_2016,True,15,5.0,True,1,26.77204,
BS,2013-08-12,71.25975247826086,-156.59782521739132,24.38468695652174,gp,Jafarov_2016,True,23,5.0,True,1,24.38468695652174,
BS,2013-08-12,71.25975952941177,-156.5976824117647,32.04810588235294,gp,Jafarov_2016,True,17,5.0,True,1,32.04810588235294,
BS,2013-08-12,71.2597658,-156.59752733333335,32.72907333333333,gp,Jafarov_2016,True,15,5.0,True,1,32.72907333333333,
BS,2013-08-12,71.2597688125,-156.597397125,35.21459375,gp,Jafarov_2016,True,16,5.0,True,1,35.21459375,
BS,2013-08-12,71.259772,-156.597345,35.5766,gp,Jafarov_2016,True,1,5.0,False,1,35.5766,
BS,2013-08-12,71.25976925,-156.597304875,32.383475,gp,Jafarov_2016,True,8,5.0,True,1,32.383475,
BS,2013-08-12,71.25977242857142,-156.59723857142856,30.81922857142857,gp,Jafarov_2016,True,7,5.0,True,1,30.81922857142857,
BS,2013-08-12,71.25977307692307,-156.5971171153846,35.679988461538464,gp,Jafarov_2016,True,26,5.0,True,1,35.679988461538464,
BS,2013-08-12,71.25975415384616,-156.59708123076922,36.52326153846154,gp,Jafarov_2016,True,13,5.0,True,1,36.52326153846154,
BS,2013-08-12,71.2597284,-156.5970302,33.921800000000005,gp,Jafarov_2016,True,5,5.0,True,1,33.921800000000005,
BS,2013-08-12,71.25970727272727,-156.5969627272727,36.027854545454545,gp,Jafarov_2016,True,11,5.0,True,1,36.027854545454545,
BS,2013-08-12,71.25968816666666,-156.59688500000001,38.954950000000004,gp,Jafarov_2016,True,6,5.0,True,1,38.954950000000004,
BS,2013-08-12,71.25970042857143,-156.596709,34.29857142857143,gp,Jafarov_2016,True,14,5.0,True,1,34.29857142857143,
BS,2013-08-12,71.259717,-156.596631,34.1287,gp,Jafarov_2016,True,1,5.0,False,1,34.1287,
BS,2013-08-12,71.259718,-156.5966155,37.369166666666665,gp,Jafarov_2016,True,6,5.0,True,1,37.369166666666665,
BS,2013-08-12,71.25973528571429,-156.59638714285714,39.949757142857145,gp,Jafarov_2016,True,7,5.0,True,1,39.949757142857145,
BS,2013-08-12,71.259749,-156.59632200000001,34.66057142857143,gp,Jafarov_2016,True,7,5.0,True,1,34.66057142857143,
BS,2013-08-12,71.25978085714286,-156.59625257142858,26.84495,gp,Jafarov_2016,True,14,5.0,True,1,26.84495,
BS,2013-08-12,71.259805,-156.596211,30.681366666666666,gp,Jafarov_2016,True,3,5.0,True,1,30.681366666666666,
BS,2013-08-12,71.25982328571429,-156.5961320714286,32.75467142857143,gp,Jafarov_2016,True,14,5.0,True,1,32.75467142857143,
BS,2013-08-12,71.2598408,-156.596035,36.07298,gp,Jafarov_2016,True,5,5.0,True,1,36.07298,
BS,2013-08-12,71.25985290909091,-156.595963,35.369718181818186,gp,Jafarov_2016,True,11,5.0,True,1,35.369718181818186,
BS,2013-08-12,71.25986966666666,-156.59585706666667,33.439206666666664,gp,Jafarov_2016,True,15,5.0,True,1,33.439206666666664,
BS,2013-08-12,71.2598807,-156.5957318,36.786590000000004,gp,Jafarov_2016,True,10,5.0,True,1,36.786590000000004,
BS,2013-08-12,71.25988814285714,-156.59566414285715,41.98862857142857,gp,Jafarov_2016,True,7,5.0,True,1,41.98862857142857,
BS,2013-08-12,71.25989866666667,-156.5955221111111,32.64633333333333,gp,Jafarov_2016,True,9,5.0,True,1,32.64633333333333,
BS,2013-08-12,71.2599116,-156.59542273333332,37.16233333333333,gp,Jafarov_2016,True,15,5.0,True,1,37.16233333333333,
BS,2013-08-12,71.25991834999999,-156.59527914999998,26.38456,gp,Jafarov_2016,True,20,5.0,True,1,26.38456,
BS,2013-08-12,71.2599215,-156.595201,29.61955,gp,Jafarov_2016,True,4,5.0,True,1,29.61955,
BS,2013-08-12,71.2599165,-156.59494949999998,36.50735,gp,Jafarov_2016,True,2,5.0,True,1,36.50735,
BS,2013-08-12,71.2599135,-156.59486164285713,30.575442857142857,gp,Jafarov_2016,True,14,5.0,True,1,30.575442857142857,
BS,2013-08-12,71.25991033333334,-156.59472990476192,28.425771428571426,gp,Jafarov_2016,True,21,5.0,True,1,28.425771428571426,
BS,2013-08-12,71.259896,-156.59458026666667,37.56222,gp,Jafarov_2016,True,15,5.0,True,1,37.56222,
BS,2013-08-12,71.25987494444445,-156.5944548888889,35.570816666666666,gp,Jafarov_2016,True,18,5.0,True,1,35.570816666666666,
BS,2013-08-12,71.259868,-156.594387,35.5766,gp,Jafarov_2016,True,1,5.0,False,1,35.5766,
BS,2013-08-12,71.259859125,-156.5943080625,34.57469375,gp,Jafarov_2016,True,16,5.0,True,1,34.57469375,
BS,2013-08-12,71.2598380625,-156.5941883125,31.452662500000002,gp,Jafarov_2016,True,16,5.0,True,1,31.452662500000002,
BS,2013-08-12,71.25982171428572,-156.59406571428573,32.11937142857143,gp,Jafarov_2016,True,7,5.0,True,1,32.11937142857143,
BS,2013-08-12,71.25981688888889,-156.594009,31.62362222222222,gp,Jafarov_2016,True,9,5.0,True,1,31.62362222222222,
BS,2013-08-12,71.2598025,-156.59389638888888,28.699127777777775,gp,Jafarov_2016,True,18,5.0,True,1,28.699127777777775,
BS,2013-08-12,71.25978294444445,-156.59377038888888,25.518444444444444,gp,Jafarov_2016,True,36,5.0,True,1,25.518444444444444,
BS,2013-08-12,71.259762375,-156.593720875,25.982912499999998,gp,Jafarov_2016,True,8,5.0,True,1,25.982912499999998,
BS,2013-08-12,71.259736125,-156.59366675,28.1248,gp,Jafarov_2016,True,8,5.0,True,1,28.1248,
BS,2013-08-12,71.25971200000001,-156.59359875,24.402,gp,Jafarov_2016,True,8,5.0,True,1,24.402,
BS,2013-08-12,71.259688875,-156.593544625,22.706375,gp,Jafarov_2016,True,8,5.0,True,1,22.706375,
BS,2013-08-12,71.25965788888888,-156.59348327777778,26.26338333333333,gp,Jafarov_2016,True,18,5.0,True,1,26.26338333333333,
BS,2013-08-12,71.25963,-156.593442,25.702399999999997,gp,Jafarov_2016,True,1,5.0,False,1,25.702399999999997,
BS,2013-08-12,71.25960891666666,-156.59339291666666,24.93745,gp,Jafarov_2016,True,12,5.0,True,1,24.93745,
BS,2013-08-12,71.2595643076923,-156.59334146153844,24.039115384615386,gp,Jafarov_2016,True,13,5.0,True,1,24.039115384615386,
BS,2013-08-12,71.25951707142858,-156.59332714285713,26.831635714285714,gp,Jafarov_2016,True,14,5.0,True,1,26.831635714285714,
BS,2013-08-12,71.2594895,-156.59331925,29.0682,gp,Jafarov_2016,True,4,5.0,True,1,29.0682,
BS,2013-08-12,71.25946875,-156.59331075,31.133587499999997,gp,Jafarov_2016,True,8,5.0,True,1,31.133587499999997,
BS,2013-08-12,71.25942858333333,-156.59329591666668,31.77103333333333,gp,Jafarov_2016,True,12,5.0,True,1,31.77103333333333,
BS,2013-08-12,71.2593795,-156.59328871428573,33.73077142857143,gp,Jafarov_2016,True,14,5.0,True,1,33.73077142857143,
BS,2013-08-12,71.25934092,-156.59330796,39.443008,gp,Jafarov_2016,True,25,5.0,True,1,39.443008,
BS,2013-08-12,71.259318,-156.593337,40.7975,gp,Jafarov_2016,True,1,5.0,False,1,40.7975,
BS,2013-08-12,71.25929616666666,-156.59333491666666,39.752050000000004,gp,Jafarov_2016,True,12,5.0,True,1,39.752050000000004,
BS,2013-08-12,71.259274,-156.593342,41.0015,gp,Jafarov_2016,True,1,5.0,False,1,41.0015,
BS,2013-08-12,71.25924852941176,-156.59336247058823,40.61152941176471,gp,Jafarov_2016,True,17,5.0,True,1,40.61152941176471,
BS,2013-08-12,71.2592059375,-156.593365625,36.271525,gp,Jafarov_2016,True,16,5.0,True,1,36.271525,
BS,2013-08-12,71.25916064705882,-156.59339747058823,34.38987058823529,gp,Jafarov_2016,True,17,5.0,True,1,34.38987058823529,
BS,2013-08-12,71.2591167368421,-156.59343442105265,39.7722,gp,Jafarov_2016,True,19,5.0,True,1,39.7722,
BS,2013-08-12,71.25907114285714,-156.5934487857143,40.18553571428571,gp,Jafarov_2016,True,14,5.0,True,1,40.18553571428571,
BS,2013-08-12,71.2590298125,-156.5934406875,43.50033125,gp,Jafarov_2016,True,16,5.0,True,1,43.50033125,
BS,2013-08-12,71.2589691,-156.5934234,32.53601,gp,Jafarov_2016,True,10,5.0,True,1,32.53601,
BS,2013-08-12,71.258921,-156.59341460000002,34.67788,gp,Jafarov_2016,True,5,5.0,True,1,34.67788,
BS,2013-08-12,71.25889268181818,-156.59341422727272,35.70708181818182,gp,Jafarov_2016,True,22,5.0,True,1,35.70708181818182,
BS,2013-08-12,71.25884717647058,-156.59343276470588,42.714373529411766,gp,Jafarov_2016,True,34,5.0,True,1,42.714373529411766,
BS,2013-08-12,71.25880135135135,-156.5934376216216,48.48285945945946,gp,Jafarov_2016,True,37,5.0,True,1,48.48285945945946,
BS,2013-08-12,71.25875794117647,-156.59343711764706,34.32988823529412,gp,Jafarov_2016,True,17,5.0,True,1,34.32988823529412,
BS,2013-08-12,71.25871435714285,-156.59345135714287,39.711978571428574,gp,Jafarov_2016,True,14,5.0,True,1,39.711978571428574,
BS,2013-08-12,71.258667,-156.5934421,38.83922,gp,Jafarov_2016,True,10,5.0,True,1,38.83922,
BS,2013-08-12,71.25862090000001,-156.59343604999998,40.84339,gp,Jafarov_2016,True,20,5.0,True,1,40.84339,
BS,2013-08-12,71.25857966666666,-156.59343646666667,45.43481333333333,gp,Jafarov_2016,True,15,5.0,True,1,45.43481333333333,
BS,2013-08-12,71.258555,-156.593431,47.7331,gp,Jafarov_2016,True,1,5.0,False,1,47.7331,
BS,2013-08-12,71.258532,-156.593428875,46.72588125,gp,Jafarov_2016,True,16,5.0,True,1,46.72588125,
BS,2013-08-12,71.25848745454545,-156.593424,46.379363636363635,gp,Jafarov_2016,True,11,5.0,True,1,46.379363636363635,
BS,2013-08-12,71.25844077272727,-156.5934179090909,41.993595454545456,gp,Jafarov_2016,True,22,5.0,True,1,41.993595454545456,
BS,2013-08-12,71.25839955000001,-156.5934108,34.902265,gp,Jafarov_2016,True,20,5.0,True,1,34.902265,
BS,2013-08-12,71.2583523125,-156.5933935625,30.62999375,gp,Jafarov_2016,True,16,5.0,True,1,30.62999375,
BS,2013-08-12,71.25830878571428,-156.5933917142857,24.099664285714287,gp,Jafarov_2016,True,14,5.0,True,1,24.099664285714287,
BS,2013-08-12,71.25826366666666,-156.59338025,26.12738333333333,gp,Jafarov_2016,True,12,5.0,True,1,26.12738333333333,
BS,2013-08-12,71.2582155625,-156.593353,31.19096875,gp,Jafarov_2016,True,16,5.0,True,1,31.19096875,
BS,2013-08-12,71.25817417647059,-156.59331488235296,23.488558823529413,gp,Jafarov_2016,True,17,5.0,True,1,23.488558823529413,
BS,2013-08-12,71.2581255,-156.593275875,21.12544375,gp,Jafarov_2016,True,16,5.0,True,1,21.12544375,
BS,2013-08-12,71.25808229411764,-156.59323976470588,19.576794117647058,gp,Jafarov_2016,True,17,5.0,True,1,19.576794117647058,
BS,2013-08-12,71.25803742857143,-156.59318014285714,19.976214285714285,gp,Jafarov_2016,True,14,5.0,True,1,19.976214285714285,
BS,2013-08-12,71.2580058,-156.593111,23.7849,gp,Jafarov_2016,True,5,5.0,True,1,23.7849,
BS,2013-08-12,71.25797936842105,-156.59301210526314,26.27145263157895,gp,Jafarov_2016,True,19,5.0,True,1,26.27145263157895,
BS,2013-08-12,71.25794151724139,-156.59288744827586,29.50082068965517,gp,Jafarov_2016,True,29,5.0,True,1,29.50082068965517,
BS,2013-08-12,71.2579124,-156.59282539999998,23.05058,gp,Jafarov_2016,True,5,5.0,True,1,23.05058,
BS,2013-08-12,71.2578892,-156.5928087,24.85588,gp,Jafarov_2016,True,10,5.0,True,1,24.85588,
BS,2013-08-12,71.25784614285715,-156.59277928571427,34.07077142857143,gp,Jafarov_2016,True,21,5.0,True,1,34.07077142857143,
BS,2013-08-12,71.25780427777778,-156.59273444444443,41.54545555555555,gp,Jafarov_2016,True,18,5.0,True,1,41.54545555555555,
BS,2013-08-12,71.2577764,-156.5927024,44.69364,gp,Jafarov_2016,True,5,5.0,True,1,44.69364,
BS,2013-08-12,71.2577532,-156.59263719999998,42.54499333333333,gp,Jafarov_2016,True,15,5.0,True,1,42.54499333333333,
BS,2013-08-12,71.25773166666666,-156.59256233333335,40.321533333333335,gp,Jafarov_2016,True,3,5.0,True,1,40.321533333333335,
BS,2013-08-12,71.2577101875,-156.592532375,45.3234625,gp,Jafarov_2016,True,16,5.0,True,1,45.3234625,
BS,2013-08-12,71.25766811764706,-156.59249529411764,42.9033705882353,gp,Jafarov_2016,True,17,5.0,True,1,42.9033705882353,
BS,2013-08-12,71.25762457142858,-156.59246428571427,45.948185714285714,gp,Jafarov_2016,True,14,5.0,True,1,45.948185714285714,
BS,2013-08-12,71.25759166666667,-156.59244066666668,46.35614999999999,gp,Jafarov_2016,True,6,5.0,True,1,46.35614999999999,
BS,2013-08-12,71.25756922222223,-156.59242666666668,46.37314444444444,gp,Jafarov_2016,True,9,5.0,True,1,46.37314444444444,
BS,2013-08-12,71.25754066666667,-156.5923605,41.052483333333335,gp,Jafarov_2016,True,12,5.0,True,1,41.052483333333335,
BS,2013-08-12,71.25751905882352,-156.59224947058823,41.01948823529412,gp,Jafarov_2016,True,17,5.0,True,1,41.01948823529412,
BS,2013-08-12,71.257507,-156.592177,44.877250000000004,gp,Jafarov_2016,True,2,5.0,True,1,44.877250000000004,
BS,2013-08-12,71.257507,-156.592157,46.9171,gp,Jafarov_2016,True,2,5.0,True,1,46.9171,
BS,2013-08-12,71.2575081,-156.5920865,49.82396,gp,Jafarov_2016,True,10,5.0,True,1,49.82396,
BS,2013-08-12,71.25751761538461,-156.5919503846154,53.319199999999995,gp,Jafarov_2016,True,13,5.0,True,1,53.319199999999995,
BS,2013-08-12,71.25753215384614,-156.59180738461538,53.923323076923076,gp,Jafarov_2016,True,13,5.0,True,1,53.923323076923076,
BS,2013-08-12,71.25754171428572,-156.5917082857143,53.240728571428576,gp,Jafarov_2016,True,7,5.0,True,1,53.240728571428576,
BS,2013-08-12,71.257552625,-156.591632875,50.0024375,gp,Jafarov_2016,True,8,5.0,True,1,50.0024375,
BS,2013-08-12,71.25757411111111,-156.5915366111111,47.88039444444444,gp,Jafarov_2016,True,18,5.0,True,1,47.88039444444444,
BS,2013-08-12,71.257591,-156.59146733333333,49.025,gp,Jafarov_2016,True,3,5.0,True,1,49.025,
BS,2013-08-12,71.25761021052632,-156.59139184210525,51.995352631578946,gp,Jafarov_2016,True,19,5.0,True,1,51.995352631578946,
BS,2013-08-12,71.257632,-156.591318,53.0367,gp,Jafarov_2016,True,1,5.0,False,1,53.0367,
BS,2013-08-12,71.25765295238095,-156.59123114285714,44.721833333333336,gp,Jafarov_2016,True,21,5.0,True,1,44.721833333333336,
BS,2013-08-12,71.25766796296296,-156.5911054074074,28.392044444444444,gp,Jafarov_2016,True,27,5.0,True,1,28.392044444444444,
BS,2013-08-12,71.257673,-156.591055,25.9064,gp,Jafarov_2016,True,1,5.0,False,1,25.9064,
BS,2013-08-12,71.2576725,-156.59101125,30.6491,gp,Jafarov_2016,True,4,5.0,True,1,30.6491,
BS,2013-08-12,71.25766988888888,-156.59093955555556,30.110833333333332,gp,Jafarov_2016,True,9,5.0,True,1,30.110833333333332,
BS,2013-08-12,71.257669,-156.59087566666668,34.065900000000006,gp,Jafarov_2016,True,3,5.0,True,1,34.065900000000006,
BS,2013-08-12,71.25767088888888,-156.59080600000001,42.418055555555554,gp,Jafarov_2016,True,9,5.0,True,1,42.418055555555554,
BS,2013-08-12,71.25767591666666,-156.59068508333334,51.40485,gp,Jafarov_2016,True,12,5.0,True,1,51.40485,
BS,2013-08-12,71.25769561538462,-156.59053823076923,53.19364615384615,gp,Jafarov_2016,True,13,5.0,True,1,53.19364615384615,
BS,2013-08-12,71.25770866666666,-156.59045266666666,45.013233333333325,gp,Jafarov_2016,True,3,5.0,True,1,45.013233333333325,
BS,2013-08-12,71.25771463636364,-156.59037672727274,31.274981818181814,gp,Jafarov_2016,True,11,5.0,True,1,31.274981818181814,
BS,2013-08-12,71.25772735714285,-156.5902575,24.004942857142858,gp,Jafarov_2016,True,14,5.0,True,1,24.004942857142858,
BS,2013-08-12,71.25773408333333,-156.59011458333333,30.10514166666667,gp,Jafarov_2016,True,12,5.0,True,1,30.10514166666667,
BS,2013-08-12,71.25774106666667,-156.58996833333333,51.22806,gp,Jafarov_2016,True,15,5.0,True,1,51.22806,
BS,2013-08-12,71.25774566666666,-156.58988666666667,57.218500000000006,gp,Jafarov_2016,True,3,5.0,True,1,57.218500000000006,
BS,2013-08-12,71.25774809090909,-156.58981418181818,55.4196909090909,gp,Jafarov_2016,True,11,5.0,True,1,55.4196909090909,
BS,2013-08-12,71.25775576190476,-156.5897013809524,52.74048571428571,gp,Jafarov_2016,True,21,5.0,True,1,52.74048571428571,
BS,2013-08-12,71.2577663125,-156.589548625,54.4774,gp,Jafarov_2016,True,16,5.0,True,1,54.4774,
BS,2013-08-12,71.25777892857143,-156.58940792857143,52.96392142857143,gp,Jafarov_2016,True,14,5.0,True,1,52.96392142857143,
BS,2013-08-12,71.25779223076924,-156.58927015384614,51.21655384615384,gp,Jafarov_2016,True,13,5.0,True,1,51.21655384615384,
BS,2013-08-12,71.257802,-156.5891274,39.838746666666665,gp,Jafarov_2016,True,15,5.0,True,1,39.838746666666665,
BS,2013-08-12,71.25780521052631,-156.5889893157895,35.90181578947369,gp,Jafarov_2016,True,19,5.0,True,1,35.90181578947369,
BS,2013-08-12,71.25779863157895,-156.58884631578948,31.161773684210527,gp,Jafarov_2016,True,19,5.0,True,1,31.161773684210527,
BS,2013-08-12,71.257802,-156.58871929411765,28.954217647058822,gp,Jafarov_2016,True,17,5.0,True,1,28.954217647058822,
BS,2013-08-12,71.2578066111111,-156.58857716666665,29.232533333333336,gp,Jafarov_2016,True,18,5.0,True,1,29.232533333333336,
BS,2013-08-12,71.257812,-156.58843566666667,29.980483333333332,gp,Jafarov_2016,True,18,5.0,True,1,29.980483333333332,
BS,2013-08-12,71.25781164285715,-156.58829371428573,34.051342857142856,gp,Jafarov_2016,True,14,5.0,True,1,34.051342857142856,
BS,2013-08-12,71.257811,-156.58814586666668,52.82594666666667,gp,Jafarov_2016,True,15,5.0,True,1,52.82594666666667,
BS,2013-08-12,71.257813,-156.588073,55.48459999999999,gp,Jafarov_2016,True,1,5.0,False,1,55.48459999999999,
BS,2013-08-12,71.257817,-156.5880005,56.632016666666665,gp,Jafarov_2016,True,12,5.0,True,1,56.632016666666665,
BS,2013-08-12,71.25781844444445,-156.58787766666669,55.410944444444446,gp,Jafarov_2016,True,18,5.0,True,1,55.410944444444446,
BS,2013-08-12,71.25782607692307,-156.58773161538463,54.63726153846154,gp,Jafarov_2016,True,13,5.0,True,1,54.63726153846154,
BS,2013-08-12,71.2578322,-156.58759026666667,55.525393333333334,gp,Jafarov_2016,True,15,5.0,True,1,55.525393333333334,
BS,2013-08-12,71.25784035714285,-156.5874469285714,54.36267142857143,gp,Jafarov_2016,True,14,5.0,True,1,54.36267142857143,
BS,2013-08-12,71.25784714285714,-156.58734714285714,44.673257142857146,gp,Jafarov_2016,True,7,5.0,True,1,44.673257142857146,
BS,2013-08-12,71.25785154545454,-156.58727145454546,47.73302727272728,gp,Jafarov_2016,True,11,5.0,True,1,47.73302727272728,
BS,2013-08-12,71.25785450000001,-156.58722175,48.549,gp,Jafarov_2016,True,4,5.0,True,1,48.549,
BS,2013-08-12,71.25785885714286,-156.5870280714286,56.169399999999996,gp,Jafarov_2016,True,14,5.0,True,1,56.169399999999996,
BS,2013-08-12,71.25786906666667,-156.58689186666666,52.59476666666667,gp,Jafarov_2016,True,15,5.0,True,1,52.59476666666667,
BS,2013-08-12,71.2578803,-156.5867697,47.83507,gp,Jafarov_2016,True,10,5.0,True,1,47.83507,
BS,2013-08-12,71.257886,-156.58669550000002,49.212,gp,Jafarov_2016,True,4,5.0,True,1,49.212,
BS,2013-08-12,71.25788923529412,-156.58659964705882,49.88694705882353,gp,Jafarov_2016,True,17,5.0,True,1,49.88694705882353,
BS,2013-08-12,71.25789673333334,-156.58647113333333,57.55846666666666,gp,Jafarov_2016,True,15,5.0,True,1,57.55846666666666,
BS,2013-08-12,71.2579021875,-156.5863236875,58.3468,gp,Jafarov_2016,True,16,5.0,True,1,58.3468,
BS,2013-08-12,71.25789982352941,-156.58618447058822,52.718770588235294,gp,Jafarov_2016,True,17,5.0,True,1,52.718770588235294,
BS,2013-08-12,71.25790321428572,-156.58604721428574,48.72677142857143,gp,Jafarov_2016,True,14,5.0,True,1,48.72677142857143,
BS,2013-08-12,71.2579114,-156.585898,48.3831,gp,Jafarov_2016,True,15,5.0,True,1,48.3831,
BS,2013-08-12,71.25791471428572,-156.58580914285716,51.46311428571429,gp,Jafarov_2016,True,7,5.0,True,1,51.46311428571429,
BS,2013-08-12,71.25792855555557,-156.58573277777776,52.65143333333333,gp,Jafarov_2016,True,9,5.0,True,1,52.65143333333333,
BS,2013-08-12,71.25795088888889,-156.58565255555555,53.22938888888889,gp,Jafarov_2016,True,9,5.0,True,1,53.22938888888889,
BS,2013-08-12,71.2579759090909,-156.585583,55.07661818181818,gp,Jafarov_2016,True,11,5.0,True,1,55.07661818181818,
BS,2013-08-12,71.25799885714285,-156.58552357142858,55.470028571428564,gp,Jafarov_2016,True,7,5.0,True,1,55.470028571428564,
BS,2013-08-12,71.25801392307693,-156.58545007692308,50.981192307692304,gp,Jafarov_2016,True,13,5.0,True,1,50.981192307692304,
BS,2013-08-12,71.25802153846153,-156.58533361538463,29.20157692307692,gp,Jafarov_2016,True,26,5.0,True,1,29.20157692307692,
BS,2013-08-12,71.25801442857143,-156.58522961904762,31.773466666666668,gp,Jafarov_2016,True,21,5.0,True,1,31.773466666666668,
BS,2013-08-12,71.25799054545455,-156.5849029090909,27.53833636363636,gp,Jafarov_2016,True,11,5.0,True,1,27.53833636363636,
BS,2013-08-12,71.25800675,-156.5847748125,36.84524375,gp,Jafarov_2016,True,16,5.0,True,1,36.84524375,
BS,2013-08-12,71.25802347368422,-156.58465110526313,47.62571578947368,gp,Jafarov_2016,True,19,5.0,True,1,47.62571578947368,
BS,2013-08-12,71.25804099999999,-156.58457399999998,46.71315,gp,Jafarov_2016,True,2,5.0,True,1,46.71315,
BS,2013-08-12,71.25805940000001,-156.5844917,33.984320000000004,gp,Jafarov_2016,True,20,5.0,True,1,33.984320000000004,
BS,2013-08-12,71.2580765,-156.5844105,28.456249999999997,gp,Jafarov_2016,True,2,5.0,True,1,28.456249999999997,
BS,2013-08-12,71.2580938125,-156.58433975,30.53438125,gp,Jafarov_2016,True,16,5.0,True,1,30.53438125,
BS,2013-08-12,71.25811588888888,-156.5842406666667,49.999611111111115,gp,Jafarov_2016,True,9,5.0,True,1,49.999611111111115,
BS,2013-08-12,71.25812450000001,-156.584187,55.58655,gp,Jafarov_2016,True,2,5.0,True,1,55.58655,
BS,2013-08-12,71.25814328571428,-156.58403742857143,26.66408571428571,gp,Jafarov_2016,True,7,5.0,True,1,26.66408571428571,
BS,2013-08-12,71.25815176923076,-156.58392207692307,33.940384615384616,gp,Jafarov_2016,True,13,5.0,True,1,33.940384615384616,
BS,2013-08-12,71.25815917647058,-156.5837775882353,36.90374117647059,gp,Jafarov_2016,True,17,5.0,True,1,36.90374117647059,
BS,2013-08-12,71.258162,-156.583748,36.5138,gp,Jafarov_2016,True,1,5.0,False,1,36.5138,
BS,2013-08-12,71.258161,-156.583708,40.7975,gp,Jafarov_2016,True,1,5.0,False,1,40.7975,
BS,2013-08-12,71.25816253333332,-156.58363653333333,42.99378,gp,Jafarov_2016,True,15,5.0,True,1,42.99378,
BS,2013-08-12,71.25816506666666,-156.58350166666665,45.040453333333325,gp,Jafarov_2016,True,15,5.0,True,1,45.040453333333325,
BS,2013-08-12,71.25817206666667,-156.5833535333333,47.79426,gp,Jafarov_2016,True,15,5.0,True,1,47.79426,
BS,2013-08-12,71.25817852631579,-156.58322857894737,43.7929,gp,Jafarov_2016,True,19,5.0,True,1,43.7929,
BS,2013-08-12,71.258180625,-156.5830778125,44.023065625,gp,Jafarov_2016,True,32,5.0,True,1,44.023065625,
BS,2013-08-12,71.25818693333333,-156.58294833333332,47.52000666666666,gp,Jafarov_2016,True,15,5.0,True,1,47.52000666666666,
BS,2013-08-12,71.258194,-156.582863,46.8491,gp,Jafarov_2016,True,1,5.0,False,1,46.8491,
BS,2013-08-12,71.25819975,-156.58279591666667,46.067175,gp,Jafarov_2016,True,12,5.0,True,1,46.067175,
BS,2013-08-12,71.2582074,-156.58271399999998,44.75484,gp,Jafarov_2016,True,5,5.0,True,1,44.75484,
BS,2013-08-12,71.25823128571429,-156.58256,42.02140000000001,gp,Jafarov_2016,True,7,5.0,True,1,42.02140000000001,
BS,2013-08-12,71.25824188888889,-156.5824922222222,41.47747777777778,gp,Jafarov_2016,True,9,5.0,True,1,41.47747777777778,
BS,2013-08-12,71.25825522222222,-156.582381,40.57084444444445,gp,Jafarov_2016,True,18,5.0,True,1,40.57084444444445,
BS,2013-08-12,71.25826866666667,-156.582241,34.2796,gp,Jafarov_2016,True,21,5.0,True,1,34.2796,
BS,2013-08-12,71.258276,-156.582161,35.4938,gp,Jafarov_2016,True,1,5.0,False,1,35.4938,
BS,2013-08-12,71.2582804,-156.5820849333333,37.81247333333333,gp,Jafarov_2016,True,15,5.0,True,1,37.81247333333333,
BS,2013-08-12,71.2582831764706,-156.58195711764705,35.517782352941175,gp,Jafarov_2016,True,17,5.0,True,1,35.517782352941175,
BS,2013-08-12,71.25829246153846,-156.58181076923077,39.59708461538462,gp,Jafarov_2016,True,13,5.0,True,1,39.59708461538462,
BS,2013-08-12,71.2583015,-156.581716,46.44113333333333,gp,Jafarov_2016,True,6,5.0,True,1,46.44113333333333,
BS,2013-08-12,71.258315,-156.581468,31.6181,gp,Jafarov_2016,True,1,5.0,False,1,31.6181,
BS,2013-08-12,71.25832028571429,-156.58139400000002,33.24995714285714,gp,Jafarov_2016,True,14,5.0,True,1,33.24995714285714,
BS,2013-08-12,71.25832421052631,-156.58124984210528,30.963168421052632,gp,Jafarov_2016,True,19,5.0,True,1,30.963168421052632,
BS,2013-08-12,71.25832777777778,-156.58110283333335,33.227288888888886,gp,Jafarov_2016,True,18,5.0,True,1,33.227288888888886,
BS,2013-08-12,71.25832921052631,-156.58098152631578,35.982321052631576,gp,Jafarov_2016,True,19,5.0,True,1,35.982321052631576,
BS,2013-08-12,71.25832264285715,-156.58082971428573,42.64797142857143,gp,Jafarov_2016,True,14,5.0,True,1,42.64797142857143,
BS,2013-08-12,71.258318,-156.58069686666667,45.32602,gp,Jafarov_2016,True,15,5.0,True,1,45.32602,
BS,2013-08-12,71.2583225,-156.58055305555555,44.88858333333334,gp,Jafarov_2016,True,18,5.0,True,1,44.88858333333334,
BS,2013-08-12,71.25832915384615,-156.58041223076924,48.42347692307692,gp,Jafarov_2016,True,13,5.0,True,1,48.42347692307692,
BS,2013-08-12,71.25833466666667,-156.58028394444443,42.82037777777778,gp,Jafarov_2016,True,18,5.0,True,1,42.82037777777778,
BS,2013-08-12,71.25833892307693,-156.58014115384614,42.798161538461535,gp,Jafarov_2016,True,13,5.0,True,1,42.798161538461535,
BS,2013-08-12,71.25834,-156.580125,42.5314,gp,Jafarov_2016,True,4,5.0,True,1,42.5314,
BS,2013-08-12,71.25834194117647,-156.57999170588235,39.12959411764706,gp,Jafarov_2016,True,17,5.0,True,1,39.12959411764706,
BS,2013-08-12,71.25833976923077,-156.57987315384614,33.571623076923075,gp,Jafarov_2016,True,13,5.0,True,1,33.571623076923075,
BS,2013-08-12,71.25833374999999,-156.57980025,34.4739,gp,Jafarov_2016,True,4,5.0,True,1,34.4739,
BS,2013-08-12,71.258334,-156.57977400000001,35.6978,gp,Jafarov_2016,True,3,5.0,True,1,35.6978,
BS,2013-08-12,71.25833633333333,-156.57970261111112,38.99561666666667,gp,Jafarov_2016,True,18,5.0,True,1,38.99561666666667,
BS,2013-08-12,71.25833844444445,-156.57957377777777,41.228138888888886,gp,Jafarov_2016,True,18,5.0,True,1,41.228138888888886,
BS,2013-08-12,71.25833942857143,-156.57943242857144,45.43092857142857,gp,Jafarov_2016,True,14,5.0,True,1,45.43092857142857,
BS,2013-08-12,71.25834210526315,-156.57929389473685,45.521394736842105,gp,Jafarov_2016,True,19,5.0,True,1,45.521394736842105,
BS,2013-08-12,71.2583425882353,-156.57915305882352,45.285199999999996,gp,Jafarov_2016,True,17,5.0,True,1,45.285199999999996,
BS,2013-08-12,71.258343,-156.57901657142858,42.509542857142854,gp,Jafarov_2016,True,14,5.0,True,1,42.509542857142854,
BS,2013-08-12,71.25833710714286,-156.57888150000002,39.143746428571426,gp,Jafarov_2016,True,28,5.0,True,1,39.143746428571426,
BS,2013-08-12,71.25833392307692,-156.57874415384615,39.96586153846154,gp,Jafarov_2016,True,13,5.0,True,1,39.96586153846154,
BS,2013-08-12,71.2583268,-156.57859806666664,39.804766666666666,gp,Jafarov_2016,True,15,5.0,True,1,39.804766666666666,
BS,2013-08-12,71.25832452941177,-156.5784618235294,40.5575,gp,Jafarov_2016,True,17,5.0,True,1,40.5575,
BS,2013-08-12,71.25832690625,-156.57832321875,37.32113125,gp,Jafarov_2016,True,32,5.0,True,1,37.32113125,
BS,2013-08-12,71.25834115384615,-156.57817723076923,30.54380769230769,gp,Jafarov_2016,True,13,5.0,True,1,30.54380769230769,
BS,2013-08-12,71.2583535,-156.578076125,27.45985,gp,Jafarov_2016,True,8,5.0,True,1,27.45985,
BS,2013-08-12,71.25836366666667,-156.577999,33.0826,gp,Jafarov_2016,True,6,5.0,True,1,33.0826,
BS,2013-08-12,71.25837221428571,-156.57789285714287,32.99105,gp,Jafarov_2016,True,14,5.0,True,1,32.99105,
BS,2013-08-12,71.25838726666666,-156.57776033333332,35.504286666666665,gp,Jafarov_2016,True,15,5.0,True,1,35.504286666666665,
BS,2013-08-12,71.258398,-156.577684,47.074,gp,Jafarov_2016,True,1,5.0,False,1,47.074,
BS,2013-08-12,71.25839853846153,-156.57761223076923,41.64242307692307,gp,Jafarov_2016,True,13,5.0,True,1,41.64242307692307,
BS,2013-08-12,71.25839575,-156.5774805,31.2453875,gp,Jafarov_2016,True,8,5.0,True,1,31.2453875,
BS,2013-08-12,71.25839433333333,-156.57746116666667,30.7812,gp,Jafarov_2016,True,6,5.0,True,1,30.7812,
BS,2013-08-12,71.258395,-156.577388,29.604333333333333,gp,Jafarov_2016,True,3,5.0,True,1,29.604333333333333,
BS,2013-08-12,71.2583882,-156.577281,34.646519999999995,gp,Jafarov_2016,True,5,5.0,True,1,34.646519999999995,
BS,2013-08-12,71.2583812857143,-156.57719914285715,34.55457857142857,gp,Jafarov_2016,True,14,5.0,True,1,34.55457857142857,
BS,2013-08-12,71.25836406250001,-156.5770639375,32.9518125,gp,Jafarov_2016,True,16,5.0,True,1,32.9518125,
BS,2013-08-12,71.25834971428571,-156.57696028571428,28.760014285714284,gp,Jafarov_2016,True,7,5.0,True,1,28.760014285714284,
BS,2013-08-12,71.25833828571429,-156.57688542857142,31.875842857142857,gp,Jafarov_2016,True,7,5.0,True,1,31.875842857142857,
BS,2013-08-12,71.25832685714286,-156.57678735714285,27.157228571428572,gp,Jafarov_2016,True,14,5.0,True,1,27.157228571428572,
BS,2013-08-12,71.25831052941176,-156.57664664705882,34.44712352941176,gp,Jafarov_2016,True,17,5.0,True,1,34.44712352941176,
BS,2013-08-12,71.25829750000001,-156.57655283333335,38.79683333333333,gp,Jafarov_2016,True,6,5.0,True,1,38.79683333333333,
BS,2013-08-12,71.2582845,-156.576489125,35.2368875,gp,Jafarov_2016,True,16,5.0,True,1,35.2368875,
BS,2013-08-12,71.25826492857144,-156.57637914285715,33.90452142857143,gp,Jafarov_2016,True,14,5.0,True,1,33.90452142857143,
BS,2013-08-12,71.25824833333334,-156.5762777777778,25.419966666666667,gp,Jafarov_2016,True,9,5.0,True,1,25.419966666666667,
BS,2013-08-12,71.25823666666666,-156.57620373333333,21.3507,gp,Jafarov_2016,True,15,5.0,True,1,21.3507,
BS,2013-08-12,71.25822545454547,-156.57610145454544,25.62680909090909,gp,Jafarov_2016,True,11,5.0,True,1,25.62680909090909,
BS,2013-08-12,71.25820746666666,-156.57596313333335,28.02474,gp,Jafarov_2016,True,15,5.0,True,1,28.02474,
BS,2013-08-12,71.258197,-156.57586433333333,28.95053333333333,gp,Jafarov_2016,True,6,5.0,True,1,28.95053333333333,
BS,2013-08-12,71.25819071428572,-156.57579285714286,34.78994285714286,gp,Jafarov_2016,True,7,5.0,True,1,34.78994285714286,
BS,2013-08-12,71.25817672222223,-156.57569155555555,34.4425,gp,Jafarov_2016,True,18,5.0,True,1,34.4425,
BS,2013-08-12,71.25815926666665,-156.57554406666668,26.225473333333333,gp,Jafarov_2016,True,15,5.0,True,1,26.225473333333333,
BS,2013-08-12,71.2581493,-156.5754448,27.444170000000003,gp,Jafarov_2016,True,10,5.0,True,1,27.444170000000003,
BS,2013-08-12,71.25814033333333,-156.575376,22.28172222222222,gp,Jafarov_2016,True,9,5.0,True,1,22.28172222222222,
BS,2013-08-12,71.25812842857142,-156.57528064285717,27.958607142857144,gp,Jafarov_2016,True,14,5.0,True,1,27.958607142857144,
BS,2013-08-12,71.25811308333333,-156.57514445833334,21.690012499999998,gp,Jafarov_2016,True,24,5.0,True,1,21.690012499999998,
BS,2013-08-12,71.258098,-156.575042,20.934866666666668,gp,Jafarov_2016,True,6,5.0,True,1,20.934866666666668,
BS,2013-08-12,71.25808928571429,-156.57498028571428,24.366450000000004,gp,Jafarov_2016,True,14,5.0,True,1,24.366450000000004,
BS,2013-08-12,71.25807077272727,-156.57486613636362,21.31170909090909,gp,Jafarov_2016,True,22,5.0,True,1,21.31170909090909,
BS,2013-08-12,71.258055625,-156.5747665,18.93258125,gp,Jafarov_2016,True,16,5.0,True,1,18.93258125,
BS,2013-08-12,71.25803909999999,-156.5746865,19.82603,gp,Jafarov_2016,True,10,5.0,True,1,19.82603,
BS,2013-08-12,71.25802396,-156.57459788,25.165779999999998,gp,Jafarov_2016,True,25,5.0,True,1,25.165779999999998,
BS,2013-08-12,71.258002875,-156.574497875,23.772375,gp,Jafarov_2016,True,8,5.0,True,1,23.772375,
BS,2013-08-12,71.25798954545455,-156.57442899999998,24.050545454545453,gp,Jafarov_2016,True,11,5.0,True,1,24.050545454545453,
BS,2013-08-12,71.2579736875,-156.5743205625,30.5785,gp,Jafarov_2016,True,16,5.0,True,1,30.5785,
BS,2013-08-12,71.2579607,-156.57418395,32.28494,gp,Jafarov_2016,True,20,5.0,True,1,32.28494,
BS,2013-08-12,71.257948,-156.574115,26.283,gp,Jafarov_2016,True,1,5.0,False,1,26.283,
BS,2013-08-12,71.25793552631579,-156.57404857894736,26.22932105263158,gp,Jafarov_2016,True,19,5.0,True,1,26.22932105263158,
BS,2013-08-12,71.25791579310345,-156.57391055172414,29.38068965517241,gp,Jafarov_2016,True,29,5.0,True,1,29.38068965517241,
BS,2013-08-12,71.25790568181819,-156.57376172727274,25.815836363636365,gp,Jafarov_2016,True,22,5.0,True,1,25.815836363636365,
BS,2013-08-12,71.257898,-156.573698,32.638,gp,Jafarov_2016,True,1,5.0,False,1,32.638,
BS,2013-08-12,71.25789425,-156.57363208333334,38.29995,gp,Jafarov_2016,True,12,5.0,True,1,38.29995,
BS,2013-08-12,71.25788188888889,-156.57348183333335,45.783861111111115,gp,Jafarov_2016,True,18,5.0,True,1,45.783861111111115,
BS,2013-08-12,71.25787094117648,-156.57335241176472,32.951817647058824,gp,Jafarov_2016,True,17,5.0,True,1,32.951817647058824,
BS,2013-08-12,71.25785828571428,-156.57322809523808,25.756223809523807,gp,Jafarov_2016,True,21,5.0,True,1,25.756223809523807,
BS,2013-08-12,71.25784775,-156.57312975,29.146675000000002,gp,Jafarov_2016,True,4,5.0,True,1,29.146675000000002,
BS,2013-08-12,71.2578391,-156.5730594,26.51839,gp,Jafarov_2016,True,10,5.0,True,1,26.51839,
BS,2013-08-12,71.25782742857143,-156.5729357142857,26.46232857142857,gp,Jafarov_2016,True,14,5.0,True,1,26.46232857142857,
BS,2013-08-12,71.2578156,-156.57280493333334,34.91846666666667,gp,Jafarov_2016,True,15,5.0,True,1,34.91846666666667,
BS,2013-08-12,71.25780911111111,-156.5726815,45.722833333333334,gp,Jafarov_2016,True,18,5.0,True,1,45.722833333333334,
BS,2013-08-12,71.25780072222223,-156.5725233888889,48.01551111111112,gp,Jafarov_2016,True,18,5.0,True,1,48.01551111111112,
BS,2013-08-12,71.2577888888889,-156.5723815,45.53977777777778,gp,Jafarov_2016,True,18,5.0,True,1,45.53977777777778,
BS,2013-08-12,71.257792,-156.572435,45.6618,gp,Jafarov_2016,True,1,5.0,False,1,45.6618,
BS,2013-08-12,71.25778189473685,-156.57224989473684,46.39685789473684,gp,Jafarov_2016,True,19,5.0,True,1,46.39685789473684,
BS,2013-08-12,71.25777286666667,-156.57211593333335,47.675533333333334,gp,Jafarov_2016,True,15,5.0,True,1,47.675533333333334,
BS,2013-08-12,71.257767,-156.5719697222222,46.145627777777776,gp,Jafarov_2016,True,18,5.0,True,1,46.145627777777776,
BS,2013-08-12,71.25775469999999,-156.57183675000002,46.281625,gp,Jafarov_2016,True,20,5.0,True,1,46.281625,
BS,2013-08-12,71.25774484,-156.57168348,33.344108,gp,Jafarov_2016,True,25,5.0,True,1,33.344108,
BS,2013-08-12,71.257737,-156.571623,20.555699999999998,gp,Jafarov_2016,True,1,5.0,False,1,20.555699999999998,
BS,2013-08-12,71.25773005263157,-156.57156105263158,24.775799999999997,gp,Jafarov_2016,True,19,5.0,True,1,24.775799999999997,
BS,2013-08-12,71.2577162,-156.5714314,24.29412,gp,Jafarov_2016,True,20,5.0,True,1,24.29412,
BS,2013-08-12,71.25770377777778,-156.57127422222223,39.82113888888889,gp,Jafarov_2016,True,18,5.0,True,1,39.82113888888889,
BS,2013-08-12,71.25769585714285,-156.57114700000002,49.56222857142858,gp,Jafarov_2016,True,14,5.0,True,1,49.56222857142858,
BS,2013-08-12,71.25769366666667,-156.57098833333333,37.432566666666666,gp,Jafarov_2016,True,18,5.0,True,1,37.432566666666666,
BS,2013-08-12,71.25768699999999,-156.5709126666667,27.28551111111111,gp,Jafarov_2016,True,9,5.0,True,1,27.28551111111111,
BS,2013-08-12,71.25767754545454,-156.5708467272727,28.63669090909091,gp,Jafarov_2016,True,11,5.0,True,1,28.63669090909091,
BS,2013-08-12,71.25766616666667,-156.57073733333334,29.70894444444444,gp,Jafarov_2016,True,18,5.0,True,1,29.70894444444444,
BS,2013-08-12,71.25765385,-156.5705934,25.933895,gp,Jafarov_2016,True,20,5.0,True,1,25.933895,
BS,2013-08-12,71.2576372173913,-156.5704526521739,27.698626086956523,gp,Jafarov_2016,True,23,5.0,True,1,27.698626086956523,
BS,2013-08-12,71.25763133333334,-156.57037233333332,34.52093333333334,gp,Jafarov_2016,True,3,5.0,True,1,34.52093333333334,
BS,2013-08-12,71.25762483333334,-156.5702965,31.12115833333333,gp,Jafarov_2016,True,12,5.0,True,1,31.12115833333333,
BS,2013-08-12,71.25760993749999,-156.570171,28.32778125,gp,Jafarov_2016,True,16,5.0,True,1,28.32778125,
BS,2013-08-12,71.25759238461538,-156.57005315384615,24.608249999999998,gp,Jafarov_2016,True,26,5.0,True,1,24.608249999999998,
BS,2013-08-12,71.25754263157894,-156.56976736842105,24.259647368421053,gp,Jafarov_2016,True,19,5.0,True,1,24.259647368421053,
BS,2013-08-12,71.25749938888889,-156.56949483333335,29.334099999999996,gp,Jafarov_2016,True,18,5.0,True,1,29.334099999999996,
BS,2013-08-12,71.25748716666668,-156.56940316666666,28.741316666666666,gp,Jafarov_2016,True,6,5.0,True,1,28.741316666666666,
BS,2013-08-12,71.2574795,-156.569338875,31.1865375,gp,Jafarov_2016,True,8,5.0,True,1,31.1865375,
BS,2013-08-12,71.25746745000001,-156.5692285,39.400965,gp,Jafarov_2016,True,20,5.0,True,1,39.400965,
BS,2013-08-12,71.2574486,-156.56907986666667,35.48335333333333,gp,Jafarov_2016,True,15,5.0,True,1,35.48335333333333,
BS,2013-08-12,71.25743659999999,-156.568947,41.430386666666664,gp,Jafarov_2016,True,15,5.0,True,1,41.430386666666664,
BS,2013-08-12,71.257432,-156.568887,49.4277,gp,Jafarov_2016,True,1,5.0,False,1,49.4277,
BS,2013-08-12,71.2574258125,-156.5688051875,46.2502375,gp,Jafarov_2016,True,16,5.0,True,1,46.2502375,
BS,2013-08-12,71.25741068421053,-156.56865915789476,43.52696842105263,gp,Jafarov_2016,True,19,5.0,True,1,43.52696842105263,
BS,2013-08-12,71.25740776923077,-156.568533,41.76311923076923,gp,Jafarov_2016,True,26,5.0,True,1,41.76311923076923,
BS,2013-08-12,71.25740305882354,-156.56838529411766,32.89644117647059,gp,Jafarov_2016,True,17,5.0,True,1,32.89644117647059,
BS,2013-08-12,71.25739125,-156.56827245,37.97697,gp,Jafarov_2016,True,20,5.0,True,1,37.97697,
BS,2013-08-12,71.2573812631579,-156.56810394736843,32.96834210526316,gp,Jafarov_2016,True,19,5.0,True,1,32.96834210526316,
BS,2013-08-12,71.257391,-156.56795810526316,40.92376315789474,gp,Jafarov_2016,True,19,5.0,True,1,40.92376315789474,
BS,2013-08-12,71.25737442857142,-156.56797085714285,37.52471428571429,gp,Jafarov_2016,True,7,5.0,True,1,37.52471428571429,
BS,2013-08-12,71.2573957260274,-156.56782102739726,51.427716438356164,gp,Jafarov_2016,True,73,5.0,True,1,51.427716438356164,
BS,2013-08-12,71.25740483720931,-156.56769160465117,52.50888604651163,gp,Jafarov_2016,True,86,5.0,True,1,52.50888604651163,
BS,2013-08-12,71.25739908536585,-156.56757775609756,54.58084756097561,gp,Jafarov_2016,True,82,5.0,True,1,54.58084756097561,
BS,2013-08-12,71.25739010344827,-156.56741224137932,48.81196206896552,gp,Jafarov_2016,True,29,5.0,True,1,48.81196206896552,
BS,2013-08-12,71.25737784615384,-156.56728207692308,46.84964230769231,gp,Jafarov_2016,True,26,5.0,True,1,46.84964230769231,
BS,2013-08-12,71.257365,-156.56721,44.9764,gp,Jafarov_2016,True,1,5.0,False,1,44.9764,
BS,2013-08-12,71.25735565625,-156.567136625,46.2748125,gp,Jafarov_2016,True,32,5.0,True,1,46.2748125,
BS,2013-08-12,71.25733676190477,-156.56699804761905,46.513509523809525,gp,Jafarov_2016,True,21,5.0,True,1,46.513509523809525,
BS,2013-08-12,71.25732025,-156.56691075,44.9154,gp,Jafarov_2016,True,8,5.0,True,1,44.9154,
BS,2013-08-12,71.25730877777778,-156.5668471111111,39.44280555555556,gp,Jafarov_2016,True,18,5.0,True,1,39.44280555555556,
BS,2013-08-12,71.2572878888889,-156.5667332222222,38.73058888888889,gp,Jafarov_2016,True,27,5.0,True,1,38.73058888888889,
BS,2013-08-12,71.2572735625,-156.5666419375,46.96849375,gp,Jafarov_2016,True,16,5.0,True,1,46.96849375,
BS,2013-08-12,71.25725968181818,-156.56656931818182,50.017590909090906,gp,Jafarov_2016,True,22,5.0,True,1,50.017590909090906,
BS,2013-08-12,71.25723441463415,-156.56646587804877,52.183209756097554,gp,Jafarov_2016,True,41,5.0,True,1,52.183209756097554,
BS,2013-08-12,71.25721788888889,-156.56640611111112,51.86963333333333,gp,Jafarov_2016,True,9,5.0,True,1,51.86963333333333,
BS,2013-08-12,71.25719664,-156.56632596,51.2275,gp,Jafarov_2016,True,25,5.0,True,1,51.2275,
BS,2013-08-12,71.25717844444445,-156.5662372222222,50.7223,gp,Jafarov_2016,True,9,5.0,True,1,50.7223,
BS,2013-08-12,71.2571671,-156.56617590000002,50.859159999999996,gp,Jafarov_2016,True,20,5.0,True,1,50.859159999999996,
BS,2013-08-12,71.25714285714287,-156.56605504761905,48.976057142857144,gp,Jafarov_2016,True,21,5.0,True,1,48.976057142857144,
BS,2013-08-12,71.25712800000001,-156.56596516666667,47.3886,gp,Jafarov_2016,True,6,5.0,True,1,47.3886,
BS,2013-08-12,71.25711981250001,-156.5658909375,46.51109375,gp,Jafarov_2016,True,16,5.0,True,1,46.51109375,
BS,2013-08-12,71.25711327272728,-156.56577654545455,44.99856818181818,gp,Jafarov_2016,True,22,5.0,True,1,44.99856818181818,
BS,2013-08-12,71.25710099999999,-156.56563166666666,44.32980952380952,gp,Jafarov_2016,True,21,5.0,True,1,44.32980952380952,
BS,2013-08-12,71.25708919230769,-156.56550876923077,47.568919230769225,gp,Jafarov_2016,True,26,5.0,True,1,47.568919230769225,
BS,2013-08-12,71.257075875,-156.5653720625,45.44901875,gp,Jafarov_2016,True,16,5.0,True,1,45.44901875,
BS,2013-08-12,71.25706866666667,-156.56530366666667,45.735299999999995,gp,Jafarov_2016,True,3,5.0,True,1,45.735299999999995,
BS,2013-08-12,71.25706404347825,-156.56522282608697,45.48192608695652,gp,Jafarov_2016,True,23,5.0,True,1,45.48192608695652,
BS,2013-08-12,71.25706260465117,-156.56507144186045,42.1627,gp,Jafarov_2016,True,43,5.0,True,1,42.1627,
BS,2013-08-12,71.25706121875,-156.5649426875,44.8188375,gp,Jafarov_2016,True,32,5.0,True,1,44.8188375,
BS,2013-08-12,71.25704503448276,-156.56480203448277,46.097886206896554,gp,Jafarov_2016,True,29,5.0,True,1,46.097886206896554,
BS,2013-08-12,71.25703754999999,-156.56466045,47.80597,gp,Jafarov_2016,True,40,5.0,True,1,47.80597,
BS,2013-08-12,71.25702313333333,-156.56456113333334,50.9391,gp,Jafarov_2016,True,15,5.0,True,1,50.9391,
BS,2013-08-12,71.25700884,-156.56450152,51.744596,gp,Jafarov_2016,True,25,5.0,True,1,51.744596,
BS,2013-08-12,71.25699151515151,-156.56439584848485,45.06017272727273,gp,Jafarov_2016,True,33,5.0,True,1,45.06017272727273,
BS,2013-08-12,71.25697266666666,-156.56429553333334,41.35541333333333,gp,Jafarov_2016,True,15,5.0,True,1,41.35541333333333,
BS,2013-08-12,71.256963625,-156.564241875,40.494175,gp,Jafarov_2016,True,24,5.0,True,1,40.494175,
BS,2013-08-12,71.25693716666666,-156.56412463333334,37.15981333333333,gp,Jafarov_2016,True,30,5.0,True,1,37.15981333333333,
BS,2013-08-12,71.2569044375,-156.563988125,38.79684375,gp,Jafarov_2016,True,32,5.0,True,1,38.79684375,
BS,2013-08-12,71.25688114285715,-156.5638642857143,40.008761904761904,gp,Jafarov_2016,True,21,5.0,True,1,40.008761904761904,
BS,2013-08-12,71.25687133333334,-156.563793,40.7483,gp,Jafarov_2016,True,3,5.0,True,1,40.7483,
BS,2013-08-12,71.25685756666667,-156.56371093333334,40.27533666666667,gp,Jafarov_2016,True,30,5.0,True,1,40.27533666666667,
BS,2013-08-12,71.2568340967742,-156.5635782903226,39.215216129032264,gp,Jafarov_2016,True,31,5.0,True,1,39.215216129032264,
BS,2013-08-12,71.256823,-156.5635156666667,39.0408,gp,Jafarov_2016,True,3,5.0,True,1,39.0408,
BS,2013-08-12,71.25680876666667,-156.56343366666667,41.67252333333333,gp,Jafarov_2016,True,30,5.0,True,1,41.67252333333333,
BS,2013-08-12,71.2567883076923,-156.56334469230768,43.64417692307692,gp,Jafarov_2016,True,26,5.0,True,1,43.64417692307692,
BS,2013-08-12,71.25676849999999,-156.56326588888888,45.77143333333333,gp,Jafarov_2016,True,18,5.0,True,1,45.77143333333333,
BS,2013-08-12,71.25674835714285,-156.5631740714286,48.04874642857143,gp,Jafarov_2016,True,28,5.0,True,1,48.04874642857143,
BS,2013-08-12,71.256728,-156.56310833333333,50.7765,gp,Jafarov_2016,True,3,5.0,True,1,50.7765,
BS,2013-08-12,71.25671012195122,-156.56303451219512,49.19855853658537,gp,Jafarov_2016,True,41,5.0,True,1,49.19855853658537,
BS,2013-08-12,71.25669006666666,-156.56293773333334,49.52974,gp,Jafarov_2016,True,15,5.0,True,1,49.52974,
BS,2013-08-12,71.2566652,-156.56286985,50.517635,gp,Jafarov_2016,True,20,5.0,True,1,50.517635,
BS,2013-08-12,71.25664292857142,-156.562815,50.133742857142856,gp,Jafarov_2016,True,14,5.0,True,1,50.133742857142856,
BS,2013-08-12,71.25661858333333,-156.56274670833332,50.91878333333333,gp,Jafarov_2016,True,24,5.0,True,1,50.91878333333333,
BS,2013-08-12,71.25659744827587,-156.5626768275862,51.18116034482758,gp,Jafarov_2016,True,58,5.0,True,1,51.18116034482758,
BS,2013-08-12,71.25656678787878,-156.56261772727274,52.58500909090909,gp,Jafarov_2016,True,33,5.0,True,1,52.58500909090909,
BS,2013-08-12,71.25652690625,-156.56259228125,52.08845,gp,Jafarov_2016,True,32,5.0,True,1,52.08845,
BS,2013-08-12,71.25648242857143,-156.56257885714285,50.62291428571428,gp,Jafarov_2016,True,21,5.0,True,1,50.62291428571428,
BS,2013-08-12,71.25646146666666,-156.5625702,50.42776666666667,gp,Jafarov_2016,True,15,5.0,True,1,50.42776666666667,
BS,2013-08-12,71.25642419696969,-156.56252421212122,51.17810151515152,gp,Jafarov_2016,True,66,5.0,True,1,51.17810151515152,
BS,2013-08-12,71.2563876969697,-156.56247118181818,52.900378787878786,gp,Jafarov_2016,True,33,5.0,True,1,52.900378787878786,
BS,2013-08-12,71.25636522222221,-156.56243755555556,53.04411111111111,gp,Jafarov_2016,True,9,5.0,True,1,53.04411111111111,
BS,2013-08-12,71.25633856521739,-156.56237726086957,53.13386304347826,gp,Jafarov_2016,True,46,5.0,True,1,53.13386304347826,
BS,2013-08-12,71.25631299999999,-156.56232183333333,52.484,gp,Jafarov_2016,True,6,5.0,True,1,52.484,
BS,2013-08-12,71.25629004166667,-156.5622558125,52.41285416666667,gp,Jafarov_2016,True,48,5.0,True,1,52.41285416666667,
BS,2013-08-12,71.25627,-156.562183,53.432599999999994,gp,Jafarov_2016,True,1,5.0,False,1,53.432599999999994,
BS,2013-08-12,71.2562477361111,-156.56211934722222,52.44399861111111,gp,Jafarov_2016,True,72,5.0,True,1,52.44399861111111,
BS,2013-08-12,71.2562192,-156.5620576,51.81292,gp,Jafarov_2016,True,5,5.0,True,1,51.81292,
BS,2013-08-12,71.25620147191012,-156.5620126741573,50.99605842696629,gp,Jafarov_2016,True,89,5.0,True,1,50.99605842696629,
BS,2013-08-12,71.256166125,-156.5619351875,52.3247625,gp,Jafarov_2016,True,16,5.0,True,1,52.3247625,
BS,2013-08-12,71.2561464375,-156.5619079375,53.956034375,gp,Jafarov_2016,True,32,5.0,True,1,53.956034375,
BS,2013-08-12,71.25610896666667,-156.56191726666665,51.52452666666667,gp,Jafarov_2016,True,30,5.0,True,1,51.52452666666667,
BS,2013-08-12,71.2560816,-156.5619242,51.107119999999995,gp,Jafarov_2016,True,5,5.0,True,1,51.107119999999995,
BS,2013-08-12,71.25605954545455,-156.56193804545455,50.54426818181818,gp,Jafarov_2016,True,22,5.0,True,1,50.54426818181818,
BS,2013-08-12,71.25603866666667,-156.56193533333334,51.27786666666666,gp,Jafarov_2016,True,3,5.0,True,1,51.27786666666666,
BS,2013-08-12,71.25601834920634,-156.56191444444445,54.34766190476191,gp,Jafarov_2016,True,63,5.0,True,1,54.34766190476191,
BS,2013-08-12,71.25597396666667,-156.56188013333335,53.37568666666666,gp,Jafarov_2016,True,30,5.0,True,1,53.37568666666666,
BS,2013-08-12,71.25594311111111,-156.561821,50.848766666666656,gp,Jafarov_2016,True,9,5.0,True,1,50.848766666666656,
BS,2013-08-12,71.25593579487179,-156.56176664102563,52.25423333333333,gp,Jafarov_2016,True,39,5.0,True,1,52.25423333333333,
BS,2013-08-12,71.25591175,-156.56159925,53.04738125,gp,Jafarov_2016,True,16,5.0,True,1,53.04738125,
BS,2013-08-12,71.25590585714285,-156.56144764285713,51.115257142857146,gp,Jafarov_2016,True,14,5.0,True,1,51.115257142857146,
BS,2013-08-12,71.25590033333333,-156.561505,51.508266666666664,gp,Jafarov_2016,True,3,5.0,True,1,51.508266666666664,
BS,2013-08-12,71.2559288,-156.56131692,49.250024,gp,Jafarov_2016,True,25,5.0,True,1,49.250024,
BS,2013-08-12,71.25594366666667,-156.561249,49.692366666666665,gp,Jafarov_2016,True,3,5.0,True,1,49.692366666666665,
BS,2013-08-12,71.25595527586208,-156.56118420689654,52.21241379310345,gp,Jafarov_2016,True,29,5.0,True,1,52.21241379310345,
BS,2013-08-12,71.25597412500001,-156.56103095833333,53.379075,gp,Jafarov_2016,True,24,5.0,True,1,53.379075,
BS,2013-08-12,71.25597627272727,-156.5609076969697,52.163684848484856,gp,Jafarov_2016,True,33,5.0,True,1,52.163684848484856,
BS,2013-08-12,71.25598557142857,-156.560845,56.19712857142857,gp,Jafarov_2016,True,7,5.0,True,1,56.19712857142857,
BS,2013-08-12,71.25598435714286,-156.56075814285714,52.70951785714286,gp,Jafarov_2016,True,28,5.0,True,1,52.70951785714286,
BS,2013-08-12,71.2559784,-156.56069659999997,53.82288,gp,Jafarov_2016,True,5,5.0,True,1,53.82288,
BS,2013-08-12,71.25596930769231,-156.56061215384614,52.66954230769231,gp,Jafarov_2016,True,26,5.0,True,1,52.66954230769231,
BS,2013-08-12,71.2559608962963,-156.56047226666666,53.12120814814814,gp,Jafarov_2016,True,135,5.0,True,1,53.12120814814814,
BS,2013-08-12,71.25593333333333,-156.56040533333334,53.75783333333334,gp,Jafarov_2016,True,3,5.0,True,1,53.75783333333334,
BS,2013-08-12,71.2559091025641,-156.56036476923077,55.68635128205128,gp,Jafarov_2016,True,39,5.0,True,1,55.68635128205128,
BS,2013-08-12,71.25587826666667,-156.56030206666668,54.02344,gp,Jafarov_2016,True,15,5.0,True,1,54.02344,
BS,2013-08-12,71.25585798214286,-156.56021892857143,54.923771428571435,gp,Jafarov_2016,True,56,5.0,True,1,54.923771428571435,
BS,2013-08-12,71.25582025,-156.56023639999998,52.830904999999994,gp,Jafarov_2016,True,40,5.0,True,1,52.830904999999994,
BS,2013-08-12,71.25590145454545,-156.56023145454546,57.70506363636363,gp,Jafarov_2016,True,22,5.0,True,1,57.70506363636363,
BS,2013-08-12,71.255911,-156.56005199999998,56.27845,gp,Jafarov_2016,True,2,5.0,True,1,56.27845,
BS,2013-08-12,71.2559105,-156.5599375,55.506,gp,Jafarov_2016,True,2,5.0,True,1,55.506,
BS,2013-08-12,71.25590142857143,-156.55979776190475,56.80113809523809,gp,Jafarov_2016,True,21,5.0,True,1,56.80113809523809,
BS,2013-08-12,71.25588838888888,-156.55964883333334,56.53592222222222,gp,Jafarov_2016,True,18,5.0,True,1,56.53592222222222,
BS,2013-08-12,71.25587931578947,-156.55951405263158,53.68080526315789,gp,Jafarov_2016,True,19,5.0,True,1,53.68080526315789,
BS,2013-08-12,71.2558745,-156.55943225,50.200525,gp,Jafarov_2016,True,4,5.0,True,1,50.200525,
BS,2013-08-12,71.2558675,-156.5593704375,51.4709875,gp,Jafarov_2016,True,16,5.0,True,1,51.4709875,
BS,2013-08-12,71.25586052380952,-156.55924714285715,53.3319380952381,gp,Jafarov_2016,True,21,5.0,True,1,53.3319380952381,
BS,2013-08-12,71.255869,-156.55915,55.221399999999996,gp,Jafarov_2016,True,1,5.0,False,1,55.221399999999996,
BS,2013-08-12,71.25587825,-156.55906716666667,57.41679166666666,gp,Jafarov_2016,True,24,5.0,True,1,57.41679166666666,
BS,2013-08-12,71.25588284210527,-156.55895815789475,54.01604210526315,gp,Jafarov_2016,True,19,5.0,True,1,54.01604210526315,
BS,2013-08-12,71.25589225,-156.55880358333334,54.11470833333333,gp,Jafarov_2016,True,12,5.0,True,1,54.11470833333333,
BS,2013-08-12,71.25589831578947,-156.55865568421052,55.831947368421055,gp,Jafarov_2016,True,19,5.0,True,1,55.831947368421055,
BS,2013-08-12,71.25590328571428,-156.55857671428572,55.895114285714286,gp,Jafarov_2016,True,7,5.0,True,1,55.895114285714286,
BS,2013-08-12,71.255908,-156.55851099999998,55.417925,gp,Jafarov_2016,True,8,5.0,True,1,55.417925,
BS,2013-08-12,71.25590663636363,-156.558403,54.415727272727274,gp,Jafarov_2016,True,11,5.0,True,1,54.415727272727274,
BS,2013-08-12,71.255905,-156.5583755,53.432599999999994,gp,Jafarov_2016,True,2,5.0,True,1,53.432599999999994,
BS,2013-08-12,71.25590491666667,-156.55825741666666,55.57375,gp,Jafarov_2016,True,12,5.0,True,1,55.57375,
BS,2013-08-12,71.25590309090909,-156.55811654545457,53.15172727272727,gp,Jafarov_2016,True,11,5.0,True,1,53.15172727272727,
BS,2013-08-12,71.2559025,-156.55801266666666,52.26718333333334,gp,Jafarov_2016,True,6,5.0,True,1,52.26718333333334,
BS,2013-08-12,71.25589814285715,-156.55794942857142,52.1316,gp,Jafarov_2016,True,7,5.0,True,1,52.1316,
BS,2013-08-12,71.2558975,-156.557893,52.1316,gp,Jafarov_2016,True,4,5.0,True,1,52.1316,
BS,2013-08-12,71.25590176923077,-156.5578186923077,52.41308461538461,gp,Jafarov_2016,True,13,5.0,True,1,52.41308461538461,
BS,2013-08-12,71.25590491666667,-156.5576935,52.63984166666666,gp,Jafarov_2016,True,12,5.0,True,1,52.63984166666666,
BS,2013-08-12,71.2559165,-156.55755416666668,52.9854,gp,Jafarov_2016,True,12,5.0,True,1,52.9854,
BS,2013-08-12,71.255923,-156.5574196923077,52.68203846153846,gp,Jafarov_2016,True,13,5.0,True,1,52.68203846153846,
BS,2013-08-12,71.25592545454546,-156.55727963636363,54.08307272727273,gp,Jafarov_2016,True,11,5.0,True,1,54.08307272727273,
BS,2013-08-12,71.25592746153846,-156.55713623076923,54.82113076923077,gp,Jafarov_2016,True,13,5.0,True,1,54.82113076923077,
BS,2013-08-12,71.255928,-156.5569976153846,52.06284615384615,gp,Jafarov_2016,True,13,5.0,True,1,52.06284615384615,
BS,2013-08-12,71.25592885714285,-156.5568867142857,51.71348571428571,gp,Jafarov_2016,True,7,5.0,True,1,51.71348571428571,
BS,2013-08-12,71.255931,-156.55681883333332,52.67371666666667,gp,Jafarov_2016,True,6,5.0,True,1,52.67371666666667,
BS,2013-08-12,71.25593,-156.5567156923077,52.53195384615385,gp,Jafarov_2016,True,13,5.0,True,1,52.53195384615385,
BS,2013-08-12,71.25593247368421,-156.55656715789473,53.20150526315789,gp,Jafarov_2016,True,19,5.0,True,1,53.20150526315789,
BS,2013-08-12,71.25594533333333,-156.5564356111111,54.90521666666667,gp,Jafarov_2016,True,18,5.0,True,1,54.90521666666667,
BS,2013-08-12,71.25593266666667,-156.55632733333334,48.88831111111111,gp,Jafarov_2016,True,9,5.0,True,1,48.88831111111111,
BS,2013-08-12,71.25592125,-156.556262,52.965075,gp,Jafarov_2016,True,4,5.0,True,1,52.965075,
BS,2013-08-12,71.255922,-156.556223,54.5709,gp,Jafarov_2016,True,1,5.0,False,1,54.5709,
BS,2013-08-12,71.2559292,-156.55615206666667,58.2353,gp,Jafarov_2016,True,15,5.0,True,1,58.2353,
BS,2013-08-12,71.25594207142858,-156.55602035714287,53.56037142857143,gp,Jafarov_2016,True,14,5.0,True,1,53.56037142857143,
BS,2013-08-12,71.2559465625,-156.55586925,51.039049999999996,gp,Jafarov_2016,True,16,5.0,True,1,51.039049999999996,
BS,2013-08-12,71.25594053846154,-156.55574707692307,48.09118461538461,gp,Jafarov_2016,True,13,5.0,True,1,48.09118461538461,
BS,2013-08-12,71.25593253846154,-156.55559646153844,49.986330769230776,gp,Jafarov_2016,True,13,5.0,True,1,49.986330769230776,
BS,2013-08-12,71.255926125,-156.55545375,48.53875625,gp,Jafarov_2016,True,16,5.0,True,1,48.53875625,
BS,2013-08-12,71.25592084615384,-156.55532223076924,49.91126153846154,gp,Jafarov_2016,True,13,5.0,True,1,49.91126153846154,
BS,2013-08-12,71.25591335714286,-156.55518992857145,49.33807857142857,gp,Jafarov_2016,True,14,5.0,True,1,49.33807857142857,
BS,2013-08-12,71.255907,-156.55512299999998,47.37505,gp,Jafarov_2016,True,2,5.0,True,1,47.37505,
BS,2013-08-12,71.255907,-156.55510199999998,46.56195,gp,Jafarov_2016,True,2,5.0,True,1,46.56195,
BS,2013-08-12,71.25591015384614,-156.55504153846152,44.74495384615385,gp,Jafarov_2016,True,13,5.0,True,1,44.74495384615385,
BS,2013-08-12,71.25590807692308,-156.55490346153846,42.862330769230766,gp,Jafarov_2016,True,13,5.0,True,1,42.862330769230766,
BS,2013-08-12,71.2559102142857,-156.5547745714286,45.67333571428571,gp,Jafarov_2016,True,14,5.0,True,1,45.67333571428571,
BS,2013-08-12,71.25591466666667,-156.55461908333334,49.58395833333333,gp,Jafarov_2016,True,12,5.0,True,1,49.58395833333333,
BS,2013-08-12,71.255918,-156.5544842857143,49.56455714285714,gp,Jafarov_2016,True,14,5.0,True,1,49.56455714285714,
BS,2013-08-12,71.2559176111111,-156.55434444444444,49.15029444444444,gp,Jafarov_2016,True,18,5.0,True,1,49.15029444444444,
BS,2013-08-12,71.25591631578948,-156.55421689473684,49.533994736842104,gp,Jafarov_2016,True,19,5.0,True,1,49.533994736842104,
BS,2013-08-12,71.2559206875,-156.5540639375,51.6844375,gp,Jafarov_2016,True,16,5.0,True,1,51.6844375,
BS,2013-08-12,71.25591750000001,-156.5539278125,49.95664375,gp,Jafarov_2016,True,16,5.0,True,1,49.95664375,
BS,2013-08-12,71.25590215384615,-156.5535136923077,44.65740769230769,gp,Jafarov_2016,True,13,5.0,True,1,44.65740769230769,
BS,2013-08-12,71.25589493333334,-156.5533718,44.78669333333333,gp,Jafarov_2016,True,15,5.0,True,1,44.78669333333333,
BS,2013-08-12,71.25589092857143,-156.5532342857143,47.14273571428571,gp,Jafarov_2016,True,14,5.0,True,1,47.14273571428571,
BS,2013-08-12,71.25588239999999,-156.5530934,47.4157,gp,Jafarov_2016,True,10,5.0,True,1,47.4157,
BS,2013-08-12,71.255874975,-156.552949975,47.061995,gp,Jafarov_2016,True,40,5.0,True,1,47.061995,
BS,2013-08-12,71.2558676,-156.55281779999999,49.88932,gp,Jafarov_2016,True,15,5.0,True,1,49.88932,
BS,2013-08-12,71.25585907142857,-156.55267750000002,49.33613571428572,gp,Jafarov_2016,True,14,5.0,True,1,49.33613571428572,
BS,2013-08-12,71.25584433333333,-156.55253893333332,50.077239999999996,gp,Jafarov_2016,True,15,5.0,True,1,50.077239999999996,
BS,2013-08-12,71.255832,-156.55243425,48.675975,gp,Jafarov_2016,True,8,5.0,True,1,48.675975,
BS,2013-08-12,71.25582225,-156.5523506875,48.85896875,gp,Jafarov_2016,True,16,5.0,True,1,48.85896875,
BS,2013-08-12,71.25581895,-156.552271,49.147585,gp,Jafarov_2016,True,20,5.0,True,1,49.147585,
BS,2013-08-12,71.255806,-156.5521195,50.246275,gp,Jafarov_2016,True,16,5.0,True,1,50.246275,
BS,2013-08-12,71.2557928,-156.55199535,51.529945,gp,Jafarov_2016,True,20,5.0,True,1,51.529945,
BS,2013-08-12,71.25578135294118,-156.5518547647059,48.625764705882354,gp,Jafarov_2016,True,17,5.0,True,1,48.625764705882354,
BS,2013-08-12,71.255774,-156.551784,49.4484,gp,Jafarov_2016,True,1,5.0,False,1,49.4484,
BS,2013-08-12,71.2557661904762,-156.5517100952381,49.43293809523809,gp,Jafarov_2016,True,21,5.0,True,1,49.43293809523809,
BS,2013-08-12,71.25575521428571,-156.5515795714286,48.64115714285714,gp,Jafarov_2016,True,14,5.0,True,1,48.64115714285714,
BS,2013-08-12,71.25574378571429,-156.5514415,45.33648571428571,gp,Jafarov_2016,True,14,5.0,True,1,45.33648571428571,
BS,2013-08-12,71.255729,-156.55129970000002,45.618719999999996,gp,Jafarov_2016,True,10,5.0,True,1,45.618719999999996,
BS,2013-08-12,71.255721,-156.551239,47.740899999999996,gp,Jafarov_2016,True,1,5.0,False,1,47.740899999999996,
BS,2013-08-12,71.25571166666667,-156.55111355555556,49.34905555555556,gp,Jafarov_2016,True,9,5.0,True,1,49.34905555555556,
BS,2013-08-12,71.25569887500001,-156.551028,41.93744375,gp,Jafarov_2016,True,16,5.0,True,1,41.93744375,
BS,2013-08-12,71.25568,-156.55089663636363,48.65011818181818,gp,Jafarov_2016,True,11,5.0,True,1,48.65011818181818,
BS,2013-08-12,71.255672,-156.550827,52.7821,gp,Jafarov_2016,True,1,5.0,False,1,52.7821,
BS,2013-08-12,71.25566578571429,-156.55074542857142,51.80359285714286,gp,Jafarov_2016,True,14,5.0,True,1,51.80359285714286,
BS,2013-08-12,71.25567616666666,-156.55074449999998,47.85671111111111,gp,Jafarov_2016,True,18,5.0,True,1,47.85671111111111,
BS,2013-08-12,71.25565291304348,-156.55061291304347,43.362265217391304,gp,Jafarov_2016,True,23,5.0,True,1,43.362265217391304,
BS,2013-08-12,71.25563188235294,-156.55048976470587,43.3470705882353,gp,Jafarov_2016,True,17,5.0,True,1,43.3470705882353,
BS,2013-08-12,71.2556194,-156.5504232,42.95422,gp,Jafarov_2016,True,5,5.0,True,1,42.95422,
BS,2013-08-12,71.25560676190476,-156.55033471428573,44.014938095238094,gp,Jafarov_2016,True,21,5.0,True,1,44.014938095238094,
BS,2013-08-12,71.25558513636364,-156.55020231818182,45.72712727272727,gp,Jafarov_2016,True,22,5.0,True,1,45.72712727272727,
BS,2013-08-12,71.25556126315789,-156.5500670526316,40.36756842105263,gp,Jafarov_2016,True,19,5.0,True,1,40.36756842105263,
BS,2013-08-12,71.25553507142857,-156.54993042857146,28.20588571428571,gp,Jafarov_2016,True,14,5.0,True,1,28.20588571428571,
BS,2013-08-12,71.2555265,-156.54985599999998,31.0571,gp,Jafarov_2016,True,2,5.0,True,1,31.0571,
BS,2013-08-12,71.25551771428572,-156.54978614285713,28.484064285714286,gp,Jafarov_2016,True,14,5.0,True,1,28.484064285714286,
BS,2013-08-12,71.25550799999999,-156.54965323076925,40.69553076923077,gp,Jafarov_2016,True,13,5.0,True,1,40.69553076923077,
BS,2013-08-12,71.2555055882353,-156.54951188235296,44.67572352941176,gp,Jafarov_2016,True,17,5.0,True,1,44.67572352941176,
BS,2013-08-12,71.25549908333333,-156.54936975,47.413175,gp,Jafarov_2016,True,12,5.0,True,1,47.413175,
BS,2013-08-12,71.25548699999999,-156.5492378,49.14615333333334,gp,Jafarov_2016,True,15,5.0,True,1,49.14615333333334,
BS,2013-08-12,71.255474,-156.54913842857144,47.64962857142857,gp,Jafarov_2016,True,7,5.0,True,1,47.64962857142857,
BS,2013-08-12,71.255467,-156.549071125,44.2734125,gp,Jafarov_2016,True,8,5.0,True,1,44.2734125,
BS,2013-08-12,71.2554593076923,-156.548964,45.83298461538462,gp,Jafarov_2016,True,13,5.0,True,1,45.83298461538462,
BS,2013-08-12,71.25544594117646,-156.54882605882352,39.03471176470588,gp,Jafarov_2016,True,17,5.0,True,1,39.03471176470588,
BS,2013-08-12,71.25542746666666,-156.54868286666667,32.037173333333335,gp,Jafarov_2016,True,15,5.0,True,1,32.037173333333335,
BS,2013-08-12,71.25542,-156.548612,34.0752,gp,Jafarov_2016,True,1,5.0,False,1,34.0752,
BS,2013-08-12,71.2554153076923,-156.54854584615384,30.285730769230767,gp,Jafarov_2016,True,13,5.0,True,1,30.285730769230767,
BS,2013-08-12,71.25540378571428,-156.5484167142857,27.176685714285714,gp,Jafarov_2016,True,14,5.0,True,1,27.176685714285714,
BS,2013-08-12,71.25538833333333,-156.54826773333335,40.60464666666667,gp,Jafarov_2016,True,15,5.0,True,1,40.60464666666667,
BS,2013-08-12,71.25537383333334,-156.54817366666666,44.265283333333336,gp,Jafarov_2016,True,6,5.0,True,1,44.265283333333336,
BS,2013-08-12,71.25536285714286,-156.54810857142857,45.84155714285714,gp,Jafarov_2016,True,7,5.0,True,1,45.84155714285714,
BS,2013-08-12,71.25535121428571,-156.5479992142857,48.76923571428572,gp,Jafarov_2016,True,14,5.0,True,1,48.76923571428572,
BS,2013-08-12,71.25533376923077,-156.54786423076922,48.54403076923077,gp,Jafarov_2016,True,13,5.0,True,1,48.54403076923077,
BS,2013-08-12,71.25532100000001,-156.5477865,35.6816,gp,Jafarov_2016,True,2,5.0,True,1,35.6816,
BS,2013-08-12,71.25531163636364,-156.54771954545456,29.41971818181818,gp,Jafarov_2016,True,11,5.0,True,1,29.41971818181818,
BS,2013-08-12,71.25529692307693,-156.54758392307693,27.335038461538463,gp,Jafarov_2016,True,13,5.0,True,1,27.335038461538463,
BS,2013-08-12,71.25527736363637,-156.54745663636365,35.243472727272724,gp,Jafarov_2016,True,11,5.0,True,1,35.243472727272724,
BS,2013-08-12,71.255268,-156.547393,42.837399999999995,gp,Jafarov_2016,True,1,5.0,False,1,42.837399999999995,
BS,2013-08-12,71.255259,-156.54732257142857,39.44376428571429,gp,Jafarov_2016,True,14,5.0,True,1,39.44376428571429,
BS,2013-08-12,71.25524313333334,-156.54717233333335,39.78685333333333,gp,Jafarov_2016,True,15,5.0,True,1,39.78685333333333,
BS,2013-08-12,71.25522766666667,-156.5470701111111,37.40698888888889,gp,Jafarov_2016,True,9,5.0,True,1,37.40698888888889,
BS,2013-08-12,71.255215125,-156.54700075,27.2053875,gp,Jafarov_2016,True,8,5.0,True,1,27.2053875,
BS,2013-08-12,71.25520353846153,-156.54690376923077,29.293415384615383,gp,Jafarov_2016,True,13,5.0,True,1,29.293415384615383,
BS,2013-08-12,71.25518486666667,-156.5467632666667,38.949553333333334,gp,Jafarov_2016,True,30,5.0,True,1,38.949553333333334,
BS,2013-08-12,71.2551636,-156.5467188,46.692719999999994,gp,Jafarov_2016,True,5,5.0,True,1,46.692719999999994,
BS,2013-08-12,71.25515075,-156.54663433333334,45.34433333333333,gp,Jafarov_2016,True,12,5.0,True,1,45.34433333333333,
BS,2013-08-12,71.25514321428571,-156.5464935,32.80952857142857,gp,Jafarov_2016,True,14,5.0,True,1,32.80952857142857,
BS,2013-08-12,71.255127,-156.5463925,28.72051666666667,gp,Jafarov_2016,True,6,5.0,True,1,28.72051666666667,
BS,2013-08-12,71.25511514285714,-156.54631985714286,25.78587142857143,gp,Jafarov_2016,True,7,5.0,True,1,25.78587142857143,
BS,2013-08-12,71.25510223076923,-156.54621192307692,20.41513846153846,gp,Jafarov_2016,True,13,5.0,True,1,20.41513846153846,
BS,2013-08-12,71.25508223076923,-156.54607784615385,34.88398461538462,gp,Jafarov_2016,True,13,5.0,True,1,34.88398461538462,
BS,2013-08-12,71.255071,-156.545999,46.1475,gp,Jafarov_2016,True,2,5.0,True,1,46.1475,
BS,2013-08-12,71.25504216666667,-156.54578591666666,29.580516666666668,gp,Jafarov_2016,True,12,5.0,True,1,29.580516666666668,
BS,2013-08-12,71.255028,-156.54567007142856,30.20175,gp,Jafarov_2016,True,14,5.0,True,1,30.20175,
BS,2013-08-12,71.25502,-156.545603,31.3492,gp,Jafarov_2016,True,1,5.0,False,1,31.3492,
BS,2013-08-12,71.25501211538462,-156.54554892307692,38.32896153846154,gp,Jafarov_2016,True,26,5.0,True,1,38.32896153846154,
BS,2013-08-12,71.25499676923077,-156.54539815384618,36.374323076923076,gp,Jafarov_2016,True,13,5.0,True,1,36.374323076923076,
BS,2013-08-12,71.25499476470588,-156.54525076470588,38.719723529411766,gp,Jafarov_2016,True,17,5.0,True,1,38.719723529411766,
BS,2013-08-12,71.25498866666668,-156.54511544444446,47.19322592592593,gp,Jafarov_2016,True,27,5.0,True,1,47.19322592592593,
BS,2013-08-12,71.25498853333333,-156.54497613333334,46.05668,gp,Jafarov_2016,True,15,5.0,True,1,46.05668,
BS,2013-08-12,71.25499375,-156.5448303125,45.1861375,gp,Jafarov_2016,True,16,5.0,True,1,45.1861375,
BS,2013-08-12,71.25498275,-156.5447084375,44.94273125,gp,Jafarov_2016,True,16,5.0,True,1,44.94273125,
BS,2013-08-12,71.2549655,-156.54460633333335,38.00196666666667,gp,Jafarov_2016,True,6,5.0,True,1,38.00196666666667,
BS,2013-08-12,71.25495666666667,-156.5445327777778,39.40824444444444,gp,Jafarov_2016,True,9,5.0,True,1,39.40824444444444,
BS,2013-08-12,71.25494359999999,-156.54442486666667,32.46552666666666,gp,Jafarov_2016,True,15,5.0,True,1,32.46552666666666,
BS,2013-08-12,71.25492529411765,-156.54429370588235,41.19947058823529,gp,Jafarov_2016,True,17,5.0,True,1,41.19947058823529,
BS,2013-08-12,71.254913,-156.544227,46.1475,gp,Jafarov_2016,True,1,5.0,False,1,46.1475,
BS,2013-08-12,71.25490361111112,-156.54415455555556,35.92497222222222,gp,Jafarov_2016,True,18,5.0,True,1,35.92497222222222,
BS,2013-08-12,71.25488357142856,-156.54401592857144,29.228164285714286,gp,Jafarov_2016,True,14,5.0,True,1,29.228164285714286,
BS,2013-08-12,71.254867,-156.54393266666668,26.091866666666665,gp,Jafarov_2016,True,3,5.0,True,1,26.091866666666665,
BS,2013-08-12,71.25485381818181,-156.543865,25.63160909090909,gp,Jafarov_2016,True,11,5.0,True,1,25.63160909090909,
BS,2013-08-12,71.25483375,-156.5437310625,27.1992875,gp,Jafarov_2016,True,16,5.0,True,1,27.1992875,
BS,2013-08-12,71.25481975,-156.54364725,25.215649999999997,gp,Jafarov_2016,True,8,5.0,True,1,25.215649999999997,
BS,2013-08-12,71.254805675,-156.54360657499998,31.290767499999998,gp,Jafarov_2016,True,40,5.0,True,1,31.290767499999998,
BS,2013-08-12,71.25478254166667,-156.54346679166667,44.549254166666664,gp,Jafarov_2016,True,24,5.0,True,1,44.549254166666664,
BS,2013-08-12,71.25477036363635,-156.54334122727275,39.42984545454545,gp,Jafarov_2016,True,22,5.0,True,1,39.42984545454545,
BS,2013-08-12,71.25474770967742,-156.54319506451614,45.45975806451613,gp,Jafarov_2016,True,31,5.0,True,1,45.45975806451613,
BS,2013-08-12,71.25472634375,-156.543066625,53.275934375,gp,Jafarov_2016,True,32,5.0,True,1,53.275934375,
BS,2013-08-12,71.25471833333333,-156.54297599999998,55.72106666666667,gp,Jafarov_2016,True,3,5.0,True,1,55.72106666666667,
BS,2013-08-12,71.25471127272728,-156.5429041818182,55.808054545454546,gp,Jafarov_2016,True,22,5.0,True,1,55.808054545454546,
BS,2013-08-12,71.25469187096775,-156.54277732258066,55.20808387096774,gp,Jafarov_2016,True,31,5.0,True,1,55.20808387096774,
BS,2013-08-12,71.25467427272727,-156.5426800909091,57.79504545454545,gp,Jafarov_2016,True,11,5.0,True,1,57.79504545454545,
BS,2013-08-12,71.254662,-156.54261533333332,59.24214166666667,gp,Jafarov_2016,True,12,5.0,True,1,59.24214166666667,
BS,2013-08-12,71.25464765384615,-156.54250265384616,58.22361923076923,gp,Jafarov_2016,True,26,5.0,True,1,58.22361923076923,
BS,2013-08-12,71.25463269565218,-156.54237091304347,46.105221739130435,gp,Jafarov_2016,True,23,5.0,True,1,46.105221739130435,
BS,2013-08-12,71.2546232,-156.5422822,29.694080000000003,gp,Jafarov_2016,True,5,5.0,True,1,29.694080000000003,
BS,2013-08-12,71.25461211111111,-156.54221044444444,36.0007,gp,Jafarov_2016,True,9,5.0,True,1,36.0007,
BS,2013-08-12,71.25459625,-156.5421030625,34.58630625,gp,Jafarov_2016,True,16,5.0,True,1,34.58630625,
BS,2013-08-12,71.25457545454546,-156.5419720909091,44.13841818181818,gp,Jafarov_2016,True,11,5.0,True,1,44.13841818181818,
BS,2013-08-12,71.2545654,-156.54190499999999,46.108579999999996,gp,Jafarov_2016,True,5,5.0,True,1,46.108579999999996,
BS,2013-08-12,71.2545529,-156.54181145,42.365195,gp,Jafarov_2016,True,20,5.0,True,1,42.365195,
BS,2013-08-12,71.25452989473685,-156.54169578947366,40.99269473684211,gp,Jafarov_2016,True,19,5.0,True,1,40.99269473684211,
BS,2013-08-12,71.254521,-156.541608,40.5008,gp,Jafarov_2016,True,1,5.0,False,1,40.5008,
BS,2013-08-12,71.25450641176471,-156.5415364117647,33.422317647058826,gp,Jafarov_2016,True,17,5.0,True,1,33.422317647058826,
BS,2013-08-12,71.25448036363636,-156.54143563636364,42.757718181818184,gp,Jafarov_2016,True,11,5.0,True,1,42.757718181818184,
BS,2013-08-12,71.254469,-156.54137257142858,49.34645714285715,gp,Jafarov_2016,True,7,5.0,True,1,49.34645714285715,
BS,2013-08-12,71.2544523076923,-156.54126803846154,40.01774999999999,gp,Jafarov_2016,True,26,5.0,True,1,40.01774999999999,
BS,2013-08-12,71.25443229411765,-156.5411515882353,47.45040882352941,gp,Jafarov_2016,True,34,5.0,True,1,47.45040882352941,
BS,2013-08-12,71.2544215,-156.5410805,53.303325,gp,Jafarov_2016,True,4,5.0,True,1,53.303325,
BS,2013-08-12,71.25440662857143,-156.5410002857143,56.59541142857143,gp,Jafarov_2016,True,35,5.0,True,1,56.59541142857143,
BS,2013-08-12,71.25438479166667,-156.5408975,57.015075,gp,Jafarov_2016,True,24,5.0,True,1,57.015075,
BS,2013-08-12,71.2543680625,-156.54083325,58.13875,gp,Jafarov_2016,True,16,5.0,True,1,58.13875,
BS,2013-08-12,71.25434520833333,-156.54073395833333,56.83389583333334,gp,Jafarov_2016,True,24,5.0,True,1,56.83389583333334,
BS,2013-08-12,71.25431425806451,-156.54059393548388,53.21068064516129,gp,Jafarov_2016,True,31,5.0,True,1,53.21068064516129,
BS,2013-08-12,71.25429166666666,-156.54048946666666,48.458173333333335,gp,Jafarov_2016,True,15,5.0,True,1,48.458173333333335,
BS,2013-08-12,71.25427672727272,-156.5404400909091,32.39355454545455,gp,Jafarov_2016,True,11,5.0,True,1,32.39355454545455,
BS,2013-08-12,71.2542685,-156.540383,31.835949999999997,gp,Jafarov_2016,True,2,5.0,True,1,31.835949999999997,
BS,2013-08-12,71.254227,-156.54013514285717,43.11555714285714,gp,Jafarov_2016,True,7,5.0,True,1,43.11555714285714,
BS,2013-08-12,71.25421188235293,-156.54005476470587,32.00205294117647,gp,Jafarov_2016,True,17,5.0,True,1,32.00205294117647,
BS,2013-08-12,71.25419321428572,-156.53991928571426,26.356099999999998,gp,Jafarov_2016,True,14,5.0,True,1,26.356099999999998,
BS,2013-08-12,71.2541825,-156.5398515,34.0752,gp,Jafarov_2016,True,2,5.0,True,1,34.0752,
BS,2013-08-12,71.25416815789474,-156.53978115789474,40.34705789473684,gp,Jafarov_2016,True,19,5.0,True,1,40.34705789473684,
BS,2013-08-12,71.2541505,-156.53964383333332,42.90228333333334,gp,Jafarov_2016,True,12,5.0,True,1,42.90228333333334,
BS,2013-08-12,71.2541396875,-156.5395069375,41.6751625,gp,Jafarov_2016,True,16,5.0,True,1,41.6751625,
BS,2013-08-12,71.2541325,-156.5394415,43.421549999999996,gp,Jafarov_2016,True,2,5.0,True,1,43.421549999999996,
BS,2013-08-12,71.25412446666665,-156.5393604,47.30287333333333,gp,Jafarov_2016,True,15,5.0,True,1,47.30287333333333,
BS,2013-08-12,71.25410721052631,-156.5392330526316,39.00455789473684,gp,Jafarov_2016,True,19,5.0,True,1,39.00455789473684,
BS,2013-08-12,71.25408855555555,-156.53913211111112,31.57635555555556,gp,Jafarov_2016,True,9,5.0,True,1,31.57635555555556,
BS,2013-08-12,71.25407790909091,-156.53905890909093,37.9518,gp,Jafarov_2016,True,11,5.0,True,1,37.9518,
BS,2013-08-12,71.25405957894736,-156.53896131578946,45.69149473684211,gp,Jafarov_2016,True,19,5.0,True,1,45.69149473684211,
BS,2013-08-12,71.25404175,-156.538852875,43.883962499999996,gp,Jafarov_2016,True,8,5.0,True,1,43.883962499999996,
BS,2013-08-12,71.25402988888888,-156.53878588888887,45.18477777777778,gp,Jafarov_2016,True,9,5.0,True,1,45.18477777777778,
BS,2013-08-12,71.25401376470589,-156.53867447058823,41.7149,gp,Jafarov_2016,True,17,5.0,True,1,41.7149,
BS,2013-08-12,71.25399675,-156.5385533,45.636395,gp,Jafarov_2016,True,20,5.0,True,1,45.636395,
BS,2013-08-12,71.25395931666667,-156.53838063333333,32.63428833333333,gp,Jafarov_2016,True,60,5.0,True,1,32.63428833333333,
BS,2013-08-12,71.25394525,-156.53831449999998,57.10839166666667,gp,Jafarov_2016,True,12,5.0,True,1,57.10839166666667,
BS,2013-08-12,71.25391365625,-156.53825884375,33.4881125,gp,Jafarov_2016,True,32,5.0,True,1,33.4881125,
BS,2013-08-12,71.253868,-156.53828609090908,37.2152,gp,Jafarov_2016,True,11,5.0,True,1,37.2152,
BS,2013-08-12,71.25382492857143,-156.53831385714287,37.758671428571425,gp,Jafarov_2016,True,14,5.0,True,1,37.758671428571425,
BS,2013-08-12,71.2537916,-156.53834609999998,51.301,gp,Jafarov_2016,True,10,5.0,True,1,51.301,
BS,2013-08-12,71.25377049999999,-156.53837266666667,39.53456666666667,gp,Jafarov_2016,True,6,5.0,True,1,39.53456666666667,
BS,2013-08-12,71.25373515384615,-156.53840934615386,43.75295384615385,gp,Jafarov_2016,True,26,5.0,True,1,43.75295384615385,
BS,2013-08-12,71.25369325,-156.53844850000002,54.59134,gp,Jafarov_2016,True,20,5.0,True,1,54.59134,
BS,2013-08-12,71.25365024,-156.53848064,59.739864,gp,Jafarov_2016,True,25,5.0,True,1,59.739864,
BS,2013-08-12,71.2536206,-156.5385093,54.64013,gp,Jafarov_2016,True,10,5.0,True,1,54.64013,
BS,2013-08-12,71.25359807692308,-156.53853692307692,52.271684615384615,gp,Jafarov_2016,True,13,5.0,True,1,52.271684615384615,
BS,2013-08-12,71.25356376190476,-156.53856076190476,51.72844285714285,gp,Jafarov_2016,True,21,5.0,True,1,51.72844285714285,
BS,2013-08-12,71.25351752631579,-156.5385795263158,51.11382105263158,gp,Jafarov_2016,True,19,5.0,True,1,51.11382105263158,
BS,2013-08-12,71.25347165,-156.5386134,50.85648,gp,Jafarov_2016,True,20,5.0,True,1,50.85648,
BS,2013-08-12,71.25342590909091,-156.53866695454545,47.00192272727273,gp,Jafarov_2016,True,22,5.0,True,1,47.00192272727273,
BS,2013-08-12,71.25340800000001,-156.538692,44.6661,gp,Jafarov_2016,True,2,5.0,True,1,44.6661,
BS,2013-08-12,71.2533840625,-156.538716875,42.6333875,gp,Jafarov_2016,True,16,5.0,True,1,42.6333875,
BS,2013-08-12,71.25334147058823,-156.53877094117647,30.457652941176466,gp,Jafarov_2016,True,17,5.0,True,1,30.457652941176466,
BS,2013-08-12,71.25329488235295,-156.53881647058824,34.56459411764706,gp,Jafarov_2016,True,17,5.0,True,1,34.56459411764706,
BS,2013-08-12,71.2532695,-156.538844,25.5855,gp,Jafarov_2016,True,2,5.0,True,1,25.5855,
BS,2013-08-12,71.25324615384615,-156.53887753846155,28.304123076923076,gp,Jafarov_2016,True,13,5.0,True,1,28.304123076923076,
BS,2013-08-12,71.25320625,-156.538934,48.392818749999996,gp,Jafarov_2016,True,16,5.0,True,1,48.392818749999996,
BS,2013-08-12,71.25316219999999,-156.53896233333333,53.454793333333335,gp,Jafarov_2016,True,15,5.0,True,1,53.454793333333335,
BS,2013-08-12,71.25311764285713,-156.53897792857143,51.7904,gp,Jafarov_2016,True,14,5.0,True,1,51.7904,
BS,2013-08-12,71.25307727272728,-156.53899918181818,42.08392727272727,gp,Jafarov_2016,True,11,5.0,True,1,42.08392727272727,
BS,2013-08-12,71.25305633333333,-156.539016,38.667300000000004,gp,Jafarov_2016,True,3,5.0,True,1,38.667300000000004,
BS,2013-08-12,71.25302814285715,-156.53903371428572,37.32501428571429,gp,Jafarov_2016,True,14,5.0,True,1,37.32501428571429,
BS,2013-08-12,71.25298320689656,-156.53905493103449,34.87906206896552,gp,Jafarov_2016,True,29,5.0,True,1,34.87906206896552,
BS,2013-08-12,71.25294588235295,-156.53903594117648,53.60062352941176,gp,Jafarov_2016,True,17,5.0,True,1,53.60062352941176,
BS,2013-08-12,71.25292535714286,-156.53901892857144,58.17127857142857,gp,Jafarov_2016,True,14,5.0,True,1,58.17127857142857,
BS,2013-08-12,71.252894525,-156.5390152,59.556664999999995,gp,Jafarov_2016,True,40,5.0,True,1,59.556664999999995,
BS,2013-08-12,71.25285064102565,-156.53903184615385,59.09895897435897,gp,Jafarov_2016,True,39,5.0,True,1,59.09895897435897,
BS,2013-08-12,71.25282866666667,-156.539042,53.70053333333334,gp,Jafarov_2016,True,3,5.0,True,1,53.70053333333334,
BS,2013-08-12,71.25280565714286,-156.53905894285714,56.17957142857143,gp,Jafarov_2016,True,35,5.0,True,1,56.17957142857143,
BS,2013-08-12,71.2527612972973,-156.53912105405408,58.203108108108104,gp,Jafarov_2016,True,37,5.0,True,1,58.203108108108104,
BS,2013-08-12,71.25271644827586,-156.53915513793103,56.20424482758621,gp,Jafarov_2016,True,29,5.0,True,1,56.20424482758621,
BS,2013-08-12,71.252686,-156.539184,55.06093333333334,gp,Jafarov_2016,True,9,5.0,True,1,55.06093333333334,
BS,2013-08-12,71.25266652631579,-156.53923,49.965047368421054,gp,Jafarov_2016,True,19,5.0,True,1,49.965047368421054,
BS,2013-08-12,71.2526324375,-156.539287625,43.3177375,gp,Jafarov_2016,True,16,5.0,True,1,43.3177375,
BS,2013-08-12,71.25258258823528,-156.5393281764706,41.25428823529412,gp,Jafarov_2016,True,17,5.0,True,1,41.25428823529412,
BS,2013-08-12,71.2525548,-156.5393516,41.5438,gp,Jafarov_2016,True,5,5.0,True,1,41.5438,
BS,2013-08-12,71.25253236363636,-156.53937627272728,40.38872727272727,gp,Jafarov_2016,True,11,5.0,True,1,40.38872727272727,
BS,2013-08-12,71.2524928,-156.53940193333335,46.053819999999995,gp,Jafarov_2016,True,15,5.0,True,1,46.053819999999995,
BS,2013-08-12,71.25245184210526,-156.53945163157894,46.81726842105263,gp,Jafarov_2016,True,19,5.0,True,1,46.81726842105263,
BS,2013-08-12,71.25241,-156.53948699999998,43.79430833333333,gp,Jafarov_2016,True,24,5.0,True,1,43.79430833333333,
BS,2013-08-12,71.2523898,-156.5395204,49.6531,gp,Jafarov_2016,True,5,5.0,True,1,49.6531,
BS,2013-08-12,71.252363,-156.53954255555556,50.67701111111111,gp,Jafarov_2016,True,18,5.0,True,1,50.67701111111111,
BS,2013-08-12,71.2523202631579,-156.53958410526315,48.53475789473684,gp,Jafarov_2016,True,19,5.0,True,1,48.53475789473684,
BS,2013-08-12,71.25226931818182,-156.53959609090907,34.23384090909091,gp,Jafarov_2016,True,22,5.0,True,1,34.23384090909091,
BS,2013-08-12,71.2522285625,-156.5396380625,36.24379375,gp,Jafarov_2016,True,16,5.0,True,1,36.24379375,
BS,2013-08-12,71.25218977777779,-156.5396658888889,44.59383333333333,gp,Jafarov_2016,True,9,5.0,True,1,44.59383333333333,
BS,2013-08-12,71.252171,-156.5396885,42.8773,gp,Jafarov_2016,True,4,5.0,True,1,42.8773,
BS,2013-08-12,71.25214055555556,-156.53972133333335,37.071200000000005,gp,Jafarov_2016,True,18,5.0,True,1,37.071200000000005,
BS,2013-08-12,71.25209826666668,-156.5397496,44.07346666666667,gp,Jafarov_2016,True,15,5.0,True,1,44.07346666666667,
BS,2013-08-12,71.25205233333332,-156.53979313333332,35.140233333333335,gp,Jafarov_2016,True,15,5.0,True,1,35.140233333333335,
BS,2013-08-12,71.251991,-156.5398516,30.854319999999994,gp,Jafarov_2016,True,5,5.0,True,1,30.854319999999994,
BS,2013-08-12,71.251961,-156.53987146153847,34.88394615384615,gp,Jafarov_2016,True,13,5.0,True,1,34.88394615384615,
BS,2013-08-12,71.25191666666666,-156.53989533333333,48.56898666666667,gp,Jafarov_2016,True,15,5.0,True,1,48.56898666666667,
BS,2013-08-12,71.25187593333334,-156.53990393333333,46.118860000000005,gp,Jafarov_2016,True,15,5.0,True,1,46.118860000000005,
BS,2013-08-12,71.2518271,-156.53990779999998,36.632725,gp,Jafarov_2016,True,20,5.0,True,1,36.632725,
BS,2013-08-12,71.25178588888889,-156.539901,31.024150000000002,gp,Jafarov_2016,True,18,5.0,True,1,31.024150000000002,
BS,2013-08-12,71.25173707692308,-156.53989692307692,40.763253846153845,gp,Jafarov_2016,True,13,5.0,True,1,40.763253846153845,
BS,2013-08-12,71.25169191666667,-156.53990225,43.6362,gp,Jafarov_2016,True,12,5.0,True,1,43.6362,
BS,2013-08-12,71.251651,-156.53990884210526,50.54895263157895,gp,Jafarov_2016,True,19,5.0,True,1,50.54895263157895,
BS,2013-08-12,71.251613,-156.53990208333332,44.16019166666666,gp,Jafarov_2016,True,12,5.0,True,1,44.16019166666666,
BS,2013-08-12,71.25159075,-156.539882375,43.310975,gp,Jafarov_2016,True,8,5.0,True,1,43.310975,
BS,2013-08-12,71.25156005555556,-156.53986150000003,39.66708333333334,gp,Jafarov_2016,True,18,5.0,True,1,39.66708333333334,
BS,2013-08-12,71.25150455172414,-156.53987817241378,31.804155172413793,gp,Jafarov_2016,True,29,5.0,True,1,31.804155172413793,
BS,2013-08-12,71.2514896,-156.5398975,36.26876,gp,Jafarov_2016,True,10,5.0,True,1,36.26876,
BS,2013-08-12,71.251493,-156.53991,36.662099999999995,gp,Jafarov_2016,True,1,5.0,False,1,36.662099999999995,
BS,2013-08-12,71.25148447619047,-156.53996176190478,32.14282857142857,gp,Jafarov_2016,True,21,5.0,True,1,32.14282857142857,
BS,2013-08-12,71.251478125,-156.5401191875,33.098349999999996,gp,Jafarov_2016,True,16,5.0,True,1,33.098349999999996,
BS,2013-08-12,71.25148566666667,-156.54025953333334,38.18911333333333,gp,Jafarov_2016,True,15,5.0,True,1,38.18911333333333,
BS,2013-08-12,71.25149358333333,-156.54039550000002,31.040633333333332,gp,Jafarov_2016,True,12,5.0,True,1,31.040633333333332,
BS,2013-08-12,71.251499,-156.54053515789474,47.63888947368421,gp,Jafarov_2016,True,19,5.0,True,1,47.63888947368421,
BS,2013-08-12,71.25149953846153,-156.5406693076923,36.2235,gp,Jafarov_2016,True,13,5.0,True,1,36.2235,
BS,2013-08-12,71.25149564705882,-156.54082176470587,34.26497058823529,gp,Jafarov_2016,True,51,5.0,True,1,34.26497058823529,
BS,2013-08-12,71.25149262962962,-156.54096681481482,51.106879629629624,gp,Jafarov_2016,True,54,5.0,True,1,51.106879629629624,
BS,2013-08-12,71.25149757692307,-156.54107390384615,50.562184615384616,gp,Jafarov_2016,True,52,5.0,True,1,50.562184615384616,
BS,2013-08-12,71.251507,-156.54118355555556,49.46214444444444,gp,Jafarov_2016,True,9,5.0,True,1,49.46214444444444,
BS,2013-08-12,71.2515118,-156.5412617,50.66586,gp,Jafarov_2016,True,10,5.0,True,1,50.66586,
BS,2013-08-12,71.25151652380953,-156.54137952380952,47.01687142857143,gp,Jafarov_2016,True,21,5.0,True,1,47.01687142857143,
BS,2013-08-12,71.251518875,-156.5415084375,57.253412499999996,gp,Jafarov_2016,True,16,5.0,True,1,57.253412499999996,
BS,2013-08-12,71.25152823529412,-156.54164564705883,56.906282352941176,gp,Jafarov_2016,True,17,5.0,True,1,56.906282352941176,
BS,2013-08-12,71.25153847058824,-156.5417871764706,49.7546,gp,Jafarov_2016,True,17,5.0,True,1,49.7546,
BS,2013-08-12,71.25154492307692,-156.54191934615386,54.972523076923075,gp,Jafarov_2016,True,26,5.0,True,1,54.972523076923075,
BS,2013-08-12,71.251558,-156.54203984615384,59.767576923076916,gp,Jafarov_2016,True,13,5.0,True,1,59.767576923076916,
BS,2013-08-12,71.2515665,-156.54211025,59.0353,gp,Jafarov_2016,True,4,5.0,True,1,59.0353,
BS,2013-08-12,71.25156966666667,-156.54220241666667,52.83395000000001,gp,Jafarov_2016,True,12,5.0,True,1,52.83395000000001,
BS,2013-08-12,71.251572,-156.5423387142857,48.25255,gp,Jafarov_2016,True,14,5.0,True,1,48.25255,
BS,2013-08-12,71.25157142857142,-156.542457,39.83758571428571,gp,Jafarov_2016,True,7,5.0,True,1,39.83758571428571,
BS,2013-08-12,71.25156942857143,-156.54249685714285,40.19652857142857,gp,Jafarov_2016,True,7,5.0,True,1,40.19652857142857,
BS,2013-08-12,71.25156187500001,-156.542618,45.22724375,gp,Jafarov_2016,True,16,5.0,True,1,45.22724375,
BS,2013-08-12,71.25155015384615,-156.5427562307692,47.86544615384616,gp,Jafarov_2016,True,13,5.0,True,1,47.86544615384616,
BS,2013-08-12,71.2515366,-156.542879,38.053790000000006,gp,Jafarov_2016,True,10,5.0,True,1,38.053790000000006,
BS,2013-08-12,71.25152916666666,-156.5429435,36.24328333333333,gp,Jafarov_2016,True,6,5.0,True,1,36.24328333333333,
BS,2013-08-12,71.2515215,-156.54303514285715,29.897021428571428,gp,Jafarov_2016,True,14,5.0,True,1,29.897021428571428,
BS,2013-08-12,71.25151033333333,-156.54318366666666,31.578613333333333,gp,Jafarov_2016,True,15,5.0,True,1,31.578613333333333,
BS,2013-08-12,71.25149816666666,-156.54332050000002,36.62989166666667,gp,Jafarov_2016,True,12,5.0,True,1,36.62989166666667,
BS,2013-08-12,71.2514945,-156.54340975,39.2232,gp,Jafarov_2016,True,4,5.0,True,1,39.2232,
BS,2013-08-12,71.2514858,-156.5434857,39.46479,gp,Jafarov_2016,True,10,5.0,True,1,39.46479,
BS,2013-08-12,71.25146957142857,-156.54360685714286,30.00055,gp,Jafarov_2016,True,14,5.0,True,1,30.00055,
BS,2013-08-12,71.25145972727273,-156.5437248181818,32.655781818181815,gp,Jafarov_2016,True,11,5.0,True,1,32.655781818181815,
BS,2013-08-12,71.251448375,-156.54379075,33.6661375,gp,Jafarov_2016,True,8,5.0,True,1,33.6661375,
BS,2013-08-12,71.25143771428571,-156.54388878571427,35.77851428571429,gp,Jafarov_2016,True,14,5.0,True,1,35.77851428571429,
BS,2013-08-12,71.25142506666666,-156.54403013333334,31.675273333333333,gp,Jafarov_2016,True,15,5.0,True,1,31.675273333333333,
BS,2013-08-12,71.25141792307691,-156.54414684615384,30.439707692307692,gp,Jafarov_2016,True,13,5.0,True,1,30.439707692307692,
BS,2013-08-12,71.2514112,-156.54422300000002,26.14718,gp,Jafarov_2016,True,5,5.0,True,1,26.14718,
BS,2013-08-12,71.25140366666666,-156.54430779999998,27.693513333333332,gp,Jafarov_2016,True,15,5.0,True,1,27.693513333333332,
BS,2013-08-12,71.25138803846154,-156.54444138461537,29.532734615384616,gp,Jafarov_2016,True,26,5.0,True,1,29.532734615384616,
BS,2013-08-12,71.251375,-156.54453933333335,31.05673333333333,gp,Jafarov_2016,True,3,5.0,True,1,31.05673333333333,
BS,2013-08-12,71.25136900000001,-156.54461644444444,32.73192222222222,gp,Jafarov_2016,True,9,5.0,True,1,32.73192222222222,
BS,2013-08-12,71.2513559090909,-156.5447397272727,38.31385454545455,gp,Jafarov_2016,True,11,5.0,True,1,38.31385454545455,
BS,2013-08-12,71.251341,-156.54488125,39.295683333333336,gp,Jafarov_2016,True,12,5.0,True,1,39.295683333333336,
BS,2013-08-12,71.25132746153847,-156.5450196923077,33.42826153846154,gp,Jafarov_2016,True,13,5.0,True,1,33.42826153846154,
BS,2013-08-12,71.25131084615384,-156.54516223076922,31.4359,gp,Jafarov_2016,True,13,5.0,True,1,31.4359,
BS,2013-08-12,71.2512968,-156.5452638,41.01112,gp,Jafarov_2016,True,5,5.0,True,1,41.01112,
BS,2013-08-12,71.251287625,-156.5453355,47.776225,gp,Jafarov_2016,True,8,5.0,True,1,47.776225,
BS,2013-08-12,71.25127613333333,-156.5454471333333,52.84038666666667,gp,Jafarov_2016,True,15,5.0,True,1,52.84038666666667,
BS,2013-08-12,71.25126366666666,-156.54557455555556,42.482266666666675,gp,Jafarov_2016,True,9,5.0,True,1,42.482266666666675,
BS,2013-08-12,71.251255,-156.54566,26.6111,gp,Jafarov_2016,True,1,5.0,False,1,26.6111,
BS,2013-08-12,71.2512425,-156.54576079999998,29.0079,gp,Jafarov_2016,True,10,5.0,True,1,29.0079,
BS,2013-08-12,71.25123205263158,-156.5458496842105,35.63464210526316,gp,Jafarov_2016,True,19,5.0,True,1,35.63464210526316,
BS,2013-08-12,71.25121820000001,-156.545964,35.69566,gp,Jafarov_2016,True,5,5.0,True,1,35.69566,
BS,2013-08-12,71.25120736363637,-156.54604036363637,39.68445454545454,gp,Jafarov_2016,True,11,5.0,True,1,39.68445454545454,
BS,2013-08-12,71.251191375,-156.546151125,39.2956875,gp,Jafarov_2016,True,16,5.0,True,1,39.2956875,
BS,2013-08-12,71.25117739999999,-156.5462432,37.14534,gp,Jafarov_2016,True,5,5.0,True,1,37.14534,
BS,2013-08-12,71.25116015384616,-156.54632523076924,43.24138461538462,gp,Jafarov_2016,True,13,5.0,True,1,43.24138461538462,
BS,2013-08-12,71.25114033333334,-156.54642825,45.013825,gp,Jafarov_2016,True,12,5.0,True,1,45.013825,
BS,2013-08-12,71.25112766666666,-156.546499,40.97893333333333,gp,Jafarov_2016,True,3,5.0,True,1,40.97893333333333,
BS,2013-08-12,71.2511124375,-156.54657868750002,43.7352875,gp,Jafarov_2016,True,16,5.0,True,1,43.7352875,
BS,2013-08-12,71.25109166666667,-156.54667283333333,43.443333333333335,gp,Jafarov_2016,True,6,5.0,True,1,43.443333333333335,
BS,2013-08-12,71.25107323076924,-156.54674984615383,41.613284615384615,gp,Jafarov_2016,True,13,5.0,True,1,41.613284615384615,
BS,2013-08-12,71.25105375,-156.5468435,43.63663333333333,gp,Jafarov_2016,True,12,5.0,True,1,43.63663333333333,
BS,2013-08-12,71.25103983333334,-156.54691633333334,42.686283333333336,gp,Jafarov_2016,True,6,5.0,True,1,42.686283333333336,
BS,2013-08-12,71.25101909523809,-156.54701152380954,41.337871428571425,gp,Jafarov_2016,True,21,5.0,True,1,41.337871428571425,
BS,2013-08-12,71.251002,-156.547083,42.267500000000005,gp,Jafarov_2016,True,1,5.0,False,1,42.267500000000005,
BS,2013-08-12,71.250983,-156.54715370588235,45.37718823529411,gp,Jafarov_2016,True,17,5.0,True,1,45.37718823529411,
BS,2013-08-12,71.25096366666666,-156.54723966666666,46.45543333333333,gp,Jafarov_2016,True,3,5.0,True,1,46.45543333333333,
BS,2013-08-12,71.25094992307692,-156.5473053076923,45.612869230769235,gp,Jafarov_2016,True,13,5.0,True,1,45.612869230769235,
BS,2013-08-12,71.25092455555556,-156.547409,44.092999999999996,gp,Jafarov_2016,True,9,5.0,True,1,44.092999999999996,
BS,2013-08-12,71.25091185714287,-156.5474807142857,45.24968571428571,gp,Jafarov_2016,True,7,5.0,True,1,45.24968571428571,
BS,2013-08-12,71.25088945,-156.54757990000002,48.288439999999994,gp,Jafarov_2016,True,20,5.0,True,1,48.288439999999994,
BS,2013-08-12,71.2508785,-156.5476675,48.93595,gp,Jafarov_2016,True,2,5.0,True,1,48.93595,
BS,2013-08-12,71.25086841666666,-156.54774341666666,47.79233333333334,gp,Jafarov_2016,True,12,5.0,True,1,47.79233333333334,
BS,2013-08-12,71.25085257894736,-156.54787205263156,47.98476315789474,gp,Jafarov_2016,True,19,5.0,True,1,47.98476315789474,
BS,2013-08-12,71.2508386,-156.5479656,48.259460000000004,gp,Jafarov_2016,True,5,5.0,True,1,48.259460000000004,
BS,2013-08-12,71.250828,-156.54803629999998,47.0224,gp,Jafarov_2016,True,10,5.0,True,1,47.0224,
BS,2013-08-12,71.25080864285714,-156.54815457142857,47.90738571428572,gp,Jafarov_2016,True,14,5.0,True,1,47.90738571428572,
BS,2013-08-12,71.2507945,-156.5482305,47.58295,gp,Jafarov_2016,True,2,5.0,True,1,47.58295,
BS,2013-08-12,71.25078119999999,-156.54830273333334,47.53782,gp,Jafarov_2016,True,15,5.0,True,1,47.53782,
BS,2013-08-12,71.2507597,-156.54840380000002,48.327099999999994,gp,Jafarov_2016,True,10,5.0,True,1,48.327099999999994,
BS,2013-08-12,71.250747,-156.5484805,48.791,gp,Jafarov_2016,True,8,5.0,True,1,48.791,
BS,2013-08-12,71.25072764705882,-156.54859005882352,48.964376470588235,gp,Jafarov_2016,True,17,5.0,True,1,48.964376470588235,
BS,2013-08-12,71.250711,-156.548665,49.2259,gp,Jafarov_2016,True,2,5.0,True,1,49.2259,
BS,2013-08-12,71.25069564285714,-156.5487372142857,48.85310714285714,gp,Jafarov_2016,True,14,5.0,True,1,48.85310714285714,
BS,2013-08-12,71.25067577777777,-156.54883177777776,48.24872222222222,gp,Jafarov_2016,True,9,5.0,True,1,48.24872222222222,
BS,2013-08-12,71.2506609,-156.54890519999998,47.892219999999995,gp,Jafarov_2016,True,10,5.0,True,1,47.892219999999995,
BS,2013-08-12,71.25062733333333,-156.549096,48.58156666666667,gp,Jafarov_2016,True,3,5.0,True,1,48.58156666666667,
BS,2013-08-12,71.25061064705882,-156.5491813529412,47.30438823529411,gp,Jafarov_2016,True,17,5.0,True,1,47.30438823529411,
BS,2013-08-12,71.25059223529412,-156.5492784117647,50.06727647058823,gp,Jafarov_2016,True,17,5.0,True,1,50.06727647058823,
BS,2013-08-12,71.25058033333333,-156.54934633333332,50.82053333333334,gp,Jafarov_2016,True,6,5.0,True,1,50.82053333333334,
BS,2013-08-12,71.25056523529412,-156.5494375882353,50.41972352941177,gp,Jafarov_2016,True,17,5.0,True,1,50.41972352941177,
BS,2013-08-12,71.2505479,-156.5495436,50.37594,gp,Jafarov_2016,True,10,5.0,True,1,50.37594,
BS,2013-08-12,71.25053322222223,-156.54961233333336,49.795033333333336,gp,Jafarov_2016,True,9,5.0,True,1,49.795033333333336,
BS,2013-08-12,71.25051118181818,-156.54971931818181,50.7722,gp,Jafarov_2016,True,22,5.0,True,1,50.7722,
BS,2013-08-12,71.250497,-156.5497812,50.21168,gp,Jafarov_2016,True,5,5.0,True,1,50.21168,
BS,2013-08-12,71.2504785,-156.54986277272727,53.232254545454545,gp,Jafarov_2016,True,22,5.0,True,1,53.232254545454545,
BS,2013-08-12,71.250459,-156.549948,53.71985,gp,Jafarov_2016,True,2,5.0,True,1,53.71985,
BS,2013-08-12,71.25044222222222,-156.55002055555553,53.22410555555555,gp,Jafarov_2016,True,18,5.0,True,1,53.22410555555555,
BS,2013-08-12,71.25042088888888,-156.55011266666668,57.143566666666665,gp,Jafarov_2016,True,9,5.0,True,1,57.143566666666665,
BS,2013-08-12,71.25040832258065,-156.55017387096777,58.05482258064516,gp,Jafarov_2016,True,31,5.0,True,1,58.05482258064516,
BS,2013-08-12,71.2503839,-156.55026615,53.97112,gp,Jafarov_2016,True,20,5.0,True,1,53.97112,
BS,2013-08-12,71.2503613,-156.55033963333332,53.565200000000004,gp,Jafarov_2016,True,30,5.0,True,1,53.565200000000004,
BS,2013-08-12,71.25034750943396,-156.55043203773587,54.21492264150944,gp,Jafarov_2016,True,53,5.0,True,1,54.21492264150944,
BS,2013-08-12,71.25033854166666,-156.55057766666667,52.77756666666667,gp,Jafarov_2016,True,24,5.0,True,1,52.77756666666667,
BS,2013-08-12,71.25032949999999,-156.550644,52.789675,gp,Jafarov_2016,True,4,5.0,True,1,52.789675,
BS,2013-08-12,71.25031237931034,-156.55072655172413,51.403717241379304,gp,Jafarov_2016,True,29,5.0,True,1,51.403717241379304,
BS,2013-08-12,71.25029409999999,-156.55082950000002,51.81594,gp,Jafarov_2016,True,10,5.0,True,1,51.81594,
BS,2013-08-12,71.2502811764706,-156.550903,52.59708235294118,gp,Jafarov_2016,True,17,5.0,True,1,52.59708235294118,
BS,2013-08-12,71.25026651612903,-156.55101470967742,53.34108064516129,gp,Jafarov_2016,True,31,5.0,True,1,53.34108064516129,
BS,2013-08-12,71.2502543125,-156.5511126875,52.58186875,gp,Jafarov_2016,True,16,5.0,True,1,52.58186875,
BS,2013-08-12,71.2502421904762,-156.55119214285713,52.13993095238096,gp,Jafarov_2016,True,42,5.0,True,1,52.13993095238096,
BS,2013-08-12,71.25022640740741,-156.5512882962963,53.07376296296296,gp,Jafarov_2016,True,27,5.0,True,1,53.07376296296296,
BS,2013-08-12,71.25021133333333,-156.55139522222223,54.68092222222222,gp,Jafarov_2016,True,9,5.0,True,1,54.68092222222222,
BS,2013-08-12,71.25019928571429,-156.55146228571428,53.64391428571429,gp,Jafarov_2016,True,14,5.0,True,1,53.64391428571429,
BS,2013-08-12,71.25018080769232,-156.55158561538462,57.72315769230769,gp,Jafarov_2016,True,26,5.0,True,1,57.72315769230769,
BS,2013-08-12,71.2501695625,-156.5516803125,58.33463125,gp,Jafarov_2016,True,16,5.0,True,1,58.33463125,
BS,2013-08-12,71.2501616,-156.5517568,54.496226666666665,gp,Jafarov_2016,True,15,5.0,True,1,54.496226666666665,
BS,2013-08-12,71.25014740625,-156.55185490624999,55.18764375,gp,Jafarov_2016,True,32,5.0,True,1,55.18764375,
BS,2013-08-12,71.250129,-156.55196463636364,55.683490909090914,gp,Jafarov_2016,True,11,5.0,True,1,55.683490909090914,
BS,2013-08-12,71.25011563157895,-156.55203531578948,55.22801578947369,gp,Jafarov_2016,True,19,5.0,True,1,55.22801578947369,
BS,2013-08-12,71.25009596153846,-156.5521476923077,55.64159230769231,gp,Jafarov_2016,True,26,5.0,True,1,55.64159230769231,
BS,2013-08-12,71.2500855,-156.5522295,55.1212,gp,Jafarov_2016,True,4,5.0,True,1,55.1212,
BS,2013-08-12,71.25007413636364,-156.55230136363636,50.82492272727273,gp,Jafarov_2016,True,22,5.0,True,1,50.82492272727273,
BS,2013-08-12,71.25005061538462,-156.55240538461538,52.5712923076923,gp,Jafarov_2016,True,13,5.0,True,1,52.5712923076923,
BS,2013-08-12,71.25003486666667,-156.5524836,51.83851333333333,gp,Jafarov_2016,True,30,5.0,True,1,51.83851333333333,
BS,2013-08-12,71.25001323809524,-156.5525909761905,50.89646190476191,gp,Jafarov_2016,True,42,5.0,True,1,50.89646190476191,
BS,2013-08-12,71.24999966666667,-156.55266016666667,51.899683333333336,gp,Jafarov_2016,True,6,5.0,True,1,51.899683333333336,
BS,2013-08-12,71.24998666666666,-156.55273395833333,54.5695125,gp,Jafarov_2016,True,24,5.0,True,1,54.5695125,
BS,2013-08-12,71.249966,-156.55284889473683,53.965542105263154,gp,Jafarov_2016,True,19,5.0,True,1,53.965542105263154,
BS,2013-08-12,71.249954,-156.55292100000003,52.921580000000006,gp,Jafarov_2016,True,5,5.0,True,1,52.921580000000006,
BS,2013-08-12,71.24994861290322,-156.55299667741934,54.84685161290323,gp,Jafarov_2016,True,31,5.0,True,1,54.84685161290323,
BS,2013-08-12,71.24992728571428,-156.55313338095237,53.501261904761904,gp,Jafarov_2016,True,21,5.0,True,1,53.501261904761904,
BS,2013-08-12,71.249914,-156.55320742857143,53.00884285714285,gp,Jafarov_2016,True,7,5.0,True,1,53.00884285714285,
BS,2013-08-12,71.24990606451613,-156.5532862903226,52.61467096774193,gp,Jafarov_2016,True,31,5.0,True,1,52.61467096774193,
BS,2013-08-12,71.24988705714286,-156.55342114285713,53.42578571428571,gp,Jafarov_2016,True,35,5.0,True,1,53.42578571428571,
BS,2013-08-12,71.2498735,-156.553497,54.831300000000006,gp,Jafarov_2016,True,2,5.0,True,1,54.831300000000006,
BS,2013-08-12,71.24986613333334,-156.55357506666667,56.37114666666666,gp,Jafarov_2016,True,30,5.0,True,1,56.37114666666666,
BS,2013-08-12,71.24985836,-156.55371016,56.559295999999996,gp,Jafarov_2016,True,25,5.0,True,1,56.559295999999996,
BS,2013-08-12,71.24984962500001,-156.55385270833332,52.431270833333336,gp,Jafarov_2016,True,24,5.0,True,1,52.431270833333336,
BS,2013-08-12,71.24984081818182,-156.553963,48.87445454545455,gp,Jafarov_2016,True,11,5.0,True,1,48.87445454545455,
BS,2013-08-12,71.24983233333334,-156.55402725,51.04601666666667,gp,Jafarov_2016,True,12,5.0,True,1,51.04601666666667,
BS,2013-08-12,71.2498245652174,-156.55413486956522,56.64649565217392,gp,Jafarov_2016,True,23,5.0,True,1,56.64649565217392,
BS,2013-08-12,71.24981187878787,-156.55427845454545,56.72314848484849,gp,Jafarov_2016,True,33,5.0,True,1,56.72314848484849,
BS,2013-08-12,71.24979844444445,-156.55436877777777,54.638,gp,Jafarov_2016,True,9,5.0,True,1,54.638,
BS,2013-08-12,71.24979015,-156.55443904999998,52.743755,gp,Jafarov_2016,True,20,5.0,True,1,52.743755,
BS,2013-08-12,71.24977506382979,-156.55456819148935,49.71528297872341,gp,Jafarov_2016,True,47,5.0,True,1,49.71528297872341,
BS,2013-08-12,71.2497608,-156.55467443999999,52.770828,gp,Jafarov_2016,True,25,5.0,True,1,52.770828,
BS,2013-08-12,71.24975341666666,-156.55474708333333,54.412483333333334,gp,Jafarov_2016,True,12,5.0,True,1,54.412483333333334,
BS,2013-08-12,71.249742,-156.55484037037039,56.07334074074074,gp,Jafarov_2016,True,27,5.0,True,1,56.07334074074074,
BS,2013-08-12,71.24972420588236,-156.55499047058825,58.063182352941176,gp,Jafarov_2016,True,34,5.0,True,1,58.063182352941176,
BS,2013-08-12,71.2497165,-156.555067,58.89035,gp,Jafarov_2016,True,2,5.0,True,1,58.89035,
BS,2013-08-12,71.2497135,-156.555104,58.798086363636365,gp,Jafarov_2016,True,22,5.0,True,1,58.798086363636365,
BS,2013-08-12,71.24970093103447,-156.55526706896552,58.20215517241379,gp,Jafarov_2016,True,29,5.0,True,1,58.20215517241379,
BS,2013-08-12,71.24969014285713,-156.555411,55.27997142857143,gp,Jafarov_2016,True,21,5.0,True,1,55.27997142857143,
BS,2013-08-12,71.24968288235294,-156.55553094117647,52.00582941176471,gp,Jafarov_2016,True,17,5.0,True,1,52.00582941176471,
BS,2013-08-12,71.249677,-156.555602,53.02726666666666,gp,Jafarov_2016,True,3,5.0,True,1,53.02726666666666,
BS,2013-08-12,71.24966952173914,-156.5556871304348,52.32692608695652,gp,Jafarov_2016,True,23,5.0,True,1,52.32692608695652,
BS,2013-08-12,71.24965257692307,-156.55583753846153,52.58986153846154,gp,Jafarov_2016,True,26,5.0,True,1,52.58986153846154,
BS,2013-08-12,71.24963933333333,-156.55591066666668,51.3521,gp,Jafarov_2016,True,3,5.0,True,1,51.3521,
BS,2013-08-12,71.24962772727272,-156.55597554545454,53.50898636363636,gp,Jafarov_2016,True,22,5.0,True,1,53.50898636363636,
BS,2013-08-12,71.24960837931035,-156.5561199310345,54.03479310344828,gp,Jafarov_2016,True,29,5.0,True,1,54.03479310344828,
BS,2013-08-12,71.249597,-156.5561925,54.831300000000006,gp,Jafarov_2016,True,2,5.0,True,1,54.831300000000006,
BS,2013-08-12,71.24958440909091,-156.55626395454544,52.21307727272727,gp,Jafarov_2016,True,22,5.0,True,1,52.21307727272727,
BS,2013-08-12,71.24956271428572,-156.55637592857144,53.471321428571436,gp,Jafarov_2016,True,14,5.0,True,1,53.471321428571436,
BS,2013-08-12,71.24955166666668,-156.55644855555556,53.93998888888889,gp,Jafarov_2016,True,9,5.0,True,1,53.93998888888889,
BS,2013-08-12,71.24954013043478,-156.55653639130435,55.3355,gp,Jafarov_2016,True,23,5.0,True,1,55.3355,
BS,2013-08-12,71.24952345,-156.55667425,56.759335,gp,Jafarov_2016,True,20,5.0,True,1,56.759335,
BS,2013-08-12,71.249512,-156.556746,57.215133333333334,gp,Jafarov_2016,True,3,5.0,True,1,57.215133333333334,
BS,2013-08-12,71.24949981818182,-156.55682745454544,57.93706818181818,gp,Jafarov_2016,True,22,5.0,True,1,57.93706818181818,
BS,2013-08-12,71.24948007142856,-156.55694785714286,53.83030714285714,gp,Jafarov_2016,True,14,5.0,True,1,53.83030714285714,
BS,2013-08-12,71.24946949999999,-156.55701766666667,52.060766666666666,gp,Jafarov_2016,True,6,5.0,True,1,52.060766666666666,
BS,2013-08-12,71.24945650000001,-156.55710627777776,48.66751111111111,gp,Jafarov_2016,True,18,5.0,True,1,48.66751111111111,
BS,2013-08-12,71.24943933333334,-156.55725933333332,47.33164,gp,Jafarov_2016,True,15,5.0,True,1,47.33164,
BS,2013-08-12,71.24943727777777,-156.557388,48.893005555555554,gp,Jafarov_2016,True,18,5.0,True,1,48.893005555555554,
BS,2013-08-12,71.24943908695651,-156.557531,51.789065217391304,gp,Jafarov_2016,True,23,5.0,True,1,51.789065217391304,
BS,2013-08-12,71.2494418888889,-156.55766744444446,54.664833333333334,gp,Jafarov_2016,True,18,5.0,True,1,54.664833333333334,
BS,2013-08-12,71.2494435,-156.55780777777778,52.415144444444444,gp,Jafarov_2016,True,18,5.0,True,1,52.415144444444444,
BS,2013-08-12,71.24944357142857,-156.55794376190477,52.907576190476185,gp,Jafarov_2016,True,21,5.0,True,1,52.907576190476185,
BS,2013-08-12,71.2494465,-156.55808522222222,52.07152222222223,gp,Jafarov_2016,True,18,5.0,True,1,52.07152222222223,
BS,2013-08-12,71.24944968421053,-156.55822810526317,48.81387894736842,gp,Jafarov_2016,True,19,5.0,True,1,48.81387894736842,
BS,2013-08-12,71.24945285,-156.558369,50.16334500000001,gp,Jafarov_2016,True,20,5.0,True,1,50.16334500000001,
BS,2013-08-12,71.24945605555556,-156.55850144444446,51.12657222222222,gp,Jafarov_2016,True,18,5.0,True,1,51.12657222222222,
BS,2013-08-12,71.2494575909091,-156.55865890909092,50.88641818181818,gp,Jafarov_2016,True,22,5.0,True,1,50.88641818181818,
BS,2013-08-12,71.24945757142856,-156.558774,48.86232857142857,gp,Jafarov_2016,True,21,5.0,True,1,48.86232857142857,
BS,2013-08-12,71.24945442857143,-156.5588942857143,46.82355714285715,gp,Jafarov_2016,True,7,5.0,True,1,46.82355714285715,
BS,2013-08-12,71.24945071428571,-156.55896457142856,47.679585714285714,gp,Jafarov_2016,True,7,5.0,True,1,47.679585714285714,
BS,2013-08-12,71.24944446666667,-156.55906653333335,51.029900000000005,gp,Jafarov_2016,True,15,5.0,True,1,51.029900000000005,
BS,2013-08-12,71.24943278947369,-156.5592074736842,51.774252631578946,gp,Jafarov_2016,True,19,5.0,True,1,51.774252631578946,
BS,2013-08-12,71.24941799999999,-156.5593502631579,46.9064052631579,gp,Jafarov_2016,True,19,5.0,True,1,46.9064052631579,
BS,2013-08-12,71.2494084117647,-156.55948947058823,47.92971764705882,gp,Jafarov_2016,True,17,5.0,True,1,47.92971764705882,
BS,2013-08-12,71.24939735294117,-156.55962611764707,49.54424117647059,gp,Jafarov_2016,True,17,5.0,True,1,49.54424117647059,
BS,2013-08-12,71.24938572222223,-156.55976927777778,47.96951111111111,gp,Jafarov_2016,True,18,5.0,True,1,47.96951111111111,
BS,2013-08-12,71.2493786,-156.55988259999998,47.106139999999996,gp,Jafarov_2016,True,10,5.0,True,1,47.106139999999996,
BS,2013-08-12,71.24937383333334,-156.559956,47.50778333333333,gp,Jafarov_2016,True,6,5.0,True,1,47.50778333333333,
BS,2013-08-12,71.24936758823529,-156.56004964705883,48.896164705882356,gp,Jafarov_2016,True,17,5.0,True,1,48.896164705882356,
BS,2013-08-12,71.2493587,-156.56019265,49.196895,gp,Jafarov_2016,True,20,5.0,True,1,49.196895,
BS,2013-08-12,71.24935033333333,-156.56033283333332,50.00441666666667,gp,Jafarov_2016,True,18,5.0,True,1,50.00441666666667,
BS,2013-08-12,71.24934470588235,-156.56047352941175,50.9541,gp,Jafarov_2016,True,17,5.0,True,1,50.9541,
BS,2013-08-12,71.24933933333334,-156.560554,50.7722,gp,Jafarov_2016,True,3,5.0,True,1,50.7722,
BS,2013-08-12,71.2493363076923,-156.56061869230768,50.84653846153846,gp,Jafarov_2016,True,13,5.0,True,1,50.84653846153846,
BS,2013-08-12,71.24933414285714,-156.5607117142857,50.275171428571426,gp,Jafarov_2016,True,7,5.0,True,1,50.275171428571426,
BS,2013-08-12,71.24933166666666,-156.56091011111113,48.47417777777778,gp,Jafarov_2016,True,9,5.0,True,1,48.47417777777778,
BS,2013-08-12,71.24932650000001,-156.56103335714286,51.51083571428571,gp,Jafarov_2016,True,14,5.0,True,1,51.51083571428571,
BS,2013-08-12,71.249323,-156.561204,52.41515714285714,gp,Jafarov_2016,True,7,5.0,True,1,52.41515714285714,
BS,2013-08-12,71.24932423076923,-156.56131299999998,50.83167692307692,gp,Jafarov_2016,True,13,5.0,True,1,50.83167692307692,
BS,2013-08-12,71.249323,-156.56145323076925,52.5118,gp,Jafarov_2016,True,13,5.0,True,1,52.5118,
BS,2013-08-12,71.24932242857143,-156.56158328571428,49.28111428571429,gp,Jafarov_2016,True,14,5.0,True,1,49.28111428571429,
BS,2013-08-12,71.2493193125,-156.561731375,48.22925625,gp,Jafarov_2016,True,16,5.0,True,1,48.22925625,
BS,2013-08-12,71.24931813333335,-156.56187033333333,47.03526,gp,Jafarov_2016,True,15,5.0,True,1,47.03526,
BS,2013-08-12,71.24931586666666,-156.5620126,45.68226,gp,Jafarov_2016,True,15,5.0,True,1,45.68226,
BS,2013-08-12,71.249314,-156.562087,45.1668,gp,Jafarov_2016,True,1,5.0,False,1,45.1668,
BS,2013-08-12,71.2493123076923,-156.56215446153846,43.732038461538465,gp,Jafarov_2016,True,13,5.0,True,1,43.732038461538465,
BS,2013-08-12,71.2493085882353,-156.5622861764706,44.56422941176471,gp,Jafarov_2016,True,17,5.0,True,1,44.56422941176471,
BS,2013-08-12,71.24930764705881,-156.562424,46.83252941176471,gp,Jafarov_2016,True,17,5.0,True,1,46.83252941176471,
BS,2013-08-12,71.24930262068966,-156.56257379310344,49.4091724137931,gp,Jafarov_2016,True,29,5.0,True,1,49.4091724137931,
BS,2013-08-12,71.24929835714286,-156.56271492857144,45.01496428571429,gp,Jafarov_2016,True,14,5.0,True,1,45.01496428571429,
BS,2013-08-12,71.24929533333334,-156.56285613333333,41.44280666666667,gp,Jafarov_2016,True,15,5.0,True,1,41.44280666666667,
BS,2013-08-12,71.24929685714285,-156.56298785714284,42.488392857142856,gp,Jafarov_2016,True,14,5.0,True,1,42.488392857142856,
BS,2013-08-12,71.24929821428572,-156.56312457142855,38.07035714285714,gp,Jafarov_2016,True,14,5.0,True,1,38.07035714285714,
BS,2013-08-12,71.249305,-156.5632650625,35.3272,gp,Jafarov_2016,True,16,5.0,True,1,35.3272,
BS,2013-08-12,71.24930918181818,-156.5634131818182,39.71667272727273,gp,Jafarov_2016,True,11,5.0,True,1,39.71667272727273,
BS,2013-08-12,71.24930836363636,-156.56354554545453,36.550827272727275,gp,Jafarov_2016,True,11,5.0,True,1,36.550827272727275,
BS,2013-08-12,71.249311,-156.5636836153846,32.23878461538462,gp,Jafarov_2016,True,13,5.0,True,1,32.23878461538462,
BS,2013-08-12,71.24931423076923,-156.56382684615386,34.14936153846154,gp,Jafarov_2016,True,13,5.0,True,1,34.14936153846154,
BS,2013-08-12,71.24931517391305,-156.56397417391304,35.41833913043478,gp,Jafarov_2016,True,23,5.0,True,1,35.41833913043478,
BS,2013-08-12,71.24932235714286,-156.5640952857143,35.17792142857143,gp,Jafarov_2016,True,14,5.0,True,1,35.17792142857143,
BS,2013-08-12,71.24932564285714,-156.5642342857143,35.65425,gp,Jafarov_2016,True,14,5.0,True,1,35.65425,
BS,2013-08-12,71.24932330769231,-156.56438546153848,36.73645384615384,gp,Jafarov_2016,True,13,5.0,True,1,36.73645384615384,
BS,2013-08-12,71.24931778571428,-156.56452107142857,38.94015714285714,gp,Jafarov_2016,True,14,5.0,True,1,38.94015714285714,
BS,2013-08-12,71.24931672727273,-156.56466236363636,40.85296363636364,gp,Jafarov_2016,True,11,5.0,True,1,40.85296363636364,
BS,2013-08-12,71.24931245454546,-156.56479927272727,44.5518,gp,Jafarov_2016,True,11,5.0,True,1,44.5518,
BS,2013-08-12,71.24930953846155,-156.5649383846154,45.27833846153847,gp,Jafarov_2016,True,13,5.0,True,1,45.27833846153847,
BS,2013-08-12,71.24931091666667,-156.56508208333335,49.74939166666667,gp,Jafarov_2016,True,12,5.0,True,1,49.74939166666667,
BS,2013-08-12,71.2493196923077,-156.56521353846153,42.90683846153846,gp,Jafarov_2016,True,13,5.0,True,1,42.90683846153846,
BS,2013-08-12,71.24931941666667,-156.5653525,38.20843333333333,gp,Jafarov_2016,True,12,5.0,True,1,38.20843333333333,
BS,2013-08-12,71.2493263125,-156.5654941875,37.1936625,gp,Jafarov_2016,True,16,5.0,True,1,37.1936625,
CL,2013-08-12,71.32298325,-156.613415,33.106425,gp,Jafarov_2016,True,4,5.0,True,1,33.106425,
CL,2013-08-12,71.32296928571428,-156.6134532857143,32.02108571428571,gp,Jafarov_2016,True,7,5.0,True,1,32.02108571428571,
CL,2013-08-12,71.3229422,-156.61351733333333,33.56854,gp,Jafarov_2016,True,15,5.0,True,1,33.56854,
CL,2013-08-12,71.322918,-156.613578,36.3782,gp,Jafarov_2016,True,1,5.0,False,1,36.3782,
CL,2013-08-12,71.3228945625,-156.6136304375,34.4928,gp,Jafarov_2016,True,16,5.0,True,1,34.4928,
CL,2013-08-12,71.32286383333333,-156.6137001666667,38.35613333333333,gp,Jafarov_2016,True,6,5.0,True,1,38.35613333333333,
CL,2013-08-12,71.322844,-156.613743875,38.9153375,gp,Jafarov_2016,True,8,5.0,True,1,38.9153375,
CL,2013-08-12,71.32280626666667,-156.61381813333335,38.09364,gp,Jafarov_2016,True,15,5.0,True,1,38.09364,
CL,2013-08-12,71.322785,-156.613868,38.6704,gp,Jafarov_2016,True,1,5.0,False,1,38.6704,
CL,2013-08-12,71.32276508333334,-156.6139155,36.224225,gp,Jafarov_2016,True,12,5.0,True,1,36.224225,
CL,2013-08-12,71.32272888888889,-156.6139873333333,32.54571111111111,gp,Jafarov_2016,True,9,5.0,True,1,32.54571111111111,
CL,2013-08-12,71.3227055,-156.614037,34.603699999999996,gp,Jafarov_2016,True,4,5.0,True,1,34.603699999999996,
CL,2013-08-12,71.32267742857142,-156.61410421428573,31.24209285714286,gp,Jafarov_2016,True,14,5.0,True,1,31.24209285714286,
CL,2013-08-12,71.32263207692307,-156.61422046153845,30.48583846153846,gp,Jafarov_2016,True,13,5.0,True,1,30.48583846153846,
CL,2013-08-12,71.322606,-156.6142864,36.37824,gp,Jafarov_2016,True,5,5.0,True,1,36.37824,
CL,2013-08-12,71.32258381818181,-156.61435600000002,36.34799090909091,gp,Jafarov_2016,True,11,5.0,True,1,36.34799090909091,
CL,2013-08-12,71.3225533125,-156.614432,36.9813,gp,Jafarov_2016,True,16,5.0,True,1,36.9813,
CL,2013-08-12,71.3225005,-156.61442692857142,42.09007142857143,gp,Jafarov_2016,True,14,5.0,True,1,42.09007142857143,
CL,2013-08-12,71.32245784615385,-156.61443169230768,39.4581076923077,gp,Jafarov_2016,True,13,5.0,True,1,39.4581076923077,
CL,2013-08-12,71.32240975,-156.61446175,36.655525000000004,gp,Jafarov_2016,True,12,5.0,True,1,36.655525000000004,
CL,2013-08-12,71.322376375,-156.614478125,35.1859625,gp,Jafarov_2016,True,8,5.0,True,1,35.1859625,
CL,2013-08-12,71.322355,-156.61449133333335,40.980983333333334,gp,Jafarov_2016,True,6,5.0,True,1,40.980983333333334,
CL,2013-08-12,71.32232544444444,-156.61457000000001,44.721088888888886,gp,Jafarov_2016,True,18,5.0,True,1,44.721088888888886,
CL,2013-08-12,71.32228186666666,-156.61468573333335,27.668173333333336,gp,Jafarov_2016,True,15,5.0,True,1,27.668173333333336,
CL,2013-08-12,71.32225533333333,-156.61476566666667,28.060033333333337,gp,Jafarov_2016,True,3,5.0,True,1,28.060033333333337,
CL,2013-08-12,71.32223327272727,-156.61482963636365,35.924527272727275,gp,Jafarov_2016,True,11,5.0,True,1,35.924527272727275,
CL,2013-08-12,71.32221,-156.6149,39.927324999999996,gp,Jafarov_2016,True,4,5.0,True,1,39.927324999999996,
CL,2013-08-12,71.32218863636363,-156.61496381818182,39.68536363636363,gp,Jafarov_2016,True,11,5.0,True,1,39.68536363636363,
CL,2013-08-12,71.3221625,-156.61504175,45.1539375,gp,Jafarov_2016,True,8,5.0,True,1,45.1539375,
CL,2013-08-12,71.322142625,-156.615103875,45.375750000000004,gp,Jafarov_2016,True,8,5.0,True,1,45.375750000000004,
CL,2013-08-12,71.32211709090909,-156.61517354545455,45.472818181818184,gp,Jafarov_2016,True,11,5.0,True,1,45.472818181818184,
CL,2013-08-12,71.3220945,-156.61523975,30.6386875,gp,Jafarov_2016,True,8,5.0,True,1,30.6386875,
CL,2013-08-12,71.32207381818182,-156.61530754545456,35.934609090909085,gp,Jafarov_2016,True,11,5.0,True,1,35.934609090909085,
CL,2013-08-12,71.322052,-156.61539033333335,40.70371666666667,gp,Jafarov_2016,True,6,5.0,True,1,40.70371666666667,
CL,2013-08-12,71.32202646153846,-156.615464,32.504953846153846,gp,Jafarov_2016,True,13,5.0,True,1,32.504953846153846,
CL,2013-08-12,71.322005,-156.615526,29.723699999999997,gp,Jafarov_2016,True,3,5.0,True,1,29.723699999999997,
CL,2013-08-12,71.32198781818182,-156.6155890909091,34.56335454545455,gp,Jafarov_2016,True,11,5.0,True,1,34.56335454545455,
CL,2013-08-12,71.3219656,-156.6156718,30.433479999999996,gp,Jafarov_2016,True,5,5.0,True,1,30.433479999999996,
CL,2013-08-12,71.32194290909091,-156.6157422727273,35.64220909090909,gp,Jafarov_2016,True,11,5.0,True,1,35.64220909090909,
CL,2013-08-12,71.32171491666666,-156.61632516666666,29.492633333333334,gp,Jafarov_2016,True,12,5.0,True,1,29.492633333333334,
CL,2013-08-12,71.321692,-156.616376,28.50365,gp,Jafarov_2016,True,2,5.0,True,1,28.50365,
CL,2013-08-12,71.32167246153845,-156.61644346153847,34.46719230769231,gp,Jafarov_2016,True,13,5.0,True,1,34.46719230769231,
CL,2013-08-12,71.321648,-156.616512,39.42825,gp,Jafarov_2016,True,4,5.0,True,1,39.42825,
CL,2013-08-12,71.32162492307693,-156.61657692307693,39.27894615384616,gp,Jafarov_2016,True,13,5.0,True,1,39.27894615384616,
CL,2013-08-12,71.32160071428571,-156.6166482857143,37.70918571428571,gp,Jafarov_2016,True,7,5.0,True,1,37.70918571428571,
CL,2013-08-12,71.32158027272727,-156.6167100909091,40.16932727272727,gp,Jafarov_2016,True,11,5.0,True,1,40.16932727272727,
CL,2013-08-12,71.321556375,-156.61679275,35.8652875,gp,Jafarov_2016,True,8,5.0,True,1,35.8652875,
CL,2013-08-12,71.321535,-156.616864,36.33389,gp,Jafarov_2016,True,10,5.0,True,1,36.33389,
CL,2013-08-12,71.32151488888888,-156.61693533333334,38.63341111111111,gp,Jafarov_2016,True,9,5.0,True,1,38.63341111111111,
CL,2013-08-12,71.32149357142858,-156.616998,34.68291428571429,gp,Jafarov_2016,True,7,5.0,True,1,34.68291428571429,
CL,2013-08-12,71.32146718181819,-156.6170707272727,32.30484545454545,gp,Jafarov_2016,True,11,5.0,True,1,32.30484545454545,
CL,2013-08-12,71.3214452,-156.617132,34.603719999999996,gp,Jafarov_2016,True,5,5.0,True,1,34.603719999999996,
CL,2013-08-12,71.32142066666667,-156.61721008333333,35.87915,gp,Jafarov_2016,True,12,5.0,True,1,35.87915,
CL,2013-08-12,71.321399,-156.6172755,36.3782,gp,Jafarov_2016,True,4,5.0,True,1,36.3782,
CL,2013-08-12,71.32137423076924,-156.61734861538463,38.835323076923075,gp,Jafarov_2016,True,13,5.0,True,1,38.835323076923075,
CL,2013-08-12,71.3213535,-156.6174125,38.596399999999996,gp,Jafarov_2016,True,2,5.0,True,1,38.596399999999996,
CL,2013-08-12,71.32133038888888,-156.61748555555556,38.97230555555555,gp,Jafarov_2016,True,18,5.0,True,1,38.97230555555555,
CL,2013-08-12,71.32131,-156.61755499999998,38.8183,gp,Jafarov_2016,True,2,5.0,True,1,38.8183,
CL,2013-08-12,71.32128433333334,-156.61762933333333,41.746253333333335,gp,Jafarov_2016,True,15,5.0,True,1,41.746253333333335,
CL,2013-08-12,71.321262,-156.617697,40.1492,gp,Jafarov_2016,True,1,5.0,False,1,40.1492,
CL,2013-08-12,71.32125027272727,-156.61772763636364,38.3343,gp,Jafarov_2016,True,11,5.0,True,1,38.3343,
CL,2013-08-12,71.32094377777779,-156.61894844444444,38.89221111111111,gp,Jafarov_2016,True,9,5.0,True,1,38.89221111111111,
CL,2013-08-12,71.32083800000001,-156.61924299999998,46.471,gp,Jafarov_2016,True,2,5.0,True,1,46.471,
CL,2013-08-12,71.32082671428572,-156.619273,46.55021428571428,gp,Jafarov_2016,True,7,5.0,True,1,46.55021428571428,
CL,2013-08-12,71.32080511111111,-156.61932033333335,44.844322222222225,gp,Jafarov_2016,True,9,5.0,True,1,44.844322222222225,
CL,2013-08-12,71.32078422222223,-156.61937833333334,42.76171111111111,gp,Jafarov_2016,True,9,5.0,True,1,42.76171111111111,
CL,2013-08-12,71.320707,-156.619628,46.8037,gp,Jafarov_2016,True,1,5.0,False,1,46.8037,
CL,2013-08-12,71.32069523076923,-156.6196783076923,46.29181538461538,gp,Jafarov_2016,True,13,5.0,True,1,46.29181538461538,
CL,2013-08-12,71.3206732,-156.6197694,44.44133,gp,Jafarov_2016,True,10,5.0,True,1,44.44133,
CL,2013-08-12,71.32065555555556,-156.61984077777777,45.6207,gp,Jafarov_2016,True,9,5.0,True,1,45.6207,
CL,2013-08-12,71.3206352631579,-156.61993242105262,47.21233157894737,gp,Jafarov_2016,True,19,5.0,True,1,47.21233157894737,
CL,2013-08-12,71.32061583333333,-156.62000166666667,46.04583333333333,gp,Jafarov_2016,True,6,5.0,True,1,46.04583333333333,
CL,2013-08-12,71.32059659090909,-156.62008786363637,45.15018181818182,gp,Jafarov_2016,True,22,5.0,True,1,45.15018181818182,
CL,2013-08-12,71.320579,-156.620163,45.0292,gp,Jafarov_2016,True,1,5.0,False,1,45.0292,
CL,2013-08-12,71.32055904545454,-156.6202375,45.98196363636364,gp,Jafarov_2016,True,22,5.0,True,1,45.98196363636364,
CL,2013-08-12,71.32053916666666,-156.62032116666668,46.378566666666664,gp,Jafarov_2016,True,6,5.0,True,1,46.378566666666664,
CL,2013-08-12,71.32052485714286,-156.62038333333334,46.06959047619048,gp,Jafarov_2016,True,21,5.0,True,1,46.06959047619048,
CL,2013-08-12,71.320503,-156.620479,46.67062,gp,Jafarov_2016,True,10,5.0,True,1,46.67062,
CL,2013-08-12,71.32048381818181,-156.62055154545453,48.69927272727273,gp,Jafarov_2016,True,11,5.0,True,1,48.69927272727273,
CL,2013-08-12,71.320462,-156.620649,47.255271428571426,gp,Jafarov_2016,True,14,5.0,True,1,47.255271428571426,
CL,2013-08-12,71.32044375,-156.620716625,43.5319,gp,Jafarov_2016,True,8,5.0,True,1,43.5319,
CL,2013-08-12,71.32042255555555,-156.62079522222223,42.81713888888889,gp,Jafarov_2016,True,18,5.0,True,1,42.81713888888889,
CL,2013-08-12,71.3204032,-156.6208682,44.5116,gp,Jafarov_2016,True,5,5.0,True,1,44.5116,
CL,2013-08-12,71.3203814,-156.620949,46.880624,gp,Jafarov_2016,True,25,5.0,True,1,46.880624,
CL,2013-08-12,71.320365,-156.62102,45.6946,gp,Jafarov_2016,True,2,5.0,True,1,45.6946,
CL,2013-08-12,71.32034590909092,-156.6211017727273,46.01223181818182,gp,Jafarov_2016,True,22,5.0,True,1,46.01223181818182,
CL,2013-08-12,71.3203266,-156.6211944,46.16048,gp,Jafarov_2016,True,10,5.0,True,1,46.16048,
CL,2013-08-12,71.32030494117646,-156.62124261764706,46.36007647058824,gp,Jafarov_2016,True,34,5.0,True,1,46.36007647058824,
CL,2013-08-12,71.320281,-156.621319,47.0255,gp,Jafarov_2016,True,2,5.0,True,1,47.0255,
CL,2013-08-12,71.32025863636363,-156.62139563636364,45.75007272727273,gp,Jafarov_2016,True,22,5.0,True,1,45.75007272727273,
CL,2013-08-12,71.32024,-156.6214685,45.251000000000005,gp,Jafarov_2016,True,2,5.0,True,1,45.251000000000005,
CL,2013-08-12,71.320217375,-156.621548375,46.1867875,gp,Jafarov_2016,True,16,5.0,True,1,46.1867875,
CL,2013-08-12,71.3201974,-156.6216236,45.517160000000004,gp,Jafarov_2016,True,5,5.0,True,1,45.517160000000004,
CL,2013-08-12,71.320182,-156.6216837222222,47.2843,gp,Jafarov_2016,True,18,5.0,True,1,47.2843,
CL,2013-08-12,71.32015816666667,-156.62177666666665,46.60038333333333,gp,Jafarov_2016,True,6,5.0,True,1,46.60038333333333,
CL,2013-08-12,71.32013491666667,-156.62185016666666,47.81115,gp,Jafarov_2016,True,12,5.0,True,1,47.81115,
CL,2013-08-12,71.320113375,-156.621923625,48.328675000000004,gp,Jafarov_2016,True,8,5.0,True,1,48.328675000000004,
CL,2013-08-12,71.32009484615385,-156.6219886923077,48.603838461538466,gp,Jafarov_2016,True,13,5.0,True,1,48.603838461538466,
CL,2013-08-12,71.320074875,-156.622071125,50.68555,gp,Jafarov_2016,True,8,5.0,True,1,50.68555,
CL,2013-08-12,71.32005383333333,-156.62214441666666,50.40826666666666,gp,Jafarov_2016,True,12,5.0,True,1,50.40826666666666,
CL,2013-08-12,71.32003055555555,-156.62221888888888,48.14695555555555,gp,Jafarov_2016,True,9,5.0,True,1,48.14695555555555,
CL,2013-08-12,71.32000883333333,-156.62229277777777,46.39089444444445,gp,Jafarov_2016,True,18,5.0,True,1,46.39089444444445,
CL,2013-08-12,71.31998961538461,-156.62235815384616,47.67393846153846,gp,Jafarov_2016,True,13,5.0,True,1,47.67393846153846,
CL,2013-08-12,71.31996718181819,-156.62243872727274,49.00174545454545,gp,Jafarov_2016,True,11,5.0,True,1,49.00174545454545,
CL,2013-08-12,71.31994663636364,-156.62250663636362,50.211681818181816,gp,Jafarov_2016,True,11,5.0,True,1,50.211681818181816,
CL,2013-08-12,71.31992172222222,-156.6225856111111,51.30170555555556,gp,Jafarov_2016,True,18,5.0,True,1,51.30170555555556,
CL,2013-08-12,71.3199019,-156.622656,48.8223,gp,Jafarov_2016,True,10,5.0,True,1,48.8223,
CL,2013-08-12,71.3198841,-156.62272869999998,48.8001,gp,Jafarov_2016,True,10,5.0,True,1,48.8001,
CL,2013-08-12,71.3198620625,-156.62280756250001,48.8693875,gp,Jafarov_2016,True,16,5.0,True,1,48.8693875,
CL,2013-08-12,71.31984255555555,-156.62287933333334,48.20856666666666,gp,Jafarov_2016,True,9,5.0,True,1,48.20856666666666,
CL,2013-08-12,71.31982092307693,-156.62296192307693,48.33085384615385,gp,Jafarov_2016,True,13,5.0,True,1,48.33085384615385,
CL,2013-08-12,71.319799,-156.62303316666666,47.02554166666667,gp,Jafarov_2016,True,12,5.0,True,1,47.02554166666667,
CL,2013-08-12,71.3197776,-156.623099,45.953406666666666,gp,Jafarov_2016,True,15,5.0,True,1,45.953406666666666,
CL,2013-08-12,71.31975378571428,-156.6231662857143,47.865278571428576,gp,Jafarov_2016,True,14,5.0,True,1,47.865278571428576,
CL,2013-08-12,71.3197306,-156.62323329999998,49.44336,gp,Jafarov_2016,True,10,5.0,True,1,49.44336,
CL,2013-08-12,71.31970419999999,-156.62330753333333,45.82772,gp,Jafarov_2016,True,15,5.0,True,1,45.82772,
CL,2013-08-12,71.31968554545455,-156.62337663636364,40.85493636363636,gp,Jafarov_2016,True,11,5.0,True,1,40.85493636363636,
CL,2013-08-12,71.319665,-156.62345033333335,44.592933333333335,gp,Jafarov_2016,True,15,5.0,True,1,44.592933333333335,
CL,2013-08-12,71.31964557142858,-156.62352721428573,45.16385714285714,gp,Jafarov_2016,True,14,5.0,True,1,45.16385714285714,
CL,2013-08-12,71.3196227,-156.62360329999998,46.71498,gp,Jafarov_2016,True,10,5.0,True,1,46.71498,
CL,2013-08-12,71.31960199999999,-156.62367989473682,47.364105263157896,gp,Jafarov_2016,True,19,5.0,True,1,47.364105263157896,
CL,2013-08-12,71.3195855,-156.62375175,49.7982625,gp,Jafarov_2016,True,8,5.0,True,1,49.7982625,
CL,2013-08-12,71.3195610625,-156.62384425,44.31519375,gp,Jafarov_2016,True,16,5.0,True,1,44.31519375,
CL,2013-08-12,71.3195442,-156.6239078,43.4764,gp,Jafarov_2016,True,5,5.0,True,1,43.4764,
CL,2013-08-12,71.3195235,-156.62398307142857,42.67232857142857,gp,Jafarov_2016,True,28,5.0,True,1,42.67232857142857,
CL,2013-08-12,71.3195045,-156.624057,43.6428,gp,Jafarov_2016,True,2,5.0,True,1,43.6428,
CL,2013-08-12,71.31948266666667,-156.6241316111111,45.96572777777778,gp,Jafarov_2016,True,18,5.0,True,1,45.96572777777778,
CL,2013-08-12,71.3194615,-156.62420550000002,46.9146,gp,Jafarov_2016,True,2,5.0,True,1,46.9146,
CL,2013-08-12,71.31944391666666,-156.62428883333334,45.38961666666666,gp,Jafarov_2016,True,24,5.0,True,1,45.38961666666666,
CL,2013-08-12,71.319425,-156.624381,45.38408,gp,Jafarov_2016,True,5,5.0,True,1,45.38408,
CL,2013-08-12,71.31940992307692,-156.62444615384615,43.6556076923077,gp,Jafarov_2016,True,13,5.0,True,1,43.6556076923077,
CL,2013-08-12,71.3193885,-156.62454564285713,41.04437142857143,gp,Jafarov_2016,True,14,5.0,True,1,41.04437142857143,
CL,2013-08-12,71.31937085714286,-156.62462185714284,43.159571428571425,gp,Jafarov_2016,True,7,5.0,True,1,43.159571428571425,
CL,2013-08-12,71.31935168,-156.624699,43.170328,gp,Jafarov_2016,True,25,5.0,True,1,43.170328,
CL,2013-08-12,71.31933266666665,-156.624785,43.698299999999996,gp,Jafarov_2016,True,3,5.0,True,1,43.698299999999996,
CL,2013-08-12,71.31931357894736,-156.62486568421053,46.32505263157895,gp,Jafarov_2016,True,19,5.0,True,1,46.32505263157895,
CL,2013-08-12,71.319293,-156.624945,47.4692,gp,Jafarov_2016,True,1,5.0,False,1,47.4692,
CL,2013-08-12,71.31927663157894,-156.6250134736842,47.55087894736842,gp,Jafarov_2016,True,19,5.0,True,1,47.55087894736842,
CL,2013-08-12,71.3192562,-156.6251088,47.86844,gp,Jafarov_2016,True,5,5.0,True,1,47.86844,
CL,2013-08-12,71.31923811111112,-156.62517627777777,45.885627777777785,gp,Jafarov_2016,True,18,5.0,True,1,45.885627777777785,
CL,2013-08-12,71.31921657142857,-156.62526635714286,42.71590714285714,gp,Jafarov_2016,True,14,5.0,True,1,42.71590714285714,
CL,2013-08-12,71.31919542105263,-156.62533815789473,38.68983157894737,gp,Jafarov_2016,True,19,5.0,True,1,38.68983157894737,
CL,2013-08-12,71.31918204761905,-156.62540495238096,39.504828571428575,gp,Jafarov_2016,True,21,5.0,True,1,39.504828571428575,
CL,2013-08-12,71.31916057142857,-156.62549185714286,43.714085714285716,gp,Jafarov_2016,True,7,5.0,True,1,43.714085714285716,
CL,2013-08-12,71.31913833333333,-156.62556546666667,46.97380666666666,gp,Jafarov_2016,True,15,5.0,True,1,46.97380666666666,
CL,2013-08-12,71.31911649999999,-156.62564083333334,47.76495,gp,Jafarov_2016,True,6,5.0,True,1,47.76495,
CL,2013-08-12,71.319093,-156.6257105,48.37493333333333,gp,Jafarov_2016,True,12,5.0,True,1,48.37493333333333,
CL,2013-08-12,71.31907314285715,-156.62578328571428,48.5783,gp,Jafarov_2016,True,7,5.0,True,1,48.5783,
CL,2013-08-12,71.31904984210526,-156.6258642631579,48.735894736842106,gp,Jafarov_2016,True,19,5.0,True,1,48.735894736842106,
CL,2013-08-12,71.31903083333334,-156.6259295,47.50613333333333,gp,Jafarov_2016,True,6,5.0,True,1,47.50613333333333,
CL,2013-08-12,71.31900970000001,-156.62600525,52.060825,gp,Jafarov_2016,True,20,5.0,True,1,52.060825,
CL,2013-08-12,71.3189895,-156.6260795,49.521025,gp,Jafarov_2016,True,4,5.0,True,1,49.521025,
CL,2013-08-12,71.3189669375,-156.6261528125,43.12985625,gp,Jafarov_2016,True,16,5.0,True,1,43.12985625,
CL,2013-08-12,71.318947,-156.626228,43.698299999999996,gp,Jafarov_2016,True,3,5.0,True,1,43.698299999999996,
CL,2013-08-12,71.31892423809525,-156.62631380952382,42.752904761904766,gp,Jafarov_2016,True,21,5.0,True,1,42.752904761904766,
CL,2013-08-12,71.318907,-156.626384,40.592800000000004,gp,Jafarov_2016,True,1,5.0,False,1,40.592800000000004,
CL,2013-08-12,71.31888780645161,-156.62645341935485,38.886229032258065,gp,Jafarov_2016,True,31,5.0,True,1,38.886229032258065,
CL,2013-08-12,71.31886915384615,-156.62660123076924,43.05838461538462,gp,Jafarov_2016,True,13,5.0,True,1,43.05838461538462,
CL,2013-08-12,71.31886086666667,-156.6265598666667,40.578,gp,Jafarov_2016,True,15,5.0,True,1,40.578,
CL,2013-08-12,71.31886977777778,-156.62671133333333,46.45867777777778,gp,Jafarov_2016,True,9,5.0,True,1,46.45867777777778,
CL,2013-08-12,71.31886527272728,-156.62677763636364,48.064063636363635,gp,Jafarov_2016,True,11,5.0,True,1,48.064063636363635,
CL,2013-08-12,71.3188546,-156.6268886,46.744553333333336,gp,Jafarov_2016,True,15,5.0,True,1,46.744553333333336,
CL,2013-08-12,71.31883433333333,-156.62700458333333,50.16798333333333,gp,Jafarov_2016,True,12,5.0,True,1,50.16798333333333,
CL,2013-08-12,71.318822,-156.62707,48.966437500000005,gp,Jafarov_2016,True,8,5.0,True,1,48.966437500000005,
CL,2013-08-12,71.31880333333334,-156.62715825925923,48.58237777777778,gp,Jafarov_2016,True,27,5.0,True,1,48.58237777777778,
CL,2013-08-12,71.31876343333333,-156.6272973,46.36747666666667,gp,Jafarov_2016,True,30,5.0,True,1,46.36747666666667,
CL,2013-08-12,71.31873433333332,-156.62737316666667,44.78274999999999,gp,Jafarov_2016,True,6,5.0,True,1,44.78274999999999,
CL,2013-08-12,71.31871353846154,-156.62741453846155,45.56095384615385,gp,Jafarov_2016,True,13,5.0,True,1,45.56095384615385,
CL,2013-08-12,71.3186759047619,-156.62749047619047,45.72631428571429,gp,Jafarov_2016,True,21,5.0,True,1,45.72631428571429,
CL,2013-08-12,71.3186535,-156.62753750000002,43.97555,gp,Jafarov_2016,True,2,5.0,True,1,43.97555,
CL,2013-08-12,71.31863493548387,-156.62758193548387,45.68746451612903,gp,Jafarov_2016,True,31,5.0,True,1,45.68746451612903,
CL,2013-08-12,71.31860766666667,-156.62767266666665,45.39886666666666,gp,Jafarov_2016,True,3,5.0,True,1,45.39886666666666,
CL,2013-08-12,71.318594125,-156.62775279166667,44.848954166666665,gp,Jafarov_2016,True,24,5.0,True,1,44.848954166666665,
CL,2013-08-12,71.31858077272727,-156.62791186363637,47.56494545454545,gp,Jafarov_2016,True,22,5.0,True,1,47.56494545454545,
CL,2013-08-12,71.31857558333333,-156.62800091666665,48.051408333333335,gp,Jafarov_2016,True,12,5.0,True,1,48.051408333333335,
CL,2013-08-12,71.31856433333333,-156.62808333333334,47.395199999999996,gp,Jafarov_2016,True,6,5.0,True,1,47.395199999999996,
CL,2013-08-12,71.31854225000001,-156.628146625,48.40496875,gp,Jafarov_2016,True,16,5.0,True,1,48.40496875,
CL,2013-08-12,71.31851484615385,-156.62820976923078,51.171846153846154,gp,Jafarov_2016,True,13,5.0,True,1,51.171846153846154,
CL,2013-08-12,71.31849409090908,-156.6282899090909,51.603072727272725,gp,Jafarov_2016,True,11,5.0,True,1,51.603072727272725,
CL,2013-08-12,71.3184771,-156.62836199999998,50.829719999999995,gp,Jafarov_2016,True,10,5.0,True,1,50.829719999999995,
CL,2013-08-12,71.31845456666666,-156.62846916666666,46.23071,gp,Jafarov_2016,True,30,5.0,True,1,46.23071,
CL,2013-08-12,71.31842544,-156.6286066,45.04692,gp,Jafarov_2016,True,25,5.0,True,1,45.04692,
CL,2013-08-12,71.3184035,-156.628695,43.9201,gp,Jafarov_2016,True,2,5.0,True,1,43.9201,
CL,2013-08-12,71.3183827,-156.6287577,42.62245,gp,Jafarov_2016,True,10,5.0,True,1,42.62245,
CL,2013-08-12,71.318354,-156.62883,39.9273,gp,Jafarov_2016,True,1,5.0,False,1,39.9273,
CL,2013-08-12,71.31833163636364,-156.62890913636363,44.74685,gp,Jafarov_2016,True,22,5.0,True,1,44.74685,
CL,2013-08-12,71.318312,-156.628977,45.5837,gp,Jafarov_2016,True,1,5.0,False,1,45.5837,
CL,2013-08-12,71.31828845,-156.62903799999998,46.398900000000005,gp,Jafarov_2016,True,20,5.0,True,1,46.398900000000005,
CL,2013-08-12,71.3182675,-156.62911250000002,46.2492,gp,Jafarov_2016,True,2,5.0,True,1,46.2492,
CL,2013-08-12,71.31824394117648,-156.62918729411763,44.4942,gp,Jafarov_2016,True,17,5.0,True,1,44.4942,
CL,2013-08-12,71.318221,-156.6292585,44.69645,gp,Jafarov_2016,True,2,5.0,True,1,44.69645,
CL,2013-08-12,71.318200375,-156.6293396875,47.28895625,gp,Jafarov_2016,True,16,5.0,True,1,47.28895625,
CL,2013-08-12,71.318181,-156.629407,45.39886666666666,gp,Jafarov_2016,True,3,5.0,True,1,45.39886666666666,
CL,2013-08-12,71.31816284210527,-156.62948857894736,47.959510526315796,gp,Jafarov_2016,True,19,5.0,True,1,47.959510526315796,
CL,2013-08-12,71.31814425,-156.62957125,43.80915,gp,Jafarov_2016,True,4,5.0,True,1,43.80915,
CL,2013-08-12,71.3181239,-156.62964675,44.22509,gp,Jafarov_2016,True,20,5.0,True,1,44.22509,
CL,2013-08-12,71.31810328571429,-156.629722,45.4728,gp,Jafarov_2016,True,7,5.0,True,1,45.4728,
CL,2013-08-12,71.31808244444444,-156.62979216666668,46.37242222222222,gp,Jafarov_2016,True,18,5.0,True,1,46.37242222222222,
CL,2013-08-12,71.31806016666667,-156.62986650000002,47.284349999999996,gp,Jafarov_2016,True,6,5.0,True,1,47.284349999999996,
CL,2013-08-12,71.31804086666666,-156.62993866666665,45.27316666666666,gp,Jafarov_2016,True,15,5.0,True,1,45.27316666666666,
CL,2013-08-12,71.31801953846154,-156.6300356153846,45.19980769230769,gp,Jafarov_2016,True,13,5.0,True,1,45.19980769230769,
CL,2013-08-12,71.31800533333333,-156.63010944444443,46.63120000000001,gp,Jafarov_2016,True,9,5.0,True,1,46.63120000000001,
CL,2013-08-12,71.317983,-156.63019693333334,45.236200000000004,gp,Jafarov_2016,True,15,5.0,True,1,45.236200000000004,
CL,2013-08-12,71.31796433333334,-156.6302605,39.66856666666667,gp,Jafarov_2016,True,6,5.0,True,1,39.66856666666667,
CL,2013-08-12,71.31794255,-156.63034284999998,35.063985,gp,Jafarov_2016,True,20,5.0,True,1,35.063985,
CL,2013-08-12,71.3179222,-156.630411,39.59458,gp,Jafarov_2016,True,5,5.0,True,1,39.59458,
CL,2013-08-12,71.31790078125,-156.63049140625,37.816590625,gp,Jafarov_2016,True,32,5.0,True,1,37.816590625,
CL,2013-08-12,71.31786536842105,-156.63063721052632,43.2663,gp,Jafarov_2016,True,19,5.0,True,1,43.2663,
CL,2013-08-12,71.31784275,-156.63072425000001,42.949600000000004,gp,Jafarov_2016,True,4,5.0,True,1,42.949600000000004,
CL,2013-08-12,71.31782095454545,-156.63080272727274,42.15055454545455,gp,Jafarov_2016,True,22,5.0,True,1,42.15055454545455,
CL,2013-08-12,71.31780333333333,-156.63087383333334,44.34523333333333,gp,Jafarov_2016,True,6,5.0,True,1,44.34523333333333,
CL,2013-08-12,71.31778227777778,-156.63095016666665,41.13502222222222,gp,Jafarov_2016,True,18,5.0,True,1,41.13502222222222,
CL,2013-08-12,71.3177605,-156.6310225,43.21763333333333,gp,Jafarov_2016,True,6,5.0,True,1,43.21763333333333,
CL,2013-08-12,71.317739875,-156.631094875,40.75915,gp,Jafarov_2016,True,16,5.0,True,1,40.75915,
CL,2013-08-12,71.31772,-156.63116133333332,41.8128,gp,Jafarov_2016,True,6,5.0,True,1,41.8128,
CL,2013-08-12,71.31769642105263,-156.63124647368423,46.249152631578944,gp,Jafarov_2016,True,19,5.0,True,1,46.249152631578944,
CL,2013-08-12,71.31767822222223,-156.63131155555556,50.42676666666667,gp,Jafarov_2016,True,9,5.0,True,1,50.42676666666667,
CL,2013-08-12,71.31764915789473,-156.63139789473684,45.51367368421053,gp,Jafarov_2016,True,19,5.0,True,1,45.51367368421053,
CL,2013-08-12,71.31763000000001,-156.63146,41.56325,gp,Jafarov_2016,True,4,5.0,True,1,41.56325,
CL,2013-08-12,71.31761066666667,-156.63153153333332,34.766373333333334,gp,Jafarov_2016,True,15,5.0,True,1,34.766373333333334,
CL,2013-08-12,71.31759154545455,-156.6316171818182,27.132436363636362,gp,Jafarov_2016,True,11,5.0,True,1,27.132436363636362,
CL,2013-08-12,71.31757675,-156.6316935,38.1250875,gp,Jafarov_2016,True,8,5.0,True,1,38.1250875,
CL,2013-08-12,71.317555,-156.63178976470587,51.353182352941175,gp,Jafarov_2016,True,17,5.0,True,1,51.353182352941175,
CL,2013-08-12,71.3175385,-156.63186000000002,42.84795,gp,Jafarov_2016,True,2,5.0,True,1,42.84795,
CL,2013-08-12,71.31751594117647,-156.63194864705883,29.841117647058823,gp,Jafarov_2016,True,17,5.0,True,1,29.841117647058823,
CL,2013-08-12,71.31749833333333,-156.632023,35.7128,gp,Jafarov_2016,True,3,5.0,True,1,35.7128,
CL,2013-08-12,71.31748380952381,-156.6320871904762,43.0064,gp,Jafarov_2016,True,21,5.0,True,1,43.0064,
CL,2013-08-12,71.31745866666667,-156.632173,54.12370000000001,gp,Jafarov_2016,True,3,5.0,True,1,54.12370000000001,
CL,2013-08-12,71.31743296296297,-156.63224814814816,54.43181481481482,gp,Jafarov_2016,True,27,5.0,True,1,54.43181481481482,
CL,2013-08-12,71.317414,-156.63231000000002,53.2365,gp,Jafarov_2016,True,2,5.0,True,1,53.2365,
CL,2013-08-12,71.31739238888889,-156.63238755555554,49.12665555555556,gp,Jafarov_2016,True,18,5.0,True,1,49.12665555555556,
CL,2013-08-12,71.31737150000001,-156.63245949999998,51.351,gp,Jafarov_2016,True,2,5.0,True,1,51.351,
CL,2013-08-12,71.31734827777778,-156.63253683333335,52.63878333333333,gp,Jafarov_2016,True,18,5.0,True,1,52.63878333333333,
CL,2013-08-12,71.31732775,-156.632608,53.4583,gp,Jafarov_2016,True,4,5.0,True,1,53.4583,
CL,2013-08-12,71.31730934782608,-156.6326825652174,52.33953478260869,gp,Jafarov_2016,True,23,5.0,True,1,52.33953478260869,
CL,2013-08-12,71.31728888888888,-156.63276266666668,50.895044444444444,gp,Jafarov_2016,True,9,5.0,True,1,50.895044444444444,
CL,2013-08-12,71.3172698125,-156.63284025,52.33530625,gp,Jafarov_2016,True,16,5.0,True,1,52.33530625,
CL,2013-08-12,71.31725208333333,-156.63292075,52.663399999999996,gp,Jafarov_2016,True,12,5.0,True,1,52.663399999999996,
CL,2013-08-12,71.317233,-156.632993,51.82928750000001,gp,Jafarov_2016,True,8,5.0,True,1,51.82928750000001,
CL,2013-08-12,71.31721233333333,-156.63306783333334,53.573825,gp,Jafarov_2016,True,12,5.0,True,1,53.573825,
CL,2013-08-12,71.31718925,-156.633142375,55.260549999999995,gp,Jafarov_2016,True,8,5.0,True,1,55.260549999999995,
CL,2013-08-12,71.317170375,-156.6332200625,56.23100624999999,gp,Jafarov_2016,True,16,5.0,True,1,56.23100624999999,
CL,2013-08-12,71.31715,-156.633296,56.120099999999994,gp,Jafarov_2016,True,5,5.0,True,1,56.120099999999994,
CL,2013-08-12,71.31712942105263,-156.63338131578948,56.779705263157894,gp,Jafarov_2016,True,19,5.0,True,1,56.779705263157894,
CL,2013-08-12,71.317112,-156.63345,57.6728,gp,Jafarov_2016,True,1,5.0,False,1,57.6728,
CL,2013-08-12,71.3170925,-156.6335341,57.60626,gp,Jafarov_2016,True,20,5.0,True,1,57.60626,
CL,2013-08-12,71.31707233333333,-156.63361666666665,56.874300000000005,gp,Jafarov_2016,True,3,5.0,True,1,56.874300000000005,
CL,2013-08-12,71.317054125,-156.6336920625,54.99435625,gp,Jafarov_2016,True,16,5.0,True,1,54.99435625,
CL,2013-08-12,71.3170325,-156.633778,50.602375,gp,Jafarov_2016,True,8,5.0,True,1,50.602375,
CL,2013-08-12,71.31701416666667,-156.63385225,50.06628333333333,gp,Jafarov_2016,True,12,5.0,True,1,50.06628333333333,
CL,2013-08-12,71.31699318181819,-156.63393718181817,41.762381818181815,gp,Jafarov_2016,True,11,5.0,True,1,41.762381818181815,
CL,2013-08-12,71.31697766666666,-156.63400916666666,36.045516666666664,gp,Jafarov_2016,True,6,5.0,True,1,36.045516666666664,
CL,2013-08-12,71.316954375,-156.63410325,46.38086875,gp,Jafarov_2016,True,16,5.0,True,1,46.38086875,
CL,2013-08-12,71.31693899999999,-156.6341765,48.5783,gp,Jafarov_2016,True,2,5.0,True,1,48.5783,
CL,2013-08-12,71.316921125,-156.6342583125,49.583375,gp,Jafarov_2016,True,16,5.0,True,1,49.583375,
CL,2013-08-12,71.31690233333335,-156.63434099999998,53.347366666666666,gp,Jafarov_2016,True,3,5.0,True,1,53.347366666666666,
CL,2013-08-12,71.31688657142857,-156.63441014285715,57.878800000000005,gp,Jafarov_2016,True,14,5.0,True,1,57.878800000000005,
CL,2013-08-12,71.31686509090909,-156.63452572727272,60.818609090909085,gp,Jafarov_2016,True,11,5.0,True,1,60.818609090909085,
CL,2013-08-12,71.3168512,-156.63458129999998,59.203359999999996,gp,Jafarov_2016,True,10,5.0,True,1,59.203359999999996,
CL,2013-08-12,71.31682757142858,-156.6346687142857,54.18710714285714,gp,Jafarov_2016,True,14,5.0,True,1,54.18710714285714,
CL,2013-08-12,71.31681,-156.63474300000001,53.4583,gp,Jafarov_2016,True,4,5.0,True,1,53.4583,
CL,2013-08-12,71.31678929411765,-156.6348204117647,48.88488823529411,gp,Jafarov_2016,True,17,5.0,True,1,48.88488823529411,
CL,2013-08-12,71.31676575,-156.63490125,45.324937500000004,gp,Jafarov_2016,True,8,5.0,True,1,45.324937500000004,
CL,2013-08-12,71.31675973333333,-156.6349244,45.27811333333333,gp,Jafarov_2016,True,15,5.0,True,1,45.27811333333333,
CL,2013-08-12,71.3167029375,-156.6352699375,51.83621875,gp,Jafarov_2016,True,16,5.0,True,1,51.83621875,
CL,2013-08-12,71.316688,-156.635335,53.0146,gp,Jafarov_2016,True,1,5.0,False,1,53.0146,
CL,2013-08-12,71.3166740625,-156.6354041875,56.8618125,gp,Jafarov_2016,True,16,5.0,True,1,56.8618125,
CL,2013-08-12,71.3166532857143,-156.635512,57.292585714285714,gp,Jafarov_2016,True,7,5.0,True,1,57.292585714285714,
CL,2013-08-12,71.3166395,-156.63558216666667,57.91313333333333,gp,Jafarov_2016,True,6,5.0,True,1,57.91313333333333,
CL,2013-08-12,71.31661799999999,-156.6356924117647,56.315823529411766,gp,Jafarov_2016,True,17,5.0,True,1,56.315823529411766,
CL,2013-08-12,71.31658227272727,-156.63584177272728,47.29273181818182,gp,Jafarov_2016,True,22,5.0,True,1,47.29273181818182,
CL,2013-08-12,71.31654995454545,-156.63597609090908,27.147563636363635,gp,Jafarov_2016,True,22,5.0,True,1,27.147563636363635,
CL,2013-08-12,71.31652721428571,-156.63610735714286,26.38055,gp,Jafarov_2016,True,14,5.0,True,1,26.38055,
CL,2013-08-12,71.31651333333333,-156.63617916666666,33.53155,gp,Jafarov_2016,True,6,5.0,True,1,33.53155,
CL,2013-08-12,71.316501875,-156.636262375,41.75735,gp,Jafarov_2016,True,16,5.0,True,1,41.75735,
CL,2013-08-12,71.31648344444444,-156.6363758888889,42.33037777777778,gp,Jafarov_2016,True,9,5.0,True,1,42.33037777777778,
CL,2013-08-12,71.31647133333333,-156.63644316666668,42.5522,gp,Jafarov_2016,True,6,5.0,True,1,42.5522,
CL,2013-08-12,71.31645382352941,-156.63655023529412,32.32026470588236,gp,Jafarov_2016,True,17,5.0,True,1,32.32026470588236,
CL,2013-08-12,71.316439,-156.63664,37.376425,gp,Jafarov_2016,True,4,5.0,True,1,37.376425,
CL,2013-08-12,71.3164256875,-156.636716625,33.70949375,gp,Jafarov_2016,True,16,5.0,True,1,33.70949375,
CL,2013-08-12,71.316407625,-156.636824625,31.116981250000002,gp,Jafarov_2016,True,16,5.0,True,1,31.116981250000002,
CL,2013-08-12,71.316394,-156.63692,28.614600000000003,gp,Jafarov_2016,True,1,5.0,False,1,28.614600000000003,
CL,2013-08-12,71.31638381818182,-156.63698645454545,31.951963636363633,gp,Jafarov_2016,True,11,5.0,True,1,31.951963636363633,
CL,2013-08-12,71.31636183333333,-156.63710991666667,35.68505833333334,gp,Jafarov_2016,True,12,5.0,True,1,35.68505833333334,
CL,2013-08-12,71.3163495,-156.637184,33.8273,gp,Jafarov_2016,True,2,5.0,True,1,33.8273,
CL,2013-08-12,71.316337875,-156.6372590625,38.270624999999995,gp,Jafarov_2016,True,16,5.0,True,1,38.270624999999995,
CL,2013-08-12,71.3163169090909,-156.63738827272726,44.67628181818182,gp,Jafarov_2016,True,11,5.0,True,1,44.67628181818182,
CL,2013-08-12,71.31630666666666,-156.63745500000002,47.69098333333333,gp,Jafarov_2016,True,6,5.0,True,1,47.69098333333333,
CL,2013-08-12,71.31629506666667,-156.63755406666667,45.243606666666665,gp,Jafarov_2016,True,15,5.0,True,1,45.243606666666665,
CL,2013-08-12,71.31627906666667,-156.63769506666668,47.60227333333333,gp,Jafarov_2016,True,15,5.0,True,1,47.60227333333333,
CL,2013-08-12,71.31627,-156.637769,43.6983,gp,Jafarov_2016,True,1,5.0,False,1,43.6983,
CL,2013-08-12,71.3162622,-156.6378384,47.158633333333334,gp,Jafarov_2016,True,15,5.0,True,1,47.158633333333334,
CL,2013-08-12,71.316257,-156.637913,46.360099999999996,gp,Jafarov_2016,True,1,5.0,False,1,46.360099999999996,
CL,2013-08-12,71.3162378,-156.63814459999998,35.83478,gp,Jafarov_2016,True,5,5.0,True,1,35.83478,
CL,2013-08-12,71.316232875,-156.6382295,34.6383625,gp,Jafarov_2016,True,8,5.0,True,1,34.6383625,
CL,2013-08-12,71.3162285,-156.63830000000002,36.1287,gp,Jafarov_2016,True,4,5.0,True,1,36.1287,
CL,2013-08-12,71.31621826666667,-156.6383922,38.61121333333333,gp,Jafarov_2016,True,15,5.0,True,1,38.61121333333333,
CL,2013-08-12,71.31619818749999,-156.6385380625,36.8773375,gp,Jafarov_2016,True,16,5.0,True,1,36.8773375,
CL,2013-08-12,71.316188,-156.63861,39.7055,gp,Jafarov_2016,True,1,5.0,False,1,39.7055,
CL,2013-08-12,71.31618183333335,-156.63865116666668,41.480066666666666,gp,Jafarov_2016,True,6,5.0,True,1,41.480066666666666,
CL,2013-08-12,71.3161148,-156.6395500666667,35.41703333333333,gp,Jafarov_2016,True,15,5.0,True,1,35.41703333333333,
CL,2013-08-12,71.31611785714286,-156.6396697857143,35.221607142857145,gp,Jafarov_2016,True,14,5.0,True,1,35.221607142857145,
CL,2013-08-12,71.31612307692308,-156.63981284615386,34.81698461538461,gp,Jafarov_2016,True,13,5.0,True,1,34.81698461538461,
CL,2013-08-12,71.31612757142857,-156.63995347619047,34.3924380952381,gp,Jafarov_2016,True,21,5.0,True,1,34.3924380952381,
CL,2013-08-12,71.316129,-156.64008217391304,27.764930434782606,gp,Jafarov_2016,True,23,5.0,True,1,27.764930434782606,
CL,2013-08-12,71.31613533333332,-156.64022006666667,23.477266666666665,gp,Jafarov_2016,True,15,5.0,True,1,23.477266666666665,
CL,2013-08-12,71.31613842105264,-156.64035415789473,28.4806,gp,Jafarov_2016,True,19,5.0,True,1,28.4806,
CL,2013-08-12,71.316098,-156.64035633333333,30.659966666666666,gp,Jafarov_2016,True,15,5.0,True,1,30.659966666666666,
CL,2013-08-12,71.31606471428572,-156.64031885714286,27.78041428571429,gp,Jafarov_2016,True,7,5.0,True,1,27.78041428571429,
CL,2013-08-12,71.31604083333333,-156.64028733333333,31.775000000000002,gp,Jafarov_2016,True,6,5.0,True,1,31.775000000000002,
CL,2013-08-12,71.31600920000001,-156.64022166666666,32.60690666666667,gp,Jafarov_2016,True,15,5.0,True,1,32.60690666666667,
CL,2013-08-12,71.31598650000001,-156.64016750000002,34.490300000000005,gp,Jafarov_2016,True,2,5.0,True,1,34.490300000000005,
CL,2013-08-12,71.31596275,-156.64011708333334,35.198033333333335,gp,Jafarov_2016,True,12,5.0,True,1,35.198033333333335,
CL,2013-08-12,71.315934,-156.64005866666665,35.5302,gp,Jafarov_2016,True,3,5.0,True,1,35.5302,
CL,2013-08-12,71.31591263636363,-156.640012,37.231863636363634,gp,Jafarov_2016,True,11,5.0,True,1,37.231863636363634,
CL,2013-08-12,71.31588239999999,-156.6399674,38.44196,gp,Jafarov_2016,True,5,5.0,True,1,38.44196,
CL,2013-08-12,71.31580766666667,-156.63986366666666,36.339,gp,Jafarov_2016,True,3,5.0,True,1,36.339,
CL,2013-08-12,71.31577716666668,-156.63981666666666,37.494475,gp,Jafarov_2016,True,12,5.0,True,1,37.494475,
CL,2013-08-12,71.31548,-156.6394,37.0901,gp,Jafarov_2016,True,1,5.0,False,1,37.0901,
CL,2013-08-12,71.31545692307692,-156.63936138461537,37.57002307692308,gp,Jafarov_2016,True,13,5.0,True,1,37.57002307692308,
CL,2013-08-12,71.31542333333333,-156.63929100000001,45.987066666666664,gp,Jafarov_2016,True,9,5.0,True,1,45.987066666666664,
CL,2013-08-12,71.31539971428572,-156.63925700000001,44.29512857142857,gp,Jafarov_2016,True,7,5.0,True,1,44.29512857142857,
CL,2013-08-12,71.31536885714286,-156.63920207142857,38.79848571428572,gp,Jafarov_2016,True,14,5.0,True,1,38.79848571428572,
CL,2013-08-12,71.31533233333333,-156.63915216666666,39.848733333333335,gp,Jafarov_2016,True,6,5.0,True,1,39.848733333333335,
CL,2013-08-12,71.3153105,-156.63912249999998,43.2536875,gp,Jafarov_2016,True,8,5.0,True,1,43.2536875,
CL,2013-08-12,71.31527372222223,-156.63907861111113,37.744816666666665,gp,Jafarov_2016,True,18,5.0,True,1,37.744816666666665,
CL,2013-08-12,71.31523114285714,-156.6390577142857,35.01643571428571,gp,Jafarov_2016,True,14,5.0,True,1,35.01643571428571,
CL,2013-08-12,71.315187875,-156.639041625,38.24371875,gp,Jafarov_2016,True,16,5.0,True,1,38.24371875,
CL,2013-08-12,71.31515271428572,-156.639028,41.57154285714286,gp,Jafarov_2016,True,7,5.0,True,1,41.57154285714286,
CL,2013-08-12,71.31512683333334,-156.639006,42.780675,gp,Jafarov_2016,True,12,5.0,True,1,42.780675,
CL,2013-08-12,71.31509611111112,-156.63896072222224,40.421622222222226,gp,Jafarov_2016,True,18,5.0,True,1,40.421622222222226,
CL,2013-08-12,71.31505177777778,-156.63894294444447,40.87897777777778,gp,Jafarov_2016,True,18,5.0,True,1,40.87897777777778,
CL,2013-08-12,71.31500799999999,-156.6389255,41.60355,gp,Jafarov_2016,True,12,5.0,True,1,41.60355,
CL,2013-08-12,71.314962,-156.63891022222222,36.99857777777778,gp,Jafarov_2016,True,18,5.0,True,1,36.99857777777778,
CL,2013-08-12,71.3149188,-156.63892305,35.417535,gp,Jafarov_2016,True,20,5.0,True,1,35.417535,
CL,2013-08-12,71.31486857894737,-156.6389527368421,32.97146315789474,gp,Jafarov_2016,True,19,5.0,True,1,32.97146315789474,
CL,2013-08-12,71.31482821428571,-156.6389655,37.585257142857145,gp,Jafarov_2016,True,14,5.0,True,1,37.585257142857145,
CL,2013-08-12,71.31478076470589,-156.6389671764706,35.99409411764706,gp,Jafarov_2016,True,17,5.0,True,1,35.99409411764706,
CL,2013-08-12,71.31473733333334,-156.63898213333331,34.813813333333336,gp,Jafarov_2016,True,15,5.0,True,1,34.813813333333336,
CL,2013-08-12,71.31469153333335,-156.63897820000003,37.76023333333333,gp,Jafarov_2016,True,15,5.0,True,1,37.76023333333333,
CL,2013-08-12,71.3146489375,-156.638969125,41.47176875,gp,Jafarov_2016,True,16,5.0,True,1,41.47176875,
CL,2013-08-12,71.31461399999999,-156.63895371428572,41.720128571428575,gp,Jafarov_2016,True,7,5.0,True,1,41.720128571428575,
CL,2013-08-12,71.31459066666667,-156.6389361111111,40.074977777777775,gp,Jafarov_2016,True,9,5.0,True,1,40.074977777777775,
CL,2013-08-12,71.31455394444444,-156.63891944444444,47.01734444444444,gp,Jafarov_2016,True,18,5.0,True,1,47.01734444444444,
CL,2013-08-12,71.3145099375,-156.6388943125,48.95693125,gp,Jafarov_2016,True,16,5.0,True,1,48.95693125,
CL,2013-08-12,71.3144654117647,-156.63887252941177,47.789894117647066,gp,Jafarov_2016,True,17,5.0,True,1,47.789894117647066,
CL,2013-08-12,71.314423,-156.6388439375,46.492562500000005,gp,Jafarov_2016,True,16,5.0,True,1,46.492562500000005,
CL,2013-08-12,71.314401,-156.6388255,45.6693,gp,Jafarov_2016,True,2,5.0,True,1,45.6693,
CL,2013-08-12,71.31437615789473,-156.63881426315788,41.60088947368421,gp,Jafarov_2016,True,19,5.0,True,1,41.60088947368421,
CL,2013-08-12,71.31433111764706,-156.63877094117646,42.447623529411764,gp,Jafarov_2016,True,17,5.0,True,1,42.447623529411764,
CL,2013-08-12,71.31429275,-156.63873016666665,40.166466666666665,gp,Jafarov_2016,True,12,5.0,True,1,40.166466666666665,
CL,2013-08-12,71.3142665,-156.63869175,42.484575,gp,Jafarov_2016,True,4,5.0,True,1,42.484575,
CL,2013-08-12,71.31423916666667,-156.63864027777777,45.577822222222224,gp,Jafarov_2016,True,18,5.0,True,1,45.577822222222224,
CL,2013-08-12,71.31420916666666,-156.63859033333333,48.37016666666667,gp,Jafarov_2016,True,6,5.0,True,1,48.37016666666667,
CL,2013-08-12,71.3141856,-156.6385592,47.01252,gp,Jafarov_2016,True,10,5.0,True,1,47.01252,
CL,2013-08-12,71.31414757894737,-156.63850494736843,44.22801578947368,gp,Jafarov_2016,True,19,5.0,True,1,44.22801578947368,
CL,2013-08-12,71.31411849999999,-156.6384581,32.99978,gp,Jafarov_2016,True,10,5.0,True,1,32.99978,
CL,2013-08-12,71.31405464285714,-156.63835607142855,40.33977857142857,gp,Jafarov_2016,True,14,5.0,True,1,40.33977857142857,
CL,2013-08-12,71.314032,-156.638321,46.1026,gp,Jafarov_2016,True,1,5.0,False,1,46.1026,
CL,2013-08-12,71.31400782352941,-156.63826947058826,47.58089999999999,gp,Jafarov_2016,True,17,5.0,True,1,47.58089999999999,
CL,2013-08-12,71.31397716666667,-156.63820116666668,47.79243333333333,gp,Jafarov_2016,True,6,5.0,True,1,47.79243333333333,
CL,2013-08-12,71.31395326666667,-156.63814933333333,37.98555333333333,gp,Jafarov_2016,True,15,5.0,True,1,37.98555333333333,
CL,2013-08-12,71.3139268,-156.63808946666668,29.452513333333336,gp,Jafarov_2016,True,15,5.0,True,1,29.452513333333336,
CL,2013-08-12,71.313901,-156.63803675,28.7275,gp,Jafarov_2016,True,4,5.0,True,1,28.7275,
CL,2013-08-12,71.31387166666667,-156.6379818888889,33.41186111111111,gp,Jafarov_2016,True,18,5.0,True,1,33.41186111111111,
CL,2013-08-12,71.3138419,-156.6379364,37.27204,gp,Jafarov_2016,True,10,5.0,True,1,37.27204,
CL,2013-08-12,71.31381885714286,-156.63788957142856,29.377414285714284,gp,Jafarov_2016,True,14,5.0,True,1,29.377414285714284,
CL,2013-08-12,71.31378394444444,-156.6378265,26.223988888888886,gp,Jafarov_2016,True,18,5.0,True,1,26.223988888888886,
CL,2013-08-12,71.3137585,-156.6377785,30.93725,gp,Jafarov_2016,True,2,5.0,True,1,30.93725,
CL,2013-08-12,71.31372,-156.637725625,26.885975000000002,gp,Jafarov_2016,True,8,5.0,True,1,26.885975000000002,
CL,2013-08-12,71.31370077777778,-156.63770466666665,20.93296666666667,gp,Jafarov_2016,True,9,5.0,True,1,20.93296666666667,
CL,2013-08-12,71.31364027272728,-156.63762409090907,22.744063636363634,gp,Jafarov_2016,True,11,5.0,True,1,22.744063636363634,
CL,2013-08-12,71.31360588888889,-156.63755566666666,26.161388888888887,gp,Jafarov_2016,True,9,5.0,True,1,26.161388888888887,
CL,2013-08-12,71.3135845,-156.63750869999998,24.68048,gp,Jafarov_2016,True,10,5.0,True,1,24.68048,
CL,2013-08-12,71.31354894736842,-156.63743521052632,20.907626315789475,gp,Jafarov_2016,True,19,5.0,True,1,20.907626315789475,
CL,2013-08-12,71.313528,-156.637396,22.1847,gp,Jafarov_2016,True,1,5.0,False,1,22.1847,
CL,2013-08-12,71.31350315,-156.63735085000002,23.103285,gp,Jafarov_2016,True,20,5.0,True,1,23.103285,
CL,2013-08-12,71.31347277777779,-156.63728644444444,21.876600000000003,gp,Jafarov_2016,True,9,5.0,True,1,21.876600000000003,
CL,2013-08-12,71.31344877777778,-156.63723333333334,20.60557777777778,gp,Jafarov_2016,True,9,5.0,True,1,20.60557777777778,
CL,2013-08-12,71.313433,-156.637189,19.2383,gp,Jafarov_2016,True,1,5.0,False,1,19.2383,
CL,2013-08-12,71.31337429411765,-156.63702729411764,52.66132941176471,gp,Jafarov_2016,True,17,5.0,True,1,52.66132941176471,
CL,2013-08-12,71.31335314285714,-156.63696757142858,49.6185,gp,Jafarov_2016,True,14,5.0,True,1,49.6185,
CL,2013-08-12,71.31333181818182,-156.63691009090908,54.91042727272727,gp,Jafarov_2016,True,11,5.0,True,1,54.91042727272727,
CL,2013-08-12,71.313306875,-156.636841875,50.74155,gp,Jafarov_2016,True,8,5.0,True,1,50.74155,
CL,2013-08-12,71.31328084615384,-156.63676938461538,50.155153846153844,gp,Jafarov_2016,True,13,5.0,True,1,50.155153846153844,
CL,2013-08-12,71.31325835714286,-156.63670557142856,42.86315714285714,gp,Jafarov_2016,True,14,5.0,True,1,42.86315714285714,
CL,2013-08-12,71.31323347058823,-156.6366482352941,41.43681176470588,gp,Jafarov_2016,True,17,5.0,True,1,41.43681176470588,
CL,2013-08-12,71.31320799999999,-156.63658833333332,53.917833333333334,gp,Jafarov_2016,True,3,5.0,True,1,53.917833333333334,
CL,2013-08-12,71.31318204545454,-156.63652286363637,49.62620454545454,gp,Jafarov_2016,True,22,5.0,True,1,49.62620454545454,
CL,2013-08-12,71.3131555,-156.636469,48.83575,gp,Jafarov_2016,True,2,5.0,True,1,48.83575,
CL,2013-08-12,71.31313068181818,-156.6363982727273,49.40424090909091,gp,Jafarov_2016,True,22,5.0,True,1,49.40424090909091,
CL,2013-08-12,71.313108,-156.636335,48.3593,gp,Jafarov_2016,True,3,5.0,True,1,48.3593,
CL,2013-08-12,71.3130824,-156.63626896666668,48.30372333333333,gp,Jafarov_2016,True,30,5.0,True,1,48.30372333333333,
CL,2013-08-12,71.31306075,-156.6362075,46.51305,gp,Jafarov_2016,True,4,5.0,True,1,46.51305,
CL,2013-08-12,71.31303756666667,-156.63614833333335,48.6928,gp,Jafarov_2016,True,30,5.0,True,1,48.6928,
CL,2013-08-12,71.313014,-156.63607699999997,50.69049999999999,gp,Jafarov_2016,True,7,5.0,True,1,50.69049999999999,
CL,2013-08-12,71.31299132,-156.63601716,51.075068,gp,Jafarov_2016,True,25,5.0,True,1,51.075068,
CL,2013-08-12,71.31296333333334,-156.63594777777777,52.01204444444444,gp,Jafarov_2016,True,9,5.0,True,1,52.01204444444444,
CL,2013-08-12,71.31293972222221,-156.6358862777778,51.48929444444444,gp,Jafarov_2016,True,18,5.0,True,1,51.48929444444444,
CL,2013-08-12,71.31291115384616,-156.6358176153846,49.101461538461535,gp,Jafarov_2016,True,13,5.0,True,1,49.101461538461535,
CL,2013-08-12,71.31289,-156.6357545,47.743875,gp,Jafarov_2016,True,12,5.0,True,1,47.743875,
CL,2013-08-12,71.31286508333334,-156.63568616666666,48.12109999999999,gp,Jafarov_2016,True,12,5.0,True,1,48.12109999999999,
CL,2013-08-12,71.3128434,-156.63561646666668,48.94690666666666,gp,Jafarov_2016,True,15,5.0,True,1,48.94690666666666,
CL,2013-08-12,71.31282437499999,-156.63555125,50.8904375,gp,Jafarov_2016,True,8,5.0,True,1,50.8904375,
CL,2013-08-12,71.31280177777778,-156.63548816666668,49.75557777777777,gp,Jafarov_2016,True,18,5.0,True,1,49.75557777777777,
CL,2013-08-12,71.31277292857143,-156.63542057142857,46.58114285714286,gp,Jafarov_2016,True,14,5.0,True,1,46.58114285714286,
CL,2013-08-12,71.31274878571428,-156.6353729285714,47.67015714285714,gp,Jafarov_2016,True,14,5.0,True,1,47.67015714285714,
CL,2013-08-12,71.31271588888889,-156.63530550000002,48.66367777777778,gp,Jafarov_2016,True,18,5.0,True,1,48.66367777777778,
CL,2013-08-12,71.31267117391305,-156.6352142173913,49.29147826086956,gp,Jafarov_2016,True,23,5.0,True,1,49.29147826086956,
CL,2013-08-12,71.31264042857143,-156.6351432857143,51.575314285714285,gp,Jafarov_2016,True,7,5.0,True,1,51.575314285714285,
CL,2013-08-12,71.312618,-156.63508405555555,54.88396111111111,gp,Jafarov_2016,True,18,5.0,True,1,54.88396111111111,
CL,2013-08-12,71.3125921111111,-156.6350191111111,48.56444444444444,gp,Jafarov_2016,True,9,5.0,True,1,48.56444444444444,
CL,2013-08-12,71.3125675,-156.6349625,49.9576125,gp,Jafarov_2016,True,16,5.0,True,1,49.9576125,
CL,2013-08-12,71.31253688235293,-156.63489447058822,47.71331764705882,gp,Jafarov_2016,True,17,5.0,True,1,47.71331764705882,
CL,2013-08-12,71.31251416666667,-156.63484433333335,47.644650000000006,gp,Jafarov_2016,True,6,5.0,True,1,47.644650000000006,
CL,2013-08-12,71.31248961538462,-156.6347718846154,49.36715,gp,Jafarov_2016,True,26,5.0,True,1,49.36715,
CL,2013-08-12,71.3124705,-156.63471425,54.702,gp,Jafarov_2016,True,8,5.0,True,1,54.702,
CL,2013-08-12,71.31244242105264,-156.6346472631579,58.07003157894737,gp,Jafarov_2016,True,19,5.0,True,1,58.07003157894737,
CL,2013-08-12,71.3124185,-156.634588,52.170849999999994,gp,Jafarov_2016,True,2,5.0,True,1,52.170849999999994,
CL,2013-08-12,71.31239409999999,-156.6345232,49.258585,gp,Jafarov_2016,True,20,5.0,True,1,49.258585,
CL,2013-08-12,71.312371,-156.6344555,46.4535,gp,Jafarov_2016,True,2,5.0,True,1,46.4535,
CL,2013-08-12,71.31234561904762,-156.63439766666664,51.73412380952381,gp,Jafarov_2016,True,21,5.0,True,1,51.73412380952381,
CL,2013-08-12,71.31231775,-156.63434425,55.416650000000004,gp,Jafarov_2016,True,4,5.0,True,1,55.416650000000004,
CL,2013-08-12,71.31229535714286,-156.63428614285712,55.09761428571429,gp,Jafarov_2016,True,14,5.0,True,1,55.09761428571429,
CL,2013-08-12,71.3122667,-156.6342196,56.196839999999995,gp,Jafarov_2016,True,10,5.0,True,1,56.196839999999995,
CL,2013-08-12,71.3122436,-156.63417220000002,55.808539999999994,gp,Jafarov_2016,True,10,5.0,True,1,55.808539999999994,
CL,2013-08-12,71.31222276190476,-156.6341126190476,56.04257619047619,gp,Jafarov_2016,True,21,5.0,True,1,56.04257619047619,
CL,2013-08-12,71.312192625,-156.634038,55.26775,gp,Jafarov_2016,True,8,5.0,True,1,55.26775,
CL,2013-08-12,71.3121719375,-156.633974875,51.575312499999995,gp,Jafarov_2016,True,16,5.0,True,1,51.575312499999995,
CL,2013-08-12,71.31214733333334,-156.63389822222223,48.3196,gp,Jafarov_2016,True,9,5.0,True,1,48.3196,
CL,2013-08-12,71.312126,-156.6338298,48.60943999999999,gp,Jafarov_2016,True,10,5.0,True,1,48.60943999999999,
CL,2013-08-12,71.31210354545455,-156.63375781818183,50.22173636363636,gp,Jafarov_2016,True,11,5.0,True,1,50.22173636363636,
CL,2013-08-12,71.31208255555556,-156.633691,51.48266666666666,gp,Jafarov_2016,True,9,5.0,True,1,51.48266666666666,
CL,2013-08-12,71.3120584,-156.6336151,48.311629999999994,gp,Jafarov_2016,True,10,5.0,True,1,48.311629999999994,
CL,2013-08-12,71.31203699999999,-156.63354522222224,48.941622222222215,gp,Jafarov_2016,True,9,5.0,True,1,48.941622222222215,
CL,2013-08-12,71.31201661111112,-156.6334547222222,50.09965555555555,gp,Jafarov_2016,True,18,5.0,True,1,50.09965555555555,
CL,2013-08-12,71.31199866666667,-156.633374,49.5504,gp,Jafarov_2016,True,3,5.0,True,1,49.5504,
CL,2013-08-12,71.31198414285714,-156.63330957142855,48.36781428571429,gp,Jafarov_2016,True,14,5.0,True,1,48.36781428571429,
CL,2013-08-12,71.3119606153846,-156.633195,46.82919230769231,gp,Jafarov_2016,True,13,5.0,True,1,46.82919230769231,
CL,2013-08-12,71.31194525000001,-156.633126,49.4313,gp,Jafarov_2016,True,4,5.0,True,1,49.4313,
CL,2013-08-12,71.31192747368421,-156.63304663157894,46.14633157894737,gp,Jafarov_2016,True,19,5.0,True,1,46.14633157894737,
CL,2013-08-12,71.31190976923077,-156.63293476923076,38.308115384615384,gp,Jafarov_2016,True,13,5.0,True,1,38.308115384615384,
CL,2013-08-12,71.31189771428572,-156.63286314285713,42.71001428571429,gp,Jafarov_2016,True,7,5.0,True,1,42.71001428571429,
CL,2013-08-12,71.31188183333333,-156.63277611111113,45.9175,gp,Jafarov_2016,True,18,5.0,True,1,45.9175,
CL,2013-08-12,71.31186133333334,-156.63265491666667,46.68181666666667,gp,Jafarov_2016,True,12,5.0,True,1,46.68181666666667,
CL,2013-08-12,71.31184957142857,-156.63258442857142,49.63551428571429,gp,Jafarov_2016,True,7,5.0,True,1,49.63551428571429,
CL,2013-08-12,71.31183189473684,-156.63249263157894,51.5564894736842,gp,Jafarov_2016,True,19,5.0,True,1,51.5564894736842,
CL,2013-08-12,71.31181122222222,-156.632392,50.291577777777775,gp,Jafarov_2016,True,9,5.0,True,1,50.291577777777775,
CL,2013-08-12,71.31179666666667,-156.63232377777777,46.28146666666667,gp,Jafarov_2016,True,9,5.0,True,1,46.28146666666667,
CL,2013-08-12,71.311773375,-156.632219375,42.37394583333333,gp,Jafarov_2016,True,24,5.0,True,1,42.37394583333333,
CL,2013-08-12,71.31174154545455,-156.63208413636363,47.87744090909091,gp,Jafarov_2016,True,22,5.0,True,1,47.87744090909091,
CL,2013-08-12,71.31171866666666,-156.63198,48.9628,gp,Jafarov_2016,True,15,5.0,True,1,48.9628,
CL,2013-08-12,71.31169990909092,-156.63191372727272,43.21739090909091,gp,Jafarov_2016,True,11,5.0,True,1,43.21739090909091,
CL,2013-08-12,71.3116778095238,-156.63181942857142,46.83840476190476,gp,Jafarov_2016,True,21,5.0,True,1,46.83840476190476,
CL,2013-08-12,71.31164505000001,-156.63167655,50.84874,gp,Jafarov_2016,True,20,5.0,True,1,50.84874,
CL,2013-08-12,71.3116255,-156.6315865,50.97979999999999,gp,Jafarov_2016,True,12,5.0,True,1,50.97979999999999,
CL,2013-08-12,71.31160661538462,-156.63151338461537,50.39336923076923,gp,Jafarov_2016,True,13,5.0,True,1,50.39336923076923,
CL,2013-08-12,71.31158549999999,-156.6314166818182,44.64518181818182,gp,Jafarov_2016,True,22,5.0,True,1,44.64518181818182,
CL,2013-08-12,71.311567,-156.631342,36.4481,gp,Jafarov_2016,True,1,5.0,False,1,36.4481,
CL,2013-08-12,71.3115539375,-156.63126575,21.3060875,gp,Jafarov_2016,True,16,5.0,True,1,21.3060875,
CL,2013-08-12,71.31152911764705,-156.6311377647059,19.968705882352943,gp,Jafarov_2016,True,17,5.0,True,1,19.968705882352943,
CL,2013-08-12,71.31151575,-156.63107325,17.56895,gp,Jafarov_2016,True,4,5.0,True,1,17.56895,
CL,2013-08-12,71.31149317391304,-156.63100039130435,22.439591304347825,gp,Jafarov_2016,True,23,5.0,True,1,22.439591304347825,
CL,2013-08-12,71.311473,-156.630932,33.5895,gp,Jafarov_2016,True,1,5.0,False,1,33.5895,
CL,2013-08-12,71.31145352173912,-156.63086530434782,46.85746086956521,gp,Jafarov_2016,True,23,5.0,True,1,46.85746086956521,
CL,2013-08-12,71.311428,-156.63079349999998,52.409099999999995,gp,Jafarov_2016,True,2,5.0,True,1,52.409099999999995,
CL,2013-08-12,71.31140431818181,-156.6307324090909,52.25748181818181,gp,Jafarov_2016,True,22,5.0,True,1,52.25748181818181,
CL,2013-08-12,71.31137749999999,-156.6306685,51.0989,gp,Jafarov_2016,True,2,5.0,True,1,51.0989,
CL,2013-08-12,71.31135568181818,-156.63061377272726,49.16059545454546,gp,Jafarov_2016,True,22,5.0,True,1,49.16059545454546,
CL,2013-08-12,71.3113295,-156.6305421666667,49.70923333333334,gp,Jafarov_2016,True,6,5.0,True,1,49.70923333333334,
CL,2013-08-12,71.31130581818182,-156.6304775909091,49.97814090909091,gp,Jafarov_2016,True,22,5.0,True,1,49.97814090909091,
CL,2013-08-12,71.3112814,-156.6304096,48.931020000000004,gp,Jafarov_2016,True,5,5.0,True,1,48.931020000000004,
CL,2013-08-12,71.31125869565217,-156.63033965217392,49.36915652173912,gp,Jafarov_2016,True,23,5.0,True,1,49.36915652173912,
CL,2013-08-12,71.311238,-156.63027433333335,50.3842,gp,Jafarov_2016,True,3,5.0,True,1,50.3842,
CL,2013-08-12,71.31121433333333,-156.63019670833333,43.94720833333333,gp,Jafarov_2016,True,24,5.0,True,1,43.94720833333333,
CL,2013-08-12,71.311193,-156.6301325,16.4374,gp,Jafarov_2016,True,2,5.0,True,1,16.4374,
CL,2013-08-12,71.31117257142857,-156.6300654285714,25.7281,gp,Jafarov_2016,True,21,5.0,True,1,25.7281,
CL,2013-08-12,71.311149,-156.62997566666667,34.18503333333334,gp,Jafarov_2016,True,3,5.0,True,1,34.18503333333334,
CL,2013-08-12,71.31112988,-156.6299136,40.278756,gp,Jafarov_2016,True,25,5.0,True,1,40.278756,
CL,2013-08-12,71.31110433333333,-156.62983666666665,47.06895,gp,Jafarov_2016,True,6,5.0,True,1,47.06895,
CL,2013-08-12,71.31108515151514,-156.62977412121214,36.996796969696966,gp,Jafarov_2016,True,33,5.0,True,1,36.996796969696966,
CL,2013-08-12,71.3110446,-156.6297304,23.155279999999998,gp,Jafarov_2016,True,5,5.0,True,1,23.155279999999998,
CL,2013-08-12,71.31102442857143,-156.62972057142858,29.7779,gp,Jafarov_2016,True,7,5.0,True,1,29.7779,
CL,2013-08-12,71.3109890625,-156.6297098125,46.81830625,gp,Jafarov_2016,True,16,5.0,True,1,46.81830625,
CL,2013-08-12,71.3109416923077,-156.6297000769231,24.36289230769231,gp,Jafarov_2016,True,13,5.0,True,1,24.36289230769231,
CL,2013-08-12,71.31089328571429,-156.62966649999998,32.21117857142857,gp,Jafarov_2016,True,14,5.0,True,1,32.21117857142857,
CL,2013-08-12,71.31086227272728,-156.62963281818182,47.21148181818182,gp,Jafarov_2016,True,11,5.0,True,1,47.21148181818182,
CL,2013-08-12,71.310837375,-156.629583125,48.9846375,gp,Jafarov_2016,True,8,5.0,True,1,48.9846375,
CL,2013-08-12,71.31081164285715,-156.62951900000002,44.802971428571425,gp,Jafarov_2016,True,14,5.0,True,1,44.802971428571425,
CL,2013-08-12,71.310788,-156.629453375,46.393950000000004,gp,Jafarov_2016,True,8,5.0,True,1,46.393950000000004,
CL,2013-08-12,71.31076493333333,-156.62939366666666,46.97760666666667,gp,Jafarov_2016,True,15,5.0,True,1,46.97760666666667,
CL,2013-08-12,71.310740875,-156.6293205,44.78595,gp,Jafarov_2016,True,8,5.0,True,1,44.78595,
CL,2013-08-12,71.31072107142857,-156.62925264285715,44.63283571428571,gp,Jafarov_2016,True,14,5.0,True,1,44.63283571428571,
CL,2013-08-12,71.31069763636364,-156.62916745454547,45.52225454545455,gp,Jafarov_2016,True,11,5.0,True,1,45.52225454545455,
CL,2013-08-12,71.31067850000001,-156.6291026,46.42968,gp,Jafarov_2016,True,10,5.0,True,1,46.42968,
CL,2013-08-12,71.31065331578948,-156.62902221052633,47.09922631578947,gp,Jafarov_2016,True,19,5.0,True,1,47.09922631578947,
CL,2013-08-12,71.31063333333333,-156.62895033333334,45.34181111111111,gp,Jafarov_2016,True,9,5.0,True,1,45.34181111111111,
CL,2013-08-12,71.31061315789474,-156.62889231578947,43.72021052631579,gp,Jafarov_2016,True,19,5.0,True,1,43.72021052631579,
CL,2013-08-12,71.3105875,-156.628825,40.73616666666667,gp,Jafarov_2016,True,6,5.0,True,1,40.73616666666667,
CL,2013-08-12,71.31056504,-156.62875268,43.075516,gp,Jafarov_2016,True,25,5.0,True,1,43.075516,
CL,2013-08-12,71.3105407,-156.6286882,49.097789999999996,gp,Jafarov_2016,True,10,5.0,True,1,49.097789999999996,
CL,2013-08-12,71.31051766666666,-156.6286288,48.48634666666667,gp,Jafarov_2016,True,15,5.0,True,1,48.48634666666667,
CL,2013-08-12,71.3104916,-156.6285671,43.64248,gp,Jafarov_2016,True,10,5.0,True,1,43.64248,
CL,2013-08-12,71.31046853333334,-156.6285024,42.911926666666666,gp,Jafarov_2016,True,15,5.0,True,1,42.911926666666666,
CL,2013-08-12,71.31044192857142,-156.62844021428572,43.82455,gp,Jafarov_2016,True,14,5.0,True,1,43.82455,
CL,2013-08-12,71.31041630769231,-156.62837715384615,46.23360000000001,gp,Jafarov_2016,True,13,5.0,True,1,46.23360000000001,
CL,2013-08-12,71.31039892857143,-156.62830935714285,45.12627142857143,gp,Jafarov_2016,True,14,5.0,True,1,45.12627142857143,
CL,2013-08-12,71.310376,-156.6282067894737,46.50994210526316,gp,Jafarov_2016,True,19,5.0,True,1,46.50994210526316,
CL,2013-08-12,71.31035825,-156.62814125,45.9771,gp,Jafarov_2016,True,4,5.0,True,1,45.9771,
CL,2013-08-12,71.31034195454545,-156.62806118181817,47.99112727272727,gp,Jafarov_2016,True,22,5.0,True,1,47.99112727272727,
CL,2013-08-12,71.31031887500001,-156.62796625,47.6446,gp,Jafarov_2016,True,8,5.0,True,1,47.6446,
CL,2013-08-12,71.31030311111111,-156.6279078888889,46.77776111111111,gp,Jafarov_2016,True,18,5.0,True,1,46.77776111111111,
CL,2013-08-12,71.31027884615385,-156.6278319230769,46.00456153846154,gp,Jafarov_2016,True,13,5.0,True,1,46.00456153846154,
CL,2013-08-12,71.3102555,-156.62776241666668,44.85544166666667,gp,Jafarov_2016,True,12,5.0,True,1,44.85544166666667,
CL,2013-08-12,71.31023221428572,-156.62768378571428,46.7258,gp,Jafarov_2016,True,14,5.0,True,1,46.7258,
CL,2013-08-12,71.31021000000001,-156.62761700000001,47.19199,gp,Jafarov_2016,True,10,5.0,True,1,47.19199,
CL,2013-08-12,71.31018746666668,-156.62755453333332,37.70278,gp,Jafarov_2016,True,15,5.0,True,1,37.70278,
CL,2013-08-12,71.3101625,-156.6274884375,33.67135625,gp,Jafarov_2016,True,16,5.0,True,1,33.67135625,
CL,2013-08-12,71.310136375,-156.627441625,35.316562499999996,gp,Jafarov_2016,True,8,5.0,True,1,35.316562499999996,
CL,2013-08-12,71.31010115384615,-156.62737992307692,40.470453846153845,gp,Jafarov_2016,True,26,5.0,True,1,40.470453846153845,
CL,2013-08-12,71.310078,-156.627332,40.4384,gp,Jafarov_2016,True,1,5.0,False,1,40.4384,
CL,2013-08-12,71.31005622727274,-156.62727581818183,41.801854545454546,gp,Jafarov_2016,True,22,5.0,True,1,41.801854545454546,
CL,2013-08-12,71.3100249090909,-156.62721654545456,43.65619090909091,gp,Jafarov_2016,True,11,5.0,True,1,43.65619090909091,
CL,2013-08-12,71.310002,-156.6271762,42.725319999999996,gp,Jafarov_2016,True,10,5.0,True,1,42.725319999999996,
CL,2013-08-12,71.30996663636364,-156.62712031818182,43.94134090909091,gp,Jafarov_2016,True,22,5.0,True,1,43.94134090909091,
CL,2013-08-12,71.309938,-156.627069,42.7908375,gp,Jafarov_2016,True,8,5.0,True,1,42.7908375,
CL,2013-08-12,71.30991778947369,-156.62702757894738,43.7265,gp,Jafarov_2016,True,19,5.0,True,1,43.7265,
CL,2013-08-12,71.30988694117647,-156.6269614117647,45.10825882352941,gp,Jafarov_2016,True,17,5.0,True,1,45.10825882352941,
CL,2013-08-12,71.3098621,-156.6269084,46.91637,gp,Jafarov_2016,True,10,5.0,True,1,46.91637,
CL,2013-08-12,71.309830625,-156.62684375,46.4248125,gp,Jafarov_2016,True,16,5.0,True,1,46.4248125,
CL,2013-08-12,71.30980866666667,-156.62679333333332,45.9771,gp,Jafarov_2016,True,3,5.0,True,1,45.9771,
CL,2013-08-12,71.30978546153845,-156.62673326923078,46.47183076923078,gp,Jafarov_2016,True,26,5.0,True,1,46.47183076923078,
CL,2013-08-12,71.30973866666666,-156.62659175,45.61473750000001,gp,Jafarov_2016,True,24,5.0,True,1,45.61473750000001,
CL,2013-08-12,71.3097164,-156.62650920000002,45.6594,gp,Jafarov_2016,True,5,5.0,True,1,45.6594,
CL,2013-08-12,71.30969833333333,-156.62644894444443,45.416788888888895,gp,Jafarov_2016,True,18,5.0,True,1,45.416788888888895,
CL,2013-08-12,71.30967275,-156.62637108333334,45.12345,gp,Jafarov_2016,True,12,5.0,True,1,45.12345,
CL,2013-08-12,71.30964972,-156.6262964,47.415955999999994,gp,Jafarov_2016,True,25,5.0,True,1,47.415955999999994,
CL,2013-08-12,71.30962833333334,-156.62623975,47.54866666666667,gp,Jafarov_2016,True,12,5.0,True,1,47.54866666666667,
CL,2013-08-12,71.30960095,-156.62617395,46.540865,gp,Jafarov_2016,True,20,5.0,True,1,46.540865,
CL,2013-08-12,71.3095782857143,-156.62611771428573,44.734899999999996,gp,Jafarov_2016,True,7,5.0,True,1,44.734899999999996,
CL,2013-08-12,71.30955303448276,-156.6260735862069,46.100296551724135,gp,Jafarov_2016,True,29,5.0,True,1,46.100296551724135,
CL,2013-08-12,71.30951441666666,-156.62601866666668,49.07399999999999,gp,Jafarov_2016,True,12,5.0,True,1,49.07399999999999,
CL,2013-08-12,71.30949025,-156.62597575,49.014424999999996,gp,Jafarov_2016,True,8,5.0,True,1,49.014424999999996,
CL,2013-08-12,71.30945815,-156.62592,48.820274999999995,gp,Jafarov_2016,True,20,5.0,True,1,48.820274999999995,
CL,2013-08-12,71.30942999999999,-156.6258744,47.19676,gp,Jafarov_2016,True,5,5.0,True,1,47.19676,
CL,2013-08-12,71.30940892307693,-156.62584876923077,46.42052307692308,gp,Jafarov_2016,True,13,5.0,True,1,46.42052307692308,
CL,2013-08-12,71.30936677272727,-156.62580768181817,46.2153,gp,Jafarov_2016,True,22,5.0,True,1,46.2153,
CL,2013-08-12,71.30932636842105,-156.62576036842106,46.76068947368421,gp,Jafarov_2016,True,19,5.0,True,1,46.76068947368421,
CL,2013-08-12,71.30930485714285,-156.62573214285712,46.98101428571429,gp,Jafarov_2016,True,7,5.0,True,1,46.98101428571429,
CL,2013-08-12,71.30927530434782,-156.62570482608697,46.60885217391304,gp,Jafarov_2016,True,23,5.0,True,1,46.60885217391304,
CL,2013-08-12,71.30923514814815,-156.62567085185185,46.56820740740741,gp,Jafarov_2016,True,27,5.0,True,1,46.56820740740741,
CL,2013-08-12,71.30918588235293,-156.6256425882353,46.7477705882353,gp,Jafarov_2016,True,17,5.0,True,1,46.7477705882353,
CL,2013-08-12,71.309146125,-156.625624,46.855525,gp,Jafarov_2016,True,8,5.0,True,1,46.855525,
CL,2013-08-12,71.30913952941177,-156.6256191764706,46.93,gp,Jafarov_2016,True,17,5.0,True,1,46.93,
CL,2013-08-12,71.30909244444445,-156.6256131111111,47.23435555555555,gp,Jafarov_2016,True,18,5.0,True,1,47.23435555555555,
CL,2013-08-12,71.309113,-156.625626,46.93,gp,Jafarov_2016,True,4,5.0,True,1,46.93,
CL,2013-08-12,71.309048,-156.6255672,48.526039999999995,gp,Jafarov_2016,True,25,5.0,True,1,48.526039999999995,
CL,2013-08-12,71.30900542105263,-156.62555031578947,50.797936842105265,gp,Jafarov_2016,True,19,5.0,True,1,50.797936842105265,
CL,2013-08-12,71.3089643076923,-156.6255193846154,52.85805384615385,gp,Jafarov_2016,True,13,5.0,True,1,52.85805384615385,
CL,2013-08-12,71.3089435,-156.625503,54.0767,gp,Jafarov_2016,True,2,5.0,True,1,54.0767,
CL,2013-08-12,71.30891475,-156.6254653125,53.7218125,gp,Jafarov_2016,True,16,5.0,True,1,53.7218125,
CL,2013-08-12,71.30887338461538,-156.62540853846153,50.793453846153845,gp,Jafarov_2016,True,13,5.0,True,1,50.793453846153845,
CL,2013-08-12,71.3088525,-156.62536925,50.9798,gp,Jafarov_2016,True,4,5.0,True,1,50.9798,
CL,2013-08-12,71.30882513333333,-156.62533006666666,50.75342,gp,Jafarov_2016,True,15,5.0,True,1,50.75342,
CL,2013-08-12,71.30877860000001,-156.6252848,51.96041999999999,gp,Jafarov_2016,True,15,5.0,True,1,51.96041999999999,
CL,2013-08-12,71.3087495,-156.62525975,52.88549999999999,gp,Jafarov_2016,True,4,5.0,True,1,52.88549999999999,
CL,2013-08-12,71.30872425,-156.62523091666665,52.46865,gp,Jafarov_2016,True,12,5.0,True,1,52.46865,
CL,2013-08-12,71.30868691666667,-156.62520616666666,51.241141666666664,gp,Jafarov_2016,True,12,5.0,True,1,51.241141666666664,
CL,2013-08-12,71.3086414,-156.6251802,51.067094999999995,gp,Jafarov_2016,True,20,5.0,True,1,51.067094999999995,
CL,2013-08-12,71.30859822727273,-156.62515477272729,52.03009545454545,gp,Jafarov_2016,True,22,5.0,True,1,52.03009545454545,
CL,2013-08-12,71.30855125000001,-156.62515960000002,52.468650000000004,gp,Jafarov_2016,True,20,5.0,True,1,52.468650000000004,
CL,2013-08-12,71.30850585,-156.62518115,51.134585,gp,Jafarov_2016,True,20,5.0,True,1,51.134585,
CL,2013-08-12,71.30846360000001,-156.62520475,52.974875,gp,Jafarov_2016,True,20,5.0,True,1,52.974875,
CL,2013-08-12,71.30841622727273,-156.62525186363635,54.29321818181818,gp,Jafarov_2016,True,22,5.0,True,1,54.29321818181818,
CL,2013-08-12,71.308395,-156.625293,55.506,gp,Jafarov_2016,True,1,5.0,False,1,55.506,
CL,2013-08-12,71.3083703,-156.62531610000002,54.0588,gp,Jafarov_2016,True,20,5.0,True,1,54.0588,
CL,2013-08-12,71.30833031707317,-156.62538682926828,51.73800243902439,gp,Jafarov_2016,True,41,5.0,True,1,51.73800243902439,
CL,2013-08-12,71.30829161764706,-156.6255079117647,51.57531176470588,gp,Jafarov_2016,True,34,5.0,True,1,51.57531176470588,
CL,2013-08-12,71.30824896296296,-156.62566233333334,50.85624444444444,gp,Jafarov_2016,True,27,5.0,True,1,50.85624444444444,
CL,2013-08-12,71.3082266,-156.6257492,50.0269,gp,Jafarov_2016,True,5,5.0,True,1,50.0269,
CL,2013-08-12,71.3082111875,-156.6258194375,53.75655625,gp,Jafarov_2016,True,16,5.0,True,1,53.75655625,
CL,2013-08-12,71.30818785714287,-156.62590414285714,54.82537142857143,gp,Jafarov_2016,True,7,5.0,True,1,54.82537142857143,
CL,2013-08-12,71.30816757692308,-156.62596776923075,48.40512692307693,gp,Jafarov_2016,True,26,5.0,True,1,48.40512692307693,
CL,2013-08-12,71.30814314285713,-156.62605200000002,44.59878571428572,gp,Jafarov_2016,True,7,5.0,True,1,44.59878571428572,
CL,2013-08-12,71.308119125,-156.6261246875,43.736275,gp,Jafarov_2016,True,16,5.0,True,1,43.736275,
CL,2013-08-12,71.30809880000001,-156.6261796,44.3095,gp,Jafarov_2016,True,5,5.0,True,1,44.3095,
CL,2013-08-12,71.308063,-156.626282,46.12867272727272,gp,Jafarov_2016,True,11,5.0,True,1,46.12867272727272,
CL,2013-08-12,71.308052,-156.626317,47.1682,gp,Jafarov_2016,True,1,5.0,False,1,47.1682,
CL,2013-08-12,71.30802727272727,-156.62638177272726,46.42103181818182,gp,Jafarov_2016,True,22,5.0,True,1,46.42103181818182,
CL,2013-08-12,71.30799833333333,-156.6264485,46.65201666666667,gp,Jafarov_2016,True,6,5.0,True,1,46.65201666666667,
CL,2013-08-12,71.30797825,-156.62649025,46.49074375,gp,Jafarov_2016,True,16,5.0,True,1,46.49074375,
CL,2013-08-12,71.30794496296296,-156.62657199999998,42.93311111111111,gp,Jafarov_2016,True,27,5.0,True,1,42.93311111111111,
CL,2013-08-12,71.307924,-156.6266208,47.19199999999999,gp,Jafarov_2016,True,5,5.0,True,1,47.19199999999999,
CL,2013-08-12,71.30789822727273,-156.6266806818182,45.533109090909086,gp,Jafarov_2016,True,22,5.0,True,1,45.533109090909086,
CL,2013-08-12,71.307867625,-156.6267445,46.1557375,gp,Jafarov_2016,True,8,5.0,True,1,46.1557375,
CL,2013-08-12,71.30784733333333,-156.62678258333332,46.21033333333333,gp,Jafarov_2016,True,12,5.0,True,1,46.21033333333333,
CL,2013-08-12,71.30781071428571,-156.62685438095238,46.58114285714286,gp,Jafarov_2016,True,21,5.0,True,1,46.58114285714286,
CL,2013-08-12,71.30776406666668,-156.6269484,44.722413333333336,gp,Jafarov_2016,True,30,5.0,True,1,44.722413333333336,
CL,2013-08-12,71.3077278,-156.6270236,44.297615,gp,Jafarov_2016,True,20,5.0,True,1,44.297615,
CL,2013-08-12,71.3077081,-156.6270841,44.04748,gp,Jafarov_2016,True,10,5.0,True,1,44.04748,
CL,2013-08-12,71.3076907368421,-156.6271447368421,45.73885263157894,gp,Jafarov_2016,True,19,5.0,True,1,45.73885263157894,
CL,2013-08-12,71.307667,-156.62722283333332,45.9771,gp,Jafarov_2016,True,6,5.0,True,1,45.9771,
CL,2013-08-12,71.30763894117646,-156.6272948235294,45.9771,gp,Jafarov_2016,True,17,5.0,True,1,45.9771,
CL,2013-08-12,71.307617,-156.627353,45.9771,gp,Jafarov_2016,True,3,5.0,True,1,45.9771,
CL,2013-08-12,71.30759119047619,-156.6274108095238,46.40815714285714,gp,Jafarov_2016,True,21,5.0,True,1,46.40815714285714,
CL,2013-08-12,71.307562625,-156.6274775,47.8233125,gp,Jafarov_2016,True,8,5.0,True,1,47.8233125,
CL,2013-08-12,71.30753977777778,-156.62752188888888,46.50646666666667,gp,Jafarov_2016,True,9,5.0,True,1,46.50646666666667,
CL,2013-08-12,71.30750951724139,-156.62759055172413,44.02201724137931,gp,Jafarov_2016,True,29,5.0,True,1,44.02201724137931,
CL,2013-08-12,71.30745965,-156.6276921,44.07726,gp,Jafarov_2016,True,20,5.0,True,1,44.07726,
CL,2013-08-12,71.3074306,-156.62776300000002,43.99984,gp,Jafarov_2016,True,10,5.0,True,1,43.99984,
CL,2013-08-12,71.30740733333333,-156.62780877777777,44.29626666666667,gp,Jafarov_2016,True,9,5.0,True,1,44.29626666666667,
CL,2013-08-12,71.30737294117647,-156.62788632352942,37.25929411764706,gp,Jafarov_2016,True,34,5.0,True,1,37.25929411764706,
CL,2013-08-12,71.307354,-156.627939,20.249,gp,Jafarov_2016,True,1,5.0,False,1,20.249,
CL,2013-08-12,71.30734933333333,-156.6279495,19.574,gp,Jafarov_2016,True,6,5.0,True,1,19.574,
CL,2013-08-12,71.30732647368421,-156.62786257894737,37.80721578947368,gp,Jafarov_2016,True,19,5.0,True,1,37.80721578947368,
CL,2013-08-12,71.30729042105263,-156.62783184210525,43.4076052631579,gp,Jafarov_2016,True,19,5.0,True,1,43.4076052631579,
CL,2013-08-12,71.30726788888889,-156.62779277777776,44.835522222222224,gp,Jafarov_2016,True,9,5.0,True,1,44.835522222222224,
CL,2013-08-12,71.30723847826087,-156.6277330869565,44.36829130434783,gp,Jafarov_2016,True,23,5.0,True,1,44.36829130434783,
CL,2013-08-12,71.30721075,-156.6276825,34.04505,gp,Jafarov_2016,True,4,5.0,True,1,34.04505,
CL,2013-08-12,71.30718959999999,-156.62764353333333,35.72748,gp,Jafarov_2016,True,15,5.0,True,1,35.72748,
CL,2013-08-12,71.30715577777778,-156.62757577777776,41.8602,gp,Jafarov_2016,True,9,5.0,True,1,41.8602,
CL,2013-08-12,71.30713355555555,-156.6275222222222,40.98911111111111,gp,Jafarov_2016,True,9,5.0,True,1,40.98911111111111,
CL,2013-08-12,71.30710375,-156.62746195,41.853825,gp,Jafarov_2016,True,20,5.0,True,1,41.853825,
CL,2013-08-12,71.3070806,-156.6274014,42.06966,gp,Jafarov_2016,True,5,5.0,True,1,42.06966,
CL,2013-08-12,71.30706147058824,-156.62734029411763,43.110088235294114,gp,Jafarov_2016,True,17,5.0,True,1,43.110088235294114,
CL,2013-08-12,71.30703675,-156.62724975,49.515074999999996,gp,Jafarov_2016,True,8,5.0,True,1,49.515074999999996,
CL,2013-08-12,71.30701841666666,-156.62718208333334,45.81425833333333,gp,Jafarov_2016,True,12,5.0,True,1,45.81425833333333,
CL,2013-08-12,71.30699453846154,-156.6270916923077,45.985138461538455,gp,Jafarov_2016,True,13,5.0,True,1,45.985138461538455,
CL,2013-08-12,71.3069784,-156.6270228,45.4521,gp,Jafarov_2016,True,5,5.0,True,1,45.4521,
CL,2013-08-12,71.30695952941176,-156.62693335294117,45.60238235294118,gp,Jafarov_2016,True,17,5.0,True,1,45.60238235294118,
CL,2013-08-12,71.30694125,-156.62684475,40.0899125,gp,Jafarov_2016,True,8,5.0,True,1,40.0899125,
CL,2013-08-12,71.30692147368421,-156.6267785263158,40.96902631578948,gp,Jafarov_2016,True,19,5.0,True,1,40.96902631578948,
CL,2013-08-12,71.30690335714286,-156.6266897857143,43.52053214285714,gp,Jafarov_2016,True,28,5.0,True,1,43.52053214285714,
CL,2013-08-12,71.3068825,-156.62661674999998,48.88745,gp,Jafarov_2016,True,4,5.0,True,1,48.88745,
CL,2013-08-12,71.3068619047619,-156.62652604761905,47.02927619047619,gp,Jafarov_2016,True,21,5.0,True,1,47.02927619047619,
CL,2013-08-12,71.3068425,-156.62644999999998,46.949600000000004,gp,Jafarov_2016,True,2,5.0,True,1,46.949600000000004,
CL,2013-08-12,71.3068208076923,-156.62638142307694,46.85131538461538,gp,Jafarov_2016,True,26,5.0,True,1,46.85131538461538,
CL,2013-08-12,71.3067975,-156.62631475,47.478075,gp,Jafarov_2016,True,4,5.0,True,1,47.478075,
CL,2013-08-12,71.30677252,-156.62624788000002,44.965883999999996,gp,Jafarov_2016,True,25,5.0,True,1,44.965883999999996,
CL,2013-08-12,71.306748,-156.626191,44.2189,gp,Jafarov_2016,True,1,5.0,False,1,44.2189,
CL,2013-08-12,71.30672455172413,-156.6261230689655,45.96544827586207,gp,Jafarov_2016,True,29,5.0,True,1,45.96544827586207,
CL,2013-08-12,71.306701,-156.626061,46.8615,gp,Jafarov_2016,True,1,5.0,False,1,46.8615,
CL,2013-08-12,71.30668366666667,-156.62601033333334,47.507443333333335,gp,Jafarov_2016,True,30,5.0,True,1,47.507443333333335,
CL,2013-08-12,71.306655,-156.625925,45.8045,gp,Jafarov_2016,True,1,5.0,False,1,45.8045,
CL,2013-08-12,71.30663185714286,-156.62584695238095,42.74664285714285,gp,Jafarov_2016,True,21,5.0,True,1,42.74664285714285,
CL,2013-08-12,71.3066136,-156.6257674,46.12158,gp,Jafarov_2016,True,5,5.0,True,1,46.12158,
CL,2013-08-12,71.30659658333333,-156.62569725,46.413716666666666,gp,Jafarov_2016,True,12,5.0,True,1,46.413716666666666,
CL,2013-08-12,71.3065721875,-156.625609125,45.28700625,gp,Jafarov_2016,True,16,5.0,True,1,45.28700625,
CL,2013-08-12,71.30655374999999,-156.62554466666668,45.27599999999999,gp,Jafarov_2016,True,12,5.0,True,1,45.27599999999999,
CL,2013-08-12,71.30653064285714,-156.62545649999998,45.30113571428571,gp,Jafarov_2016,True,14,5.0,True,1,45.30113571428571,
CL,2013-08-12,71.30649905555555,-156.62530677777778,46.416177777777776,gp,Jafarov_2016,True,18,5.0,True,1,46.416177777777776,
CL,2013-08-12,71.30647442857142,-156.62521085714283,45.59054285714286,gp,Jafarov_2016,True,7,5.0,True,1,45.59054285714286,
CL,2013-08-12,71.30645307692308,-156.62514507692308,44.30023846153846,gp,Jafarov_2016,True,13,5.0,True,1,44.30023846153846,
CL,2013-08-12,71.30642594117647,-156.6250803235294,43.64897352941176,gp,Jafarov_2016,True,34,5.0,True,1,43.64897352941176,
CL,2013-08-12,71.30640814102564,-156.62505778205127,44.774557692307695,gp,Jafarov_2016,True,78,5.0,True,1,44.774557692307695,
CL,2013-08-12,71.30637969565217,-156.62495234782608,42.72721304347826,gp,Jafarov_2016,True,46,5.0,True,1,42.72721304347826,
CL,2013-08-12,71.30635901754385,-156.62490189473684,40.604340350877195,gp,Jafarov_2016,True,57,5.0,True,1,40.604340350877195,
CL,2013-08-12,71.3063035,-156.62479034615384,48.064203846153845,gp,Jafarov_2016,True,26,5.0,True,1,48.064203846153845,
CL,2013-08-12,71.3062735,-156.624726875,47.500125,gp,Jafarov_2016,True,8,5.0,True,1,47.500125,
CL,2013-08-12,71.30625133333334,-156.62467777777778,46.974044444444445,gp,Jafarov_2016,True,18,5.0,True,1,46.974044444444445,
CL,2013-08-12,71.30622214285714,-156.62462057142855,47.16347857142857,gp,Jafarov_2016,True,14,5.0,True,1,47.16347857142857,
CL,2013-08-12,71.3061960909091,-156.62453727272725,46.76539090909091,gp,Jafarov_2016,True,11,5.0,True,1,46.76539090909091,
CL,2013-08-12,71.30618266666666,-156.62447808333334,47.88913333333334,gp,Jafarov_2016,True,12,5.0,True,1,47.88913333333334,
CL,2013-08-12,71.30616025,-156.62437495833333,44.07212083333334,gp,Jafarov_2016,True,24,5.0,True,1,44.07212083333334,
CL,2013-08-12,71.30614366666667,-156.62429466666666,41.95805,gp,Jafarov_2016,True,6,5.0,True,1,41.95805,
CL,2013-08-12,71.3061310625,-156.6242264375,43.519743749999996,gp,Jafarov_2016,True,16,5.0,True,1,43.519743749999996,
CL,2013-08-12,71.30610868181817,-156.6240978181818,44.98365909090909,gp,Jafarov_2016,True,22,5.0,True,1,44.98365909090909,
CL,2013-08-12,71.306094,-156.624026,45.4521,gp,Jafarov_2016,True,3,5.0,True,1,45.4521,
CL,2013-08-12,71.3060818,-156.62396173333335,45.927773333333334,gp,Jafarov_2016,True,15,5.0,True,1,45.927773333333334,
CL,2013-08-12,71.30605805,-156.62383235,45.46534,gp,Jafarov_2016,True,20,5.0,True,1,45.46534,
CL,2013-08-12,71.306045,-156.623757,45.628299999999996,gp,Jafarov_2016,True,1,5.0,False,1,45.628299999999996,
CL,2013-08-12,71.3060279,-156.62369415,43.712435,gp,Jafarov_2016,True,20,5.0,True,1,43.712435,
CL,2013-08-12,71.30600145000001,-156.6235518,48.19158,gp,Jafarov_2016,True,20,5.0,True,1,48.19158,
CL,2013-08-12,71.30599275,-156.62351255,48.1035,gp,Jafarov_2016,True,20,5.0,True,1,48.1035,
CL,2013-08-12,71.3059775,-156.6234265,44.3840875,gp,Jafarov_2016,True,16,5.0,True,1,44.3840875,
CL,2013-08-12,71.30596408333334,-156.623255,24.355641666666667,gp,Jafarov_2016,True,12,5.0,True,1,24.355641666666667,
CL,2013-08-12,71.3059793125,-156.6231529375,43.4151375,gp,Jafarov_2016,True,16,5.0,True,1,43.4151375,
CL,2013-08-12,71.305992,-156.623082,44.879549999999995,gp,Jafarov_2016,True,2,5.0,True,1,44.879549999999995,
CL,2013-08-12,71.30600335294118,-156.62300235294117,45.51947647058824,gp,Jafarov_2016,True,17,5.0,True,1,45.51947647058824,
CL,2013-08-12,71.30602293333332,-156.62287346666665,34.353359999999995,gp,Jafarov_2016,True,15,5.0,True,1,34.353359999999995,
CL,2013-08-12,71.30603675,-156.622799,15.63515,gp,Jafarov_2016,True,4,5.0,True,1,15.63515,
CL,2013-08-12,71.3060468125,-156.622717375,29.94356875,gp,Jafarov_2016,True,16,5.0,True,1,29.94356875,
CL,2013-08-12,71.306065,-156.62259263636363,47.80640909090909,gp,Jafarov_2016,True,11,5.0,True,1,47.80640909090909,
CL,2013-08-12,71.306077,-156.62251957142857,48.447042857142854,gp,Jafarov_2016,True,7,5.0,True,1,48.447042857142854,
CL,2013-08-12,71.30608894117647,-156.6224232352941,48.5195705882353,gp,Jafarov_2016,True,17,5.0,True,1,48.5195705882353,
CL,2013-08-12,71.3061,-156.6222886875,45.95310625,gp,Jafarov_2016,True,16,5.0,True,1,45.95310625,
CL,2013-08-12,71.30611,-156.6221801111111,45.61848888888889,gp,Jafarov_2016,True,9,5.0,True,1,45.61848888888889,
CL,2013-08-12,71.30611785714287,-156.6221062857143,43.72817142857143,gp,Jafarov_2016,True,7,5.0,True,1,43.72817142857143,
CL,2013-08-12,71.3061266,-156.62200380000002,46.42693333333333,gp,Jafarov_2016,True,15,5.0,True,1,46.42693333333333,
CL,2013-08-12,71.30614371428571,-156.6218572142857,40.91572142857143,gp,Jafarov_2016,True,14,5.0,True,1,40.91572142857143,
CL,2013-08-12,71.3061525,-156.621782,24.3997,gp,Jafarov_2016,True,2,5.0,True,1,24.3997,
CL,2013-08-12,71.30615946153846,-156.62171661538463,22.075576923076923,gp,Jafarov_2016,True,13,5.0,True,1,22.075576923076923,
CL,2013-08-12,71.3061725,-156.62157742857144,23.745335714285716,gp,Jafarov_2016,True,14,5.0,True,1,23.745335714285716,
CL,2013-08-12,71.30618883333334,-156.62143625000002,35.02868333333333,gp,Jafarov_2016,True,12,5.0,True,1,35.02868333333333,
CL,2013-08-12,71.3061945,-156.621373,43.33805,gp,Jafarov_2016,True,2,5.0,True,1,43.33805,
CL,2013-08-12,71.30620462499999,-156.621291625,42.23150625,gp,Jafarov_2016,True,16,5.0,True,1,42.23150625,
CL,2013-08-12,71.30621986666667,-156.62115119999999,38.26434666666667,gp,Jafarov_2016,True,15,5.0,True,1,38.26434666666667,
CL,2013-08-12,71.30623033333333,-156.62104122222223,46.25467777777778,gp,Jafarov_2016,True,9,5.0,True,1,46.25467777777778,
CL,2013-08-12,71.3062365,-156.620967875,44.7254125,gp,Jafarov_2016,True,8,5.0,True,1,44.7254125,
CL,2013-08-12,71.3062393125,-156.620865625,42.689550000000004,gp,Jafarov_2016,True,16,5.0,True,1,42.689550000000004,
CL,2013-08-12,71.30623853333333,-156.62072653333334,46.07342666666667,gp,Jafarov_2016,True,15,5.0,True,1,46.07342666666667,
CL,2013-08-12,71.30624092857143,-156.620594,45.01797142857142,gp,Jafarov_2016,True,14,5.0,True,1,45.01797142857142,
CL,2013-08-12,71.3062416875,-156.6204476875,40.73404375,gp,Jafarov_2016,True,16,5.0,True,1,40.73404375,
CL,2013-08-12,71.30623930769231,-156.62031515384615,30.281076923076924,gp,Jafarov_2016,True,13,5.0,True,1,30.281076923076924,
CL,2013-08-12,71.30623973333334,-156.62017426666668,43.244126666666666,gp,Jafarov_2016,True,15,5.0,True,1,43.244126666666666,
CL,2013-08-12,71.30624200000001,-156.62003420000002,40.57219333333333,gp,Jafarov_2016,True,15,5.0,True,1,40.57219333333333,
CL,2013-08-12,71.30624742857142,-156.6198965,25.3057,gp,Jafarov_2016,True,14,5.0,True,1,25.3057,
CL,2013-08-12,71.30625239999999,-156.61975046666666,18.43042,gp,Jafarov_2016,True,15,5.0,True,1,18.43042,
CL,2013-08-12,71.306254,-156.61961523076923,25.14163846153846,gp,Jafarov_2016,True,13,5.0,True,1,25.14163846153846,
CL,2013-08-12,71.3062536153846,-156.6194673076923,35.24098461538461,gp,Jafarov_2016,True,13,5.0,True,1,35.24098461538461,
CL,2013-08-12,71.30625533333334,-156.61936733333332,35.5278,gp,Jafarov_2016,True,6,5.0,True,1,35.5278,
CL,2013-08-12,71.306258,-156.619298625,35.95355,gp,Jafarov_2016,True,8,5.0,True,1,35.95355,
CL,2013-08-12,71.30625941666666,-156.61918916666664,40.12785,gp,Jafarov_2016,True,12,5.0,True,1,40.12785,
CL,2013-08-12,71.30625946666666,-156.61904606666667,44.92948,gp,Jafarov_2016,True,15,5.0,True,1,44.92948,
CL,2013-08-12,71.30625636363636,-156.61891081818183,30.313418181818182,gp,Jafarov_2016,True,11,5.0,True,1,30.313418181818182,
CL,2013-08-12,71.30625407692307,-156.618777,23.786476923076922,gp,Jafarov_2016,True,13,5.0,True,1,23.786476923076922,
CL,2013-08-12,71.30625453846153,-156.6186353076923,23.518830769230767,gp,Jafarov_2016,True,13,5.0,True,1,23.518830769230767,
CL,2013-08-12,71.30624949999999,-156.61849441666666,24.898833333333332,gp,Jafarov_2016,True,12,5.0,True,1,24.898833333333332,
CL,2013-08-12,71.30624666666667,-156.618401,28.363533333333333,gp,Jafarov_2016,True,3,5.0,True,1,28.363533333333333,
CL,2013-08-12,71.30624266666666,-156.61833688888888,26.826933333333333,gp,Jafarov_2016,True,9,5.0,True,1,26.826933333333333,
CL,2013-08-12,71.30623476923077,-156.6182183076923,25.944561538461535,gp,Jafarov_2016,True,13,5.0,True,1,25.944561538461535,
CL,2013-08-12,71.30622716666667,-156.6180835,25.060333333333332,gp,Jafarov_2016,True,12,5.0,True,1,25.060333333333332,
CL,2013-08-12,71.3062186923077,-156.61793615384616,30.274323076923075,gp,Jafarov_2016,True,13,5.0,True,1,30.274323076923075,
CL,2013-08-12,71.30620553846154,-156.61779753846153,33.614784615384615,gp,Jafarov_2016,True,13,5.0,True,1,33.614784615384615,
CL,2013-08-12,71.30619533333333,-156.61767955555555,35.79206666666666,gp,Jafarov_2016,True,9,5.0,True,1,35.79206666666666,
CL,2013-08-12,71.30618966666667,-156.617613,36.7023,gp,Jafarov_2016,True,3,5.0,True,1,36.7023,
CL,2013-08-12,71.30618014285714,-156.6175245,32.65456428571428,gp,Jafarov_2016,True,14,5.0,True,1,32.65456428571428,
CL,2013-08-12,71.30616391666666,-156.61738683333334,34.925891666666665,gp,Jafarov_2016,True,12,5.0,True,1,34.925891666666665,
CL,2013-08-12,71.30614821428571,-156.61725035714286,27.79097857142857,gp,Jafarov_2016,True,14,5.0,True,1,27.79097857142857,
CL,2013-08-12,71.30614,-156.61718,25.3686,gp,Jafarov_2016,True,1,5.0,False,1,25.3686,
CL,2013-08-12,71.30613076923076,-156.6171116923077,23.762761538461536,gp,Jafarov_2016,True,13,5.0,True,1,23.762761538461536,
CL,2013-08-12,71.30610515384616,-156.61698415384615,23.63403076923077,gp,Jafarov_2016,True,13,5.0,True,1,23.63403076923077,
CL,2013-08-12,71.30609100000001,-156.616917,24.5759,gp,Jafarov_2016,True,2,5.0,True,1,24.5759,
CL,2013-08-12,71.3060721875,-156.61683493750002,34.57355625,gp,Jafarov_2016,True,16,5.0,True,1,34.57355625,
CL,2013-08-12,71.30605144444445,-156.61673322222222,36.878477777777775,gp,Jafarov_2016,True,9,5.0,True,1,36.878477777777775,
CL,2013-08-12,71.306036125,-156.61666474999998,40.84965,gp,Jafarov_2016,True,8,5.0,True,1,40.84965,
CL,2013-08-12,71.30601476470588,-156.616559,51.28130588235294,gp,Jafarov_2016,True,17,5.0,True,1,51.28130588235294,
CL,2013-08-12,71.306,-156.616488,50.8253,gp,Jafarov_2016,True,1,5.0,False,1,50.8253,
CL,2013-08-12,71.3059821764706,-156.61641488235296,38.22392941176471,gp,Jafarov_2016,True,17,5.0,True,1,38.22392941176471,
CL,2013-08-12,71.30595855555556,-156.61631988888888,33.94228888888889,gp,Jafarov_2016,True,9,5.0,True,1,33.94228888888889,
CL,2013-08-12,71.305943,-156.61625859999998,37.207319999999996,gp,Jafarov_2016,True,5,5.0,True,1,37.207319999999996,
CL,2013-08-12,71.30591811764707,-156.61615864705882,34.71088235294117,gp,Jafarov_2016,True,17,5.0,True,1,34.71088235294117,
CL,2013-08-12,71.305902,-156.616091,34.1772,gp,Jafarov_2016,True,1,5.0,False,1,34.1772,
CL,2013-08-12,71.305887125,-156.6160168125,31.4190125,gp,Jafarov_2016,True,16,5.0,True,1,31.4190125,
CL,2013-08-12,71.305863,-156.6159115,33.813837500000005,gp,Jafarov_2016,True,8,5.0,True,1,33.813837500000005,
CL,2013-08-12,71.30584671428572,-156.61584657142856,41.04785714285714,gp,Jafarov_2016,True,7,5.0,True,1,41.04785714285714,
CL,2013-08-12,71.305820375,-156.6157535,36.2912125,gp,Jafarov_2016,True,16,5.0,True,1,36.2912125,
CL,2013-08-12,71.305806,-156.61568633333334,36.056333333333335,gp,Jafarov_2016,True,3,5.0,True,1,36.056333333333335,
CL,2013-08-12,71.305786,-156.61561566666668,44.948077777777776,gp,Jafarov_2016,True,18,5.0,True,1,44.948077777777776,
CL,2013-08-12,71.30576425,-156.615533,41.334125,gp,Jafarov_2016,True,4,5.0,True,1,41.334125,
CL,2013-08-12,71.30574188235293,-156.61546570588234,37.70578823529412,gp,Jafarov_2016,True,17,5.0,True,1,37.70578823529412,
CL,2013-08-12,71.30572099999999,-156.61539699999997,37.34824,gp,Jafarov_2016,True,5,5.0,True,1,37.34824,
CL,2013-08-12,71.3057025,-156.61532775,41.422216666666664,gp,Jafarov_2016,True,12,5.0,True,1,41.422216666666664,
CL,2013-08-12,71.30567877777779,-156.61524733333331,44.03296666666667,gp,Jafarov_2016,True,9,5.0,True,1,44.03296666666667,
CL,2013-08-12,71.30565911111111,-156.6151761111111,46.274255555555555,gp,Jafarov_2016,True,9,5.0,True,1,46.274255555555555,
CL,2013-08-12,71.30563642857143,-156.61508921428572,44.35563571428572,gp,Jafarov_2016,True,14,5.0,True,1,44.35563571428572,
CL,2013-08-12,71.305618,-156.61501700000002,43.474199999999996,gp,Jafarov_2016,True,2,5.0,True,1,43.474199999999996,
CL,2013-08-12,71.30559946666668,-156.61494373333335,42.9633,gp,Jafarov_2016,True,15,5.0,True,1,42.9633,
CL,2013-08-12,71.30557833333334,-156.6148425,42.486583333333336,gp,Jafarov_2016,True,6,5.0,True,1,42.486583333333336,
CL,2013-08-12,71.30556336363635,-156.6147740909091,34.761745454545455,gp,Jafarov_2016,True,11,5.0,True,1,34.761745454545455,
CL,2013-08-12,71.30553969230769,-156.6146766153846,36.663907692307696,gp,Jafarov_2016,True,13,5.0,True,1,36.663907692307696,
CL,2013-08-12,71.30552075,-156.61461375,41.576375,gp,Jafarov_2016,True,4,5.0,True,1,41.576375,
CL,2013-08-12,71.30549775,-156.614531375,41.59838125,gp,Jafarov_2016,True,16,5.0,True,1,41.59838125,
CL,2013-08-12,71.305477,-156.614467,41.224,gp,Jafarov_2016,True,1,5.0,False,1,41.224,
CL,2013-08-12,71.3054569375,-156.614399625,42.572825,gp,Jafarov_2016,True,16,5.0,True,1,42.572825,
CL,2013-08-12,71.305434,-156.614319,44.571266666666666,gp,Jafarov_2016,True,3,5.0,True,1,44.571266666666666,
CL,2013-08-12,71.305415,-156.614251,38.25113125,gp,Jafarov_2016,True,16,5.0,True,1,38.25113125,
CL,2013-08-12,71.30539083333333,-156.61417333333333,41.01846666666666,gp,Jafarov_2016,True,6,5.0,True,1,41.01846666666666,
CL,2013-08-12,71.30537,-156.61410572727274,44.435145454545456,gp,Jafarov_2016,True,11,5.0,True,1,44.435145454545456,
CL,2013-08-12,71.3053471111111,-156.61402766666666,45.10958888888889,gp,Jafarov_2016,True,9,5.0,True,1,45.10958888888889,
CL,2013-08-12,71.30532475,-156.613955,40.926725,gp,Jafarov_2016,True,8,5.0,True,1,40.926725,
CL,2013-08-12,71.30530177777777,-156.613878,41.710122222222225,gp,Jafarov_2016,True,9,5.0,True,1,41.710122222222225,
CL,2013-08-12,71.305284,-156.61381014285715,43.266757142857145,gp,Jafarov_2016,True,7,5.0,True,1,43.266757142857145,
CL,2013-08-12,71.30526016666666,-156.61373558333332,43.727125,gp,Jafarov_2016,True,12,5.0,True,1,43.727125,
CL,2013-08-12,71.3052395,-156.613672,45.275999999999996,gp,Jafarov_2016,True,4,5.0,True,1,45.275999999999996,
CL,2013-08-12,71.3052152,-156.61358493333333,42.18122,gp,Jafarov_2016,True,15,5.0,True,1,42.18122,
CL,2013-08-12,71.305197,-156.613518,39.286100000000005,gp,Jafarov_2016,True,1,5.0,False,1,39.286100000000005,
CL,2013-08-12,71.30517893333334,-156.61344,38.95729333333334,gp,Jafarov_2016,True,15,5.0,True,1,38.95729333333334,
CL,2013-08-12,71.30515533333333,-156.61335866666667,40.66615,gp,Jafarov_2016,True,6,5.0,True,1,40.66615,
CL,2013-08-12,71.30513515384615,-156.61330346153846,34.80056153846154,gp,Jafarov_2016,True,13,5.0,True,1,34.80056153846154,
CL,2013-08-12,71.3051095,-156.61322099999998,26.689916666666665,gp,Jafarov_2016,True,6,5.0,True,1,26.689916666666665,
CL,2013-08-12,71.30508890909091,-156.61315299999998,28.75590909090909,gp,Jafarov_2016,True,11,5.0,True,1,28.75590909090909,
CL,2013-08-12,71.30506742857143,-156.6130872857143,35.0958,gp,Jafarov_2016,True,7,5.0,True,1,35.0958,
CL,2013-08-12,71.30504677777778,-156.61302166666667,41.008700000000005,gp,Jafarov_2016,True,9,5.0,True,1,41.008700000000005,
CL,2013-08-12,71.30502245454545,-156.61294154545456,40.391209090909086,gp,Jafarov_2016,True,11,5.0,True,1,40.391209090909086,
CL,2013-08-12,71.3049984,-156.6128731,35.51607,gp,Jafarov_2016,True,10,5.0,True,1,35.51607,
CL,2013-08-12,71.3049767,-156.6128103,31.07656,gp,Jafarov_2016,True,10,5.0,True,1,31.07656,
CL,2013-08-12,71.30495400000001,-156.6127361111111,41.272955555555555,gp,Jafarov_2016,True,9,5.0,True,1,41.272955555555555,
CL,2013-08-12,71.30493061538462,-156.61265476923077,42.51819999999999,gp,Jafarov_2016,True,13,5.0,True,1,42.51819999999999,
CL,2013-08-12,71.3049092,-156.6125864,43.39094,gp,Jafarov_2016,True,5,5.0,True,1,43.39094,
CL,2013-08-12,71.30488749999999,-156.612529,42.963699999999996,gp,Jafarov_2016,True,12,5.0,True,1,42.963699999999996,
CL,2013-08-12,71.304861,-156.612457,40.35783333333334,gp,Jafarov_2016,True,6,5.0,True,1,40.35783333333334,
CL,2013-08-12,71.30483766666667,-156.61239558333332,39.3742,gp,Jafarov_2016,True,12,5.0,True,1,39.3742,
CL,2013-08-12,71.30481485714286,-156.6123312857143,39.58814285714286,gp,Jafarov_2016,True,7,5.0,True,1,39.58814285714286,
CL,2013-08-12,71.30479109090909,-156.6122622727273,39.08994545454545,gp,Jafarov_2016,True,11,5.0,True,1,39.08994545454545,
CL,2013-08-12,71.3047665,-156.612197625,40.502825,gp,Jafarov_2016,True,8,5.0,True,1,40.502825,
CL,2013-08-12,71.30474363636364,-156.61213463636363,38.49337272727273,gp,Jafarov_2016,True,11,5.0,True,1,38.49337272727273,
CL,2013-08-12,71.30471639999999,-156.6120633,37.63893,gp,Jafarov_2016,True,10,5.0,True,1,37.63893,
CL,2013-08-12,71.304694,-156.61200555555556,34.27504444444444,gp,Jafarov_2016,True,9,5.0,True,1,34.27504444444444,
CL,2013-08-12,71.30466907692308,-156.61193976923076,31.792084615384617,gp,Jafarov_2016,True,13,5.0,True,1,31.792084615384617,
CL,2013-08-12,71.30464614285714,-156.61187385714285,32.06312857142857,gp,Jafarov_2016,True,7,5.0,True,1,32.06312857142857,
CL,2013-08-12,71.30463019999999,-156.6118117,30.037150000000004,gp,Jafarov_2016,True,10,5.0,True,1,30.037150000000004,
CL,2013-08-12,71.30460335714285,-156.61172035714284,27.11147142857143,gp,Jafarov_2016,True,14,5.0,True,1,27.11147142857143,
CL,2013-08-12,71.304585,-156.61165057142858,26.677314285714285,gp,Jafarov_2016,True,7,5.0,True,1,26.677314285714285,
CL,2013-08-12,71.30456304761904,-156.61158923809523,33.21452857142857,gp,Jafarov_2016,True,21,5.0,True,1,33.21452857142857,
CL,2013-08-12,71.30453925,-156.6115115,32.008075,gp,Jafarov_2016,True,4,5.0,True,1,32.008075,
CL,2013-08-12,71.30451726666666,-156.61143293333333,30.03130666666667,gp,Jafarov_2016,True,15,5.0,True,1,30.03130666666667,
CL,2013-08-12,71.304498,-156.611365,26.0733,gp,Jafarov_2016,True,1,5.0,False,1,26.0733,
CL,2013-08-12,71.30447517647059,-156.61129911764706,27.38941764705882,gp,Jafarov_2016,True,17,5.0,True,1,27.38941764705882,
CL,2013-08-12,71.304451,-156.611224,27.658899999999996,gp,Jafarov_2016,True,1,5.0,False,1,27.658899999999996,
CL,2013-08-12,71.30443273333334,-156.61115613333334,28.986,gp,Jafarov_2016,True,15,5.0,True,1,28.986,
CL,2013-08-12,71.3044098,-156.61107940000002,32.0455,gp,Jafarov_2016,True,5,5.0,True,1,32.0455,
CL,2013-08-12,71.3043879,-156.6110005,27.42982,gp,Jafarov_2016,True,10,5.0,True,1,27.42982,
CL,2013-08-12,71.30436483333334,-156.61093383333332,32.0631,gp,Jafarov_2016,True,6,5.0,True,1,32.0631,
CL,2013-08-12,71.30433881818182,-156.61086772727273,35.25021818181818,gp,Jafarov_2016,True,11,5.0,True,1,35.25021818181818,
CL,2013-08-12,71.304317,-156.6108035,30.418850000000003,gp,Jafarov_2016,True,6,5.0,True,1,30.418850000000003,
CL,2013-08-12,71.3042973,-156.61073470000002,32.89114,gp,Jafarov_2016,True,10,5.0,True,1,32.89114,
CL,2013-08-12,71.304271875,-156.61065775,33.186212499999996,gp,Jafarov_2016,True,8,5.0,True,1,33.186212499999996,
CL,2013-08-12,71.30425628571429,-156.6106002857143,27.457528571428572,gp,Jafarov_2016,True,7,5.0,True,1,27.457528571428572,
CL,2013-08-12,71.30423358333333,-156.61049758333334,33.85418333333333,gp,Jafarov_2016,True,12,5.0,True,1,33.85418333333333,
CL,2013-08-12,71.304215,-156.610429,35.938900000000004,gp,Jafarov_2016,True,1,5.0,False,1,35.938900000000004,
CL,2013-08-12,71.30419413333334,-156.61035986666667,32.22168,gp,Jafarov_2016,True,15,5.0,True,1,32.22168,
CL,2013-08-12,71.3041715,-156.61026850000002,29.684800000000003,gp,Jafarov_2016,True,2,5.0,True,1,29.684800000000003,
CL,2013-08-12,71.3041606,-156.6102034,32.27451,gp,Jafarov_2016,True,10,5.0,True,1,32.27451,
CL,2013-08-12,71.3041353076923,-156.610087,30.91123076923077,gp,Jafarov_2016,True,13,5.0,True,1,30.91123076923077,
CL,2013-08-12,71.304119,-156.61002000000002,28.759950000000003,gp,Jafarov_2016,True,2,5.0,True,1,28.759950000000003,
CL,2013-08-12,71.30410515384615,-156.6099483076923,29.691584615384617,gp,Jafarov_2016,True,13,5.0,True,1,29.691584615384617,
CL,2013-08-12,71.30408200000001,-156.609832,32.444849999999995,gp,Jafarov_2016,True,6,5.0,True,1,32.444849999999995,
CL,2013-08-12,71.30406649999999,-156.60976633333334,34.7057,gp,Jafarov_2016,True,6,5.0,True,1,34.7057,
CL,2013-08-12,71.30404746666666,-156.60970446666667,43.058,gp,Jafarov_2016,True,15,5.0,True,1,43.058,
CL,2013-08-12,71.30402457142857,-156.6097592857143,41.166557142857144,gp,Jafarov_2016,True,7,5.0,True,1,41.166557142857144,
CL,2013-08-12,71.3040245,-156.609733,42.948325000000004,gp,Jafarov_2016,True,4,5.0,True,1,42.948325000000004,
CL,2013-08-12,71.30409433333332,-156.6096922,43.16958,gp,Jafarov_2016,True,15,5.0,True,1,43.16958,
CL,2013-08-12,71.30413775000001,-156.60970749999998,40.11226666666666,gp,Jafarov_2016,True,12,5.0,True,1,40.11226666666666,
CL,2013-08-12,71.30416,-156.60974099999999,38.4932,gp,Jafarov_2016,True,2,5.0,True,1,38.4932,
CL,2013-08-12,71.3041866111111,-156.6097937222222,35.06167222222222,gp,Jafarov_2016,True,18,5.0,True,1,35.06167222222222,
CL,2013-08-12,71.30421333333334,-156.609849,30.87013333333333,gp,Jafarov_2016,True,3,5.0,True,1,30.87013333333333,
CL,2013-08-12,71.3042371875,-156.60991343749998,31.774081250000002,gp,Jafarov_2016,True,16,5.0,True,1,31.774081250000002,
CL,2013-08-12,71.304257,-156.609989,34.5265,gp,Jafarov_2016,True,1,5.0,False,1,34.5265,
CL,2013-08-12,71.304276875,-156.61004181250001,36.436468749999996,gp,Jafarov_2016,True,16,5.0,True,1,36.436468749999996,
CL,2013-08-12,71.304308,-156.61011399999998,34.05426666666667,gp,Jafarov_2016,True,6,5.0,True,1,34.05426666666667,
CL,2013-08-12,71.30433070000001,-156.6101584,34.421260000000004,gp,Jafarov_2016,True,10,5.0,True,1,34.421260000000004,
CL,2013-08-12,71.3043701875,-156.6102199375,37.7190875,gp,Jafarov_2016,True,16,5.0,True,1,37.7190875,
CL,2013-08-12,71.30441486666668,-156.61030100000002,35.193,gp,Jafarov_2016,True,15,5.0,True,1,35.193,
CL,2013-08-12,71.30445244444444,-156.61036855555554,30.49233333333333,gp,Jafarov_2016,True,9,5.0,True,1,30.49233333333333,
CL,2013-08-12,71.30447433333333,-156.6104045,28.684383333333333,gp,Jafarov_2016,True,6,5.0,True,1,28.684383333333333,
CL,2013-08-12,71.30450675,-156.6104559375,34.2634,gp,Jafarov_2016,True,16,5.0,True,1,34.2634,
CL,2013-08-12,71.30453857142858,-156.61050342857143,32.97102857142857,gp,Jafarov_2016,True,7,5.0,True,1,32.97102857142857,
CL,2013-08-12,71.3045635,-156.610537375,35.9431625,gp,Jafarov_2016,True,8,5.0,True,1,35.9431625,
CL,2013-08-12,71.30459886666667,-156.61060379999998,35.219993333333335,gp,Jafarov_2016,True,15,5.0,True,1,35.219993333333335,
CL,2013-08-12,71.30462899999999,-156.610646,35.3495,gp,Jafarov_2016,True,3,5.0,True,1,35.3495,
CL,2013-08-12,71.3046507,-156.6106595,32.478359999999995,gp,Jafarov_2016,True,10,5.0,True,1,32.478359999999995,
CL,2013-08-12,71.30469126666667,-156.61070133333334,29.990413333333333,gp,Jafarov_2016,True,15,5.0,True,1,29.990413333333333,
CL,2013-08-12,71.3047277,-156.61075160000001,32.25978,gp,Jafarov_2016,True,10,5.0,True,1,32.25978,
CL,2013-08-12,71.3047502,-156.6107874,31.4098,gp,Jafarov_2016,True,5,5.0,True,1,31.4098,
CL,2013-08-12,71.30477907692308,-156.61082823076924,33.439853846153845,gp,Jafarov_2016,True,13,5.0,True,1,33.439853846153845,
CL,2013-08-12,71.30482074999999,-156.61088575,34.64116666666666,gp,Jafarov_2016,True,12,5.0,True,1,34.64116666666666,
CL,2013-08-12,71.30484425,-156.61090925,28.41455,gp,Jafarov_2016,True,4,5.0,True,1,28.41455,
CL,2013-08-12,71.30487153333334,-156.61091673333334,31.97106,gp,Jafarov_2016,True,15,5.0,True,1,31.97106,
CL,2013-08-12,71.30491225,-156.6109859375,31.75890625,gp,Jafarov_2016,True,16,5.0,True,1,31.75890625,
CL,2013-08-12,71.30493375,-156.6110425,39.950325,gp,Jafarov_2016,True,4,5.0,True,1,39.950325,
CL,2013-08-12,71.3049635882353,-156.61108311764707,34.305070588235296,gp,Jafarov_2016,True,17,5.0,True,1,34.305070588235296,
CL,2013-08-12,71.30500978571429,-156.61110857142856,39.14082142857143,gp,Jafarov_2016,True,14,5.0,True,1,39.14082142857143,
CL,2013-08-12,71.30504416666666,-156.61114733333332,43.90356666666667,gp,Jafarov_2016,True,6,5.0,True,1,43.90356666666667,
CL,2013-08-12,71.305066,-156.61117633333333,44.94694444444444,gp,Jafarov_2016,True,9,5.0,True,1,44.94694444444444,
CL,2013-08-12,71.30510275,-156.61124525,46.052181250000004,gp,Jafarov_2016,True,16,5.0,True,1,46.052181250000004,
CL,2013-08-12,71.3051493125,-156.6113100625,45.278062500000004,gp,Jafarov_2016,True,16,5.0,True,1,45.278062500000004,
CL,2013-08-12,71.3051942,-156.61136466666667,40.17431333333333,gp,Jafarov_2016,True,15,5.0,True,1,40.17431333333333,
CL,2013-08-12,71.305226125,-156.6114,36.378275,gp,Jafarov_2016,True,8,5.0,True,1,36.378275,
CL,2013-08-12,71.3052457,-156.6114432,30.23597,gp,Jafarov_2016,True,10,5.0,True,1,30.23597,
CL,2013-08-12,71.3052795,-156.61150975,25.689116666666667,gp,Jafarov_2016,True,12,5.0,True,1,25.689116666666667,
CL,2013-08-12,71.30530180000001,-156.6115604,20.80494,gp,Jafarov_2016,True,5,5.0,True,1,20.80494,
CL,2013-08-12,71.30533086666667,-156.61161793333335,23.373853333333333,gp,Jafarov_2016,True,15,5.0,True,1,23.373853333333333,
CL,2013-08-12,71.305356,-156.611669,22.9502,gp,Jafarov_2016,True,3,5.0,True,1,22.9502,
CL,2013-08-12,71.30537906666667,-156.61171686666665,27.38642666666667,gp,Jafarov_2016,True,15,5.0,True,1,27.38642666666667,
CL,2013-08-12,71.30541822222223,-156.61178122222222,30.744166666666665,gp,Jafarov_2016,True,9,5.0,True,1,30.744166666666665,
CL,2013-08-12,71.3054372,-156.6118186,25.354499999999998,gp,Jafarov_2016,True,5,5.0,True,1,25.354499999999998,
CL,2013-08-12,71.30546725,-156.6118685,29.56810625,gp,Jafarov_2016,True,16,5.0,True,1,29.56810625,
CL,2013-08-12,71.305501,-156.611923,25.068466666666666,gp,Jafarov_2016,True,6,5.0,True,1,25.068466666666666,
CL,2013-08-12,71.3055225,-156.611953375,25.6722375,gp,Jafarov_2016,True,8,5.0,True,1,25.6722375,
CL,2013-08-12,71.30555813333334,-156.61201366666668,20.675426666666667,gp,Jafarov_2016,True,15,5.0,True,1,20.675426666666667,
CL,2013-08-12,71.305586,-156.61206066666668,18.4573,gp,Jafarov_2016,True,3,5.0,True,1,18.4573,
CL,2013-08-12,71.30560975,-156.6121005,17.823166666666665,gp,Jafarov_2016,True,12,5.0,True,1,17.823166666666665,
CL,2013-08-12,71.30564835714286,-156.61215192857142,26.24614285714286,gp,Jafarov_2016,True,14,5.0,True,1,26.24614285714286,
CL,2013-08-12,71.305676,-156.61219549999998,34.1622,gp,Jafarov_2016,True,2,5.0,True,1,34.1622,
CL,2013-08-12,71.30569692857144,-156.61222557142858,28.89447142857143,gp,Jafarov_2016,True,14,5.0,True,1,28.89447142857143,
CL,2013-08-12,71.30574153333333,-156.61228100000002,25.69632,gp,Jafarov_2016,True,15,5.0,True,1,25.69632,
CL,2013-08-12,71.305768,-156.612325,23.5304,gp,Jafarov_2016,True,1,5.0,False,1,23.5304,
CL,2013-08-12,71.30579081249999,-156.612364,33.02884375,gp,Jafarov_2016,True,16,5.0,True,1,33.02884375,
CL,2013-08-12,71.30582516666666,-156.61243016666666,35.49793333333333,gp,Jafarov_2016,True,12,5.0,True,1,35.49793333333333,
CL,2013-08-12,71.30584957142857,-156.612484,31.594814285714286,gp,Jafarov_2016,True,7,5.0,True,1,31.594814285714286,
CL,2013-08-12,71.30587685714286,-156.6125477142857,23.09475,gp,Jafarov_2016,True,14,5.0,True,1,23.09475,
CL,2013-08-12,71.30589766666667,-156.61260233333334,22.084,gp,Jafarov_2016,True,3,5.0,True,1,22.084,
CL,2013-08-12,71.305921125,-156.61266943750002,23.26018125,gp,Jafarov_2016,True,16,5.0,True,1,23.26018125,
CL,2013-08-12,71.30594450000001,-156.612743,24.252200000000002,gp,Jafarov_2016,True,4,5.0,True,1,24.252200000000002,
CL,2013-08-12,71.305966,-156.6128128,25.65673333333333,gp,Jafarov_2016,True,15,5.0,True,1,25.65673333333333,
CL,2013-08-12,71.305989,-156.612873,28.76147142857143,gp,Jafarov_2016,True,7,5.0,True,1,28.76147142857143,
CL,2013-08-12,71.30601892857143,-156.61292642857143,32.849607142857145,gp,Jafarov_2016,True,14,5.0,True,1,32.849607142857145,
CL,2013-08-12,71.30605225,-156.612970625,29.203825000000002,gp,Jafarov_2016,True,8,5.0,True,1,29.203825000000002,
CL,2013-08-12,71.30607685714286,-156.61302142857144,25.3036,gp,Jafarov_2016,True,7,5.0,True,1,25.3036,
CL,2013-08-12,71.30611229411765,-156.61307705882354,20.933500000000002,gp,Jafarov_2016,True,17,5.0,True,1,20.933500000000002,
CL,2013-08-12,71.3061584375,-156.613186,33.75236875,gp,Jafarov_2016,True,16,5.0,True,1,33.75236875,
CL,2013-08-12,71.306182,-156.613249,39.5051,gp,Jafarov_2016,True,1,5.0,False,1,39.5051,
CL,2013-08-12,71.30620588235294,-156.61329947058826,36.233652941176466,gp,Jafarov_2016,True,17,5.0,True,1,36.233652941176466,
CL,2013-08-12,71.3062336,-156.6133678,35.829860000000004,gp,Jafarov_2016,True,5,5.0,True,1,35.829860000000004,
CL,2013-08-12,71.3062561,-156.613419,32.7698,gp,Jafarov_2016,True,10,5.0,True,1,32.7698,
CL,2013-08-12,71.30628566666667,-156.61348741666666,27.807383333333334,gp,Jafarov_2016,True,12,5.0,True,1,27.807383333333334,
CL,2013-08-12,71.3063095,-156.6135325,29.278033333333337,gp,Jafarov_2016,True,6,5.0,True,1,29.278033333333337,
CL,2013-08-12,71.306341375,-156.6135705625,41.57953125,gp,Jafarov_2016,True,16,5.0,True,1,41.57953125,
CL,2013-08-12,71.3063748,-156.6136264,40.15274,gp,Jafarov_2016,True,5,5.0,True,1,40.15274,
CL,2013-08-12,71.306396625,-156.613677,41.3467875,gp,Jafarov_2016,True,8,5.0,True,1,41.3467875,
CL,2013-08-12,71.306435,-156.61373835714286,35.59622857142857,gp,Jafarov_2016,True,14,5.0,True,1,35.59622857142857,
CL,2013-08-12,71.306472,-156.61376366666667,38.66857777777778,gp,Jafarov_2016,True,9,5.0,True,1,38.66857777777778,
CL,2013-08-12,71.306494,-156.61378380000002,35.10126,gp,Jafarov_2016,True,5,5.0,True,1,35.10126,
CL,2013-08-12,71.30652346153846,-156.61378907692307,39.488476923076924,gp,Jafarov_2016,True,13,5.0,True,1,39.488476923076924,
CL,2013-08-12,71.30656835714287,-156.61379864285712,35.53068571428572,gp,Jafarov_2016,True,14,5.0,True,1,35.53068571428572,
CL,2013-08-12,71.30661285714287,-156.6137879285714,24.53457142857143,gp,Jafarov_2016,True,14,5.0,True,1,24.53457142857143,
CL,2013-08-12,71.30665766666667,-156.6137786,21.274473333333333,gp,Jafarov_2016,True,15,5.0,True,1,21.274473333333333,
CL,2013-08-12,71.30670623076922,-156.61377153846155,34.872092307692306,gp,Jafarov_2016,True,13,5.0,True,1,34.872092307692306,
CL,2013-08-12,71.306749,-156.613767,28.449235714285717,gp,Jafarov_2016,True,14,5.0,True,1,28.449235714285717,
CL,2013-08-12,71.30678681818182,-156.61375881818182,26.317109090909092,gp,Jafarov_2016,True,11,5.0,True,1,26.317109090909092,
CL,2013-08-12,71.3068085,-156.61373475,28.434775000000002,gp,Jafarov_2016,True,4,5.0,True,1,28.434775000000002,
CL,2013-08-12,71.30684385714287,-156.6137312857143,32.76288571428571,gp,Jafarov_2016,True,7,5.0,True,1,32.76288571428571,
CL,2013-08-12,71.306834375,-156.61373724999999,35.710425,gp,Jafarov_2016,True,8,5.0,True,1,35.710425,
CL,2013-08-12,71.3068834375,-156.613700375,31.0404375,gp,Jafarov_2016,True,16,5.0,True,1,31.0404375,
CL,2013-08-12,71.30692653846154,-156.61364753846152,34.44242307692308,gp,Jafarov_2016,True,13,5.0,True,1,34.44242307692308,
CL,2013-08-12,71.30696261904761,-156.61360547619046,34.64792857142857,gp,Jafarov_2016,True,21,5.0,True,1,34.64792857142857,
CL,2013-08-12,71.30699066666666,-156.613574,38.04793333333333,gp,Jafarov_2016,True,3,5.0,True,1,38.04793333333333,
CL,2013-08-12,71.30701558333334,-156.613543,33.163775,gp,Jafarov_2016,True,12,5.0,True,1,33.163775,
CL,2013-08-12,71.30706060000001,-156.61349906666666,24.777046666666667,gp,Jafarov_2016,True,15,5.0,True,1,24.777046666666667,
CL,2013-08-12,71.3071036875,-156.6134444375,29.001437499999998,gp,Jafarov_2016,True,16,5.0,True,1,29.001437499999998,
CL,2013-08-12,71.307123,-156.613416,24.9335,gp,Jafarov_2016,True,1,5.0,False,1,24.9335,
CL,2013-08-12,71.30714678571428,-156.61338014285712,29.35705714285714,gp,Jafarov_2016,True,14,5.0,True,1,29.35705714285714,
CL,2013-08-12,71.307191125,-156.61333075,24.97981875,gp,Jafarov_2016,True,16,5.0,True,1,24.97981875,
CL,2013-08-12,71.307219,-156.613281,22.58358,gp,Jafarov_2016,True,5,5.0,True,1,22.58358,
CL,2013-08-12,71.3072425,-156.61323975000002,21.73590833333333,gp,Jafarov_2016,True,12,5.0,True,1,21.73590833333333,
CL,2013-08-12,71.30727993333333,-156.6131626,35.543800000000005,gp,Jafarov_2016,True,15,5.0,True,1,35.543800000000005,
CL,2013-08-12,71.30732216666667,-156.61306788888888,26.849427777777777,gp,Jafarov_2016,True,18,5.0,True,1,26.849427777777777,
CL,2013-08-12,71.30735625,-156.612997625,26.5627375,gp,Jafarov_2016,True,8,5.0,True,1,26.5627375,
CL,2013-08-12,71.30737966666668,-156.6129515,27.685950000000002,gp,Jafarov_2016,True,6,5.0,True,1,27.685950000000002,
CL,2013-08-12,71.30740833333333,-156.61290293333334,23.42782,gp,Jafarov_2016,True,15,5.0,True,1,23.42782,
CL,2013-08-12,71.30744333333334,-156.612841,22.235122222222223,gp,Jafarov_2016,True,9,5.0,True,1,22.235122222222223,
CL,2013-08-12,71.307465,-156.612799,25.284333333333336,gp,Jafarov_2016,True,6,5.0,True,1,25.284333333333336,
CL,2013-08-12,71.3074961764706,-156.61274782352942,31.74788823529412,gp,Jafarov_2016,True,17,5.0,True,1,31.74788823529412,
CL,2013-08-12,71.30752757142857,-156.61268828571428,26.922671428571427,gp,Jafarov_2016,True,7,5.0,True,1,26.922671428571427,
CL,2013-08-12,71.30754922222224,-156.61265077777776,25.03248888888889,gp,Jafarov_2016,True,9,5.0,True,1,25.03248888888889,
CL,2013-08-12,71.30758990909091,-156.61257768181818,31.04550454545455,gp,Jafarov_2016,True,22,5.0,True,1,31.04550454545455,
CL,2013-08-12,71.30761150000001,-156.61252975,24.690649999999998,gp,Jafarov_2016,True,4,5.0,True,1,24.690649999999998,
CL,2013-08-12,71.30763518181818,-156.612485,24.6097,gp,Jafarov_2016,True,11,5.0,True,1,24.6097,
CL,2013-08-12,71.30766805882352,-156.61241241176472,24.438282352941176,gp,Jafarov_2016,True,17,5.0,True,1,24.438282352941176,
CL,2013-08-12,71.3076915,-156.61236350000001,24.4478,gp,Jafarov_2016,True,2,5.0,True,1,24.4478,
CL,2013-08-12,71.3077166,-156.61231953333333,24.83101333333333,gp,Jafarov_2016,True,15,5.0,True,1,24.83101333333333,
CL,2013-08-12,71.3077946923077,-156.61212723076923,23.17126153846154,gp,Jafarov_2016,True,13,5.0,True,1,23.17126153846154,
CL,2013-08-12,71.30781742857143,-156.61205328571427,23.568914285714282,gp,Jafarov_2016,True,7,5.0,True,1,23.568914285714282,
CL,2013-08-12,71.30784246153847,-156.61197946153845,24.22986923076923,gp,Jafarov_2016,True,13,5.0,True,1,24.22986923076923,
CL,2013-08-12,71.307863,-156.61190416666668,23.422433333333334,gp,Jafarov_2016,True,6,5.0,True,1,23.422433333333334,
CL,2013-08-12,71.30788323076924,-156.61183492307694,26.166507692307693,gp,Jafarov_2016,True,13,5.0,True,1,26.166507692307693,
CL,2013-08-12,71.307904,-156.61176266666666,27.038300000000003,gp,Jafarov_2016,True,6,5.0,True,1,27.038300000000003,
CL,2013-08-12,71.30792433333333,-156.61168575,26.235541666666666,gp,Jafarov_2016,True,12,5.0,True,1,26.235541666666666,
CL,2013-08-12,71.3079455,-156.6115979,27.03024,gp,Jafarov_2016,True,10,5.0,True,1,27.03024,
CL,2013-08-12,71.307961,-156.61152614285714,28.76147142857143,gp,Jafarov_2016,True,7,5.0,True,1,28.76147142857143,
CL,2013-08-12,71.307975,-156.611424,29.58025,gp,Jafarov_2016,True,20,5.0,True,1,29.58025,
CL,2013-08-12,71.307991,-156.61131828571428,31.606385714285715,gp,Jafarov_2016,True,7,5.0,True,1,31.606385714285715,
CL,2013-08-12,71.30799928571429,-156.61125171428571,31.710485714285713,gp,Jafarov_2016,True,7,5.0,True,1,31.710485714285713,
CL,2013-08-12,71.30801235714286,-156.6111397857143,28.755692857142858,gp,Jafarov_2016,True,14,5.0,True,1,28.755692857142858,
CL,2013-08-12,71.3080296,-156.6110234,26.34214,gp,Jafarov_2016,True,10,5.0,True,1,26.34214,
CL,2013-08-12,71.30803900000001,-156.6109468,23.08782,gp,Jafarov_2016,True,5,5.0,True,1,23.08782,
CL,2013-08-12,71.30804392857144,-156.61085464285716,24.48252857142857,gp,Jafarov_2016,True,14,5.0,True,1,24.48252857142857,
CL,2013-08-12,71.30805707692308,-156.61071407692307,32.05741538461538,gp,Jafarov_2016,True,13,5.0,True,1,32.05741538461538,
CL,2013-08-12,71.30806542857142,-156.61057371428572,29.46691428571429,gp,Jafarov_2016,True,14,5.0,True,1,29.46691428571429,
CL,2013-08-12,71.30807054545454,-156.61043681818182,29.643545454545457,gp,Jafarov_2016,True,11,5.0,True,1,29.643545454545457,
CL,2013-08-12,71.30807083333333,-156.6103325,38.54715,gp,Jafarov_2016,True,6,5.0,True,1,38.54715,
CL,2013-08-12,71.30807385714286,-156.610261,40.1527,gp,Jafarov_2016,True,7,5.0,True,1,40.1527,
CL,2013-08-12,71.3080805,-156.61015514285714,36.67174285714286,gp,Jafarov_2016,True,14,5.0,True,1,36.67174285714286,
CL,2013-08-12,71.30807886666666,-156.6100232,27.405313333333332,gp,Jafarov_2016,True,15,5.0,True,1,27.405313333333332,
CL,2013-08-12,71.30807723076923,-156.60988053846154,32.99273846153846,gp,Jafarov_2016,True,13,5.0,True,1,32.99273846153846,
CL,2013-08-12,71.30807761538462,-156.60973723076924,28.344784615384615,gp,Jafarov_2016,True,13,5.0,True,1,28.344784615384615,
CL,2013-08-12,71.30808184615384,-156.6095896923077,29.024784615384615,gp,Jafarov_2016,True,13,5.0,True,1,29.024784615384615,
CL,2013-08-12,71.30809073333333,-156.6094518,30.476119999999998,gp,Jafarov_2016,True,15,5.0,True,1,30.476119999999998,
CL,2013-08-12,71.30809985714286,-156.60930785714285,32.392807142857144,gp,Jafarov_2016,True,14,5.0,True,1,32.392807142857144,
CL,2013-08-12,71.308101,-156.6092325,29.790725000000002,gp,Jafarov_2016,True,4,5.0,True,1,29.790725000000002,
CL,2013-08-12,71.308107875,-156.609154,28.57645,gp,Jafarov_2016,True,8,5.0,True,1,28.57645,
CL,2013-08-12,71.30810690909091,-156.60903318181818,26.60410909090909,gp,Jafarov_2016,True,11,5.0,True,1,26.60410909090909,
CL,2013-08-12,71.30810223076922,-156.6088973076923,24.77786923076923,gp,Jafarov_2016,True,13,5.0,True,1,24.77786923076923,
CL,2013-08-12,71.308098,-156.608825,27.3621,gp,Jafarov_2016,True,1,5.0,False,1,27.3621,
CL,2013-08-12,71.3080860625,-156.60875193750002,33.79790625,gp,Jafarov_2016,True,16,5.0,True,1,33.79790625,
CL,2013-08-12,71.30805942857144,-156.60865642857144,49.132735714285715,gp,Jafarov_2016,True,14,5.0,True,1,49.132735714285715,
CL,2013-08-12,71.308040125,-156.608586625,52.6397375,gp,Jafarov_2016,True,8,5.0,True,1,52.6397375,
CL,2013-08-12,71.30801746153847,-156.60851384615384,39.77910769230769,gp,Jafarov_2016,True,13,5.0,True,1,39.77910769230769,
CL,2013-08-12,71.3079955,-156.6084426,34.67221,gp,Jafarov_2016,True,10,5.0,True,1,34.67221,
CL,2013-08-12,71.3079785,-156.608393875,34.0913625,gp,Jafarov_2016,True,8,5.0,True,1,34.0913625,
CL,2013-08-12,71.30789145454546,-156.60819600000002,31.65265454545455,gp,Jafarov_2016,True,11,5.0,True,1,31.65265454545455,
CL,2013-08-12,71.30784211111111,-156.60807144444445,29.849183333333333,gp,Jafarov_2016,True,18,5.0,True,1,29.849183333333333,
CL,2013-08-12,71.307818,-156.608023,34.486,gp,Jafarov_2016,True,1,5.0,False,1,34.486,
CL,2013-08-12,71.3077955,-156.607985625,32.43856875,gp,Jafarov_2016,True,16,5.0,True,1,32.43856875,
CL,2013-08-12,71.30774914285715,-156.60791692857143,34.23544285714286,gp,Jafarov_2016,True,14,5.0,True,1,34.23544285714286,
CL,2013-08-12,71.30770578571428,-156.60786099999999,32.46797142857143,gp,Jafarov_2016,True,14,5.0,True,1,32.46797142857143,
CL,2013-08-12,71.30765961538462,-156.60782438461538,40.52014615384615,gp,Jafarov_2016,True,13,5.0,True,1,40.52014615384615,
CL,2013-08-12,71.30761606666667,-156.60779873333334,43.22356,gp,Jafarov_2016,True,15,5.0,True,1,43.22356,
CL,2013-08-12,71.30757020000001,-156.60778200000001,34.75044,gp,Jafarov_2016,True,15,5.0,True,1,34.75044,
CL,2013-08-12,71.30755066666667,-156.60776666666666,34.6749,gp,Jafarov_2016,True,3,5.0,True,1,34.6749,
CL,2013-08-12,71.30752146666667,-156.60774833333332,38.790906666666665,gp,Jafarov_2016,True,15,5.0,True,1,38.790906666666665,
CL,2013-08-12,71.3074869,-156.6077386,36.25349,gp,Jafarov_2016,True,10,5.0,True,1,36.25349,
CL,2013-08-12,71.3073255,-156.6078775,36.226525,gp,Jafarov_2016,True,4,5.0,True,1,36.226525,
CL,2013-08-12,71.3073162142857,-156.6079057857143,41.407500000000006,gp,Jafarov_2016,True,28,5.0,True,1,41.407500000000006,
CL,2013-08-12,71.30730923529413,-156.60800876470586,49.67934705882353,gp,Jafarov_2016,True,17,5.0,True,1,49.67934705882353,
CL,2013-08-12,71.30731219444445,-156.60816875,50.74955,gp,Jafarov_2016,True,36,5.0,True,1,50.74955,
CL,2013-08-12,71.30732428571429,-156.60825442857143,39.25067142857143,gp,Jafarov_2016,True,7,5.0,True,1,39.25067142857143,
CL,2013-08-12,71.30733755555555,-156.60832255555556,25.23936666666667,gp,Jafarov_2016,True,9,5.0,True,1,25.23936666666667,
CL,2013-08-12,71.30735852941177,-156.60842511764704,40.83845294117647,gp,Jafarov_2016,True,17,5.0,True,1,40.83845294117647,
CL,2013-08-12,71.307376,-156.6085,42.5004,gp,Jafarov_2016,True,1,5.0,False,1,42.5004,
CL,2013-08-12,71.3073931875,-156.60856625,40.90155,gp,Jafarov_2016,True,16,5.0,True,1,40.90155,
CL,2013-08-12,71.30741542857143,-156.60866171428572,41.251371428571424,gp,Jafarov_2016,True,7,5.0,True,1,41.251371428571424,
CL,2013-08-12,71.30743825,-156.60872958333334,39.21500833333334,gp,Jafarov_2016,True,12,5.0,True,1,39.21500833333334,
CL,2013-08-12,71.3074635,-156.60878166666666,41.07918333333333,gp,Jafarov_2016,True,6,5.0,True,1,41.07918333333333,
CL,2013-08-12,71.30749433333334,-156.60882683333332,43.386358333333334,gp,Jafarov_2016,True,12,5.0,True,1,43.386358333333334,
CL,2013-08-12,71.30752622222222,-156.6088711111111,37.175444444444445,gp,Jafarov_2016,True,9,5.0,True,1,37.175444444444445,
CL,2013-08-12,71.30755,-156.60890385714285,35.51527142857143,gp,Jafarov_2016,True,7,5.0,True,1,35.51527142857143,
CL,2013-08-12,71.30758283333334,-156.60893525,36.617758333333335,gp,Jafarov_2016,True,12,5.0,True,1,36.617758333333335,
CL,2013-08-12,71.30762885714286,-156.6089812142857,38.03782142857143,gp,Jafarov_2016,True,14,5.0,True,1,38.03782142857143,
CL,2013-08-12,71.307654,-156.609016,38.897999999999996,gp,Jafarov_2016,True,1,5.0,False,1,38.897999999999996,
CL,2013-08-12,71.30767636363636,-156.60903372727273,39.16105454545454,gp,Jafarov_2016,True,11,5.0,True,1,39.16105454545454,
CL,2013-08-12,71.30772092307691,-156.60906792307694,37.462592307692304,gp,Jafarov_2016,True,13,5.0,True,1,37.462592307692304,
CL,2013-08-12,71.30775314285714,-156.60911800000002,34.1622,gp,Jafarov_2016,True,7,5.0,True,1,34.1622,
CL,2013-08-12,71.30817822222222,-156.60928933333332,26.561600000000002,gp,Jafarov_2016,True,9,5.0,True,1,26.561600000000002,
CL,2013-08-12,71.30820566666667,-156.60927122222222,28.23465555555556,gp,Jafarov_2016,True,9,5.0,True,1,28.23465555555556,
CL,2013-08-12,71.30845216666667,-156.60901733333333,31.369333333333334,gp,Jafarov_2016,True,6,5.0,True,1,31.369333333333334,
CL,2013-08-12,71.3084717,-156.6089576,39.22178,gp,Jafarov_2016,True,10,5.0,True,1,39.22178,
CL,2013-08-12,71.30849058333334,-156.60887783333334,39.7817,gp,Jafarov_2016,True,12,5.0,True,1,39.7817,
CL,2013-08-12,71.3085092,-156.60880079999998,34.146,gp,Jafarov_2016,True,5,5.0,True,1,34.146,
CL,2013-08-12,71.3085305,-156.60871566666665,30.87685,gp,Jafarov_2016,True,12,5.0,True,1,30.87685,
CL,2013-08-12,71.308548,-156.60864633333333,27.605,gp,Jafarov_2016,True,3,5.0,True,1,27.605,
CL,2013-08-12,71.30857014285714,-156.6085662857143,36.457792857142856,gp,Jafarov_2016,True,14,5.0,True,1,36.457792857142856,
CL,2013-08-12,71.30859000000001,-156.6084915,40.3146,gp,Jafarov_2016,True,2,5.0,True,1,40.3146,
CL,2013-08-12,71.308613875,-156.608413125,34.678275,gp,Jafarov_2016,True,16,5.0,True,1,34.678275,
CL,2013-08-12,71.308632,-156.60834,29.466900000000003,gp,Jafarov_2016,True,1,5.0,False,1,29.466900000000003,
CL,2013-08-12,71.3086515625,-156.6082699375,37.719075000000004,gp,Jafarov_2016,True,16,5.0,True,1,37.719075000000004,
CL,2013-08-12,71.308672,-156.608179,36.320933333333336,gp,Jafarov_2016,True,3,5.0,True,1,36.320933333333336,
CL,2013-08-12,71.30868099999999,-156.60810758333335,26.6673,gp,Jafarov_2016,True,12,5.0,True,1,26.6673,
CL,2013-08-12,71.30869142857144,-156.60798135714285,25.968592857142855,gp,Jafarov_2016,True,14,5.0,True,1,25.968592857142855,
CL,2013-08-12,71.30869375,-156.607795,28.535975,gp,Jafarov_2016,True,4,5.0,True,1,28.535975,
CL,2013-08-12,71.3086987894737,-156.60770436842105,33.437878947368425,gp,Jafarov_2016,True,19,5.0,True,1,33.437878947368425,
CL,2013-08-12,71.308696,-156.607563,39.19285,gp,Jafarov_2016,True,14,5.0,True,1,39.19285,
CL,2013-08-12,71.30869581249999,-156.6074155625,38.59436875,gp,Jafarov_2016,True,16,5.0,True,1,38.59436875,
CL,2013-08-12,71.30869046666666,-156.60728426666668,31.30185333333333,gp,Jafarov_2016,True,15,5.0,True,1,31.30185333333333,
CL,2013-08-12,71.30868725,-156.60714733333333,40.59123333333333,gp,Jafarov_2016,True,12,5.0,True,1,40.59123333333333,
CL,2013-08-12,71.3086885862069,-156.6070009310345,42.57853103448276,gp,Jafarov_2016,True,29,5.0,True,1,42.57853103448276,
CL,2013-08-12,71.30868871428571,-156.60686042857145,44.00377142857143,gp,Jafarov_2016,True,14,5.0,True,1,44.00377142857143,
CL,2013-08-12,71.30868405555556,-156.60672122222223,39.550066666666666,gp,Jafarov_2016,True,18,5.0,True,1,39.550066666666666,
CL,2013-08-12,71.30867553333333,-156.60658253333335,30.78374666666667,gp,Jafarov_2016,True,15,5.0,True,1,30.78374666666667,
CL,2013-08-12,71.3086610625,-156.60645175,40.279225,gp,Jafarov_2016,True,16,5.0,True,1,40.279225,
CL,2013-08-12,71.308652,-156.606368,38.128899999999994,gp,Jafarov_2016,True,3,5.0,True,1,38.128899999999994,
CL,2013-08-12,71.30864670588235,-156.6063051764706,32.12885882352941,gp,Jafarov_2016,True,17,5.0,True,1,32.12885882352941,
CL,2013-08-12,71.308639375,-156.6061690625,28.1919,gp,Jafarov_2016,True,16,5.0,True,1,28.1919,
CL,2013-08-12,71.30863164285714,-156.6060302142857,30.754464285714285,gp,Jafarov_2016,True,14,5.0,True,1,30.754464285714285,
CL,2013-08-12,71.30861886666666,-156.60589706666667,35.437666666666665,gp,Jafarov_2016,True,15,5.0,True,1,35.437666666666665,
CL,2013-08-12,71.30861035714285,-156.60575757142857,31.537014285714285,gp,Jafarov_2016,True,14,5.0,True,1,31.537014285714285,
CL,2013-08-12,71.3086035,-156.6056205,40.08332142857143,gp,Jafarov_2016,True,14,5.0,True,1,40.08332142857143,
CL,2013-08-12,71.30859906666666,-156.60547953333335,30.740593333333333,gp,Jafarov_2016,True,15,5.0,True,1,30.740593333333333,
CL,2013-08-12,71.30859416666667,-156.60537000000002,25.149416666666667,gp,Jafarov_2016,True,6,5.0,True,1,25.149416666666667,
CL,2013-08-12,71.30858877777777,-156.6053,24.3219,gp,Jafarov_2016,True,9,5.0,True,1,24.3219,
CL,2013-08-12,71.3085820625,-156.6051905,24.5338375,gp,Jafarov_2016,True,16,5.0,True,1,24.5338375,
CL,2013-08-12,71.3085684,-156.605055,29.824206666666665,gp,Jafarov_2016,True,15,5.0,True,1,29.824206666666665,
CL,2013-08-12,71.308552375,-156.604918625,35.35525625,gp,Jafarov_2016,True,16,5.0,True,1,35.35525625,
CL,2013-08-12,71.3085425,-156.6048455,42.98610000000001,gp,Jafarov_2016,True,2,5.0,True,1,42.98610000000001,
CL,2013-08-12,71.30853242857143,-156.60477214285714,45.3106,gp,Jafarov_2016,True,14,5.0,True,1,45.3106,
CL,2013-08-12,71.30851005263158,-156.6046577894737,49.21095263157895,gp,Jafarov_2016,True,19,5.0,True,1,49.21095263157895,
CL,2013-08-12,71.3084974,-156.60455819999999,48.9928,gp,Jafarov_2016,True,5,5.0,True,1,48.9928,
CL,2013-08-12,71.30848164285715,-156.604491,44.125214285714286,gp,Jafarov_2016,True,14,5.0,True,1,44.125214285714286,
CL,2013-08-12,71.308459375,-156.6043718125,42.8848875,gp,Jafarov_2016,True,16,5.0,True,1,42.8848875,
CL,2013-08-12,71.308446,-156.6042985,46.0218,gp,Jafarov_2016,True,2,5.0,True,1,46.0218,
CL,2013-08-12,71.3084306111111,-156.60422872222225,42.59931111111111,gp,Jafarov_2016,True,18,5.0,True,1,42.59931111111111,
CL,2013-08-12,71.30840814285715,-156.60412507142857,35.85644285714286,gp,Jafarov_2016,True,14,5.0,True,1,35.85644285714286,
CL,2013-08-12,71.30838988888888,-156.60405533333335,30.24048888888889,gp,Jafarov_2016,True,9,5.0,True,1,30.24048888888889,
CL,2013-08-12,71.30836666666667,-156.603969,33.95352777777778,gp,Jafarov_2016,True,18,5.0,True,1,33.95352777777778,
CL,2013-08-12,71.30835225,-156.6038815,39.310825,gp,Jafarov_2016,True,4,5.0,True,1,39.310825,
CL,2013-08-12,71.30833814285714,-156.60381721428573,41.97707857142858,gp,Jafarov_2016,True,14,5.0,True,1,41.97707857142858,
CL,2013-08-12,71.3083205,-156.60369335714287,41.53761428571429,gp,Jafarov_2016,True,14,5.0,True,1,41.53761428571429,
CL,2013-08-12,71.308305875,-156.603590875,44.4553875,gp,Jafarov_2016,True,8,5.0,True,1,44.4553875,
CL,2013-08-12,71.30829557142857,-156.60352585714284,44.4178,gp,Jafarov_2016,True,7,5.0,True,1,44.4178,
CL,2013-08-12,71.30828361538462,-156.60342353846153,47.43227692307692,gp,Jafarov_2016,True,13,5.0,True,1,47.43227692307692,
CL,2013-08-12,71.30827339999999,-156.60327953333334,46.51562666666667,gp,Jafarov_2016,True,15,5.0,True,1,46.51562666666667,
CL,2013-08-12,71.30826700000001,-156.603136,46.612793333333336,gp,Jafarov_2016,True,15,5.0,True,1,46.612793333333336,
CL,2013-08-12,71.3082622,-156.6029904,46.92581333333333,gp,Jafarov_2016,True,15,5.0,True,1,46.92581333333333,
CL,2013-08-12,71.30825685714285,-156.60285757142856,45.20072857142857,gp,Jafarov_2016,True,14,5.0,True,1,45.20072857142857,
CL,2013-08-12,71.30825275,-156.6027201875,46.764875,gp,Jafarov_2016,True,16,5.0,True,1,46.764875,
CL,2013-08-12,71.30825392857143,-156.60257664285714,47.12707857142857,gp,Jafarov_2016,True,14,5.0,True,1,47.12707857142857,
CL,2013-08-12,71.3082625,-156.602440625,46.16096875,gp,Jafarov_2016,True,16,5.0,True,1,46.16096875,
CL,2013-08-12,71.30827093333332,-156.60229726666665,45.60626,gp,Jafarov_2016,True,15,5.0,True,1,45.60626,
CL,2013-08-12,71.30827811764706,-156.602159,45.51466470588235,gp,Jafarov_2016,True,17,5.0,True,1,45.51466470588235,
CL,2013-08-12,71.308281,-156.602076,45.1718,gp,Jafarov_2016,True,2,5.0,True,1,45.1718,
CL,2013-08-12,71.30828445454546,-156.60200681818182,45.094536363636365,gp,Jafarov_2016,True,11,5.0,True,1,45.094536363636365,
CL,2013-08-12,71.3082909375,-156.601872375,42.6040875,gp,Jafarov_2016,True,16,5.0,True,1,42.6040875,
CL,2013-08-12,71.30829864285714,-156.601733,41.69660714285715,gp,Jafarov_2016,True,14,5.0,True,1,41.69660714285715,
CL,2013-08-12,71.3083088,-156.6015918,44.540380000000006,gp,Jafarov_2016,True,15,5.0,True,1,44.540380000000006,
CL,2013-08-12,71.30831692307692,-156.601462,43.913953846153845,gp,Jafarov_2016,True,13,5.0,True,1,43.913953846153845,
CL,2013-08-12,71.30831933333333,-156.60139633333333,44.794033333333324,gp,Jafarov_2016,True,3,5.0,True,1,44.794033333333324,
CL,2013-08-12,71.30832333333333,-156.60131826666665,44.923559999999995,gp,Jafarov_2016,True,15,5.0,True,1,44.923559999999995,
CL,2013-08-12,71.30832876923077,-156.6011686153846,45.12199230769231,gp,Jafarov_2016,True,13,5.0,True,1,45.12199230769231,
CL,2013-08-12,71.30834004347825,-156.60102,45.85462608695652,gp,Jafarov_2016,True,23,5.0,True,1,45.85462608695652,
CL,2013-08-12,71.30837836842106,-156.60088789473684,46.33926315789474,gp,Jafarov_2016,True,19,5.0,True,1,46.33926315789474,
CL,2013-08-12,71.30842066666668,-156.60075544444445,45.09986111111111,gp,Jafarov_2016,True,18,5.0,True,1,45.09986111111111,
CL,2013-08-12,71.30845216666667,-156.60068783333335,45.009899999999995,gp,Jafarov_2016,True,6,5.0,True,1,45.009899999999995,
CL,2013-08-12,71.308472,-156.60062200000002,45.596808333333335,gp,Jafarov_2016,True,12,5.0,True,1,45.596808333333335,
CL,2013-08-12,71.308497,-156.600544375,46.55815,gp,Jafarov_2016,True,8,5.0,True,1,46.55815,
CL,2013-08-12,71.30851945454546,-156.60049427272727,48.1818,gp,Jafarov_2016,True,11,5.0,True,1,48.1818,
CL,2013-08-12,71.30855335294117,-156.6004141764706,49.43376470588235,gp,Jafarov_2016,True,17,5.0,True,1,49.43376470588235,
CL,2013-08-12,71.308573,-156.600365,48.8957,gp,Jafarov_2016,True,1,5.0,False,1,48.8957,
CL,2013-08-12,71.30859466666666,-156.60031366666666,48.66180555555556,gp,Jafarov_2016,True,18,5.0,True,1,48.66180555555556,
CL,2013-08-12,71.3086242,-156.60025100000001,48.44636,gp,Jafarov_2016,True,5,5.0,True,1,48.44636,
CL,2013-08-12,71.30864799999999,-156.6001887,48.00316,gp,Jafarov_2016,True,10,5.0,True,1,48.00316,
CL,2013-08-12,71.30867354545454,-156.60011736363637,47.460581818181815,gp,Jafarov_2016,True,11,5.0,True,1,47.460581818181815,
CL,2013-08-12,71.30869571428572,-156.60004814285713,47.4385,gp,Jafarov_2016,True,7,5.0,True,1,47.4385,
CL,2013-08-12,71.30872285714285,-156.5999745714286,47.4385,gp,Jafarov_2016,True,14,5.0,True,1,47.4385,
CL,2013-08-12,71.30874333333334,-156.599924,47.41153333333333,gp,Jafarov_2016,True,3,5.0,True,1,47.41153333333333,
CL,2013-08-12,71.30876325,-156.599852375,47.4334375,gp,Jafarov_2016,True,16,5.0,True,1,47.4334375,
CL,2013-08-12,71.3087875,-156.5997795,48.00515,gp,Jafarov_2016,True,2,5.0,True,1,48.00515,
CL,2013-08-12,71.30881246666667,-156.59971926666668,47.6004,gp,Jafarov_2016,True,15,5.0,True,1,47.6004,
CL,2013-08-12,71.30883833333333,-156.599652,47.64086666666666,gp,Jafarov_2016,True,3,5.0,True,1,47.64086666666666,
CL,2013-08-12,71.30886091666666,-156.59960241666667,47.34068333333334,gp,Jafarov_2016,True,12,5.0,True,1,47.34068333333334,
CL,2013-08-12,71.308893625,-156.5995245,45.7081125,gp,Jafarov_2016,True,8,5.0,True,1,45.7081125,
CL,2013-08-12,71.3089156,-156.5994738,44.55658,gp,Jafarov_2016,True,5,5.0,True,1,44.55658,
CL,2013-08-12,71.3089365,-156.59940108333333,42.136075,gp,Jafarov_2016,True,12,5.0,True,1,42.136075,
CL,2013-08-12,71.308957,-156.59932566666666,39.559066666666666,gp,Jafarov_2016,True,3,5.0,True,1,39.559066666666666,
CL,2013-08-12,71.30897575,-156.59925891666666,36.401891666666664,gp,Jafarov_2016,True,12,5.0,True,1,36.401891666666664,
CL,2013-08-12,71.3089922857143,-156.59916528571426,33.653328571428574,gp,Jafarov_2016,True,7,5.0,True,1,33.653328571428574,
CL,2013-08-12,71.309133,-156.598653,45.6575,gp,Jafarov_2016,True,1,5.0,False,1,45.6575,
CL,2013-08-12,71.3091395,-156.59863775,47.62065,gp,Jafarov_2016,True,4,5.0,True,1,47.62065,
CL,2013-08-12,71.30916058333334,-156.5985785,51.29051666666667,gp,Jafarov_2016,True,12,5.0,True,1,51.29051666666667,
CL,2013-08-12,71.3091872,-156.598505,49.705200000000005,gp,Jafarov_2016,True,5,5.0,True,1,49.705200000000005,
CL,2013-08-12,71.309217,-156.597967,38.6956,gp,Jafarov_2016,True,1,5.0,False,1,38.6956,
CL,2013-08-12,71.3092154,-156.5979376,37.740300000000005,gp,Jafarov_2016,True,5,5.0,True,1,37.740300000000005,
CL,2013-08-12,71.30920984615385,-156.59784023076924,41.7717923076923,gp,Jafarov_2016,True,13,5.0,True,1,41.7717923076923,
CL,2013-08-12,71.3092042,-156.5977508,44.94514,gp,Jafarov_2016,True,5,5.0,True,1,44.94514,
CL,2013-08-12,71.3092168,-156.59726270000002,46.54803,gp,Jafarov_2016,True,10,5.0,True,1,46.54803,
CL,2013-08-12,71.3092255,-156.59714578571428,45.923521428571426,gp,Jafarov_2016,True,14,5.0,True,1,45.923521428571426,
CL,2013-08-12,71.3092315,-156.59706749999998,44.92895,gp,Jafarov_2016,True,2,5.0,True,1,44.92895,
CL,2013-08-12,71.3097886,-156.59437480000003,22.68308,gp,Jafarov_2016,True,5,5.0,True,1,22.68308,
CL,2013-08-12,71.30981907142858,-156.59439507142858,22.909735714285713,gp,Jafarov_2016,True,14,5.0,True,1,22.909735714285713,
CL,2013-08-12,71.30986592307693,-156.59441269230769,23.339399999999998,gp,Jafarov_2016,True,13,5.0,True,1,23.339399999999998,
CL,2013-08-12,71.30991146153846,-156.59441315384615,24.653307692307692,gp,Jafarov_2016,True,13,5.0,True,1,24.653307692307692,
CL,2013-08-12,71.30995581250001,-156.594420125,25.227,gp,Jafarov_2016,True,16,5.0,True,1,25.227,
CL,2013-08-12,71.31000093333334,-156.59442053333333,26.262166666666666,gp,Jafarov_2016,True,15,5.0,True,1,26.262166666666666,
CL,2013-08-12,71.31004338461538,-156.5944043846154,28.3013,gp,Jafarov_2016,True,13,5.0,True,1,28.3013,
CL,2013-08-12,71.31009138461539,-156.59439446153846,29.143107692307694,gp,Jafarov_2016,True,13,5.0,True,1,29.143107692307694,
CL,2013-08-12,71.31013314285714,-156.59438814285713,30.83155,gp,Jafarov_2016,True,14,5.0,True,1,30.83155,
CL,2013-08-12,71.31018046153847,-156.594405,33.290407692307696,gp,Jafarov_2016,True,13,5.0,True,1,33.290407692307696,
CL,2013-08-12,71.3102106,-156.5944188,32.89934,gp,Jafarov_2016,True,5,5.0,True,1,32.89934,
CL,2013-08-12,71.31023327272727,-156.59443772727272,34.802445454545456,gp,Jafarov_2016,True,11,5.0,True,1,34.802445454545456,
CL,2013-08-12,71.31027078947368,-156.59446147368422,31.604078947368418,gp,Jafarov_2016,True,19,5.0,True,1,31.604078947368418,
CL,2013-08-12,71.31031523076923,-156.59450746153846,29.407146153846153,gp,Jafarov_2016,True,13,5.0,True,1,29.407146153846153,
CL,2013-08-12,71.31036175,-156.59453349999998,31.045516666666668,gp,Jafarov_2016,True,12,5.0,True,1,31.045516666666668,
CL,2013-08-12,71.310388,-156.5945485,32.947900000000004,gp,Jafarov_2016,True,2,5.0,True,1,32.947900000000004,
CL,2013-08-12,71.31041019999999,-156.59457833333332,31.393606666666663,gp,Jafarov_2016,True,15,5.0,True,1,31.393606666666663,
CL,2013-08-12,71.3104522,-156.59461466666664,29.340086666666664,gp,Jafarov_2016,True,15,5.0,True,1,29.340086666666664,
CL,2013-08-12,71.31049836,-156.59465004,32.172376,gp,Jafarov_2016,True,25,5.0,True,1,32.172376,
CL,2013-08-12,71.310524,-156.594672,31.355833333333333,gp,Jafarov_2016,True,3,5.0,True,1,31.355833333333333,
CL,2013-08-12,71.310547,-156.59467795999998,31.289992,gp,Jafarov_2016,True,25,5.0,True,1,31.289992,
CL,2013-08-12,71.31059014285714,-156.5946845714286,29.54787142857143,gp,Jafarov_2016,True,14,5.0,True,1,29.54787142857143,
CL,2013-08-12,71.310655,-156.594685,26.552599999999998,gp,Jafarov_2016,True,1,5.0,False,1,26.552599999999998,
CL,2013-08-12,71.31067735714285,-156.5946707142857,26.321321428571427,gp,Jafarov_2016,True,14,5.0,True,1,26.321321428571427,
CL,2013-08-12,71.310702,-156.594653,28.8193,gp,Jafarov_2016,True,1,5.0,False,1,28.8193,
CL,2013-08-12,71.31072346666666,-156.59463453333333,30.98884,gp,Jafarov_2016,True,15,5.0,True,1,30.98884,
CL,2013-08-12,71.31076827777777,-156.5946018888889,32.01244444444444,gp,Jafarov_2016,True,18,5.0,True,1,32.01244444444444,
CL,2013-08-12,71.31081157142857,-156.59457049999997,32.05742142857143,gp,Jafarov_2016,True,14,5.0,True,1,32.05742142857143,
CL,2013-08-12,71.31085615384615,-156.59454253846155,31.266569230769235,gp,Jafarov_2016,True,13,5.0,True,1,31.266569230769235,
CL,2013-08-12,71.31089938461538,-156.59450423076922,30.544215384615388,gp,Jafarov_2016,True,13,5.0,True,1,30.544215384615388,
CL,2013-08-12,71.31092633333334,-156.59448766666665,29.3455,gp,Jafarov_2016,True,3,5.0,True,1,29.3455,
CL,2013-08-12,71.31094645454546,-156.59446,31.163263636363638,gp,Jafarov_2016,True,11,5.0,True,1,31.163263636363638,
CL,2013-08-12,71.31098915384615,-156.59441753846156,28.981223076923076,gp,Jafarov_2016,True,13,5.0,True,1,28.981223076923076,
CL,2013-08-12,71.31103292307692,-156.59438546153845,29.267646153846155,gp,Jafarov_2016,True,13,5.0,True,1,29.267646153846155,
CL,2013-08-12,71.31107418181819,-156.5943473636364,29.385981818181822,gp,Jafarov_2016,True,11,5.0,True,1,29.385981818181822,
CL,2013-08-12,71.311094,-156.5943225,29.6288,gp,Jafarov_2016,True,2,5.0,True,1,29.6288,
CL,2013-08-12,71.3111225,-156.59430835714286,29.958435714285713,gp,Jafarov_2016,True,14,5.0,True,1,29.958435714285713,
CL,2013-08-12,71.31116635714285,-156.594292,28.374042857142857,gp,Jafarov_2016,True,14,5.0,True,1,28.374042857142857,
CL,2013-08-12,71.311368,-156.594352,32.0574,gp,Jafarov_2016,True,1,5.0,False,1,32.0574,
CL,2013-08-12,71.31138936363637,-156.59436254545454,29.334454545454545,gp,Jafarov_2016,True,11,5.0,True,1,29.334454545454545,
CL,2013-08-12,71.31143558333333,-156.59438483333335,29.601858333333336,gp,Jafarov_2016,True,12,5.0,True,1,29.601858333333336,
CL,2013-08-12,71.31147157142857,-156.59440700000002,31.31728571428572,gp,Jafarov_2016,True,7,5.0,True,1,31.31728571428572,
CL,2013-08-12,71.31171616666667,-156.59454133333335,29.952650000000002,gp,Jafarov_2016,True,6,5.0,True,1,29.952650000000002,
CL,2013-08-12,71.31175341666666,-156.59456525,29.190358333333336,gp,Jafarov_2016,True,12,5.0,True,1,29.190358333333336,
CL,2013-08-12,71.31179818181818,-156.59458763636363,30.077745454545457,gp,Jafarov_2016,True,11,5.0,True,1,30.077745454545457,
CL,2013-08-12,71.31184322222222,-156.5946281111111,31.2389,gp,Jafarov_2016,True,9,5.0,True,1,31.2389,
CL,2013-08-12,71.311865,-156.594652,31.571700000000003,gp,Jafarov_2016,True,1,5.0,False,1,31.571700000000003,
CL,2013-08-12,71.31188727272728,-156.59467472727272,31.88078181818182,gp,Jafarov_2016,True,11,5.0,True,1,31.88078181818182,
CL,2013-08-12,71.311915,-156.594695,32.219300000000004,gp,Jafarov_2016,True,1,5.0,False,1,32.219300000000004,
CL,2013-08-12,71.31201775,-156.59476425,27.605,gp,Jafarov_2016,True,4,5.0,True,1,27.605,
CL,2013-08-12,71.31203500000001,-156.59477885714287,29.073714285714285,gp,Jafarov_2016,True,7,5.0,True,1,29.073714285714285,
CL,2013-08-12,71.312069,-156.59480141666668,31.160183333333332,gp,Jafarov_2016,True,12,5.0,True,1,31.160183333333332,
CL,2013-08-12,71.31211527272727,-156.59483445454546,31.640872727272725,gp,Jafarov_2016,True,11,5.0,True,1,31.640872727272725,
CL,2013-08-12,71.31216016666666,-156.59486483333333,31.117025,gp,Jafarov_2016,True,12,5.0,True,1,31.117025,
CL,2013-08-12,71.31219828571429,-156.59487414285715,32.439057142857145,gp,Jafarov_2016,True,7,5.0,True,1,32.439057142857145,
CL,2013-08-12,71.31222249999999,-156.594885,32.920950000000005,gp,Jafarov_2016,True,2,5.0,True,1,32.920950000000005,
CL,2013-08-12,71.3122494,-156.5948958,33.85189,gp,Jafarov_2016,True,10,5.0,True,1,33.85189,
CL,2013-08-12,71.31228566666667,-156.59491616666665,33.73045,gp,Jafarov_2016,True,6,5.0,True,1,33.73045,
CL,2013-08-12,71.312396,-156.5950425,32.219325,gp,Jafarov_2016,True,8,5.0,True,1,32.219325,
CL,2013-08-12,71.312415,-156.59510699999998,33.43365,gp,Jafarov_2016,True,4,5.0,True,1,33.43365,
CL,2013-08-12,71.312686,-156.59600233333333,31.658033333333332,gp,Jafarov_2016,True,3,5.0,True,1,31.658033333333332,
CL,2013-08-12,71.3127006,-156.5960486,30.83342,gp,Jafarov_2016,True,5,5.0,True,1,30.83342,
CL,2013-08-12,71.312725,-156.596123,29.46085,gp,Jafarov_2016,True,8,5.0,True,1,29.46085,
CL,2013-08-12,71.31275088888889,-156.59617733333334,28.6394,gp,Jafarov_2016,True,9,5.0,True,1,28.6394,
CL,2013-08-12,71.31277166666666,-156.596239,28.711366666666667,gp,Jafarov_2016,True,6,5.0,True,1,28.711366666666667,
CL,2013-08-12,71.31279890909092,-156.59630927272727,28.120163636363635,gp,Jafarov_2016,True,11,5.0,True,1,28.120163636363635,
CL,2013-08-12,71.312817,-156.59636,27.8479,gp,Jafarov_2016,True,1,5.0,False,1,27.8479,
CL,2013-08-12,71.31284575000001,-156.596469,33.29195,gp,Jafarov_2016,True,4,5.0,True,1,33.29195,
CL,2013-08-12,71.31286144444444,-156.5965168888889,30.3934,gp,Jafarov_2016,True,9,5.0,True,1,30.3934,
CL,2013-08-12,71.3129012,-156.5965847,27.31354,gp,Jafarov_2016,True,10,5.0,True,1,27.31354,
CL,2013-08-12,71.312926,-156.596614,27.200200000000002,gp,Jafarov_2016,True,1,5.0,False,1,27.200200000000002,
CL,2013-08-12,71.31294625,-156.596639,27.726412500000002,gp,Jafarov_2016,True,8,5.0,True,1,27.726412500000002,
CL,2013-08-12,71.31298945454546,-156.59670681818181,28.959127272727276,gp,Jafarov_2016,True,11,5.0,True,1,28.959127272727276,
CL,2013-08-12,71.313013,-156.596752,28.9812,gp,Jafarov_2016,True,1,5.0,False,1,28.9812,
CL,2013-08-12,71.313019,-156.59676100000001,28.9812,gp,Jafarov_2016,True,2,5.0,True,1,28.9812,
CL,2013-08-12,71.31318175,-156.59699,27.382350000000002,gp,Jafarov_2016,True,4,5.0,True,1,27.382350000000002,
CL,2013-08-12,71.313192,-156.597007,27.523999999999997,gp,Jafarov_2016,True,1,5.0,False,1,27.523999999999997,
CL,2013-08-12,71.31321715384615,-156.597048,30.16439230769231,gp,Jafarov_2016,True,13,5.0,True,1,30.16439230769231,
CL,2013-08-12,71.3132607142857,-156.5971047857143,32.08052857142857,gp,Jafarov_2016,True,14,5.0,True,1,32.08052857142857,
CL,2013-08-12,71.313287,-156.597133,32.0574,gp,Jafarov_2016,True,1,5.0,False,1,32.0574,
CL,2013-08-12,71.31330881818181,-156.59716236363636,32.1494,gp,Jafarov_2016,True,11,5.0,True,1,32.1494,
CL,2013-08-12,71.3133543,-156.5971864,34.18243,gp,Jafarov_2016,True,10,5.0,True,1,34.18243,
CL,2013-08-12,71.31339840000001,-156.597211,32.91552,gp,Jafarov_2016,True,10,5.0,True,1,32.91552,
CL,2013-08-12,71.31343616666668,-156.5972395,32.799483333333335,gp,Jafarov_2016,True,6,5.0,True,1,32.799483333333335,
CL,2013-08-12,71.31345775,-156.59725575,31.612175,gp,Jafarov_2016,True,4,5.0,True,1,31.612175,
CL,2013-08-12,71.3134896,-156.5972849,29.73406,gp,Jafarov_2016,True,10,5.0,True,1,29.73406,
CL,2013-08-12,71.313536,-156.59731781818184,30.693490909090908,gp,Jafarov_2016,True,11,5.0,True,1,30.693490909090908,
CL,2013-08-12,71.3135845,-156.5973474,32.3183,gp,Jafarov_2016,True,10,5.0,True,1,32.3183,
CL,2013-08-12,71.313609,-156.597366,32.56015000000001,gp,Jafarov_2016,True,2,5.0,True,1,32.56015000000001,
CL,2013-08-12,71.31363280000001,-156.59739,32.86695,gp,Jafarov_2016,True,10,5.0,True,1,32.86695,
CL,2013-08-12,71.3136765,-156.5974515,32.85134166666666,gp,Jafarov_2016,True,12,5.0,True,1,32.85134166666666,
CL,2013-08-12,71.313698,-156.597497,29.9526,gp,Jafarov_2016,True,1,5.0,False,1,29.9526,
CL,2013-08-12,71.31371818181819,-156.5975410909091,30.81369090909091,gp,Jafarov_2016,True,11,5.0,True,1,30.81369090909091,
CL,2013-08-12,71.31375125,-156.59761175,32.158612500000004,gp,Jafarov_2016,True,8,5.0,True,1,32.158612500000004,
CL,2013-08-12,71.313773,-156.59767953846153,31.15449230769231,gp,Jafarov_2016,True,13,5.0,True,1,31.15449230769231,
CL,2013-08-12,71.31379871428571,-156.59774271428572,31.236328571428572,gp,Jafarov_2016,True,7,5.0,True,1,31.236328571428572,
CL,2013-08-12,71.31382114285715,-156.59778942857142,29.050585714285713,gp,Jafarov_2016,True,7,5.0,True,1,29.050585714285713,
CL,2013-08-12,71.31385044444444,-156.59786055555554,28.450522222222226,gp,Jafarov_2016,True,9,5.0,True,1,28.450522222222226,
CL,2013-08-12,71.3138727,-156.5979351,28.900240000000004,gp,Jafarov_2016,True,10,5.0,True,1,28.900240000000004,
CL,2013-08-12,71.313896125,-156.598005125,27.9086,gp,Jafarov_2016,True,8,5.0,True,1,27.9086,
CL,2013-08-12,71.313918625,-156.59807,28.2560125,gp,Jafarov_2016,True,8,5.0,True,1,28.2560125,
CL,2013-08-12,71.313936,-156.5981366,28.2796,gp,Jafarov_2016,True,5,5.0,True,1,28.2796,
CL,2013-08-12,71.313959,-156.59822035294118,28.690729411764703,gp,Jafarov_2016,True,17,5.0,True,1,28.690729411764703,
CL,2013-08-12,71.3139838888889,-156.598279,28.018755555555554,gp,Jafarov_2016,True,9,5.0,True,1,28.018755555555554,
CL,2013-08-12,71.3140018,-156.598317,28.090719999999997,gp,Jafarov_2016,True,5,5.0,True,1,28.090719999999997,
CL,2013-08-12,71.31572911111111,-156.60307444444445,30.270744444444446,gp,Jafarov_2016,True,9,5.0,True,1,30.270744444444446,
CL,2013-08-12,71.315722,-156.603681,40.6677,gp,Jafarov_2016,True,1,5.0,False,1,40.6677,
CL,2013-08-12,71.31571522222222,-156.60378288888887,31.149944444444447,gp,Jafarov_2016,True,9,5.0,True,1,31.149944444444447,
CL,2013-08-12,71.3157112,-156.6038922,33.80388,gp,Jafarov_2016,True,10,5.0,True,1,33.80388,
CL,2013-08-12,71.315708,-156.603968,33.491,gp,Jafarov_2016,True,1,5.0,False,1,33.491,
CL,2013-08-12,71.315707,-156.6040378,36.08569,gp,Jafarov_2016,True,10,5.0,True,1,36.08569,
CL,2013-08-12,71.31570439999999,-156.6041414,38.6435,gp,Jafarov_2016,True,5,5.0,True,1,38.6435,
CL,2013-08-12,71.3157089,-156.60445869999998,39.04836,gp,Jafarov_2016,True,10,5.0,True,1,39.04836,
CL,2013-08-12,71.31570745454546,-156.60459454545455,38.69369090909091,gp,Jafarov_2016,True,11,5.0,True,1,38.69369090909091,
CL,2013-08-12,71.3157125,-156.6047365,36.757325,gp,Jafarov_2016,True,4,5.0,True,1,36.757325,
CL,2013-08-12,71.3157178,-156.6048616,43.72237,gp,Jafarov_2016,True,10,5.0,True,1,43.72237,
CL,2013-08-12,71.315722,-156.604943,47.844300000000004,gp,Jafarov_2016,True,1,5.0,False,1,47.844300000000004,
CL,2013-08-12,71.31572653846153,-156.60501792307693,46.874715384615385,gp,Jafarov_2016,True,13,5.0,True,1,46.874715384615385,
CL,2013-08-12,71.31573041666667,-156.60515241666667,39.16489166666667,gp,Jafarov_2016,True,12,5.0,True,1,39.16489166666667,
CL,2013-08-12,71.31572971428571,-156.6052937857143,41.863800000000005,gp,Jafarov_2016,True,14,5.0,True,1,41.863800000000005,
CL,2013-08-12,71.31573346153846,-156.60543407692307,41.998261538461534,gp,Jafarov_2016,True,13,5.0,True,1,41.998261538461534,
CL,2013-08-12,71.31574192857143,-156.60557250000002,41.31175,gp,Jafarov_2016,True,14,5.0,True,1,41.31175,
CL,2013-08-12,71.31575522222222,-156.6057106111111,42.676538888888885,gp,Jafarov_2016,True,18,5.0,True,1,42.676538888888885,
CL,2013-08-12,71.31576861538461,-156.6058353076923,44.489584615384615,gp,Jafarov_2016,True,13,5.0,True,1,44.489584615384615,
CL,2013-08-12,71.3157795,-156.605905,42.50785,gp,Jafarov_2016,True,2,5.0,True,1,42.50785,
CL,2013-08-12,71.3157906,-156.6059876,41.735,gp,Jafarov_2016,True,15,5.0,True,1,41.735,
CL,2013-08-12,71.315811875,-156.606123,42.9908875,gp,Jafarov_2016,True,16,5.0,True,1,42.9908875,
CL,2013-08-12,71.315826,-156.606187,42.4465,gp,Jafarov_2016,True,1,5.0,False,1,42.4465,
CL,2013-08-12,71.31584784210527,-156.60626,41.10916315789474,gp,Jafarov_2016,True,19,5.0,True,1,41.10916315789474,
CL,2013-08-12,71.31586833333334,-156.606342,39.05753333333333,gp,Jafarov_2016,True,3,5.0,True,1,39.05753333333333,
CL,2013-08-12,71.3158859375,-156.606405875,38.70100625,gp,Jafarov_2016,True,16,5.0,True,1,38.70100625,
CL,2013-08-12,71.3159039,-156.60647663333333,39.84883333333334,gp,Jafarov_2016,True,30,5.0,True,1,39.84883333333334,
CL,2013-08-12,71.3159272857143,-156.6065652857143,44.295428571428566,gp,Jafarov_2016,True,7,5.0,True,1,44.295428571428566,
CL,2013-08-12,71.31595225,-156.606657,42.983241666666665,gp,Jafarov_2016,True,12,5.0,True,1,42.983241666666665,
CL,2013-08-12,71.31597149999999,-156.6067155,43.872675,gp,Jafarov_2016,True,4,5.0,True,1,43.872675,
CL,2013-08-12,71.315992125,-156.6067666875,43.37425625,gp,Jafarov_2016,True,16,5.0,True,1,43.37425625,
CL,2013-08-12,71.31603928571428,-156.6068237142857,41.5089,gp,Jafarov_2016,True,7,5.0,True,1,41.5089,
CL,2013-08-12,71.31606,-156.6068565,42.139799999999994,gp,Jafarov_2016,True,2,5.0,True,1,42.139799999999994,
CL,2013-08-12,71.31607407142857,-156.606932,39.48472857142857,gp,Jafarov_2016,True,14,5.0,True,1,39.48472857142857,
CL,2013-08-12,71.3160856923077,-156.607064,41.31882307692308,gp,Jafarov_2016,True,13,5.0,True,1,41.31882307692308,
CL,2013-08-12,71.31609457142858,-156.6072092857143,43.95370714285714,gp,Jafarov_2016,True,14,5.0,True,1,43.95370714285714,
CL,2013-08-12,71.31609914285714,-156.60734385714287,45.49156428571428,gp,Jafarov_2016,True,14,5.0,True,1,45.49156428571428,
CL,2013-08-12,71.3161046153846,-156.60748676923077,45.020407692307685,gp,Jafarov_2016,True,13,5.0,True,1,45.020407692307685,
CL,2013-08-12,71.31611014285714,-156.60758742857143,46.37220000000001,gp,Jafarov_2016,True,7,5.0,True,1,46.37220000000001,
CL,2013-08-12,71.31611657142858,-156.60765485714288,47.2923,gp,Jafarov_2016,True,7,5.0,True,1,47.2923,
CL,2013-08-12,71.31612591304348,-156.6077558695652,46.09618260869565,gp,Jafarov_2016,True,23,5.0,True,1,46.09618260869565,
CL,2013-08-12,71.3161454375,-156.6079074375,45.6361375,gp,Jafarov_2016,True,16,5.0,True,1,45.6361375,
CL,2013-08-12,71.3161595,-156.6080015,48.4078875,gp,Jafarov_2016,True,8,5.0,True,1,48.4078875,
CL,2013-08-12,71.31617111111112,-156.608072,49.858311111111114,gp,Jafarov_2016,True,9,5.0,True,1,49.858311111111114,
CL,2013-08-12,71.31619529411765,-156.60817288235296,46.393847058823525,gp,Jafarov_2016,True,17,5.0,True,1,46.393847058823525,
CL,2013-08-12,71.31621333333334,-156.60823200000002,44.6547,gp,Jafarov_2016,True,3,5.0,True,1,44.6547,
CL,2013-08-12,71.31623536842105,-156.60830736842104,44.977542105263154,gp,Jafarov_2016,True,19,5.0,True,1,44.977542105263154,
CL,2013-08-12,71.316257,-156.608378,44.163999999999994,gp,Jafarov_2016,True,1,5.0,False,1,44.163999999999994,
CL,2013-08-12,71.31628347368421,-156.60844094736842,44.27536842105263,gp,Jafarov_2016,True,19,5.0,True,1,44.27536842105263,
CL,2013-08-12,71.316307,-156.60849925,43.427925,gp,Jafarov_2016,True,4,5.0,True,1,43.427925,
CL,2013-08-12,71.31633164285714,-156.608558,43.4608,gp,Jafarov_2016,True,14,5.0,True,1,43.4608,
CL,2013-08-12,71.31635616666667,-156.608619,41.8638,gp,Jafarov_2016,True,6,5.0,True,1,41.8638,
CL,2013-08-12,71.31637857142857,-156.60871192857144,39.773900000000005,gp,Jafarov_2016,True,14,5.0,True,1,39.773900000000005,
CL,2013-08-12,71.31639333333332,-156.60884086666664,37.8461,gp,Jafarov_2016,True,15,5.0,True,1,37.8461,
CL,2013-08-12,71.3163995,-156.60890999999998,37.1714,gp,Jafarov_2016,True,2,5.0,True,1,37.1714,
CL,2013-08-12,71.31641166666667,-156.60898894444443,39.78850555555555,gp,Jafarov_2016,True,18,5.0,True,1,39.78850555555555,
CL,2013-08-12,71.3164208,-156.60912426666667,43.096713333333334,gp,Jafarov_2016,True,15,5.0,True,1,43.096713333333334,
CL,2013-08-12,71.31642923076923,-156.60926723076923,42.840507692307696,gp,Jafarov_2016,True,13,5.0,True,1,42.840507692307696,
CL,2013-08-12,71.31643571428572,-156.60941064285717,41.219699999999996,gp,Jafarov_2016,True,14,5.0,True,1,41.219699999999996,
CL,2013-08-12,71.31644328571429,-156.60954264285715,40.85827142857143,gp,Jafarov_2016,True,14,5.0,True,1,40.85827142857143,
CL,2013-08-12,71.31644999999999,-156.60965199999998,41.005066666666664,gp,Jafarov_2016,True,9,5.0,True,1,41.005066666666664,
CL,2013-08-12,71.31645622222223,-156.60971777777777,44.25602222222222,gp,Jafarov_2016,True,9,5.0,True,1,44.25602222222222,
CL,2013-08-12,71.31646066666667,-156.60981533333333,44.777386666666665,gp,Jafarov_2016,True,15,5.0,True,1,44.777386666666665,
CL,2013-08-12,71.31647073333333,-156.609959,43.955466666666666,gp,Jafarov_2016,True,15,5.0,True,1,43.955466666666666,
CL,2013-08-12,71.31648883333334,-156.61009266666667,44.19979444444444,gp,Jafarov_2016,True,18,5.0,True,1,44.19979444444444,
CL,2013-08-12,71.316503,-156.610177,36.0673,gp,Jafarov_2016,True,3,5.0,True,1,36.0673,
CL,2013-08-12,71.3165085,-156.6102385,43.64263333333333,gp,Jafarov_2016,True,12,5.0,True,1,43.64263333333333,
CL,2013-08-12,71.31651371428572,-156.61037235714284,47.173992857142856,gp,Jafarov_2016,True,14,5.0,True,1,47.173992857142856,
CL,2013-08-12,71.31652216666667,-156.61049083333333,46.832249999999995,gp,Jafarov_2016,True,6,5.0,True,1,46.832249999999995,
CL,2013-08-12,71.31653023076923,-156.61065992307692,46.49958461538461,gp,Jafarov_2016,True,13,5.0,True,1,46.49958461538461,
CL,2013-08-12,71.3165251875,-156.61080825,46.89550625,gp,Jafarov_2016,True,16,5.0,True,1,46.89550625,
CL,2013-08-12,71.31651699999999,-156.6108805,46.44886666666667,gp,Jafarov_2016,True,6,5.0,True,1,46.44886666666667,
CL,2013-08-12,71.31650953846155,-156.61095215384614,47.072869230769236,gp,Jafarov_2016,True,13,5.0,True,1,47.072869230769236,
CL,2013-08-12,71.31650690000001,-156.6111081,46.12379,gp,Jafarov_2016,True,10,5.0,True,1,46.12379,
CL,2013-08-12,71.31649643749999,-156.6112203125,45.59015,gp,Jafarov_2016,True,16,5.0,True,1,45.59015,
CL,2013-08-12,71.316481625,-156.611321,46.9127625,gp,Jafarov_2016,True,8,5.0,True,1,46.9127625,
CL,2013-08-12,71.31646388888889,-156.61139655555556,48.59572222222222,gp,Jafarov_2016,True,9,5.0,True,1,48.59572222222222,
CL,2013-08-12,71.31644576923077,-156.61150084615386,46.120953846153846,gp,Jafarov_2016,True,13,5.0,True,1,46.120953846153846,
CL,2013-08-12,71.31643460000001,-156.61159,46.09618,gp,Jafarov_2016,True,5,5.0,True,1,46.09618,
CL,2013-08-12,71.31642318181818,-156.61166827272726,49.60086363636364,gp,Jafarov_2016,True,11,5.0,True,1,49.60086363636364,
CL,2013-08-12,71.31641033333334,-156.61178466666667,49.6661,gp,Jafarov_2016,True,15,5.0,True,1,49.6661,
CL,2013-08-12,71.316394,-156.611866,48.580400000000004,gp,Jafarov_2016,True,1,5.0,False,1,48.580400000000004,
CL,2013-08-12,71.316378,-156.6119406,48.43933333333334,gp,Jafarov_2016,True,15,5.0,True,1,48.43933333333334,
CL,2013-08-12,71.31635913333334,-156.61206926666668,49.801053333333336,gp,Jafarov_2016,True,15,5.0,True,1,49.801053333333336,
CL,2013-08-12,71.316348,-156.612136,53.1808,gp,Jafarov_2016,True,1,5.0,False,1,53.1808,
CL,2013-08-12,71.31633733333334,-156.61220753333333,50.75179333333333,gp,Jafarov_2016,True,15,5.0,True,1,50.75179333333333,
CL,2013-08-12,71.31631864285714,-156.61235264285713,49.546507142857145,gp,Jafarov_2016,True,14,5.0,True,1,49.546507142857145,
CL,2013-08-12,71.316306,-156.61241900000002,49.92986666666667,gp,Jafarov_2016,True,3,5.0,True,1,49.92986666666667,
CL,2013-08-12,71.31629673333333,-156.61249893333334,50.543260000000004,gp,Jafarov_2016,True,15,5.0,True,1,50.543260000000004,
CL,2013-08-12,71.3162780625,-156.61263975,49.189968750000006,gp,Jafarov_2016,True,16,5.0,True,1,49.189968750000006,
CL,2013-08-12,71.3162685,-156.612718,47.660349999999994,gp,Jafarov_2016,True,2,5.0,True,1,47.660349999999994,
CL,2013-08-12,71.31626046666666,-156.61278786666668,48.89322666666667,gp,Jafarov_2016,True,15,5.0,True,1,48.89322666666667,
CL,2013-08-12,71.31625088235295,-156.61292629411764,50.38810588235294,gp,Jafarov_2016,True,17,5.0,True,1,50.38810588235294,
CL,2013-08-12,71.3162590625,-156.6130655625,48.51140625,gp,Jafarov_2016,True,16,5.0,True,1,48.51140625,
CL,2013-08-12,71.31627077777779,-156.61317677777777,47.45585555555556,gp,Jafarov_2016,True,9,5.0,True,1,47.45585555555556,
CL,2013-08-12,71.3162745,-156.6132135,49.730525,gp,Jafarov_2016,True,4,5.0,True,1,49.730525,
CL,2013-08-12,71.31625525,-156.61339900000002,51.386649999999996,gp,Jafarov_2016,True,4,5.0,True,1,51.386649999999996,
CL,2013-08-12,71.31624577777778,-156.61344377777777,48.917766666666665,gp,Jafarov_2016,True,9,5.0,True,1,48.917766666666665,
CL,2013-08-12,71.31619409999999,-156.6136571,47.61432,gp,Jafarov_2016,True,10,5.0,True,1,47.61432,
CL,2013-08-12,71.316189,-156.613701,49.316500000000005,gp,Jafarov_2016,True,1,5.0,False,1,49.316500000000005,
CL,2013-08-12,71.31617205,-156.6137803,48.773610000000005,gp,Jafarov_2016,True,20,5.0,True,1,48.773610000000005,
CL,2013-08-12,71.316153,-156.61387242857145,49.3822,gp,Jafarov_2016,True,7,5.0,True,1,49.3822,
CL,2013-08-12,71.31614,-156.61394125,51.17198333333334,gp,Jafarov_2016,True,12,5.0,True,1,51.17198333333334,
CL,2013-08-12,71.3161158125,-156.614066,48.62640625,gp,Jafarov_2016,True,16,5.0,True,1,48.62640625,
CL,2013-08-12,71.316105,-156.614128,46.3722,gp,Jafarov_2016,True,1,5.0,False,1,46.3722,
CL,2013-08-12,71.31609271428572,-156.61419914285716,47.68661428571428,gp,Jafarov_2016,True,14,5.0,True,1,47.68661428571428,
CL,2013-08-12,71.316075,-156.6143332,45.95511333333333,gp,Jafarov_2016,True,15,5.0,True,1,45.95511333333333,
CL,2013-08-12,71.316047,-156.614553,42.8759,gp,Jafarov_2016,True,1,5.0,False,1,42.8759,
CL,2013-08-12,71.31604116666666,-156.61463277777776,50.28767222222222,gp,Jafarov_2016,True,18,5.0,True,1,50.28767222222222,
CL,2013-08-12,71.31603688888889,-156.61476811111112,52.638977777777775,gp,Jafarov_2016,True,18,5.0,True,1,52.638977777777775,
CL,2013-08-12,71.31602933333333,-156.61489006666667,47.727806666666666,gp,Jafarov_2016,True,15,5.0,True,1,47.727806666666666,
CL,2013-08-12,71.31602430000001,-156.6149552,46.72186,gp,Jafarov_2016,True,10,5.0,True,1,46.72186,
CL,2013-08-12,71.31601768421052,-156.61505642105263,47.58767894736842,gp,Jafarov_2016,True,19,5.0,True,1,47.58767894736842,
CL,2013-08-12,71.31602134615385,-156.6151943846154,45.49815,gp,Jafarov_2016,True,26,5.0,True,1,45.49815,
CL,2013-08-12,71.31602425,-156.6153316875,46.7805125,gp,Jafarov_2016,True,16,5.0,True,1,46.7805125,
CL,2013-08-12,71.31602325,-156.61547095,43.77758,gp,Jafarov_2016,True,20,5.0,True,1,43.77758,
CL,2013-08-12,71.31601495833333,-156.61560316666666,43.707795833333336,gp,Jafarov_2016,True,24,5.0,True,1,43.707795833333336,
CL,2013-08-12,71.31602942857143,-156.61575242857143,45.16295714285714,gp,Jafarov_2016,True,14,5.0,True,1,45.16295714285714,
CL,2013-08-12,71.3160204,-156.61589133333334,50.55551333333333,gp,Jafarov_2016,True,15,5.0,True,1,50.55551333333333,
CL,2013-08-12,71.31601576923077,-156.6160333076923,50.44183076923077,gp,Jafarov_2016,True,13,5.0,True,1,50.44183076923077,
CL,2013-08-12,71.31601385714285,-156.61616721428572,50.63746428571428,gp,Jafarov_2016,True,14,5.0,True,1,50.63746428571428,
CL,2013-08-12,71.31601868,-156.61632784,51.730771999999995,gp,Jafarov_2016,True,25,5.0,True,1,51.730771999999995,
CL,2013-08-12,71.3160345625,-156.616438375,50.54709375,gp,Jafarov_2016,True,16,5.0,True,1,50.54709375,
CL,2013-08-12,71.31604181818182,-156.61657481818182,52.896427272727266,gp,Jafarov_2016,True,11,5.0,True,1,52.896427272727266,
CL,2013-08-12,71.316053,-156.6166327142857,45.846442857142854,gp,Jafarov_2016,True,7,5.0,True,1,45.846442857142854,
CL,2013-08-12,71.3160695,-156.61672293750001,49.93753125,gp,Jafarov_2016,True,16,5.0,True,1,49.93753125,
CL,2013-08-12,71.316078,-156.61685238888887,48.795100000000005,gp,Jafarov_2016,True,18,5.0,True,1,48.795100000000005,
CL,2013-08-12,71.31607823076924,-156.61701353846155,50.696584615384616,gp,Jafarov_2016,True,13,5.0,True,1,50.696584615384616,
CL,2013-08-12,71.31608066666666,-156.617086,52.9048,gp,Jafarov_2016,True,3,5.0,True,1,52.9048,
CL,2013-08-12,71.31609877777777,-156.61728233333332,53.32393333333333,gp,Jafarov_2016,True,9,5.0,True,1,53.32393333333333,
CL,2013-08-12,71.31610233333333,-156.6172743333333,52.168733333333336,gp,Jafarov_2016,True,9,5.0,True,1,52.168733333333336,
CL,2013-08-12,71.31609505263158,-156.61742468421053,55.70378947368422,gp,Jafarov_2016,True,19,5.0,True,1,55.70378947368422,
CL,2013-08-12,71.31609552631579,-156.6175604736842,51.04042105263158,gp,Jafarov_2016,True,19,5.0,True,1,51.04042105263158,
CL,2013-08-12,71.3160995,-156.6177063125,49.55225625,gp,Jafarov_2016,True,16,5.0,True,1,49.55225625,
CL,2013-08-12,71.31610110526316,-156.6178407368421,48.798326315789474,gp,Jafarov_2016,True,19,5.0,True,1,48.798326315789474,
CL,2013-08-12,71.31610231578948,-156.61798257894736,51.54887368421053,gp,Jafarov_2016,True,19,5.0,True,1,51.54887368421053,
CL,2013-08-12,71.31610252941176,-156.61813370588234,50.78318823529412,gp,Jafarov_2016,True,17,5.0,True,1,50.78318823529412,
CL,2013-08-12,71.3161077,-156.61824925000002,49.27507,gp,Jafarov_2016,True,20,5.0,True,1,49.27507,
CL,2013-08-12,71.316115,-156.618327,50.236599999999996,gp,Jafarov_2016,True,1,5.0,False,1,50.236599999999996,
CL,2013-08-12,71.3161205882353,-156.61840670588234,49.5816705882353,gp,Jafarov_2016,True,17,5.0,True,1,49.5816705882353,
CL,2013-08-12,71.3161262,-156.61854173333333,49.69676666666667,gp,Jafarov_2016,True,15,5.0,True,1,49.69676666666667,
CL,2013-08-12,71.31612386666666,-156.61865593333332,50.028013333333334,gp,Jafarov_2016,True,15,5.0,True,1,50.028013333333334,
CL,2013-08-12,71.31611840000001,-156.6187278,49.1325,gp,Jafarov_2016,True,5,5.0,True,1,49.1325,
CL,2013-08-12,71.31611673333333,-156.61882,49.095659999999995,gp,Jafarov_2016,True,15,5.0,True,1,49.095659999999995,
CL,2013-08-12,71.3161135625,-156.61895975,48.5114,gp,Jafarov_2016,True,16,5.0,True,1,48.5114,
CL,2013-08-12,71.31611155555555,-156.61909588888886,50.308122222222224,gp,Jafarov_2016,True,18,5.0,True,1,50.308122222222224,
CL,2013-08-12,71.3161049090909,-156.61926263636363,48.41310000000001,gp,Jafarov_2016,True,11,5.0,True,1,48.41310000000001,
CL,2013-08-12,71.31610549999999,-156.6193774090909,49.21192272727273,gp,Jafarov_2016,True,22,5.0,True,1,49.21192272727273,
CL,2013-08-12,71.3161036875,-156.6195223125,47.81368125,gp,Jafarov_2016,True,16,5.0,True,1,47.81368125,
CL,2013-08-12,71.31610276470589,-156.6196522352941,47.36447058823529,gp,Jafarov_2016,True,17,5.0,True,1,47.36447058823529,
CL,2013-08-12,71.31610168750001,-156.6197979375,46.297456249999996,gp,Jafarov_2016,True,16,5.0,True,1,46.297456249999996,
CL,2013-08-12,71.3161015882353,-156.6199385882353,48.22320588235294,gp,Jafarov_2016,True,17,5.0,True,1,48.22320588235294,
CL,2013-08-12,71.31610006666666,-156.62007786666666,50.00962,gp,Jafarov_2016,True,15,5.0,True,1,50.00962,
CL,2013-08-12,71.3160967142857,-156.62019657142858,48.52784285714286,gp,Jafarov_2016,True,7,5.0,True,1,48.52784285714286,
CL,2013-08-12,71.31609040000001,-156.6202634,49.13248,gp,Jafarov_2016,True,5,5.0,True,1,49.13248,
CL,2013-08-12,71.31608849999999,-156.6203624375,48.70118125,gp,Jafarov_2016,True,16,5.0,True,1,48.70118125,
CL,2013-08-12,71.316093,-156.6205075,47.04387,gp,Jafarov_2016,True,10,5.0,True,1,47.04387,
CL,2013-08-12,71.3160975,-156.6206334,46.43662,gp,Jafarov_2016,True,10,5.0,True,1,46.43662,
CL,2013-08-12,71.316101,-156.620709,45.176100000000005,gp,Jafarov_2016,True,1,5.0,False,1,45.176100000000005,
CL,2013-08-12,71.31610336363636,-156.62078763636362,45.21791818181818,gp,Jafarov_2016,True,11,5.0,True,1,45.21791818181818,
CL,2013-08-12,71.31610228571428,-156.620895,44.67662857142857,gp,Jafarov_2016,True,7,5.0,True,1,44.67662857142857,
CL,2013-08-12,71.31611377777777,-156.62110044444444,40.83125555555556,gp,Jafarov_2016,True,9,5.0,True,1,40.83125555555556,
CL,2013-08-12,71.316106,-156.621134,43.4279,gp,Jafarov_2016,True,1,5.0,False,1,43.4279,
CL,2013-08-12,71.31609323529412,-156.62120047058824,45.85263529411765,gp,Jafarov_2016,True,17,5.0,True,1,45.85263529411765,
CL,2013-08-12,71.3160875,-156.62132916666667,45.34478333333333,gp,Jafarov_2016,True,12,5.0,True,1,45.34478333333333,
CL,2013-08-12,71.31605077777778,-156.62179233333333,42.46695555555556,gp,Jafarov_2016,True,9,5.0,True,1,42.46695555555556,
CL,2013-08-12,71.31603972222223,-156.62190833333335,46.060399999999994,gp,Jafarov_2016,True,18,5.0,True,1,46.060399999999994,
CL,2013-08-12,71.31603230434783,-156.62203586956522,40.47966956521739,gp,Jafarov_2016,True,23,5.0,True,1,40.47966956521739,
CL,2013-08-12,71.31602875,-156.62213325,33.767075,gp,Jafarov_2016,True,4,5.0,True,1,33.767075,
CL,2013-08-12,71.31602435714287,-156.62220699999997,25.492892857142856,gp,Jafarov_2016,True,14,5.0,True,1,25.492892857142856,
CL,2013-08-12,71.31602208333334,-156.62232625,22.841083333333334,gp,Jafarov_2016,True,12,5.0,True,1,22.841083333333334,
CL,2013-08-12,71.316022,-156.6224676153846,25.139484615384617,gp,Jafarov_2016,True,13,5.0,True,1,25.139484615384617,
CL,2013-08-12,71.31601575,-156.6226239375,27.0217,gp,Jafarov_2016,True,16,5.0,True,1,27.0217,
CL,2013-08-12,71.3160305,-156.62271,31.175483333333332,gp,Jafarov_2016,True,6,5.0,True,1,31.175483333333332,
CL,2013-08-12,71.31604233333333,-156.6227691111111,40.258788888888894,gp,Jafarov_2016,True,9,5.0,True,1,40.258788888888894,
CL,2013-08-12,71.31605658333334,-156.62288366666667,37.82310833333334,gp,Jafarov_2016,True,12,5.0,True,1,37.82310833333334,
CL,2013-08-12,71.31606066666667,-156.62303375,30.99914166666667,gp,Jafarov_2016,True,12,5.0,True,1,30.99914166666667,
CL,2013-08-12,71.31606027272727,-156.62317254545454,28.083754545454543,gp,Jafarov_2016,True,11,5.0,True,1,28.083754545454543,
CL,2013-08-12,71.31606446153846,-156.62330338461538,30.52273076923077,gp,Jafarov_2016,True,13,5.0,True,1,30.52273076923077,
CL,2013-08-12,71.31606781818182,-156.62344981818183,31.0251,gp,Jafarov_2016,True,11,5.0,True,1,31.0251,
CL,2013-08-12,71.31606671428571,-156.6235912142857,39.37255,gp,Jafarov_2016,True,14,5.0,True,1,39.37255,
CL,2013-08-12,71.31606158333334,-156.62371983333333,47.99089166666667,gp,Jafarov_2016,True,12,5.0,True,1,47.99089166666667,
CL,2013-08-12,71.31606130769231,-156.62388061538462,49.74870769230769,gp,Jafarov_2016,True,13,5.0,True,1,49.74870769230769,
CL,2013-08-12,71.3160594,-156.62401755000002,49.01738,gp,Jafarov_2016,True,20,5.0,True,1,49.01738,
CL,2013-08-12,71.31605853333333,-156.62413239999998,48.09038666666667,gp,Jafarov_2016,True,15,5.0,True,1,48.09038666666667,
CL,2013-08-12,71.31605917647059,-156.62427788235294,45.815623529411766,gp,Jafarov_2016,True,17,5.0,True,1,45.815623529411766,
CL,2013-08-12,71.3160628,-156.6244209333333,46.365786666666665,gp,Jafarov_2016,True,15,5.0,True,1,46.365786666666665,
CL,2013-08-12,71.31606529411765,-156.62456329411765,46.12287647058823,gp,Jafarov_2016,True,17,5.0,True,1,46.12287647058823,
CL,2013-08-12,71.31606723529411,-156.62470605882353,50.12036470588235,gp,Jafarov_2016,True,17,5.0,True,1,50.12036470588235,
CL,2013-08-12,71.31607114285714,-156.62484685714284,48.24200714285714,gp,Jafarov_2016,True,14,5.0,True,1,48.24200714285714,
CL,2013-08-12,71.31607975,-156.6249809375,46.92546875,gp,Jafarov_2016,True,16,5.0,True,1,46.92546875,
CL,2013-08-12,71.3160907142857,-156.62512228571427,46.25919285714286,gp,Jafarov_2016,True,14,5.0,True,1,46.25919285714286,
CL,2013-08-12,71.31609592307692,-156.6252666923077,45.99841538461539,gp,Jafarov_2016,True,13,5.0,True,1,45.99841538461539,
CL,2013-08-12,71.31610271428572,-156.625396,47.92930714285715,gp,Jafarov_2016,True,14,5.0,True,1,47.92930714285715,
CL,2013-08-12,71.31610500000001,-156.62553440000002,46.35916666666667,gp,Jafarov_2016,True,15,5.0,True,1,46.35916666666667,
CL,2013-08-12,71.3161052,-156.62567706666667,47.31434,gp,Jafarov_2016,True,15,5.0,True,1,47.31434,
CL,2013-08-12,71.3161077857143,-156.62582042857142,47.62370714285714,gp,Jafarov_2016,True,14,5.0,True,1,47.62370714285714,
CL,2013-08-12,71.316107,-156.6259603125,45.99889375,gp,Jafarov_2016,True,16,5.0,True,1,45.99889375,
CL,2013-08-12,71.31610709090909,-156.62609254545453,45.22607272727273,gp,Jafarov_2016,True,11,5.0,True,1,45.22607272727273,
CL,2013-08-12,71.3161095,-156.62623328571428,45.65508571428571,gp,Jafarov_2016,True,14,5.0,True,1,45.65508571428571,
CL,2013-08-12,71.316116,-156.6263764,47.267900000000004,gp,Jafarov_2016,True,15,5.0,True,1,47.267900000000004,
CL,2013-08-12,71.3161183076923,-156.62651638461537,49.281815384615385,gp,Jafarov_2016,True,13,5.0,True,1,49.281815384615385,
CL,2013-08-12,71.31612043749999,-156.626654375,48.39926875,gp,Jafarov_2016,True,16,5.0,True,1,48.39926875,
CL,2013-08-12,71.31611523076923,-156.62679892307693,46.19741538461539,gp,Jafarov_2016,True,13,5.0,True,1,46.19741538461539,
CL,2013-08-12,71.31611193333333,-156.6269418,45.490199999999994,gp,Jafarov_2016,True,15,5.0,True,1,45.490199999999994,
CL,2013-08-12,71.31610976470587,-156.62708005882354,45.30056470588235,gp,Jafarov_2016,True,17,5.0,True,1,45.30056470588235,
CL,2013-08-12,71.31610676190476,-156.62721942857144,46.086238095238095,gp,Jafarov_2016,True,21,5.0,True,1,46.086238095238095,
CL,2013-08-12,71.31608705263159,-156.6273575263158,48.10435789473684,gp,Jafarov_2016,True,19,5.0,True,1,48.10435789473684,
CL,2013-08-12,71.31607414285715,-156.6274972142857,47.2826,gp,Jafarov_2016,True,14,5.0,True,1,47.2826,
CL,2013-08-12,71.3160631,-156.6276466,46.35584,gp,Jafarov_2016,True,20,5.0,True,1,46.35584,
CL,2013-08-12,71.31607,-156.6277850625,48.06341875,gp,Jafarov_2016,True,16,5.0,True,1,48.06341875,
CL,2013-08-12,71.31609076923077,-156.62788938461537,48.36336923076923,gp,Jafarov_2016,True,13,5.0,True,1,48.36336923076923,
CL,2013-08-12,71.31611236363636,-156.62796245454544,46.926618181818185,gp,Jafarov_2016,True,11,5.0,True,1,46.926618181818185,
CL,2013-08-12,71.31613533333334,-156.6279907777778,46.54268888888889,gp,Jafarov_2016,True,9,5.0,True,1,46.54268888888889,
CL,2013-08-12,71.316167,-156.62798615,44.01764,gp,Jafarov_2016,True,20,5.0,True,1,44.01764,
CL,2013-08-12,71.31619466666666,-156.627978,46.19996666666666,gp,Jafarov_2016,True,3,5.0,True,1,46.19996666666666,
CL,2013-08-12,71.31621276190477,-156.6279449047619,46.07677619047619,gp,Jafarov_2016,True,21,5.0,True,1,46.07677619047619,
CL,2013-08-12,71.31625445454546,-156.62788,47.16024545454545,gp,Jafarov_2016,True,22,5.0,True,1,47.16024545454545,
CL,2013-08-12,71.3162918,-156.62784019999998,47.15514,gp,Jafarov_2016,True,10,5.0,True,1,47.15514,
CL,2013-08-12,71.31631,-156.627810625,46.490175,gp,Jafarov_2016,True,8,5.0,True,1,46.490175,
CL,2013-08-12,71.31634633333333,-156.62774787499998,47.2447,gp,Jafarov_2016,True,24,5.0,True,1,47.2447,
CL,2013-08-12,71.31637328571428,-156.62769385714287,49.279628571428574,gp,Jafarov_2016,True,7,5.0,True,1,49.279628571428574,
CL,2013-08-12,71.31639625,-156.62765333333334,47.369049999999994,gp,Jafarov_2016,True,12,5.0,True,1,47.369049999999994,
CL,2013-08-12,71.31643259090909,-156.62760904545453,46.67786363636364,gp,Jafarov_2016,True,22,5.0,True,1,46.67786363636364,
CL,2013-08-12,71.31647635714286,-156.6275472142857,46.642964285714285,gp,Jafarov_2016,True,14,5.0,True,1,46.642964285714285,
CL,2013-08-12,71.3165055,-156.62752533333332,47.7587,gp,Jafarov_2016,True,6,5.0,True,1,47.7587,
CL,2013-08-12,71.31652573333334,-156.62748346666666,47.844953333333336,gp,Jafarov_2016,True,15,5.0,True,1,47.844953333333336,
CL,2013-08-12,71.31656652941176,-156.62741488235292,47.618276470588235,gp,Jafarov_2016,True,17,5.0,True,1,47.618276470588235,
CL,2013-08-12,71.31658999999999,-156.6273735,48.3557,gp,Jafarov_2016,True,2,5.0,True,1,48.3557,
CL,2013-08-12,71.31661176923078,-156.627317,48.10315,gp,Jafarov_2016,True,26,5.0,True,1,48.10315,
CL,2013-08-12,71.31664725,-156.627251,49.14341666666667,gp,Jafarov_2016,True,12,5.0,True,1,49.14341666666667,
CL,2013-08-12,71.31666866666667,-156.6272035,48.820033333333335,gp,Jafarov_2016,True,6,5.0,True,1,48.820033333333335,
CL,2013-08-12,71.31669625,-156.6271383125,48.2811,gp,Jafarov_2016,True,16,5.0,True,1,48.2811,
CL,2013-08-12,71.31671866666666,-156.627077,49.1517,gp,Jafarov_2016,True,3,5.0,True,1,49.1517,
CL,2013-08-12,71.31669537500001,-156.62701620833334,51.925212499999994,gp,Jafarov_2016,True,24,5.0,True,1,51.925212499999994,
CL,2013-08-12,71.316672,-156.626937,53.5296,gp,Jafarov_2016,True,1,5.0,False,1,53.5296,
CL,2013-08-12,71.31666378947368,-156.6268637894737,49.3349947368421,gp,Jafarov_2016,True,19,5.0,True,1,49.3349947368421,
CL,2013-08-12,71.31664872727274,-156.6267302727273,50.04267272727272,gp,Jafarov_2016,True,22,5.0,True,1,50.04267272727272,
CL,2013-08-12,71.31662858333333,-156.62659299999999,52.178083333333326,gp,Jafarov_2016,True,12,5.0,True,1,52.178083333333326,
CL,2013-08-12,71.3166288095238,-156.62645542857143,45.44660952380952,gp,Jafarov_2016,True,21,5.0,True,1,45.44660952380952,
CL,2013-08-12,71.31662755555556,-156.62631777777779,47.34415555555555,gp,Jafarov_2016,True,18,5.0,True,1,47.34415555555555,
CL,2013-08-12,71.31662688235295,-156.62617035294116,53.08477647058823,gp,Jafarov_2016,True,17,5.0,True,1,53.08477647058823,
CL,2013-08-12,71.31663490909091,-156.6260194090909,49.26478181818182,gp,Jafarov_2016,True,22,5.0,True,1,49.26478181818182,
CL,2013-08-12,71.31664786666667,-156.625915,50.007380000000005,gp,Jafarov_2016,True,15,5.0,True,1,50.007380000000005,
CL,2013-08-12,71.316663625,-156.62584125,52.68384999999999,gp,Jafarov_2016,True,8,5.0,True,1,52.68384999999999,
CL,2013-08-12,71.31668673913043,-156.62574630434784,49.31609130434782,gp,Jafarov_2016,True,23,5.0,True,1,49.31609130434782,
CL,2013-08-12,71.3167025,-156.6256785,49.350699999999996,gp,Jafarov_2016,True,2,5.0,True,1,49.350699999999996,
CL,2013-08-12,71.31672204761905,-156.6256049047619,47.062261904761904,gp,Jafarov_2016,True,21,5.0,True,1,47.062261904761904,
CL,2013-08-12,71.316747,-156.625532,45.5698,gp,Jafarov_2016,True,1,5.0,False,1,45.5698,
CL,2013-08-12,71.316768,-156.62548785714284,46.455804761904766,gp,Jafarov_2016,True,21,5.0,True,1,46.455804761904766,
CL,2013-08-12,71.316795875,-156.62541099999999,49.0522,gp,Jafarov_2016,True,8,5.0,True,1,49.0522,
CL,2013-08-12,71.31681790909091,-156.62535654545454,49.079345454545454,gp,Jafarov_2016,True,11,5.0,True,1,49.079345454545454,
CL,2013-08-12,71.31684755555555,-156.62528083333333,45.74668333333333,gp,Jafarov_2016,True,18,5.0,True,1,45.74668333333333,
CL,2013-08-12,71.31687,-156.6252225,45.1718,gp,Jafarov_2016,True,4,5.0,True,1,45.1718,
CL,2013-08-12,71.31689552,-156.62515156,46.847356,gp,Jafarov_2016,True,25,5.0,True,1,46.847356,
CL,2013-08-12,71.316917,-156.625085,45.9678,gp,Jafarov_2016,True,1,5.0,False,1,45.9678,
CL,2013-08-12,71.3169384347826,-156.6250185652174,38.816952173913045,gp,Jafarov_2016,True,23,5.0,True,1,38.816952173913045,
CL,2013-08-12,71.316961,-156.624944,36.614999999999995,gp,Jafarov_2016,True,1,5.0,False,1,36.614999999999995,
CL,2013-08-12,71.31698129629629,-156.624885,39.63682222222222,gp,Jafarov_2016,True,27,5.0,True,1,39.63682222222222,
CL,2013-08-12,71.31700649999999,-156.6248065,39.202,gp,Jafarov_2016,True,2,5.0,True,1,39.202,
CL,2013-08-12,71.31702299999999,-156.62472441666668,43.50524583333333,gp,Jafarov_2016,True,24,5.0,True,1,43.50524583333333,
CL,2013-08-12,71.317039,-156.624634375,47.7089875,gp,Jafarov_2016,True,8,5.0,True,1,47.7089875,
CL,2013-08-12,71.3170622631579,-156.62456600000002,46.695710526315786,gp,Jafarov_2016,True,19,5.0,True,1,46.695710526315786,
CL,2013-08-12,71.31708257142857,-156.62448514285714,48.18514285714286,gp,Jafarov_2016,True,7,5.0,True,1,48.18514285714286,
CL,2013-08-12,71.31709763636364,-156.62440718181819,46.6643,gp,Jafarov_2016,True,11,5.0,True,1,46.6643,
CL,2013-08-12,71.31711617647059,-156.62430482352943,48.716647058823526,gp,Jafarov_2016,True,17,5.0,True,1,48.716647058823526,
CL,2013-08-12,71.31713450000001,-156.62422800000002,50.30425,gp,Jafarov_2016,True,4,5.0,True,1,50.30425,
CL,2013-08-12,71.31715811764705,-156.6242031764706,49.06977058823529,gp,Jafarov_2016,True,17,5.0,True,1,49.06977058823529,
CL,2013-08-12,71.31719791666667,-156.62413945833333,47.67582916666667,gp,Jafarov_2016,True,24,5.0,True,1,47.67582916666667,
CL,2013-08-12,71.31722807692307,-156.6240853846154,47.2077,gp,Jafarov_2016,True,13,5.0,True,1,47.2077,
CL,2013-08-12,71.3172518,-156.6240564,50.2263,gp,Jafarov_2016,True,10,5.0,True,1,50.2263,
CL,2013-08-12,71.31728404761904,-156.62401066666666,49.895561904761905,gp,Jafarov_2016,True,21,5.0,True,1,49.895561904761905,
CL,2013-08-12,71.31732191666667,-156.62394375,48.998308333333334,gp,Jafarov_2016,True,12,5.0,True,1,48.998308333333334,
CL,2013-08-12,71.317342625,-156.623907,50.065850000000005,gp,Jafarov_2016,True,8,5.0,True,1,50.065850000000005,
CL,2013-08-12,71.31737160869565,-156.623846,49.26850434782609,gp,Jafarov_2016,True,23,5.0,True,1,49.26850434782609,
CL,2013-08-12,71.31740057142858,-156.62378914285713,48.38412857142857,gp,Jafarov_2016,True,7,5.0,True,1,48.38412857142857,
CL,2013-08-12,71.31742068421053,-156.62373231578948,50.246184210526316,gp,Jafarov_2016,True,19,5.0,True,1,50.246184210526316,
CL,2013-08-12,71.31745584375,-156.623662875,53.4985125,gp,Jafarov_2016,True,32,5.0,True,1,53.4985125,
CL,2013-08-12,71.31748,-156.623618,51.7386,gp,Jafarov_2016,True,1,5.0,False,1,51.7386,
CL,2013-08-12,71.31750612500001,-156.62356204166667,51.9169,gp,Jafarov_2016,True,24,5.0,True,1,51.9169,
CL,2013-08-12,71.31753214285713,-156.62349,53.35902857142857,gp,Jafarov_2016,True,7,5.0,True,1,53.35902857142857,
CL,2013-08-12,71.31755514285715,-156.62340285714285,53.33770714285714,gp,Jafarov_2016,True,28,5.0,True,1,53.33770714285714,
CL,2013-08-12,71.3175755,-156.6233345,53.1316,gp,Jafarov_2016,True,2,5.0,True,1,53.1316,
CL,2013-08-12,71.31759263636363,-156.62327030303032,54.60999090909091,gp,Jafarov_2016,True,33,5.0,True,1,54.60999090909091,
CL,2013-08-12,71.31761683333333,-156.62319416666665,54.10448333333333,gp,Jafarov_2016,True,6,5.0,True,1,54.10448333333333,
CL,2013-08-12,71.31763676923077,-156.62311642307694,52.26674615384616,gp,Jafarov_2016,True,26,5.0,True,1,52.26674615384616,
CL,2013-08-12,71.31765725,-156.62304425,52.33560000000001,gp,Jafarov_2016,True,4,5.0,True,1,52.33560000000001,
CL,2013-08-12,71.3176808148148,-156.62297929629628,52.94365925925926,gp,Jafarov_2016,True,27,5.0,True,1,52.94365925925926,
CL,2013-08-12,71.31770528571428,-156.62290014285713,53.10317142857143,gp,Jafarov_2016,True,7,5.0,True,1,53.10317142857143,
CL,2013-08-12,71.317727,-156.62287713333333,50.08698666666667,gp,Jafarov_2016,True,15,5.0,True,1,50.08698666666667,
CL,2013-08-12,71.3177651,-156.62282985,44.679295,gp,Jafarov_2016,True,20,5.0,True,1,44.679295,
CL,2013-08-12,71.31779891666666,-156.62277066666667,48.32256666666667,gp,Jafarov_2016,True,12,5.0,True,1,48.32256666666667,
CL,2013-08-12,71.31781989999999,-156.62271049999998,45.2713,gp,Jafarov_2016,True,10,5.0,True,1,45.2713,
CL,2013-08-12,71.31784957894737,-156.62264510526316,45.85258947368421,gp,Jafarov_2016,True,19,5.0,True,1,45.85258947368421,
CL,2013-08-12,71.31787983333334,-156.62259783333334,45.85171666666667,gp,Jafarov_2016,True,6,5.0,True,1,45.85171666666667,
CL,2013-08-12,71.31789916666668,-156.62257088888887,48.65973888888889,gp,Jafarov_2016,True,18,5.0,True,1,48.65973888888889,
CL,2013-08-12,71.31793538888888,-156.62254244444446,44.784888888888894,gp,Jafarov_2016,True,18,5.0,True,1,44.784888888888894,
CL,2013-08-12,71.31798192857143,-156.62251514285714,42.80518571428571,gp,Jafarov_2016,True,14,5.0,True,1,42.80518571428571,
CL,2013-08-12,71.31803061111111,-156.62248594444443,42.844683333333336,gp,Jafarov_2016,True,18,5.0,True,1,42.844683333333336,
CL,2013-08-12,71.31805983333334,-156.62244483333333,47.045716666666664,gp,Jafarov_2016,True,6,5.0,True,1,47.045716666666664,
CL,2013-08-12,71.31808099999999,-156.622393,48.585323076923075,gp,Jafarov_2016,True,13,5.0,True,1,48.585323076923075,
CL,2013-08-12,71.31811452941176,-156.62231782352941,47.290523529411765,gp,Jafarov_2016,True,17,5.0,True,1,47.290523529411765,
CL,2013-08-12,71.31815938095238,-156.62223185714285,47.98144285714286,gp,Jafarov_2016,True,21,5.0,True,1,47.98144285714286,
CL,2013-08-12,71.31819921428571,-156.62215685714287,45.534285714285716,gp,Jafarov_2016,True,14,5.0,True,1,45.534285714285716,
CL,2013-08-12,71.31822220000001,-156.622118,39.12238,gp,Jafarov_2016,True,5,5.0,True,1,39.12238,
CL,2013-08-12,71.31824489473685,-156.6220549473684,42.810068421052634,gp,Jafarov_2016,True,19,5.0,True,1,42.810068421052634,
CL,2013-08-12,71.31828011111111,-156.62199677777778,47.16175555555556,gp,Jafarov_2016,True,9,5.0,True,1,47.16175555555556,
CL,2013-08-12,71.31830190000001,-156.62195739999999,44.72407,gp,Jafarov_2016,True,10,5.0,True,1,44.72407,
CL,2013-08-12,71.31832528571428,-156.6218900952381,40.99767142857143,gp,Jafarov_2016,True,21,5.0,True,1,40.99767142857143,
CL,2013-08-12,71.3183466,-156.6218186,43.69928,gp,Jafarov_2016,True,5,5.0,True,1,43.69928,
CL,2013-08-12,71.31837565,-156.6217666,46.853314999999995,gp,Jafarov_2016,True,20,5.0,True,1,46.853314999999995,
CL,2013-08-12,71.31841683333333,-156.62169483333335,48.11525,gp,Jafarov_2016,True,12,5.0,True,1,48.11525,
CL,2013-08-12,71.31843825,-156.621673625,48.40545,gp,Jafarov_2016,True,8,5.0,True,1,48.40545,
CL,2013-08-12,71.31846615789473,-156.62162063157896,47.858247368421054,gp,Jafarov_2016,True,19,5.0,True,1,47.858247368421054,
CL,2013-08-12,71.318502,-156.62155945454546,47.37886363636364,gp,Jafarov_2016,True,11,5.0,True,1,47.37886363636364,
CL,2013-08-12,71.31852222222223,-156.6215,44.464277777777774,gp,Jafarov_2016,True,9,5.0,True,1,44.464277777777774,
CL,2013-08-12,71.31855568,-156.6214382,38.489564,gp,Jafarov_2016,True,25,5.0,True,1,38.489564,
CL,2013-08-12,71.3185994375,-156.6213384375,38.62985625,gp,Jafarov_2016,True,16,5.0,True,1,38.62985625,
CL,2013-08-12,71.3186286,-156.62126519999998,37.61003,gp,Jafarov_2016,True,10,5.0,True,1,37.61003,
CL,2013-08-12,71.31864800000001,-156.6212042857143,41.09242142857143,gp,Jafarov_2016,True,14,5.0,True,1,41.09242142857143,
CL,2013-08-12,71.31867806666668,-156.62113546666666,37.40438666666667,gp,Jafarov_2016,True,15,5.0,True,1,37.40438666666667,
CL,2013-08-12,71.3187004,-156.62108,35.77926,gp,Jafarov_2016,True,5,5.0,True,1,35.77926,
CL,2013-08-12,71.3187277,-156.62102065,38.064395000000005,gp,Jafarov_2016,True,20,5.0,True,1,38.064395000000005,
CL,2013-08-12,71.318764,-156.62095033333333,42.71478333333334,gp,Jafarov_2016,True,12,5.0,True,1,42.71478333333334,
CL,2013-08-12,71.31878357142857,-156.62093142857142,44.987028571428574,gp,Jafarov_2016,True,7,5.0,True,1,44.987028571428574,
CL,2013-08-12,71.31881376470588,-156.6208834117647,46.471135294117644,gp,Jafarov_2016,True,17,5.0,True,1,46.471135294117644,
CL,2013-08-12,71.31885576923077,-156.62082738461538,48.87616153846154,gp,Jafarov_2016,True,13,5.0,True,1,48.87616153846154,
CL,2013-08-12,71.318877,-156.6207796,48.017399999999995,gp,Jafarov_2016,True,5,5.0,True,1,48.017399999999995,
CL,2013-08-12,71.31890192307692,-156.62071676923077,47.74343846153847,gp,Jafarov_2016,True,13,5.0,True,1,47.74343846153847,
CL,2013-08-12,71.318925,-156.620653,47.858200000000004,gp,Jafarov_2016,True,1,5.0,False,1,47.858200000000004,
CL,2013-08-12,71.31894779999999,-156.62059626666667,45.38406666666666,gp,Jafarov_2016,True,15,5.0,True,1,45.38406666666666,
CL,2013-08-12,71.31898308333334,-156.62052358333332,46.10046666666667,gp,Jafarov_2016,True,12,5.0,True,1,46.10046666666667,
CL,2013-08-12,71.31900571428572,-156.62047128571427,46.99122857142857,gp,Jafarov_2016,True,7,5.0,True,1,46.99122857142857,
CL,2013-08-12,71.3190347826087,-156.62041786956522,47.862552173913045,gp,Jafarov_2016,True,23,5.0,True,1,47.862552173913045,
CL,2013-08-12,71.319063,-156.62035550000002,46.913025000000005,gp,Jafarov_2016,True,4,5.0,True,1,46.913025000000005,
CL,2013-08-12,71.3190839375,-156.620320875,44.9354875,gp,Jafarov_2016,True,16,5.0,True,1,44.9354875,
CL,2013-08-12,71.31912142857144,-156.62028728571428,44.78092857142857,gp,Jafarov_2016,True,14,5.0,True,1,44.78092857142857,
CL,2013-08-12,71.31916872222222,-156.6202673888889,45.895938888888885,gp,Jafarov_2016,True,18,5.0,True,1,45.895938888888885,
CL,2013-08-12,71.31920292307692,-156.62022192307694,46.32752307692307,gp,Jafarov_2016,True,13,5.0,True,1,46.32752307692307,
CL,2013-08-12,71.3192265,-156.62016883333334,47.32763333333333,gp,Jafarov_2016,True,6,5.0,True,1,47.32763333333333,
CL,2013-08-12,71.31925206666666,-156.62011693333335,47.00259333333334,gp,Jafarov_2016,True,15,5.0,True,1,47.00259333333334,
CL,2013-08-12,71.31929759090909,-156.62009131818184,45.741654545454544,gp,Jafarov_2016,True,22,5.0,True,1,45.741654545454544,
CL,2013-08-12,71.31934064705882,-156.62005729411766,51.641082352941176,gp,Jafarov_2016,True,17,5.0,True,1,51.641082352941176,
CL,2013-08-12,71.319367,-156.620035,54.657199999999996,gp,Jafarov_2016,True,1,5.0,False,1,54.657199999999996,
CL,2013-08-12,71.3193905,-156.6199959090909,53.84316363636364,gp,Jafarov_2016,True,22,5.0,True,1,53.84316363636364,
CL,2013-08-12,71.3194294375,-156.619922125,52.62169375,gp,Jafarov_2016,True,16,5.0,True,1,52.62169375,
CL,2013-08-12,71.3194488,-156.6198674,54.425059999999995,gp,Jafarov_2016,True,5,5.0,True,1,54.425059999999995,
CL,2013-08-12,71.31947716666667,-156.61982166666667,41.5291,gp,Jafarov_2016,True,18,5.0,True,1,41.5291,
CL,2013-08-12,71.31951171428571,-156.6197649285714,44.95860714285714,gp,Jafarov_2016,True,14,5.0,True,1,44.95860714285714,
CL,2013-08-12,71.31953657142857,-156.61971428571428,53.55802857142857,gp,Jafarov_2016,True,7,5.0,True,1,53.55802857142857,
CL,2013-08-12,71.319544,-156.61971566666668,51.00899999999999,gp,Jafarov_2016,True,3,5.0,True,1,51.00899999999999,
CL,2013-08-12,71.31956722222223,-156.61979355555556,38.10748888888889,gp,Jafarov_2016,True,18,5.0,True,1,38.10748888888889,
CL,2013-08-12,71.319588,-156.619862,41.1919,gp,Jafarov_2016,True,1,5.0,False,1,41.1919,
CL,2013-08-12,71.31961042105263,-156.61986894736842,44.925705263157894,gp,Jafarov_2016,True,19,5.0,True,1,44.925705263157894,
CL,2013-08-12,71.31964125,-156.61986000000002,47.659275,gp,Jafarov_2016,True,4,5.0,True,1,47.659275,
CL,2013-08-12,71.3196634,-156.61983800000002,48.495,gp,Jafarov_2016,True,10,5.0,True,1,48.495,
CL,2013-08-12,71.31969826315789,-156.61980257894737,47.009884210526316,gp,Jafarov_2016,True,19,5.0,True,1,47.009884210526316,
CL,2013-08-12,71.31974675000001,-156.61976520000002,45.624525,gp,Jafarov_2016,True,20,5.0,True,1,45.624525,
CL,2013-08-12,71.31978642857143,-156.61972342857143,49.161199999999994,gp,Jafarov_2016,True,21,5.0,True,1,49.161199999999994,
CL,2013-08-12,71.319808,-156.6196915,50.79345,gp,Jafarov_2016,True,2,5.0,True,1,50.79345,
CL,2013-08-12,71.31983088,-156.61965592,53.115684,gp,Jafarov_2016,True,25,5.0,True,1,53.115684,
CL,2013-08-12,71.3198746,-156.61958860000001,52.502759999999995,gp,Jafarov_2016,True,25,5.0,True,1,52.502759999999995,
CL,2013-08-12,71.3199042,-156.6195512,51.937599999999996,gp,Jafarov_2016,True,5,5.0,True,1,51.937599999999996,
CL,2013-08-12,71.31992425,-156.619517,52.549524999999996,gp,Jafarov_2016,True,20,5.0,True,1,52.549524999999996,
CL,2013-08-12,71.3199632173913,-156.61944217391306,52.889339130434784,gp,Jafarov_2016,True,23,5.0,True,1,52.889339130434784,
CL,2013-08-12,71.319986,-156.619396,52.7336,gp,Jafarov_2016,True,1,5.0,False,1,52.7336,
CL,2013-08-12,71.32000972222222,-156.61935583333332,47.75322222222222,gp,Jafarov_2016,True,18,5.0,True,1,47.75322222222222,
CL,2013-08-12,71.32005066666667,-156.61927586666667,47.80517333333333,gp,Jafarov_2016,True,15,5.0,True,1,47.80517333333333,
CL,2013-08-12,71.32007133333333,-156.619238,51.60596666666667,gp,Jafarov_2016,True,3,5.0,True,1,51.60596666666667,
CL,2013-08-12,71.32009485,-156.619188,48.967645,gp,Jafarov_2016,True,20,5.0,True,1,48.967645,
CL,2013-08-12,71.32013278571428,-156.6191147857143,52.10819285714285,gp,Jafarov_2016,True,14,5.0,True,1,52.10819285714285,
CL,2013-08-12,71.32014466666666,-156.619094,49.74870000000001,gp,Jafarov_2016,True,3,5.0,True,1,49.74870000000001,
CL,2013-08-12,71.320195,-156.6189994,49.489999999999995,gp,Jafarov_2016,True,10,5.0,True,1,49.489999999999995,
CL,2013-08-12,71.320212,-156.6189575,51.552099999999996,gp,Jafarov_2016,True,8,5.0,True,1,51.552099999999996,
CL,2013-08-12,71.320233,-156.61890488235295,48.43767058823529,gp,Jafarov_2016,True,17,5.0,True,1,48.43767058823529,
CL,2013-08-12,71.320261,-156.6188375714286,48.41258571428572,gp,Jafarov_2016,True,14,5.0,True,1,48.41258571428572,
CL,2013-08-12,71.32028385714285,-156.61878057142854,47.31812857142857,gp,Jafarov_2016,True,7,5.0,True,1,47.31812857142857,
CL,2013-08-12,71.32031377777778,-156.61870444444446,46.421061111111115,gp,Jafarov_2016,True,18,5.0,True,1,46.421061111111115,
CL,2013-08-12,71.3203426,-156.618659,48.39554,gp,Jafarov_2016,True,5,5.0,True,1,48.39554,
CL,2013-08-12,71.3203655,-156.61860714285714,47.76585,gp,Jafarov_2016,True,14,5.0,True,1,47.76585,
CL,2013-08-12,71.3203858888889,-156.6185348888889,46.71957777777778,gp,Jafarov_2016,True,9,5.0,True,1,46.71957777777778,
CL,2013-08-12,71.320394,-156.61850049999998,44.4753,gp,Jafarov_2016,True,2,5.0,True,1,44.4753,
CL,2013-08-12,71.3236115,-156.61235975,28.688425000000002,gp,Jafarov_2016,True,4,5.0,True,1,28.688425000000002,
CL,2013-08-12,71.32359154545455,-156.61239354545455,25.628109090909092,gp,Jafarov_2016,True,11,5.0,True,1,25.628109090909092,
CL,2013-08-12,71.32355553846153,-156.61244076923077,24.86413076923077,gp,Jafarov_2016,True,13,5.0,True,1,24.86413076923077,
CL,2013-08-12,71.32350892857143,-156.61248192857144,27.338092857142858,gp,Jafarov_2016,True,14,5.0,True,1,27.338092857142858,
CL,2013-08-12,71.3231418,-156.61280240000002,33.285180000000004,gp,Jafarov_2016,True,5,5.0,True,1,33.285180000000004,
CL,2013-08-12,71.32311425,-156.61280937499998,35.0976875,gp,Jafarov_2016,True,8,5.0,True,1,35.0976875,
CL,2013-08-12,71.32293,-156.6129022,30.584210000000002,gp,Jafarov_2016,True,10,5.0,True,1,30.584210000000002,
CL,2013-08-12,71.3228894,-156.6129181,31.98895,gp,Jafarov_2016,True,10,5.0,True,1,31.98895,
CL,2013-08-12,71.32284177777778,-156.6129438888889,39.058955555555556,gp,Jafarov_2016,True,9,5.0,True,1,39.058955555555556,
CL,2013-08-12,71.32279655555556,-156.61294344444443,39.66937777777778,gp,Jafarov_2016,True,9,5.0,True,1,39.66937777777778,
CL,2013-08-12,71.32275916666667,-156.6129175,39.360299999999995,gp,Jafarov_2016,True,6,5.0,True,1,39.360299999999995,
CL,2013-08-12,71.32273775,-156.61288325,38.212875,gp,Jafarov_2016,True,4,5.0,True,1,38.212875,
CL,2013-08-12,71.3227228,-156.61286139999999,32.96252,gp,Jafarov_2016,True,5,5.0,True,1,32.96252,
CL,2013-08-12,71.32265044444445,-156.612672,29.663177777777783,gp,Jafarov_2016,True,9,5.0,True,1,29.663177777777783,
CL,2013-08-12,71.322636,-156.612633,32.9625,gp,Jafarov_2016,True,1,5.0,False,1,32.9625,
CL,2013-08-12,71.322633,-156.6126225,33.37975,gp,Jafarov_2016,True,2,5.0,True,1,33.37975,
CL,2013-08-12,71.32247827272728,-156.61211845454545,33.86023636363637,gp,Jafarov_2016,True,11,5.0,True,1,33.86023636363637,
CL,2013-08-12,71.32246266666667,-156.61205950000002,33.750658333333334,gp,Jafarov_2016,True,12,5.0,True,1,33.750658333333334,
CL,2013-08-12,71.322441125,-156.611991,34.0230375,gp,Jafarov_2016,True,8,5.0,True,1,34.0230375,
CL,2013-08-12,71.322326,-156.61173146666667,32.38765333333333,gp,Jafarov_2016,True,15,5.0,True,1,32.38765333333333,
CL,2013-08-12,71.322308,-156.61169,32.4062,gp,Jafarov_2016,True,1,5.0,False,1,32.4062,
CL,2013-08-12,71.32228875,-156.61162655,30.048755,gp,Jafarov_2016,True,20,5.0,True,1,30.048755,
CL,2013-08-12,71.322262,-156.6115405,28.790100000000002,gp,Jafarov_2016,True,2,5.0,True,1,28.790100000000002,
CL,2013-08-12,71.32214066666667,-156.61104666666665,27.576944444444443,gp,Jafarov_2016,True,9,5.0,True,1,27.576944444444443,
CL,2013-08-12,71.3221274,-156.6109904,29.0682,gp,Jafarov_2016,True,5,5.0,True,1,29.0682,
CL,2013-08-12,71.32211,-156.61092441666668,29.875658333333334,gp,Jafarov_2016,True,12,5.0,True,1,29.875658333333334,
CL,2013-08-12,71.32208757142857,-156.61082785714285,33.60659285714286,gp,Jafarov_2016,True,14,5.0,True,1,33.60659285714286,
CL,2013-08-12,71.3220682,-156.6107532,36.1614,gp,Jafarov_2016,True,5,5.0,True,1,36.1614,
CL,2013-08-12,71.3220433125,-156.6106711875,36.34398125,gp,Jafarov_2016,True,16,5.0,True,1,36.34398125,
CL,2013-08-12,71.32200864,-156.61055268,36.801192,gp,Jafarov_2016,True,25,5.0,True,1,36.801192,
CL,2013-08-12,71.321983,-156.610463,36.8568,gp,Jafarov_2016,True,1,5.0,False,1,36.8568,
CL,2013-08-12,71.321962,-156.61040207142858,35.383207142857145,gp,Jafarov_2016,True,14,5.0,True,1,35.383207142857145,
CL,2013-08-12,71.321936,-156.610332,33.5652,gp,Jafarov_2016,True,1,5.0,False,1,33.5652,
CL,2013-08-12,71.32192925,-156.61030975,32.7539,gp,Jafarov_2016,True,4,5.0,True,1,32.7539,
CL,2013-08-12,71.321875,-156.6100991428571,27.369428571428568,gp,Jafarov_2016,True,7,5.0,True,1,27.369428571428568,
CL,2013-08-12,71.32186666666666,-156.61003733333334,25.9157,gp,Jafarov_2016,True,3,5.0,True,1,25.9157,
CL,2013-08-12,71.32182900000001,-156.60969633333332,35.07967777777778,gp,Jafarov_2016,True,9,5.0,True,1,35.07967777777778,
CL,2013-08-12,71.32181209090909,-156.60957881818183,34.555645454545456,gp,Jafarov_2016,True,11,5.0,True,1,34.555645454545456,
CL,2013-08-12,71.3217968,-156.6094503,34.47853,gp,Jafarov_2016,True,10,5.0,True,1,34.47853,
CL,2013-08-12,71.3217875,-156.60938149999998,36.578649999999996,gp,Jafarov_2016,True,2,5.0,True,1,36.578649999999996,
CL,2013-08-12,71.32178015384615,-156.60929784615385,35.12364615384615,gp,Jafarov_2016,True,13,5.0,True,1,35.12364615384615,
CL,2013-08-12,71.3217726,-156.6091788,33.37978,gp,Jafarov_2016,True,5,5.0,True,1,33.37978,
CL,2013-08-12,71.32175783333334,-156.6090315,30.09975833333333,gp,Jafarov_2016,True,12,5.0,True,1,30.09975833333333,
CL,2013-08-12,71.32174155555555,-156.60890488888887,35.836888888888886,gp,Jafarov_2016,True,9,5.0,True,1,35.836888888888886,
CL,2013-08-12,71.321735,-156.608835,34.93286666666666,gp,Jafarov_2016,True,3,5.0,True,1,34.93286666666666,
CL,2013-08-12,71.3217272,-156.6087526,36.4674,gp,Jafarov_2016,True,10,5.0,True,1,36.4674,
CL,2013-08-12,71.32171427272728,-156.60861145454544,34.43553636363636,gp,Jafarov_2016,True,11,5.0,True,1,34.43553636363636,
CL,2013-08-12,71.32170309090908,-156.60846954545454,35.13937272727273,gp,Jafarov_2016,True,11,5.0,True,1,35.13937272727273,
CL,2013-08-12,71.32169366666666,-156.608331,33.92836666666667,gp,Jafarov_2016,True,12,5.0,True,1,33.92836666666667,
CL,2013-08-12,71.32168575,-156.60819958333335,31.542708333333334,gp,Jafarov_2016,True,12,5.0,True,1,31.542708333333334,
CL,2013-08-12,71.32168257142857,-156.60802042857145,26.96212857142857,gp,Jafarov_2016,True,7,5.0,True,1,26.96212857142857,
CL,2013-08-12,71.32167675000001,-156.60791658333332,25.77850833333333,gp,Jafarov_2016,True,12,5.0,True,1,25.77850833333333,
CL,2013-08-12,71.32166826666666,-156.60775819999998,25.482973333333334,gp,Jafarov_2016,True,15,5.0,True,1,25.482973333333334,
CL,2013-08-12,71.32166047058823,-156.60764917647057,26.581117647058825,gp,Jafarov_2016,True,17,5.0,True,1,26.581117647058825,
CL,2013-08-12,71.32164184375,-156.6075173125,25.951925000000003,gp,Jafarov_2016,True,32,5.0,True,1,25.951925000000003,
CL,2013-08-12,71.321629,-156.60743,25.313000000000002,gp,Jafarov_2016,True,1,5.0,False,1,25.313000000000002,
CL,2013-08-12,71.32160838461537,-156.60741207692308,27.623907692307696,gp,Jafarov_2016,True,13,5.0,True,1,27.623907692307696,
CL,2013-08-12,71.321563,-156.60739025,28.24459375,gp,Jafarov_2016,True,16,5.0,True,1,28.24459375,
CL,2013-08-12,71.32151783333333,-156.60734433333334,26.441088888888892,gp,Jafarov_2016,True,18,5.0,True,1,26.441088888888892,
CL,2013-08-12,71.32149799999999,-156.6072978,26.66902,gp,Jafarov_2016,True,5,5.0,True,1,26.66902,
CL,2013-08-12,71.32147164,-156.60724452,27.71076,gp,Jafarov_2016,True,25,5.0,True,1,27.71076,
CL,2013-08-12,71.32142066666667,-156.60711566666666,26.205444444444442,gp,Jafarov_2016,True,18,5.0,True,1,26.205444444444442,
CL,2013-08-12,71.321399,-156.607047,25.1739,gp,Jafarov_2016,True,1,5.0,False,1,25.1739,
CL,2013-08-12,71.32138423809523,-156.60698938095237,28.78674285714286,gp,Jafarov_2016,True,21,5.0,True,1,28.78674285714286,
CL,2013-08-12,71.32135725,-156.606895,30.233050000000002,gp,Jafarov_2016,True,4,5.0,True,1,30.233050000000002,
CL,2013-08-12,71.32133104347825,-156.60682726086955,30.785573913043475,gp,Jafarov_2016,True,23,5.0,True,1,30.785573913043475,
CL,2013-08-12,71.321307,-156.606765,33.1016,gp,Jafarov_2016,True,1,5.0,False,1,33.1016,
CL,2013-08-12,71.32128328571429,-156.6067357142857,35.18783571428572,gp,Jafarov_2016,True,14,5.0,True,1,35.18783571428572,
CL,2013-08-12,71.3211976,-156.6066564,28.92914,gp,Jafarov_2016,True,5,5.0,True,1,28.92914,
CL,2013-08-12,71.32117816666667,-156.606627,27.445566666666664,gp,Jafarov_2016,True,6,5.0,True,1,27.445566666666664,
CL,2013-08-12,71.32115153846154,-156.60657107692307,26.57543846153846,gp,Jafarov_2016,True,13,5.0,True,1,26.57543846153846,
CL,2013-08-12,71.32112533333334,-156.60639883333332,26.460416666666664,gp,Jafarov_2016,True,6,5.0,True,1,26.460416666666664,
CL,2013-08-12,71.32109955,-156.606312,26.94374,gp,Jafarov_2016,True,20,5.0,True,1,26.94374,
CL,2013-08-12,71.321078,-156.606235,28.651,gp,Jafarov_2016,True,1,5.0,False,1,28.651,
CL,2013-08-12,71.32106666666667,-156.6061818888889,28.88276666666667,gp,Jafarov_2016,True,9,5.0,True,1,28.88276666666667,
CL,2013-08-12,71.32104022222222,-156.60606422222222,36.67138888888889,gp,Jafarov_2016,True,9,5.0,True,1,36.67138888888889,
CL,2013-08-12,71.32102119999999,-156.60600319999998,42.22542,gp,Jafarov_2016,True,5,5.0,True,1,42.22542,
CL,2013-08-12,71.321004,-156.605885,31.539584615384612,gp,Jafarov_2016,True,13,5.0,True,1,31.539584615384612,
CL,2013-08-12,71.320989,-156.60580375,29.4159,gp,Jafarov_2016,True,4,5.0,True,1,29.4159,
CL,2013-08-12,71.320976,-156.6057192,35.99452,gp,Jafarov_2016,True,5,5.0,True,1,35.99452,
CL,2013-08-12,71.320962,-156.6056263125,35.2617375,gp,Jafarov_2016,True,16,5.0,True,1,35.2617375,
CL,2013-08-12,71.320944625,-156.60548975,32.65828125,gp,Jafarov_2016,True,16,5.0,True,1,32.65828125,
CL,2013-08-12,71.3209325,-156.6054145,29.48545,gp,Jafarov_2016,True,2,5.0,True,1,29.48545,
CL,2013-08-12,71.3209197826087,-156.60534613043478,26.18980869565217,gp,Jafarov_2016,True,23,5.0,True,1,26.18980869565217,
CL,2013-08-12,71.32089914285714,-156.6052152857143,25.149085714285714,gp,Jafarov_2016,True,14,5.0,True,1,25.149085714285714,
CL,2013-08-12,71.32088573333334,-156.6050896,25.118286666666666,gp,Jafarov_2016,True,15,5.0,True,1,25.118286666666666,
CL,2013-08-12,71.32086614285714,-156.60490914285714,29.19735714285714,gp,Jafarov_2016,True,7,5.0,True,1,29.19735714285714,
CL,2013-08-12,71.32085866666667,-156.60481666666666,24.524866666666668,gp,Jafarov_2016,True,3,5.0,True,1,24.524866666666668,
CL,2013-08-12,71.32083957894737,-156.60465110526314,26.070626315789475,gp,Jafarov_2016,True,19,5.0,True,1,26.070626315789475,
CL,2013-08-12,71.32083125,-156.60458475000001,29.694074999999998,gp,Jafarov_2016,True,4,5.0,True,1,29.694074999999998,
CL,2013-08-12,71.32081436363636,-156.60451245454544,30.825709090909093,gp,Jafarov_2016,True,11,5.0,True,1,30.825709090909093,
CL,2013-08-12,71.3207919090909,-156.6044070909091,29.11877272727273,gp,Jafarov_2016,True,11,5.0,True,1,29.11877272727273,
CL,2013-08-12,71.320774,-156.60433922222222,29.19956666666667,gp,Jafarov_2016,True,9,5.0,True,1,29.19956666666667,
CL,2013-08-12,71.32075458823529,-156.60426923529414,31.28126470588235,gp,Jafarov_2016,True,17,5.0,True,1,31.28126470588235,
CL,2013-08-12,71.32072880000001,-156.6042,25.4799,gp,Jafarov_2016,True,5,5.0,True,1,25.4799,
CL,2013-08-12,71.3207077,-156.6041384,25.153039999999997,gp,Jafarov_2016,True,10,5.0,True,1,25.153039999999997,
CL,2013-08-12,71.320522,-156.603515,24.2003,gp,Jafarov_2016,True,1,5.0,False,1,24.2003,
CL,2013-08-12,71.3205092,-156.6034942,26.592539999999996,gp,Jafarov_2016,True,5,5.0,True,1,26.592539999999996,
CL,2013-08-12,71.32048366666668,-156.60344477777778,31.355355555555555,gp,Jafarov_2016,True,9,5.0,True,1,31.355355555555555,
CL,2013-08-12,71.320416,-156.6033095,25.59115,gp,Jafarov_2016,True,4,5.0,True,1,25.59115,
CL,2013-08-12,71.32039575,-156.603278125,23.8178625,gp,Jafarov_2016,True,8,5.0,True,1,23.8178625,
CL,2013-08-12,71.320369,-156.603241,33.58840000000001,gp,Jafarov_2016,True,2,5.0,True,1,33.58840000000001,
CL,2013-08-12,71.320344,-156.60320292307694,32.52923846153846,gp,Jafarov_2016,True,13,5.0,True,1,32.52923846153846,
CL,2013-08-12,71.32031214285715,-156.60313742857144,31.90947142857143,gp,Jafarov_2016,True,7,5.0,True,1,31.90947142857143,
CL,2013-08-12,71.32028679999999,-156.6030723,34.57588,gp,Jafarov_2016,True,10,5.0,True,1,34.57588,
CL,2013-08-12,71.320256875,-156.603014,33.5246375,gp,Jafarov_2016,True,8,5.0,True,1,33.5246375,
CL,2013-08-12,71.3202324,-156.602971,35.3733,gp,Jafarov_2016,True,5,5.0,True,1,35.3733,
CL,2013-08-12,71.32020353846154,-156.60292115384615,31.924753846153845,gp,Jafarov_2016,True,13,5.0,True,1,31.924753846153845,
CL,2013-08-12,71.320176,-156.602868,31.01536666666667,gp,Jafarov_2016,True,3,5.0,True,1,31.01536666666667,
CL,2013-08-12,71.32014910000001,-156.6028126,32.941649999999996,gp,Jafarov_2016,True,10,5.0,True,1,32.941649999999996,
CL,2013-08-12,71.320125,-156.6027465,30.250433333333334,gp,Jafarov_2016,True,6,5.0,True,1,30.250433333333334,
CL,2013-08-12,71.32011033333333,-156.60269316666668,31.9194,gp,Jafarov_2016,True,6,5.0,True,1,31.9194,
CL,2013-08-12,71.31996783333334,-156.602428,41.214733333333335,gp,Jafarov_2016,True,6,5.0,True,1,41.214733333333335,
CL,2013-08-12,71.31991214285713,-156.602358,27.905885714285716,gp,Jafarov_2016,True,7,5.0,True,1,27.905885714285716,
CL,2013-08-12,71.31989775,-156.60233725,25.556400000000004,gp,Jafarov_2016,True,4,5.0,True,1,25.556400000000004,
CL,2013-08-12,71.31987735714286,-156.6023177857143,27.64262142857143,gp,Jafarov_2016,True,14,5.0,True,1,27.64262142857143,
CL,2013-08-12,71.31984888888888,-156.60228622222223,30.737199999999998,gp,Jafarov_2016,True,9,5.0,True,1,30.737199999999998,
CL,2013-08-12,71.319659,-156.6020955,28.952299999999997,gp,Jafarov_2016,True,6,5.0,True,1,28.952299999999997,
CL,2013-08-12,71.31962949999999,-156.602084,31.5717,gp,Jafarov_2016,True,2,5.0,True,1,31.5717,
CL,2013-08-12,71.31960884615386,-156.6020720769231,28.474438461538462,gp,Jafarov_2016,True,13,5.0,True,1,28.474438461538462,
CL,2013-08-12,71.319362,-156.601935,29.4855,gp,Jafarov_2016,True,1,5.0,False,1,29.4855,
CL,2013-08-12,71.31933733333334,-156.60192316666667,35.06035833333333,gp,Jafarov_2016,True,12,5.0,True,1,35.06035833333333,
CL,2013-08-12,71.31929118181819,-156.60191163636364,37.210863636363634,gp,Jafarov_2016,True,11,5.0,True,1,37.210863636363634,
CL,2013-08-12,71.31924593333333,-156.60188166666666,36.411759999999994,gp,Jafarov_2016,True,15,5.0,True,1,36.411759999999994,
CL,2013-08-12,71.319221,-156.601856,36.02235,gp,Jafarov_2016,True,2,5.0,True,1,36.02235,
CL,2013-08-12,71.31919821428572,-156.6018362142857,35.72929285714286,gp,Jafarov_2016,True,14,5.0,True,1,35.72929285714286,
CL,2013-08-12,71.3191575625,-156.60178200000001,32.64524375,gp,Jafarov_2016,True,16,5.0,True,1,32.64524375,
CL,2013-08-12,71.31912583333333,-156.60174083333334,23.551283333333334,gp,Jafarov_2016,True,6,5.0,True,1,23.551283333333334,
CL,2013-08-12,71.319104,-156.601707125,25.9823375,gp,Jafarov_2016,True,8,5.0,True,1,25.9823375,
CL,2013-08-12,71.31908200000001,-156.60167725,27.294925,gp,Jafarov_2016,True,4,5.0,True,1,27.294925,
CL,2013-08-12,71.3190005,-156.60154649999998,25.382550000000002,gp,Jafarov_2016,True,2,5.0,True,1,25.382550000000002,
CL,2013-08-12,71.3189765,-156.60151133333332,34.28380833333333,gp,Jafarov_2016,True,12,5.0,True,1,34.28380833333333,
CL,2013-08-12,71.318945,-156.60147675000002,37.413174999999995,gp,Jafarov_2016,True,4,5.0,True,1,37.413174999999995,
CL,2013-08-12,71.31892266666667,-156.60145133333333,35.226477777777774,gp,Jafarov_2016,True,9,5.0,True,1,35.226477777777774,
CL,2013-08-12,71.318884375,-156.601400875,35.00094375,gp,Jafarov_2016,True,16,5.0,True,1,35.00094375,
CL,2013-08-12,71.3188504,-156.601351,36.27268,gp,Jafarov_2016,True,5,5.0,True,1,36.27268,
CL,2013-08-12,71.31882664285715,-156.60131442857144,31.800228571428573,gp,Jafarov_2016,True,14,5.0,True,1,31.800228571428573,
CL,2013-08-12,71.318787,-156.60124515384615,31.173184615384613,gp,Jafarov_2016,True,26,5.0,True,1,31.173184615384613,
CL,2013-08-12,71.3187655,-156.6012145,34.7706,gp,Jafarov_2016,True,2,5.0,True,1,34.7706,
CL,2013-08-12,71.31874188235294,-156.60116841176472,36.89364117647059,gp,Jafarov_2016,True,17,5.0,True,1,36.89364117647059,
CL,2013-08-12,71.3187089,-156.6011021,35.70244,gp,Jafarov_2016,True,10,5.0,True,1,35.70244,
CL,2013-08-12,71.31868257894737,-156.6010492631579,32.688021052631576,gp,Jafarov_2016,True,19,5.0,True,1,32.688021052631576,
CL,2013-08-12,71.31866392307691,-156.6009986153846,32.16012307692308,gp,Jafarov_2016,True,13,5.0,True,1,32.16012307692308,
CL,2013-08-12,71.318638875,-156.600923375,26.5995125,gp,Jafarov_2016,True,8,5.0,True,1,26.5995125,
CL,2013-08-12,71.31861380000001,-156.6008517,26.74554,gp,Jafarov_2016,True,10,5.0,True,1,26.74554,
CL,2013-08-12,71.318593125,-156.60077975,29.8027375,gp,Jafarov_2016,True,8,5.0,True,1,29.8027375,
CL,2013-08-12,71.3185754,-156.6007256,28.4215,gp,Jafarov_2016,True,5,5.0,True,1,28.4215,
CL,2013-08-12,71.3185432,-156.6006366,31.47434,gp,Jafarov_2016,True,5,5.0,True,1,31.47434,
CL,2013-08-12,71.31851983333333,-156.60057641666666,33.008874999999996,gp,Jafarov_2016,True,12,5.0,True,1,33.008874999999996,
CL,2013-08-12,71.3184985,-156.60051025,35.3790875,gp,Jafarov_2016,True,8,5.0,True,1,35.3790875,
CL,2013-08-12,71.31847788888889,-156.600441,37.015255555555555,gp,Jafarov_2016,True,9,5.0,True,1,37.015255555555555,
CL,2013-08-12,71.31845407692308,-156.60035676923079,36.40303076923077,gp,Jafarov_2016,True,13,5.0,True,1,36.40303076923077,
CL,2013-08-12,71.31843719999999,-156.6002856,37.48732,gp,Jafarov_2016,True,5,5.0,True,1,37.48732,
CL,2013-08-12,71.318414,-156.60021600000002,36.946242857142856,gp,Jafarov_2016,True,14,5.0,True,1,36.946242857142856,
CL,2013-08-12,71.31838775,-156.6001575,32.180175,gp,Jafarov_2016,True,4,5.0,True,1,32.180175,
CL,2013-08-12,71.3183659,-156.6001059,29.58283,gp,Jafarov_2016,True,10,5.0,True,1,29.58283,
CL,2013-08-12,71.3183335,-156.6000332,27.058479999999996,gp,Jafarov_2016,True,10,5.0,True,1,27.058479999999996,
CL,2013-08-12,71.31831275,-156.599981875,29.9287875,gp,Jafarov_2016,True,8,5.0,True,1,29.9287875,
CL,2013-08-12,71.31828128000001,-156.59989756,37.201747999999995,gp,Jafarov_2016,True,25,5.0,True,1,37.201747999999995,
CL,2013-08-12,71.31826166666667,-156.59986166666667,31.919433333333334,gp,Jafarov_2016,True,3,5.0,True,1,31.919433333333334,
CL,2013-08-12,71.31823984615384,-156.59979146153847,25.928169230769228,gp,Jafarov_2016,True,13,5.0,True,1,25.928169230769228,
CL,2013-08-12,71.318224,-156.599729,32.128,gp,Jafarov_2016,True,1,5.0,False,1,32.128,
CL,2013-08-12,71.31817558333334,-156.5995265,33.3508,gp,Jafarov_2016,True,12,5.0,True,1,33.3508,
CL,2013-08-12,71.31814208333333,-156.59937908333333,34.561991666666664,gp,Jafarov_2016,True,12,5.0,True,1,34.561991666666664,
CL,2013-08-12,71.31812033333334,-156.59931066666667,32.68436666666667,gp,Jafarov_2016,True,3,5.0,True,1,32.68436666666667,
CL,2013-08-12,71.318105,-156.59926074999998,34.00565,gp,Jafarov_2016,True,4,5.0,True,1,34.00565,
CL,2013-08-12,71.318076,-156.599182,34.724199999999996,gp,Jafarov_2016,True,3,5.0,True,1,34.724199999999996,
CL,2013-08-12,71.31804658823529,-156.59911070588237,31.084917647058827,gp,Jafarov_2016,True,17,5.0,True,1,31.084917647058827,
CL,2013-08-12,71.318025,-156.599058,29.3464,gp,Jafarov_2016,True,1,5.0,False,1,29.3464,
CL,2013-08-12,71.31800313333333,-156.59902,25.74879333333333,gp,Jafarov_2016,True,15,5.0,True,1,25.74879333333333,
CL,2013-08-12,71.3179674,-156.59895,28.998700000000003,gp,Jafarov_2016,True,5,5.0,True,1,28.998700000000003,
CL,2013-08-12,71.31795500000001,-156.598925,29.7636,gp,Jafarov_2016,True,2,5.0,True,1,29.7636,
CL,2013-08-12,71.31791023529411,-156.59882394117648,25.885670588235293,gp,Jafarov_2016,True,17,5.0,True,1,25.885670588235293,
CL,2013-08-12,71.317892,-156.598771,30.459033333333334,gp,Jafarov_2016,True,6,5.0,True,1,30.459033333333334,
CL,2013-08-12,71.31786135714286,-156.59871421428574,30.806735714285715,gp,Jafarov_2016,True,14,5.0,True,1,30.806735714285715,
CL,2013-08-12,71.317835,-156.598667,34.7706,gp,Jafarov_2016,True,1,5.0,False,1,34.7706,
CL,2013-08-12,71.31781343749999,-156.59862275,33.8926375,gp,Jafarov_2016,True,16,5.0,True,1,33.8926375,
CL,2013-08-12,71.31777436363636,-156.59856200000002,35.51026363636363,gp,Jafarov_2016,True,11,5.0,True,1,35.51026363636363,
CL,2013-08-12,71.31775166666667,-156.598527,34.886500000000005,gp,Jafarov_2016,True,3,5.0,True,1,34.886500000000005,
CL,2013-08-12,71.317723375,-156.5984791875,33.49278125,gp,Jafarov_2016,True,16,5.0,True,1,33.49278125,
CL,2013-08-12,71.3176958,-156.59841999999998,35.772000000000006,gp,Jafarov_2016,True,5,5.0,True,1,35.772000000000006,
CL,2013-08-12,71.31766965,-156.59836439999998,32.152375,gp,Jafarov_2016,True,20,5.0,True,1,32.152375,
CL,2013-08-12,71.31763866666667,-156.59830546666666,35.01168,gp,Jafarov_2016,True,15,5.0,True,1,35.01168,
CL,2013-08-12,71.3176135,-156.5982645,36.6482,gp,Jafarov_2016,True,2,5.0,True,1,36.6482,
CL,2013-08-12,71.31758766666667,-156.5981830952381,36.35015714285714,gp,Jafarov_2016,True,21,5.0,True,1,36.35015714285714,
CL,2013-08-12,71.31757133333333,-156.59811116666665,34.028816666666664,gp,Jafarov_2016,True,6,5.0,True,1,34.028816666666664,
CL,2013-08-12,71.31754839999999,-156.5980489,36.03623,gp,Jafarov_2016,True,10,5.0,True,1,36.03623,
CL,2013-08-12,71.31752542857143,-156.59797442857143,35.7541,gp,Jafarov_2016,True,7,5.0,True,1,35.7541,
CL,2013-08-12,71.317507,-156.5979044285714,33.14135714285714,gp,Jafarov_2016,True,7,5.0,True,1,33.14135714285714,
CL,2013-08-12,71.3174825,-156.59781616666666,33.663725,gp,Jafarov_2016,True,12,5.0,True,1,33.663725,
CL,2013-08-12,71.31746216666666,-156.5977505,33.00888333333334,gp,Jafarov_2016,True,6,5.0,True,1,33.00888333333334,
CL,2013-08-12,71.31743548148148,-156.59767425925926,28.09206296296296,gp,Jafarov_2016,True,27,5.0,True,1,28.09206296296296,
CL,2013-08-12,71.31741525000001,-156.597612,25.765024999999998,gp,Jafarov_2016,True,4,5.0,True,1,25.765024999999998,
CL,2013-08-12,71.31739871428572,-156.59756014285716,26.952185714285715,gp,Jafarov_2016,True,7,5.0,True,1,26.952185714285715,
CL,2013-08-12,71.31733907692308,-156.59723253846153,25.880023076923074,gp,Jafarov_2016,True,13,5.0,True,1,25.880023076923074,
CL,2013-08-12,71.31732975,-156.59716575,30.7546,gp,Jafarov_2016,True,4,5.0,True,1,30.7546,
CL,2013-08-12,71.3173188,-156.5970988,30.282870000000003,gp,Jafarov_2016,True,10,5.0,True,1,30.282870000000003,
CL,2013-08-12,71.31730514285714,-156.59698157142859,29.77025,gp,Jafarov_2016,True,14,5.0,True,1,29.77025,
CL,2013-08-12,71.31729461538461,-156.59685076923077,28.196284615384613,gp,Jafarov_2016,True,13,5.0,True,1,28.196284615384613,
CL,2013-08-12,71.31728975,-156.59670183333333,30.453233333333333,gp,Jafarov_2016,True,12,5.0,True,1,30.453233333333333,
CL,2013-08-12,71.31728115384615,-156.59655838461538,36.3326,gp,Jafarov_2016,True,13,5.0,True,1,36.3326,
CL,2013-08-12,71.317274,-156.59648466666667,31.664433333333335,gp,Jafarov_2016,True,3,5.0,True,1,31.664433333333335,
CL,2013-08-12,71.31725953846154,-156.59641892307693,30.763946153846156,gp,Jafarov_2016,True,13,5.0,True,1,30.763946153846156,
CL,2013-08-12,71.31724418181818,-156.59628572727271,36.67348181818182,gp,Jafarov_2016,True,11,5.0,True,1,36.67348181818182,
CL,2013-08-12,71.31723126666667,-156.59616400000002,31.73397333333333,gp,Jafarov_2016,True,15,5.0,True,1,31.73397333333333,
CL,2013-08-12,71.317222,-156.59609,31.258799999999997,gp,Jafarov_2016,True,1,5.0,False,1,31.258799999999997,
CL,2013-08-12,71.31720777777778,-156.596014,33.38945,gp,Jafarov_2016,True,18,5.0,True,1,33.38945,
CL,2013-08-12,71.3171858,-156.59588100000002,35.74418,gp,Jafarov_2016,True,10,5.0,True,1,35.74418,
CL,2013-08-12,71.317173,-156.595817,37.169799999999995,gp,Jafarov_2016,True,2,5.0,True,1,37.169799999999995,
CL,2013-08-12,71.31715925,-156.595737125,42.480975,gp,Jafarov_2016,True,16,5.0,True,1,42.480975,
CL,2013-08-12,71.31713527272727,-156.59562227272727,41.43390909090909,gp,Jafarov_2016,True,11,5.0,True,1,41.43390909090909,
CL,2013-08-12,71.31712175,-156.59555775,41.324825000000004,gp,Jafarov_2016,True,4,5.0,True,1,41.324825000000004,
CL,2013-08-12,71.31709933333333,-156.59549586666665,38.284740000000006,gp,Jafarov_2016,True,15,5.0,True,1,38.284740000000006,
CL,2013-08-12,71.3170724,-156.59544,36.43958,gp,Jafarov_2016,True,5,5.0,True,1,36.43958,
CL,2013-08-12,71.31701777777778,-156.5952851111111,32.11257777777777,gp,Jafarov_2016,True,9,5.0,True,1,32.11257777777777,
CL,2013-08-12,71.31700233333333,-156.59524933333333,30.829933333333333,gp,Jafarov_2016,True,9,5.0,True,1,30.829933333333333,
CL,2013-08-12,71.31696576923076,-156.59518007692307,33.604446153846155,gp,Jafarov_2016,True,13,5.0,True,1,33.604446153846155,
CL,2013-08-12,71.31694350000001,-156.59512999999998,33.8318,gp,Jafarov_2016,True,2,5.0,True,1,33.8318,
CL,2013-08-12,71.3169151875,-156.5950618125,33.788325,gp,Jafarov_2016,True,16,5.0,True,1,33.788325,
CL,2013-08-12,71.31687047368422,-156.5949367368421,39.601884210526315,gp,Jafarov_2016,True,19,5.0,True,1,39.601884210526315,
CL,2013-08-12,71.3168455,-156.594874,31.363100000000003,gp,Jafarov_2016,True,2,5.0,True,1,31.363100000000003,
CL,2013-08-12,71.31682364705883,-156.5948181764706,27.726476470588235,gp,Jafarov_2016,True,17,5.0,True,1,27.726476470588235,
CL,2013-08-12,71.316788375,-156.59475025,28.3844,gp,Jafarov_2016,True,8,5.0,True,1,28.3844,
CL,2013-08-12,71.316766,-156.594732,28.688080000000003,gp,Jafarov_2016,True,5,5.0,True,1,28.688080000000003,
CL,2013-08-12,71.31673338461539,-156.59471784615386,31.277492307692306,gp,Jafarov_2016,True,13,5.0,True,1,31.277492307692306,
CL,2013-08-12,71.31668841666666,-156.59469708333333,33.449308333333335,gp,Jafarov_2016,True,12,5.0,True,1,33.449308333333335,
CL,2013-08-12,71.31664258333333,-156.59467858333332,32.794466666666665,gp,Jafarov_2016,True,12,5.0,True,1,32.794466666666665,
CL,2013-08-12,71.31660027272727,-156.5946472727273,30.28201818181818,gp,Jafarov_2016,True,11,5.0,True,1,30.28201818181818,
CL,2013-08-12,71.3165435,-156.59456975,28.3380375,gp,Jafarov_2016,True,8,5.0,True,1,28.3380375,
CL,2013-08-12,71.31650672727272,-156.59452663636364,32.10273636363637,gp,Jafarov_2016,True,11,5.0,True,1,32.10273636363637,
CL,2013-08-12,71.31648050000001,-156.59449899999998,34.4924,gp,Jafarov_2016,True,2,5.0,True,1,34.4924,
CL,2013-08-12,71.31645866666666,-156.59448977777777,34.917411111111115,gp,Jafarov_2016,True,9,5.0,True,1,34.917411111111115,
CL,2013-08-12,71.316426375,-156.594470875,34.996625,gp,Jafarov_2016,True,8,5.0,True,1,34.996625,
CL,2013-08-12,71.3163731875,-156.5944489375,35.38776875,gp,Jafarov_2016,True,16,5.0,True,1,35.38776875,
CL,2013-08-12,71.31633093333333,-156.5943982,34.038106666666664,gp,Jafarov_2016,True,15,5.0,True,1,34.038106666666664,
CL,2013-08-12,71.316308,-156.59436820000002,35.619,gp,Jafarov_2016,True,5,5.0,True,1,35.619,
CL,2013-08-12,71.3162774375,-156.594342625,36.852506250000005,gp,Jafarov_2016,True,16,5.0,True,1,36.852506250000005,
CL,2013-08-12,71.31623629166667,-156.59430675000002,37.54933333333333,gp,Jafarov_2016,True,24,5.0,True,1,37.54933333333333,
CL,2013-08-12,71.31620283333332,-156.59426216666668,36.7525,gp,Jafarov_2016,True,6,5.0,True,1,36.7525,
CL,2013-08-12,71.31618966666667,-156.594248,36.50913333333333,gp,Jafarov_2016,True,3,5.0,True,1,36.50913333333333,
CL,2013-08-12,71.3160899,-156.5940771,32.32276,gp,Jafarov_2016,True,10,5.0,True,1,32.32276,
CL,2013-08-12,71.31606657142858,-156.594011,28.948971428571433,gp,Jafarov_2016,True,7,5.0,True,1,28.948971428571433,
CL,2013-08-12,71.31604353846154,-156.593918,30.886984615384616,gp,Jafarov_2016,True,13,5.0,True,1,30.886984615384616,
CL,2013-08-12,71.31600586666667,-156.59381,34.21426666666666,gp,Jafarov_2016,True,15,5.0,True,1,34.21426666666666,
CL,2013-08-12,71.31597066666667,-156.59373983333333,34.96763333333333,gp,Jafarov_2016,True,6,5.0,True,1,34.96763333333333,
CL,2013-08-12,71.31594685714286,-156.593696,32.634685714285716,gp,Jafarov_2016,True,7,5.0,True,1,32.634685714285716,
CL,2013-08-12,71.3159104375,-156.5936259375,30.04179375,gp,Jafarov_2016,True,16,5.0,True,1,30.04179375,
CL,2013-08-12,71.31586721428572,-156.59355171428572,28.70065,gp,Jafarov_2016,True,14,5.0,True,1,28.70065,
CL,2013-08-12,71.31582454545455,-156.593478,29.95329090909091,gp,Jafarov_2016,True,11,5.0,True,1,29.95329090909091,
CL,2013-08-12,71.3158038,-156.5934506,30.319980000000005,gp,Jafarov_2016,True,5,5.0,True,1,30.319980000000005,
CL,2013-08-12,71.31577453846154,-156.59339776923076,29.82246153846154,gp,Jafarov_2016,True,13,5.0,True,1,29.82246153846154,
CL,2013-08-12,71.31575050000001,-156.59333850000002,29.763599999999997,gp,Jafarov_2016,True,2,5.0,True,1,29.763599999999997,
CL,2013-08-12,71.31572576470589,-156.59327370588235,27.468764705882354,gp,Jafarov_2016,True,17,5.0,True,1,27.468764705882354,
CL,2013-08-12,71.31568725,-156.59321016666667,30.070766666666668,gp,Jafarov_2016,True,12,5.0,True,1,30.070766666666668,
CL,2013-08-12,71.31566500000001,-156.59319200000002,33.84336666666667,gp,Jafarov_2016,True,3,5.0,True,1,33.84336666666667,
CL,2013-08-12,71.31564007692307,-156.59316984615384,31.83916153846154,gp,Jafarov_2016,True,13,5.0,True,1,31.83916153846154,
CL,2013-08-12,71.31559369230769,-156.59313538461538,25.912107692307693,gp,Jafarov_2016,True,13,5.0,True,1,25.912107692307693,
CL,2013-08-12,71.31555133333333,-156.59309466666664,24.281449999999996,gp,Jafarov_2016,True,6,5.0,True,1,24.281449999999996,
CL,2013-08-12,71.315532,-156.593062,23.977819999999998,gp,Jafarov_2016,True,5,5.0,True,1,23.977819999999998,
CL,2013-08-12,71.3154875,-156.5929865,25.591199999999997,gp,Jafarov_2016,True,6,5.0,True,1,25.591199999999997,
CL,2013-08-12,71.315478,-156.592971,25.591199999999997,gp,Jafarov_2016,True,1,5.0,False,1,25.591199999999997,
CL,2013-08-12,71.31543666666666,-156.59289733333333,28.9755,gp,Jafarov_2016,True,3,5.0,True,1,28.9755,
CL,2013-08-12,71.31541075,-156.5928514375,27.72519375,gp,Jafarov_2016,True,16,5.0,True,1,27.72519375,
CL,2013-08-12,71.315388375,-156.592789625,26.56475,gp,Jafarov_2016,True,8,5.0,True,1,26.56475,
CL,2013-08-12,71.31536492307693,-156.59275715384615,26.136799999999997,gp,Jafarov_2016,True,13,5.0,True,1,26.136799999999997,
CL,2013-08-12,71.3153325,-156.59269375000002,26.286575,gp,Jafarov_2016,True,4,5.0,True,1,26.286575,
CL,2013-08-12,71.3153087,-156.59265,29.0265,gp,Jafarov_2016,True,10,5.0,True,1,29.0265,
CL,2013-08-12,71.31527130769231,-156.59258884615386,29.984730769230772,gp,Jafarov_2016,True,13,5.0,True,1,29.984730769230772,
CL,2013-08-12,71.31525,-156.592547,28.4192,gp,Jafarov_2016,True,1,5.0,False,1,28.4192,
CL,2013-08-12,71.31522893333334,-156.59249633333332,24.571213333333333,gp,Jafarov_2016,True,15,5.0,True,1,24.571213333333333,
CL,2013-08-12,71.31519800000001,-156.5924245,24.096024999999997,gp,Jafarov_2016,True,4,5.0,True,1,24.096024999999997,
CL,2013-08-12,71.31517228571428,-156.59235107142857,26.857799999999997,gp,Jafarov_2016,True,14,5.0,True,1,26.857799999999997,
CL,2013-08-12,71.315153,-156.592282,35.6051,gp,Jafarov_2016,True,1,5.0,False,1,35.6051,
CL,2013-08-12,71.31513213333332,-156.592208,35.234206666666665,gp,Jafarov_2016,True,15,5.0,True,1,35.234206666666665,
CL,2013-08-12,71.31511225,-156.5921325,25.034824999999998,gp,Jafarov_2016,True,4,5.0,True,1,25.034824999999998,
CL,2013-08-12,71.3150940909091,-156.59206636363635,24.7693,gp,Jafarov_2016,True,11,5.0,True,1,24.7693,
CL,2013-08-12,71.3150711,-156.5919754,36.95418,gp,Jafarov_2016,True,10,5.0,True,1,36.95418,
CL,2013-08-12,71.315053,-156.59190285714286,40.87034285714286,gp,Jafarov_2016,True,7,5.0,True,1,40.87034285714286,
CL,2013-08-12,71.3149945,-156.59163283333334,23.92216666666667,gp,Jafarov_2016,True,6,5.0,True,1,23.92216666666667,
CL,2013-08-12,71.31498033333334,-156.59152925,26.808133333333334,gp,Jafarov_2016,True,12,5.0,True,1,26.808133333333334,
CL,2013-08-12,71.31496963636363,-156.59139863636364,31.508481818181817,gp,Jafarov_2016,True,11,5.0,True,1,31.508481818181817,
CL,2013-08-12,71.314963,-156.591327,32.4062,gp,Jafarov_2016,True,1,5.0,False,1,32.4062,
CL,2013-08-12,71.31495378571428,-156.59125085714285,26.679,gp,Jafarov_2016,True,14,5.0,True,1,26.679,
CL,2013-08-12,71.31493055555555,-156.59110925925927,29.320622222222223,gp,Jafarov_2016,True,27,5.0,True,1,29.320622222222223,
CL,2013-08-12,71.31491825,-156.59103299999998,29.641925,gp,Jafarov_2016,True,4,5.0,True,1,29.641925,
CL,2013-08-12,71.3149,-156.590961625,32.14976875,gp,Jafarov_2016,True,16,5.0,True,1,32.14976875,
CL,2013-08-12,71.31487680000001,-156.5908741,29.541090000000004,gp,Jafarov_2016,True,10,5.0,True,1,29.541090000000004,
CL,2013-08-12,71.314861,-156.59080020000002,29.93052,gp,Jafarov_2016,True,5,5.0,True,1,29.93052,
CL,2013-08-12,71.31484126666668,-156.59070613333333,33.02744,gp,Jafarov_2016,True,15,5.0,True,1,33.02744,
CL,2013-08-12,71.3148225,-156.590631,27.60785,gp,Jafarov_2016,True,2,5.0,True,1,27.60785,
CL,2013-08-12,71.31481018181817,-156.5905608181818,27.336036363636364,gp,Jafarov_2016,True,11,5.0,True,1,27.336036363636364,
CL,2013-08-12,71.31478866666667,-156.59044666666668,30.719808333333333,gp,Jafarov_2016,True,12,5.0,True,1,30.719808333333333,
CL,2013-08-12,71.31474308333334,-156.5901475,44.47159166666666,gp,Jafarov_2016,True,12,5.0,True,1,44.47159166666666,
CL,2013-08-12,71.31473007142857,-156.59001557142855,20.917014285714288,gp,Jafarov_2016,True,14,5.0,True,1,20.917014285714288,
CL,2013-08-12,71.314723,-156.58993766666666,29.670933333333334,gp,Jafarov_2016,True,3,5.0,True,1,29.670933333333334,
CL,2013-08-12,71.3147139,-156.5898651,40.47298,gp,Jafarov_2016,True,10,5.0,True,1,40.47298,
CL,2013-08-12,71.31469561538462,-156.58974515384614,45.196423076923075,gp,Jafarov_2016,True,13,5.0,True,1,45.196423076923075,
CL,2013-08-12,71.31467761538462,-156.589611,48.11715384615385,gp,Jafarov_2016,True,13,5.0,True,1,48.11715384615385,
CL,2013-08-12,71.31465771111111,-156.5894959111111,48.315673333333336,gp,Jafarov_2016,True,45,5.0,True,1,48.315673333333336,
CL,2013-08-12,71.31460207142857,-156.58948942857143,49.55802857142857,gp,Jafarov_2016,True,14,5.0,True,1,49.55802857142857,
CL,2013-08-12,71.3145597857143,-156.5895055714286,48.72850714285714,gp,Jafarov_2016,True,14,5.0,True,1,48.72850714285714,
CL,2013-08-12,71.31451561538462,-156.5895346153846,46.92961538461539,gp,Jafarov_2016,True,13,5.0,True,1,46.92961538461539,
CL,2013-08-12,71.31447250000001,-156.58953558333334,43.167683333333336,gp,Jafarov_2016,True,12,5.0,True,1,43.167683333333336,
CL,2013-08-12,71.31442464285713,-156.5894807142857,44.38715714285714,gp,Jafarov_2016,True,14,5.0,True,1,44.38715714285714,
CL,2013-08-12,71.3144,-156.589437,45.7581,gp,Jafarov_2016,True,1,5.0,False,1,45.7581,
CL,2013-08-12,71.31437872727273,-156.58940090909093,46.889736363636366,gp,Jafarov_2016,True,11,5.0,True,1,46.889736363636366,
CL,2013-08-12,71.31433206666667,-156.58933773333334,48.72056,gp,Jafarov_2016,True,15,5.0,True,1,48.72056,
CL,2013-08-12,71.314309,-156.589307,49.6524,gp,Jafarov_2016,True,1,5.0,False,1,49.6524,
CL,2013-08-12,71.314286,-156.58925966666666,46.88466666666667,gp,Jafarov_2016,True,15,5.0,True,1,46.88466666666667,
CL,2013-08-12,71.3142518,-156.5891987,41.78035,gp,Jafarov_2016,True,10,5.0,True,1,41.78035,
CL,2013-08-12,71.31422877777777,-156.58914866666666,44.784511111111115,gp,Jafarov_2016,True,9,5.0,True,1,44.784511111111115,
CL,2013-08-12,71.31420046153846,-156.58908415384616,50.08570769230769,gp,Jafarov_2016,True,13,5.0,True,1,50.08570769230769,
CL,2013-08-12,71.31417533333332,-156.58903266666667,52.9904,gp,Jafarov_2016,True,3,5.0,True,1,52.9904,
CL,2013-08-12,71.31414806666666,-156.58899173333333,47.644999999999996,gp,Jafarov_2016,True,15,5.0,True,1,47.644999999999996,
CL,2013-08-12,71.31411257142857,-156.5889392857143,46.41377142857142,gp,Jafarov_2016,True,7,5.0,True,1,46.41377142857142,
CL,2013-08-12,71.3140898,-156.5888962,46.25186,gp,Jafarov_2016,True,5,5.0,True,1,46.25186,
CL,2013-08-12,71.31405635714286,-156.5888305714286,44.79197857142857,gp,Jafarov_2016,True,14,5.0,True,1,44.79197857142857,
CL,2013-08-12,71.3140104375,-156.588733625,38.07815,gp,Jafarov_2016,True,16,5.0,True,1,38.07815,
CL,2013-08-12,71.313915,-156.5885395,43.32418333333334,gp,Jafarov_2016,True,6,5.0,True,1,43.32418333333334,
CL,2013-08-12,71.3139002,-156.5884974,45.53556,gp,Jafarov_2016,True,5,5.0,True,1,45.53556,
CL,2013-08-12,71.31387807692307,-156.58843146153848,49.18167692307692,gp,Jafarov_2016,True,13,5.0,True,1,49.18167692307692,
CL,2013-08-12,71.3138555,-156.5883479,51.45354,gp,Jafarov_2016,True,10,5.0,True,1,51.45354,
CL,2013-08-12,71.31383933333333,-156.5882841111111,51.68456666666666,gp,Jafarov_2016,True,9,5.0,True,1,51.68456666666666,
CL,2013-08-12,71.31381425000001,-156.588183625,50.399981249999996,gp,Jafarov_2016,True,16,5.0,True,1,50.399981249999996,
CL,2013-08-12,71.31380166666666,-156.58809233333332,46.54626666666667,gp,Jafarov_2016,True,3,5.0,True,1,46.54626666666667,
CL,2013-08-12,71.31379033333333,-156.58802144444445,44.34407777777778,gp,Jafarov_2016,True,9,5.0,True,1,44.34407777777778,
CL,2013-08-12,71.3137706923077,-156.58790515384615,41.23258461538462,gp,Jafarov_2016,True,13,5.0,True,1,41.23258461538462,
CL,2013-08-12,71.3137575,-156.58780149999998,39.939816666666665,gp,Jafarov_2016,True,6,5.0,True,1,39.939816666666665,
CL,2013-08-12,71.31374671428571,-156.58773357142857,39.53912857142857,gp,Jafarov_2016,True,7,5.0,True,1,39.53912857142857,
CL,2013-08-12,71.31373383333333,-156.58763075,42.84896666666666,gp,Jafarov_2016,True,12,5.0,True,1,42.84896666666666,
CL,2013-08-12,71.3137230909091,-156.58749336363636,41.89540909090909,gp,Jafarov_2016,True,11,5.0,True,1,41.89540909090909,
CL,2013-08-12,71.31371191666666,-156.58735258333334,38.09891666666667,gp,Jafarov_2016,True,12,5.0,True,1,38.09891666666667,
CL,2013-08-12,71.31370325,-156.58721475000002,36.182674999999996,gp,Jafarov_2016,True,12,5.0,True,1,36.182674999999996,
CL,2013-08-12,71.31370036363636,-156.58706781818182,34.47978181818182,gp,Jafarov_2016,True,11,5.0,True,1,34.47978181818182,
CL,2013-08-12,71.3136995,-156.58698025,35.170425,gp,Jafarov_2016,True,4,5.0,True,1,35.170425,
CL,2013-08-12,71.31368936363637,-156.58691863636363,34.59358181818182,gp,Jafarov_2016,True,11,5.0,True,1,34.59358181818182,
CL,2013-08-12,71.31367772727273,-156.5868008181818,33.47458181818182,gp,Jafarov_2016,True,11,5.0,True,1,33.47458181818182,
CL,2013-08-12,71.31366775,-156.58666041666666,35.008225,gp,Jafarov_2016,True,12,5.0,True,1,35.008225,
CL,2013-08-12,71.31365815384615,-156.5865233076923,35.03805384615385,gp,Jafarov_2016,True,13,5.0,True,1,35.03805384615385,
CL,2013-08-12,71.3136478,-156.5864184,34.21426,gp,Jafarov_2016,True,5,5.0,True,1,34.21426,
CL,2013-08-12,71.31363942857142,-156.58634857142857,33.190999999999995,gp,Jafarov_2016,True,7,5.0,True,1,33.190999999999995,
CL,2013-08-12,71.31362392857143,-156.58624235714288,36.10181428571428,gp,Jafarov_2016,True,14,5.0,True,1,36.10181428571428,
CL,2013-08-12,71.31360454545455,-156.586115,36.243609090909096,gp,Jafarov_2016,True,11,5.0,True,1,36.243609090909096,
CL,2013-08-12,71.313594,-156.5860455,35.53555,gp,Jafarov_2016,True,2,5.0,True,1,35.53555,
CL,2013-08-12,71.313581,-156.58596658333332,34.770608333333335,gp,Jafarov_2016,True,12,5.0,True,1,34.770608333333335,
CL,2013-08-12,71.3135573,-156.5858523,40.00009,gp,Jafarov_2016,True,10,5.0,True,1,40.00009,
CL,2013-08-12,71.313543,-156.585779,41.377,gp,Jafarov_2016,True,3,5.0,True,1,41.377,
CL,2013-08-12,71.31352953846154,-156.58569276923077,44.66683846153846,gp,Jafarov_2016,True,13,5.0,True,1,44.66683846153846,
CL,2013-08-12,71.31351158333334,-156.58557475,47.77481666666666,gp,Jafarov_2016,True,12,5.0,True,1,47.77481666666666,
CL,2013-08-12,71.31349666666667,-156.58550466666668,43.39366666666666,gp,Jafarov_2016,True,3,5.0,True,1,43.39366666666666,
CL,2013-08-12,71.31348125,-156.58541791666667,40.74534166666667,gp,Jafarov_2016,True,12,5.0,True,1,40.74534166666667,
CL,2013-08-12,71.31346375,-156.5853105,31.163149999999998,gp,Jafarov_2016,True,8,5.0,True,1,31.163149999999998,
CL,2013-08-12,71.313434,-156.585102,34.297700000000006,gp,Jafarov_2016,True,5,5.0,True,1,34.297700000000006,
CL,2013-08-12,71.31341441666667,-156.58500391666666,34.16210833333333,gp,Jafarov_2016,True,12,5.0,True,1,34.16210833333333,
CL,2013-08-12,71.313402,-156.584939,36.4396,gp,Jafarov_2016,True,1,5.0,False,1,36.4396,
CL,2013-08-12,71.31338883333333,-156.58487416666665,36.468558333333334,gp,Jafarov_2016,True,12,5.0,True,1,36.468558333333334,
CL,2013-08-12,71.313365,-156.58476033333332,39.74664444444445,gp,Jafarov_2016,True,9,5.0,True,1,39.74664444444445,
CL,2013-08-12,71.31335133333333,-156.584692,40.9598,gp,Jafarov_2016,True,3,5.0,True,1,40.9598,
CL,2013-08-12,71.3133346875,-156.5845930625,39.2690375,gp,Jafarov_2016,True,16,5.0,True,1,39.2690375,
CL,2013-08-12,71.31331589999999,-156.5844819,34.42985,gp,Jafarov_2016,True,10,5.0,True,1,34.42985,
CL,2013-08-12,71.31330200000001,-156.58440966666666,36.184599999999996,gp,Jafarov_2016,True,3,5.0,True,1,36.184599999999996,
CL,2013-08-12,71.31328400000001,-156.58432566666667,38.025126666666665,gp,Jafarov_2016,True,15,5.0,True,1,38.025126666666665,
CL,2013-08-12,71.31326316666666,-156.5842265,31.641216666666665,gp,Jafarov_2016,True,6,5.0,True,1,31.641216666666665,
CL,2013-08-12,71.313249625,-156.584156,31.5543125,gp,Jafarov_2016,True,8,5.0,True,1,31.5543125,
CL,2013-08-12,71.31322515384615,-156.58407661538462,32.42756923076923,gp,Jafarov_2016,True,13,5.0,True,1,32.42756923076923,
CL,2013-08-12,71.31321,-156.584001,38.3172,gp,Jafarov_2016,True,1,5.0,False,1,38.3172,
CL,2013-08-12,71.3131932142857,-156.58391671428572,40.974642857142854,gp,Jafarov_2016,True,14,5.0,True,1,40.974642857142854,
CL,2013-08-12,71.3131697142857,-156.583818,40.860414285714285,gp,Jafarov_2016,True,7,5.0,True,1,40.860414285714285,
CL,2013-08-12,71.31315583333334,-156.58375466666666,41.0293,gp,Jafarov_2016,True,6,5.0,True,1,41.0293,
CL,2013-08-12,71.3131384,-156.58364600000002,41.3631,gp,Jafarov_2016,True,15,5.0,True,1,41.3631,
CL,2013-08-12,71.3131204,-156.5835566,41.5717,gp,Jafarov_2016,True,5,5.0,True,1,41.5717,
CL,2013-08-12,71.31310711111111,-156.58348433333333,40.13298888888889,gp,Jafarov_2016,True,9,5.0,True,1,40.13298888888889,
CL,2013-08-12,71.3130876,-156.58337173333334,43.74604,gp,Jafarov_2016,True,15,5.0,True,1,43.74604,
CL,2013-08-12,71.31307066666666,-156.58326966666667,48.980183333333336,gp,Jafarov_2016,True,6,5.0,True,1,48.980183333333336,
CL,2013-08-12,71.313059875,-156.583197125,49.730650000000004,gp,Jafarov_2016,True,8,5.0,True,1,49.730650000000004,
CL,2013-08-12,71.31304492307692,-156.58309592307694,48.12251538461539,gp,Jafarov_2016,True,13,5.0,True,1,48.12251538461539,
CL,2013-08-12,71.31303128571429,-156.5829832857143,49.09607142857143,gp,Jafarov_2016,True,7,5.0,True,1,49.09607142857143,
CL,2013-08-12,71.31300514285714,-156.5828175714286,42.24975,gp,Jafarov_2016,True,14,5.0,True,1,42.24975,
CL,2013-08-12,71.31298269230768,-156.5826923076923,42.90654615384616,gp,Jafarov_2016,True,13,5.0,True,1,42.90654615384616,
CL,2013-08-12,71.31296999999999,-156.58257271428573,47.808057142857145,gp,Jafarov_2016,True,7,5.0,True,1,47.808057142857145,
CL,2013-08-12,71.31296525,-156.582511,47.827925,gp,Jafarov_2016,True,4,5.0,True,1,47.827925,
CL,2013-08-12,71.31295616666667,-156.58244466666665,47.21365,gp,Jafarov_2016,True,6,5.0,True,1,47.21365,
CL,2013-08-12,71.312894875,-156.581860875,48.3147125,gp,Jafarov_2016,True,8,5.0,True,1,48.3147125,
CL,2013-08-12,71.312856,-156.581558,51.50592222222222,gp,Jafarov_2016,True,9,5.0,True,1,51.50592222222222,
CL,2013-08-12,71.312842,-156.58144218181818,49.408418181818185,gp,Jafarov_2016,True,11,5.0,True,1,49.408418181818185,
CL,2013-08-12,71.31282730000001,-156.5813197,44.32306,gp,Jafarov_2016,True,10,5.0,True,1,44.32306,
CL,2013-08-12,71.31278838461539,-156.58115884615384,43.92828461538461,gp,Jafarov_2016,True,13,5.0,True,1,43.92828461538461,
CL,2013-08-12,71.312768,-156.58111,45.3245,gp,Jafarov_2016,True,1,5.0,False,1,45.3245,
CL,2013-08-12,71.31274453846154,-156.58105069230768,45.57054615384615,gp,Jafarov_2016,True,13,5.0,True,1,45.57054615384615,
CL,2013-08-12,71.31271933333333,-156.58098333333334,46.483466666666665,gp,Jafarov_2016,True,3,5.0,True,1,46.483466666666665,
CL,2013-08-12,71.312696125,-156.58091025,47.94095,gp,Jafarov_2016,True,16,5.0,True,1,47.94095,
CL,2013-08-12,71.312673,-156.580848,48.2452,gp,Jafarov_2016,True,1,5.0,False,1,48.2452,
CL,2013-08-12,71.312637,-156.580766,48.140875,gp,Jafarov_2016,True,4,5.0,True,1,48.140875,
CL,2013-08-12,71.31262383333333,-156.58072866666666,48.106100000000005,gp,Jafarov_2016,True,6,5.0,True,1,48.106100000000005,
CL,2013-08-12,71.31259883333333,-156.580656,48.013375,gp,Jafarov_2016,True,12,5.0,True,1,48.013375,
CL,2013-08-12,71.3125805,-156.58059500000002,47.5498,gp,Jafarov_2016,True,2,5.0,True,1,47.5498,
CL,2013-08-12,71.312543,-156.5805085,47.4107,gp,Jafarov_2016,True,2,5.0,True,1,47.4107,
CL,2013-08-12,71.3125228,-156.5804697,47.9392,gp,Jafarov_2016,True,10,5.0,True,1,47.9392,
CL,2013-08-12,71.3125034,-156.5804158,49.55254,gp,Jafarov_2016,True,5,5.0,True,1,49.55254,
CL,2013-08-12,71.3124592,-156.5803196,46.548379999999995,gp,Jafarov_2016,True,5,5.0,True,1,46.548379999999995,
CL,2013-08-12,71.31244925,-156.58029225,44.69855,gp,Jafarov_2016,True,4,5.0,True,1,44.69855,
CL,2013-08-12,71.3124226,-156.5802232,50.25724666666667,gp,Jafarov_2016,True,15,5.0,True,1,50.25724666666667,
CL,2013-08-12,71.3124,-156.580164,52.139500000000005,gp,Jafarov_2016,True,1,5.0,False,1,52.139500000000005,
CL,2013-08-12,71.3123759375,-156.580119875,51.435387500000004,gp,Jafarov_2016,True,16,5.0,True,1,51.435387500000004,
CL,2013-08-12,71.3123468,-156.5800516,49.02404,gp,Jafarov_2016,True,5,5.0,True,1,49.02404,
CL,2013-08-12,71.3123253076923,-156.57998515384617,46.89713846153847,gp,Jafarov_2016,True,13,5.0,True,1,46.89713846153847,
CL,2013-08-12,71.3122996,-156.57992,46.61794,gp,Jafarov_2016,True,5,5.0,True,1,46.61794,
CL,2013-08-12,71.312274875,-156.57984075000002,48.1919375,gp,Jafarov_2016,True,16,5.0,True,1,48.1919375,
CL,2013-08-12,71.312257,-156.579775,49.6012,gp,Jafarov_2016,True,1,5.0,False,1,49.6012,
CL,2013-08-12,71.31224363636365,-156.57973318181817,51.063181818181825,gp,Jafarov_2016,True,11,5.0,True,1,51.063181818181825,
CL,2013-08-12,71.311993,-156.578964,49.2188,gp,Jafarov_2016,True,1,5.0,False,1,49.2188,
CL,2013-08-12,71.3119855,-156.57894133333335,49.21880000000001,gp,Jafarov_2016,True,6,5.0,True,1,49.21880000000001,
CL,2013-08-12,71.31196423076923,-156.57886846153846,49.2188,gp,Jafarov_2016,True,13,5.0,True,1,49.2188,
CL,2013-08-12,71.31194433333333,-156.57880416666669,49.24196666666666,gp,Jafarov_2016,True,6,5.0,True,1,49.24196666666666,
CL,2013-08-12,71.3115206,-156.5796811,48.94278,gp,Jafarov_2016,True,10,5.0,True,1,48.94278,
CL,2013-08-12,71.31150149999999,-156.579735,49.1273,gp,Jafarov_2016,True,4,5.0,True,1,49.1273,
CL,2013-08-12,71.31148557142856,-156.57977400000001,49.017271428571426,gp,Jafarov_2016,True,7,5.0,True,1,49.017271428571426,
CL,2013-08-12,71.311165,-156.58068550000002,38.7881125,gp,Jafarov_2016,True,8,5.0,True,1,38.7881125,
CL,2013-08-12,71.31114575000001,-156.5807375,40.2572,gp,Jafarov_2016,True,4,5.0,True,1,40.2572,
CL,2013-08-12,71.31112499999999,-156.58079446666667,42.14122666666666,gp,Jafarov_2016,True,15,5.0,True,1,42.14122666666666,
CL,2013-08-12,71.31109063636364,-156.58085163636363,44.6954,gp,Jafarov_2016,True,11,5.0,True,1,44.6954,
CL,2013-08-12,71.3110685,-156.5809095,46.076375,gp,Jafarov_2016,True,4,5.0,True,1,46.076375,
CL,2013-08-12,71.31104057142856,-156.58096857142854,46.199035714285706,gp,Jafarov_2016,True,14,5.0,True,1,46.199035714285706,
CL,2013-08-12,71.311011,-156.5810318,39.0743,gp,Jafarov_2016,True,5,5.0,True,1,39.0743,
CL,2013-08-12,71.31098866666666,-156.58107916666668,36.91199166666667,gp,Jafarov_2016,True,12,5.0,True,1,36.91199166666667,
CL,2013-08-12,71.31095830000001,-156.5811559,36.59399,gp,Jafarov_2016,True,10,5.0,True,1,36.59399,
CL,2013-08-12,71.310941,-156.581198,38.769,gp,Jafarov_2016,True,1,5.0,False,1,38.769,
CL,2013-08-12,71.310905,-156.58128,27.62676666666667,gp,Jafarov_2016,True,12,5.0,True,1,27.62676666666667,
CL,2013-08-12,71.310881,-156.581325,29.38205,gp,Jafarov_2016,True,4,5.0,True,1,29.38205,
CL,2013-08-12,71.3108607,-156.58137440000002,31.869970000000002,gp,Jafarov_2016,True,10,5.0,True,1,31.869970000000002,
CL,2013-08-12,71.3108291,-156.58145380000002,34.63261,gp,Jafarov_2016,True,10,5.0,True,1,34.63261,
CL,2013-08-12,71.31080775,-156.58149825,32.66365,gp,Jafarov_2016,True,4,5.0,True,1,32.66365,
CL,2013-08-12,71.31078172727273,-156.58155027272727,31.657672727272725,gp,Jafarov_2016,True,11,5.0,True,1,31.657672727272725,
CL,2013-08-12,71.31029684615385,-156.58276515384617,40.24841538461538,gp,Jafarov_2016,True,13,5.0,True,1,40.24841538461538,
CL,2013-08-12,71.31025994117647,-156.5828784117647,34.98910588235294,gp,Jafarov_2016,True,17,5.0,True,1,34.98910588235294,
CL,2013-08-12,71.310237,-156.582962,33.4777,gp,Jafarov_2016,True,1,5.0,False,1,33.4777,
CL,2013-08-12,71.31021175,-156.5830326,30.608204999999998,gp,Jafarov_2016,True,20,5.0,True,1,30.608204999999998,
CL,2013-08-12,71.3101855,-156.583096,28.51075,gp,Jafarov_2016,True,4,5.0,True,1,28.51075,
CL,2013-08-12,71.3101637,-156.58314000000001,34.271409999999996,gp,Jafarov_2016,True,10,5.0,True,1,34.271409999999996,
CL,2013-08-12,71.31014175,-156.5831925,36.99465,gp,Jafarov_2016,True,4,5.0,True,1,36.99465,
CL,2013-08-12,71.30977275000001,-156.584329125,35.2585,gp,Jafarov_2016,True,8,5.0,True,1,35.2585,
CL,2013-08-12,71.30975649999999,-156.58436749999998,35.201224999999994,gp,Jafarov_2016,True,4,5.0,True,1,35.201224999999994,
CL,2013-08-12,71.30956516666667,-156.5847815,27.168899999999997,gp,Jafarov_2016,True,6,5.0,True,1,27.168899999999997,
CL,2013-08-12,71.30951999999999,-156.5849052222222,33.18941111111111,gp,Jafarov_2016,True,9,5.0,True,1,33.18941111111111,
CL,2013-08-12,71.30943827272728,-156.58508627272727,33.690481818181816,gp,Jafarov_2016,True,11,5.0,True,1,33.690481818181816,
CL,2013-08-12,71.30925888888889,-156.58555833333332,34.30873333333333,gp,Jafarov_2016,True,9,5.0,True,1,34.30873333333333,
CL,2013-08-12,71.309244,-156.58561300000002,38.2348,gp,Jafarov_2016,True,2,5.0,True,1,38.2348,
CL,2013-08-12,71.30921792857143,-156.58567878571426,34.35355,gp,Jafarov_2016,True,14,5.0,True,1,34.35355,
CL,2013-08-12,71.30919,-156.5857395,32.8163,gp,Jafarov_2016,True,2,5.0,True,1,32.8163,
CL,2013-08-12,71.30916718181818,-156.58580236363636,37.99892727272727,gp,Jafarov_2016,True,11,5.0,True,1,37.99892727272727,
CL,2013-08-12,71.30913828571428,-156.5858692857143,40.29540000000001,gp,Jafarov_2016,True,7,5.0,True,1,40.29540000000001,
CL,2013-08-12,71.3091185,-156.58591333333334,40.25086666666667,gp,Jafarov_2016,True,6,5.0,True,1,40.25086666666667,
CL,2013-08-12,71.30908493333332,-156.58598859999998,35.68837333333333,gp,Jafarov_2016,True,15,5.0,True,1,35.68837333333333,
CL,2013-08-12,71.309054875,-156.58606774999998,32.339325,gp,Jafarov_2016,True,8,5.0,True,1,32.339325,
CL,2013-08-12,71.30898325,-156.586255,31.786025000000002,gp,Jafarov_2016,True,4,5.0,True,1,31.786025000000002,
CL,2013-08-12,71.3089607,-156.58630060000002,33.01473,gp,Jafarov_2016,True,10,5.0,True,1,33.01473,
CL,2013-08-12,71.30893900000001,-156.586345,31.74785,gp,Jafarov_2016,True,2,5.0,True,1,31.74785,
CL,2013-08-12,71.30891164285714,-156.58641371428573,32.118542857142856,gp,Jafarov_2016,True,14,5.0,True,1,32.118542857142856,
CL,2013-08-12,71.30888266666666,-156.58647566666664,32.8163,gp,Jafarov_2016,True,3,5.0,True,1,32.8163,
CL,2013-08-12,71.308863,-156.586509,34.130655555555556,gp,Jafarov_2016,True,9,5.0,True,1,34.130655555555556,
CL,2013-08-12,71.30882507692307,-156.58658246153846,34.90622307692308,gp,Jafarov_2016,True,13,5.0,True,1,34.90622307692308,
CL,2013-08-12,71.308334,-156.587716,35.343939999999996,gp,Jafarov_2016,True,5,5.0,True,1,35.343939999999996,
CL,2013-08-12,71.30830638461538,-156.58777600000002,33.76967692307692,gp,Jafarov_2016,True,13,5.0,True,1,33.76967692307692,
CL,2013-08-12,71.30828249999999,-156.58782200000002,32.6637,gp,Jafarov_2016,True,2,5.0,True,1,32.6637,
CL,2013-08-12,71.3082555,-156.58786691666668,32.008608333333335,gp,Jafarov_2016,True,12,5.0,True,1,32.008608333333335,
CL,2013-08-12,71.30821376923078,-156.58793538461538,32.22923846153846,gp,Jafarov_2016,True,13,5.0,True,1,32.22923846153846,
CL,2013-08-12,71.308191,-156.587968,32.3366,gp,Jafarov_2016,True,1,5.0,False,1,32.3366,
CL,2013-08-12,71.3081695,-156.58800866666667,31.020441666666667,gp,Jafarov_2016,True,12,5.0,True,1,31.020441666666667,
CL,2013-08-12,71.30812992307692,-156.58808446153847,32.045307692307695,gp,Jafarov_2016,True,13,5.0,True,1,32.045307692307695,
CL,2013-08-12,71.30810766666667,-156.58812666666665,34.876866666666665,gp,Jafarov_2016,True,3,5.0,True,1,34.876866666666665,
CL,2013-08-12,71.30808191666667,-156.58817458333334,35.5192,gp,Jafarov_2016,True,12,5.0,True,1,35.5192,
CL,2013-08-12,71.308048,-156.58824544444442,35.7418,gp,Jafarov_2016,True,9,5.0,True,1,35.7418,
CL,2013-08-12,71.30802575,-156.588289375,33.2742,gp,Jafarov_2016,True,8,5.0,True,1,33.2742,
CL,2013-08-12,71.30799330769231,-156.5883616923077,32.02966923076924,gp,Jafarov_2016,True,13,5.0,True,1,32.02966923076924,
CL,2013-08-12,71.307971,-156.588413,31.4426,gp,Jafarov_2016,True,1,5.0,False,1,31.4426,
CL,2013-08-12,71.30795272222223,-156.58847699999998,32.90533888888889,gp,Jafarov_2016,True,18,5.0,True,1,32.90533888888889,
CL,2013-08-12,71.3079275,-156.588554,34.19,gp,Jafarov_2016,True,2,5.0,True,1,34.19,
CL,2013-08-12,71.30790583333334,-156.5886085,34.686058333333335,gp,Jafarov_2016,True,12,5.0,True,1,34.686058333333335,
CL,2013-08-12,71.30787,-156.58868163636365,33.80843636363636,gp,Jafarov_2016,True,11,5.0,True,1,33.80843636363636,
CL,2013-08-12,71.307848,-156.58871681818184,30.86211818181818,gp,Jafarov_2016,True,11,5.0,True,1,30.86211818181818,
CL,2013-08-12,71.30782040000001,-156.588762,33.587939999999996,gp,Jafarov_2016,True,15,5.0,True,1,33.587939999999996,
CL,2013-08-12,71.3077879090909,-156.58883481818182,35.63309090909091,gp,Jafarov_2016,True,11,5.0,True,1,35.63309090909091,
CL,2013-08-12,71.3077677,-156.5888822,39.02087,gp,Jafarov_2016,True,10,5.0,True,1,39.02087,
CL,2013-08-12,71.3077332,-156.58895660000002,36.58637,gp,Jafarov_2016,True,10,5.0,True,1,36.58637,
CL,2013-08-12,71.3076910625,-156.5890629375,34.21864375,gp,Jafarov_2016,True,16,5.0,True,1,34.21864375,
CL,2013-08-12,71.307661,-156.589135,31.881425,gp,Jafarov_2016,True,4,5.0,True,1,31.881425,
CL,2013-08-12,71.30764125,-156.58919516666666,35.271175,gp,Jafarov_2016,True,12,5.0,True,1,35.271175,
CL,2013-08-12,71.30761655555555,-156.5892726666667,38.54008888888889,gp,Jafarov_2016,True,9,5.0,True,1,38.54008888888889,
CL,2013-08-12,71.307595,-156.58934355555556,36.58976666666667,gp,Jafarov_2016,True,9,5.0,True,1,36.58976666666667,
CL,2013-08-12,71.307573,-156.589417,35.175783333333335,gp,Jafarov_2016,True,6,5.0,True,1,35.175783333333335,
CL,2013-08-12,71.30755416666666,-156.589508,36.459375,gp,Jafarov_2016,True,12,5.0,True,1,36.459375,
CL,2013-08-12,71.307537,-156.58957900000001,35.665499999999994,gp,Jafarov_2016,True,2,5.0,True,1,35.665499999999994,
CL,2013-08-12,71.3075164736842,-156.5896642631579,33.861515789473685,gp,Jafarov_2016,True,19,5.0,True,1,33.861515789473685,
CL,2013-08-12,71.307482,-156.58982749999998,37.34640454545455,gp,Jafarov_2016,True,22,5.0,True,1,37.34640454545455,
CL,2013-08-12,71.30746342857142,-156.58990235714285,38.24075714285714,gp,Jafarov_2016,True,14,5.0,True,1,38.24075714285714,
CL,2013-08-12,71.3074352,-156.58997056,34.5697,gp,Jafarov_2016,True,25,5.0,True,1,34.5697,
CL,2013-08-12,71.3074196,-156.59005280000002,35.484359999999995,gp,Jafarov_2016,True,5,5.0,True,1,35.484359999999995,
CL,2013-08-12,71.3073904,-156.59009874999998,37.523469999999996,gp,Jafarov_2016,True,20,5.0,True,1,37.523469999999996,
CL,2013-08-12,71.307377,-156.59020514285712,36.33125714285715,gp,Jafarov_2016,True,7,5.0,True,1,36.33125714285715,
CL,2013-08-12,71.30735644444445,-156.5902728888889,33.0283,gp,Jafarov_2016,True,9,5.0,True,1,33.0283,
CL,2013-08-12,71.30734684615385,-156.5903716153846,32.91023846153846,gp,Jafarov_2016,True,13,5.0,True,1,32.91023846153846,
CL,2013-08-12,71.30730335714286,-156.59041985714288,34.320835714285714,gp,Jafarov_2016,True,14,5.0,True,1,34.320835714285714,
CL,2013-08-12,71.30725145454545,-156.59055484848483,37.42539393939394,gp,Jafarov_2016,True,33,5.0,True,1,37.42539393939394,
CL,2013-08-12,71.30726518181818,-156.59064863636365,37.998918181818176,gp,Jafarov_2016,True,11,5.0,True,1,37.998918181818176,
CL,2013-08-12,71.30729666666666,-156.59071666666668,36.86111666666667,gp,Jafarov_2016,True,6,5.0,True,1,36.86111666666667,
CL,2013-08-12,71.30731999999999,-156.59075128571428,35.95621428571429,gp,Jafarov_2016,True,7,5.0,True,1,35.95621428571429,
CL,2013-08-12,71.30734533333333,-156.5907481111111,36.89078888888889,gp,Jafarov_2016,True,9,5.0,True,1,36.89078888888889,
CL,2013-08-12,71.30736683333333,-156.59068208333335,35.94849166666666,gp,Jafarov_2016,True,12,5.0,True,1,35.94849166666666,
CL,2013-08-12,71.307374,-156.59060399999998,35.4111,gp,Jafarov_2016,True,5,5.0,True,1,35.4111,
CL,2013-08-12,71.3073645,-156.59051050000002,35.659124999999996,gp,Jafarov_2016,True,12,5.0,True,1,35.659124999999996,
CL,2013-08-12,71.30736333333333,-156.59015266666665,36.31716666666667,gp,Jafarov_2016,True,3,5.0,True,1,36.31716666666667,
CL,2013-08-12,71.30740566666667,-156.59001566666666,37.3775,gp,Jafarov_2016,True,3,5.0,True,1,37.3775,
CL,2013-08-12,71.30751563636363,-156.58977363636362,41.202009090909094,gp,Jafarov_2016,True,11,5.0,True,1,41.202009090909094,
CL,2013-08-12,71.30756133333334,-156.58968074999999,31.762033333333335,gp,Jafarov_2016,True,12,5.0,True,1,31.762033333333335,
CL,2013-08-12,71.307608,-156.5896186,38.68175,gp,Jafarov_2016,True,10,5.0,True,1,38.68175,
CL,2013-08-12,71.30764483333333,-156.58959166666668,37.88118333333333,gp,Jafarov_2016,True,6,5.0,True,1,37.88118333333333,
CL,2013-08-12,71.30766675,-156.58956175,33.142700000000005,gp,Jafarov_2016,True,4,5.0,True,1,33.142700000000005,
CL,2013-08-12,71.30769571428571,-156.58953692857145,31.333471428571432,gp,Jafarov_2016,True,14,5.0,True,1,31.333471428571432,
CL,2013-08-12,71.30773825,-156.58950725,31.200958333333332,gp,Jafarov_2016,True,12,5.0,True,1,31.200958333333332,
CL,2013-08-12,71.30778681818182,-156.58948863636363,34.9628,gp,Jafarov_2016,True,11,5.0,True,1,34.9628,
CL,2013-08-12,71.30782766666667,-156.58947033333334,35.979166666666664,gp,Jafarov_2016,True,12,5.0,True,1,35.979166666666664,
CL,2013-08-12,71.30787430000001,-156.5894617,36.28002,gp,Jafarov_2016,True,10,5.0,True,1,36.28002,
CL,2013-08-12,71.3079181,-156.5894559,43.51694,gp,Jafarov_2016,True,10,5.0,True,1,43.51694,
CL,2013-08-12,71.30796609090909,-156.58945300000002,38.548700000000004,gp,Jafarov_2016,True,11,5.0,True,1,38.548700000000004,
CL,2013-08-12,71.30800776923077,-156.5894303076923,35.27312307692308,gp,Jafarov_2016,True,13,5.0,True,1,35.27312307692308,
CL,2013-08-12,71.30804242857143,-156.58939971428572,35.93467142857143,gp,Jafarov_2016,True,7,5.0,True,1,35.93467142857143,
CL,2013-08-12,71.3080664,-156.5893786,38.5863,gp,Jafarov_2016,True,5,5.0,True,1,38.5863,
CL,2013-08-12,71.308090625,-156.589368375,40.62815,gp,Jafarov_2016,True,8,5.0,True,1,40.62815,
CL,2013-08-12,71.3081845,-156.58932075,41.6719,gp,Jafarov_2016,True,4,5.0,True,1,41.6719,
CL,2013-08-12,71.3082485,-156.589283,38.968025000000004,gp,Jafarov_2016,True,4,5.0,True,1,38.968025000000004,
CL,2013-08-12,71.30827415384616,-156.58926123076924,36.674,gp,Jafarov_2016,True,13,5.0,True,1,36.674,
CL,2013-08-12,71.30832066666667,-156.58925355555556,37.99604444444444,gp,Jafarov_2016,True,9,5.0,True,1,37.99604444444444,
CL,2013-08-12,71.30836011111111,-156.5892211111111,35.22143333333334,gp,Jafarov_2016,True,9,5.0,True,1,35.22143333333334,
CL,2013-08-12,71.308383,-156.589203,38.968,gp,Jafarov_2016,True,1,5.0,False,1,38.968,
CL,2013-08-12,71.30840763636364,-156.58918927272728,37.218436363636364,gp,Jafarov_2016,True,11,5.0,True,1,37.218436363636364,
CL,2013-08-12,71.3084525,-156.58916366666668,32.76493333333334,gp,Jafarov_2016,True,12,5.0,True,1,32.76493333333334,
CL,2013-08-12,71.30849972727273,-156.58912136363637,41.05019090909091,gp,Jafarov_2016,True,11,5.0,True,1,41.05019090909091,
CL,2013-08-12,71.30854533333334,-156.5890798888889,48.34334444444445,gp,Jafarov_2016,True,9,5.0,True,1,48.34334444444445,
CL,2013-08-12,71.3085832,-156.5890579,41.87074,gp,Jafarov_2016,True,10,5.0,True,1,41.87074,
CL,2013-08-12,71.308605,-156.589033,36.1051,gp,Jafarov_2016,True,2,5.0,True,1,36.1051,
CL,2013-08-12,71.30863058333334,-156.589008,33.34815833333334,gp,Jafarov_2016,True,12,5.0,True,1,33.34815833333334,
CL,2013-08-12,71.30867745454545,-156.58894981818182,32.0203,gp,Jafarov_2016,True,11,5.0,True,1,32.0203,
CL,2013-08-12,71.30870200000001,-156.5889235,34.753150000000005,gp,Jafarov_2016,True,2,5.0,True,1,34.753150000000005,
CL,2013-08-12,71.308782,-156.588835,33.719300000000004,gp,Jafarov_2016,True,1,5.0,False,1,33.719300000000004,
CL,2013-08-12,71.30880821428572,-156.58879814285714,34.43502857142857,gp,Jafarov_2016,True,14,5.0,True,1,34.43502857142857,
CL,2013-08-12,71.3088412,-156.5887442,34.60998,gp,Jafarov_2016,True,5,5.0,True,1,34.60998,
CL,2013-08-12,71.30886242857143,-156.5887082857143,34.75311428571428,gp,Jafarov_2016,True,7,5.0,True,1,34.75311428571428,
CL,2013-08-12,71.30889616666667,-156.58864508333332,35.47549166666666,gp,Jafarov_2016,True,12,5.0,True,1,35.47549166666666,
CL,2013-08-12,71.308928,-156.58858833333332,33.00353333333333,gp,Jafarov_2016,True,6,5.0,True,1,33.00353333333333,
CL,2013-08-12,71.308942,-156.5885666,36.04146,gp,Jafarov_2016,True,5,5.0,True,1,36.04146,
CL,2013-08-12,71.3089972,-156.5884908,33.471799999999995,gp,Jafarov_2016,True,5,5.0,True,1,33.471799999999995,
CL,2013-08-12,71.30902728571428,-156.5884655,32.59697857142857,gp,Jafarov_2016,True,14,5.0,True,1,32.59697857142857,
CL,2013-08-12,71.30905920000001,-156.588434,36.016639999999995,gp,Jafarov_2016,True,5,5.0,True,1,36.016639999999995,
CL,2013-08-12,71.309093,-156.588389,41.2654,gp,Jafarov_2016,True,1,5.0,False,1,41.2654,
CL,2013-08-12,71.30911458333334,-156.5883555,39.032016666666664,gp,Jafarov_2016,True,12,5.0,True,1,39.032016666666664,
CL,2013-08-12,71.3091724,-156.5882794,33.742180000000005,gp,Jafarov_2016,True,5,5.0,True,1,33.742180000000005,
CL,2013-08-12,71.30918975,-156.58826825,34.545375,gp,Jafarov_2016,True,4,5.0,True,1,34.545375,
CL,2013-08-12,71.30921216666667,-156.588253,39.09165,gp,Jafarov_2016,True,6,5.0,True,1,39.09165,
CL,2013-08-12,71.30924816666666,-156.58823291666667,41.46420833333333,gp,Jafarov_2016,True,12,5.0,True,1,41.46420833333333,
CL,2013-08-12,71.30929183333333,-156.58820916666667,32.365033333333336,gp,Jafarov_2016,True,12,5.0,True,1,32.365033333333336,
CL,2013-08-12,71.30933575,-156.58818166666666,32.70966666666667,gp,Jafarov_2016,True,12,5.0,True,1,32.70966666666667,
CL,2013-08-12,71.30938358333333,-156.58814325,32.411425,gp,Jafarov_2016,True,12,5.0,True,1,32.411425,
CL,2013-08-12,71.30941922222222,-156.58811355555557,31.792888888888886,gp,Jafarov_2016,True,9,5.0,True,1,31.792888888888886,
CL,2013-08-12,71.3094405,-156.588088,34.724325,gp,Jafarov_2016,True,4,5.0,True,1,34.724325,
CL,2013-08-12,71.30947261538462,-156.5880523076923,42.73356923076923,gp,Jafarov_2016,True,13,5.0,True,1,42.73356923076923,
CL,2013-08-12,71.30951507692308,-156.58801607692308,42.78251538461538,gp,Jafarov_2016,True,13,5.0,True,1,42.78251538461538,
CL,2013-08-12,71.30956027272727,-156.58798090909093,31.76557272727273,gp,Jafarov_2016,True,11,5.0,True,1,31.76557272727273,
CL,2013-08-12,71.3096048888889,-156.58794244444445,30.15817777777778,gp,Jafarov_2016,True,9,5.0,True,1,30.15817777777778,
CL,2013-08-12,71.3096305,-156.5879335,30.15155,gp,Jafarov_2016,True,2,5.0,True,1,30.15155,
CL,2013-08-12,71.30965255555556,-156.58791788888888,30.98436666666667,gp,Jafarov_2016,True,9,5.0,True,1,30.98436666666667,
CL,2013-08-12,71.30968225,-156.587918375,33.2133125,gp,Jafarov_2016,True,8,5.0,True,1,33.2133125,
CL,2013-08-12,71.3097072,-156.5879216,38.27518,gp,Jafarov_2016,True,5,5.0,True,1,38.27518,
CL,2013-08-12,71.30973918181817,-156.58791945454547,41.72809090909091,gp,Jafarov_2016,True,11,5.0,True,1,41.72809090909091,
CL,2013-08-12,71.30978025,-156.58791516666668,37.91200833333333,gp,Jafarov_2016,True,12,5.0,True,1,37.91200833333333,
CL,2013-08-12,71.309805,-156.587907,33.1537,gp,Jafarov_2016,True,1,5.0,False,1,33.1537,
CL,2013-08-12,71.30982916666666,-156.58789525,34.896633333333334,gp,Jafarov_2016,True,12,5.0,True,1,34.896633333333334,
CL,2013-08-12,71.30987283333333,-156.58788583333333,34.14775,gp,Jafarov_2016,True,12,5.0,True,1,34.14775,
CL,2013-08-12,71.30990975,-156.587885875,34.5354625,gp,Jafarov_2016,True,8,5.0,True,1,34.5354625,
CL,2013-08-12,71.309932,-156.58789825,32.994625,gp,Jafarov_2016,True,4,5.0,True,1,32.994625,
CL,2013-08-12,71.30996357142857,-156.58790614285712,34.403371428571425,gp,Jafarov_2016,True,14,5.0,True,1,34.403371428571425,
CL,2013-08-12,71.31000966666666,-156.58793683333332,35.99013333333333,gp,Jafarov_2016,True,12,5.0,True,1,35.99013333333333,
CL,2013-08-12,71.31005236363636,-156.58795954545454,40.71593636363636,gp,Jafarov_2016,True,11,5.0,True,1,40.71593636363636,
CL,2013-08-12,71.31009792307692,-156.5879886153846,38.922415384615384,gp,Jafarov_2016,True,13,5.0,True,1,38.922415384615384,
CL,2013-08-12,71.310131,-156.5880024,31.4677,gp,Jafarov_2016,True,5,5.0,True,1,31.4677,
CL,2013-08-12,71.31015333333333,-156.58801522222223,34.673522222222225,gp,Jafarov_2016,True,9,5.0,True,1,34.673522222222225,
CL,2013-08-12,71.31018865,-156.58803805,34.966875,gp,Jafarov_2016,True,20,5.0,True,1,34.966875,
CL,2013-08-12,71.310233,-156.5880834375,32.18941875,gp,Jafarov_2016,True,16,5.0,True,1,32.18941875,
CL,2013-08-12,71.31027342857143,-156.58811207142858,36.03366428571429,gp,Jafarov_2016,True,14,5.0,True,1,36.03366428571429,
CL,2013-08-12,71.310296,-156.5881292,34.87146,gp,Jafarov_2016,True,5,5.0,True,1,34.87146,
CL,2013-08-12,71.3103255,-156.58814775,33.98371875,gp,Jafarov_2016,True,16,5.0,True,1,33.98371875,
CL,2013-08-12,71.310367,-156.5881630625,35.35555625,gp,Jafarov_2016,True,16,5.0,True,1,35.35555625,
CL,2013-08-12,71.31041692307693,-156.58819346153845,35.14183846153846,gp,Jafarov_2016,True,13,5.0,True,1,35.14183846153846,
CL,2013-08-12,71.31045075,-156.5882265,39.8040875,gp,Jafarov_2016,True,8,5.0,True,1,39.8040875,
CL,2013-08-12,71.31047466666666,-156.58825916666666,31.191999999999997,gp,Jafarov_2016,True,6,5.0,True,1,31.191999999999997,
CL,2013-08-12,71.31050499999999,-156.58829841666667,31.404075000000002,gp,Jafarov_2016,True,12,5.0,True,1,31.404075000000002,
CL,2013-08-12,71.31053,-156.588328,28.223,gp,Jafarov_2016,True,1,5.0,False,1,28.223,
CL,2013-08-12,71.31064176923077,-156.58846523076923,28.773600000000002,gp,Jafarov_2016,True,13,5.0,True,1,28.773600000000002,
CL,2013-08-12,71.31068976923076,-156.588529,29.415923076923075,gp,Jafarov_2016,True,13,5.0,True,1,29.415923076923075,
CL,2013-08-12,71.310733875,-156.588599375,30.390125,gp,Jafarov_2016,True,16,5.0,True,1,30.390125,
CL,2013-08-12,71.310761,-156.5886255,32.676525,gp,Jafarov_2016,True,4,5.0,True,1,32.676525,
CL,2013-08-12,71.31078127272727,-156.58864427272727,28.36761818181818,gp,Jafarov_2016,True,11,5.0,True,1,28.36761818181818,
CL,2013-08-12,71.31082752631579,-156.58868178947367,35.853384210526315,gp,Jafarov_2016,True,19,5.0,True,1,35.853384210526315,
CL,2013-08-12,71.31086011111111,-156.58872844444443,38.11966666666667,gp,Jafarov_2016,True,9,5.0,True,1,38.11966666666667,
CL,2013-08-12,71.310877,-156.58876233333334,37.6867,gp,Jafarov_2016,True,3,5.0,True,1,37.6867,
CL,2013-08-12,71.31092179999999,-156.5888224,31.93691,gp,Jafarov_2016,True,10,5.0,True,1,31.93691,
CL,2013-08-12,71.3109582,-156.5888637,27.62656,gp,Jafarov_2016,True,10,5.0,True,1,27.62656,
CL,2013-08-12,71.310982,-156.588888,25.5191,gp,Jafarov_2016,True,1,5.0,False,1,25.5191,
CL,2013-08-12,71.311007,-156.5889200714286,24.735214285714285,gp,Jafarov_2016,True,14,5.0,True,1,24.735214285714285,
CL,2013-08-12,71.311056,-156.58896792307692,29.617800000000003,gp,Jafarov_2016,True,13,5.0,True,1,29.617800000000003,
CL,2013-08-12,71.31108300000001,-156.5889967142857,34.369299999999996,gp,Jafarov_2016,True,7,5.0,True,1,34.369299999999996,
CL,2013-08-12,71.311105875,-156.58902325,30.4298875,gp,Jafarov_2016,True,8,5.0,True,1,30.4298875,
CL,2013-08-12,71.31114061538462,-156.58906976923078,35.39877692307692,gp,Jafarov_2016,True,13,5.0,True,1,35.39877692307692,
CL,2013-08-12,71.31117166666667,-156.589126,38.084333333333326,gp,Jafarov_2016,True,3,5.0,True,1,38.084333333333326,
CL,2013-08-12,71.31119659999999,-156.5891605,37.74235,gp,Jafarov_2016,True,10,5.0,True,1,37.74235,
CL,2013-08-12,71.31123566666666,-156.58921933333332,36.593199999999996,gp,Jafarov_2016,True,12,5.0,True,1,36.593199999999996,
CL,2013-08-12,71.311261,-156.589263,34.5852,gp,Jafarov_2016,True,1,5.0,False,1,34.5852,
CL,2013-08-12,71.311328,-156.5893814,33.2173,gp,Jafarov_2016,True,5,5.0,True,1,33.2173,
CL,2013-08-12,71.31134180000001,-156.5894108,30.481599999999997,gp,Jafarov_2016,True,5,5.0,True,1,30.481599999999997,
CL,2013-08-12,71.31137115384615,-156.58946376923078,33.355553846153846,gp,Jafarov_2016,True,13,5.0,True,1,33.355553846153846,
CL,2013-08-12,71.31140175,-156.58951625,38.36265,gp,Jafarov_2016,True,4,5.0,True,1,38.36265,
CL,2013-08-12,71.31142441666667,-156.58955533333332,44.771175,gp,Jafarov_2016,True,12,5.0,True,1,44.771175,
CL,2013-08-12,71.3114656153846,-156.58959876923078,38.940769230769234,gp,Jafarov_2016,True,13,5.0,True,1,38.940769230769234,
CL,2013-08-12,71.31150228571428,-156.58963142857144,31.58584285714286,gp,Jafarov_2016,True,7,5.0,True,1,31.58584285714286,
CL,2013-08-12,71.311517,-156.589655,33.7899,gp,Jafarov_2016,True,1,5.0,False,1,33.7899,
CL,2013-08-12,71.31154211111112,-156.589742,29.681022222222225,gp,Jafarov_2016,True,9,5.0,True,1,29.681022222222225,
CL,2013-08-12,71.31155281818182,-156.58986227272726,30.420836363636365,gp,Jafarov_2016,True,11,5.0,True,1,30.420836363636365,
CL,2013-08-12,71.31155592307692,-156.59000384615385,28.03950769230769,gp,Jafarov_2016,True,13,5.0,True,1,28.03950769230769,
CL,2013-08-12,71.31156330769231,-156.59013715384614,35.64958461538461,gp,Jafarov_2016,True,13,5.0,True,1,35.64958461538461,
CL,2013-08-12,71.31157716666667,-156.59023766666667,36.73238333333333,gp,Jafarov_2016,True,6,5.0,True,1,36.73238333333333,
CL,2013-08-12,71.31159171428571,-156.5903035714286,35.97118571428571,gp,Jafarov_2016,True,7,5.0,True,1,35.97118571428571,
CL,2013-08-12,71.31160957142858,-156.59041578571427,35.23272142857143,gp,Jafarov_2016,True,14,5.0,True,1,35.23272142857143,
CL,2013-08-12,71.31162241666667,-156.59054783333332,30.820899999999998,gp,Jafarov_2016,True,12,5.0,True,1,30.820899999999998,
CL,2013-08-12,71.3116375,-156.59060325000002,27.944699999999997,gp,Jafarov_2016,True,4,5.0,True,1,27.944699999999997,
CL,2013-08-12,71.31166213333333,-156.59068406666665,26.950606666666665,gp,Jafarov_2016,True,15,5.0,True,1,26.950606666666665,
CL,2013-08-12,71.311698375,-156.59081166666667,28.62397916666667,gp,Jafarov_2016,True,24,5.0,True,1,28.62397916666667,
CL,2013-08-12,71.31172699999999,-156.5908955,36.01665,gp,Jafarov_2016,True,2,5.0,True,1,36.01665,
CL,2013-08-12,71.31175171428572,-156.59094985714287,39.68620714285714,gp,Jafarov_2016,True,14,5.0,True,1,39.68620714285714,
CL,2013-08-12,71.31177933333333,-156.59100133333334,40.178533333333334,gp,Jafarov_2016,True,3,5.0,True,1,40.178533333333334,
CL,2013-08-12,71.31180181818182,-156.59105063636363,32.93678181818182,gp,Jafarov_2016,True,11,5.0,True,1,32.93678181818182,
CL,2013-08-12,71.3118274,-156.59109899999999,31.27684,gp,Jafarov_2016,True,5,5.0,True,1,31.27684,
CL,2013-08-12,71.311862,-156.591162,36.0166,gp,Jafarov_2016,True,1,5.0,False,1,36.0166,
CL,2013-08-12,71.31189,-156.5912180625,30.70823125,gp,Jafarov_2016,True,16,5.0,True,1,30.70823125,
CL,2013-08-12,71.3119155,-156.591278,31.1655,gp,Jafarov_2016,True,2,5.0,True,1,31.1655,
CL,2013-08-12,71.31193673333334,-156.59133519999997,33.10066,gp,Jafarov_2016,True,15,5.0,True,1,33.10066,
CL,2013-08-12,71.31196600000001,-156.591405,34.68058,gp,Jafarov_2016,True,5,5.0,True,1,34.68058,
CL,2013-08-12,71.31198907142857,-156.59146607142858,35.766685714285714,gp,Jafarov_2016,True,14,5.0,True,1,35.766685714285714,
CL,2013-08-12,71.312014,-156.5915364,40.91546,gp,Jafarov_2016,True,5,5.0,True,1,40.91546,
CL,2013-08-12,71.3120357,-156.5915938,39.19771,gp,Jafarov_2016,True,10,5.0,True,1,39.19771,
CL,2013-08-12,71.31206285714286,-156.59165971428573,36.448342857142855,gp,Jafarov_2016,True,7,5.0,True,1,36.448342857142855,
CL,2013-08-12,71.31208611111111,-156.591712,36.051988888888886,gp,Jafarov_2016,True,9,5.0,True,1,36.051988888888886,
CL,2013-08-12,71.31211746153846,-156.591777,34.68303076923077,gp,Jafarov_2016,True,13,5.0,True,1,34.68303076923077,
CL,2013-08-12,71.31214033333333,-156.59183066666665,33.68386666666667,gp,Jafarov_2016,True,3,5.0,True,1,33.68386666666667,
CL,2013-08-12,71.31217042857143,-156.59189678571428,32.4493,gp,Jafarov_2016,True,14,5.0,True,1,32.4493,
CL,2013-08-12,71.3121935,-156.591938,30.052149999999997,gp,Jafarov_2016,True,2,5.0,True,1,30.052149999999997,
CL,2013-08-12,71.31221716666667,-156.59198908333335,30.078658333333333,gp,Jafarov_2016,True,12,5.0,True,1,30.078658333333333,
CL,2013-08-12,71.3122578,-156.59205066666667,32.05620666666667,gp,Jafarov_2016,True,15,5.0,True,1,32.05620666666667,
CL,2013-08-12,71.31228,-156.592082,33.0742,gp,Jafarov_2016,True,1,5.0,False,1,33.0742,
CL,2013-08-12,71.31230616666666,-156.59210716666666,30.953425,gp,Jafarov_2016,True,12,5.0,True,1,30.953425,
CL,2013-08-12,71.31234923076923,-156.59214676923077,27.329884615384614,gp,Jafarov_2016,True,13,5.0,True,1,27.329884615384614,
CL,2013-08-12,71.31239642857143,-156.592182,30.887157142857145,gp,Jafarov_2016,True,14,5.0,True,1,30.887157142857145,
CL,2013-08-12,71.312417,-156.592201,33.6308,gp,Jafarov_2016,True,1,5.0,False,1,33.6308,
CL,2013-08-12,71.31244061538462,-156.59221823076925,35.478315384615385,gp,Jafarov_2016,True,13,5.0,True,1,35.478315384615385,
CL,2013-08-12,71.31248728571428,-156.59224864285716,36.03935714285714,gp,Jafarov_2016,True,14,5.0,True,1,36.03935714285714,
CL,2013-08-12,71.31252142857143,-156.5922787142857,37.01638571428571,gp,Jafarov_2016,True,7,5.0,True,1,37.01638571428571,
CL,2013-08-12,71.312576875,-156.5923575,35.8178,gp,Jafarov_2016,True,8,5.0,True,1,35.8178,
CL,2013-08-12,71.31267071428572,-156.59247278571428,31.73924285714286,gp,Jafarov_2016,True,14,5.0,True,1,31.73924285714286,
CL,2013-08-12,71.31271284615384,-156.59251884615384,35.28866153846154,gp,Jafarov_2016,True,13,5.0,True,1,35.28866153846154,
CL,2013-08-12,71.31275732075473,-156.59255301886793,39.05064339622641,gp,Jafarov_2016,True,53,5.0,True,1,39.05064339622641,
CL,2013-08-12,71.3127825,-156.59257,32.43795,gp,Jafarov_2016,True,2,5.0,True,1,32.43795,
CL,2013-08-12,71.31280172727273,-156.592597,37.505945454545454,gp,Jafarov_2016,True,11,5.0,True,1,37.505945454545454,
CL,2013-08-12,71.31285021428572,-156.59264228571428,32.33569285714286,gp,Jafarov_2016,True,14,5.0,True,1,32.33569285714286,
CL,2013-08-12,71.3128939090909,-156.5926721818182,35.13459090909091,gp,Jafarov_2016,True,11,5.0,True,1,35.13459090909091,
CL,2013-08-12,71.31293881818182,-156.59267954545456,40.32552727272727,gp,Jafarov_2016,True,11,5.0,True,1,40.32552727272727,
CL,2013-08-12,71.31298418181818,-156.59267072727272,39.93512727272727,gp,Jafarov_2016,True,11,5.0,True,1,39.93512727272727,
CL,2013-08-12,71.31302863636364,-156.59267,41.41,gp,Jafarov_2016,True,11,5.0,True,1,41.41,
CL,2013-08-12,71.31307092307692,-156.59264507692308,45.99415384615384,gp,Jafarov_2016,True,13,5.0,True,1,45.99415384615384,
CL,2013-08-12,71.31312025,-156.59261316666667,43.85664166666667,gp,Jafarov_2016,True,12,5.0,True,1,43.85664166666667,
CL,2013-08-12,71.31316535714286,-156.59259221428573,40.65756428571429,gp,Jafarov_2016,True,14,5.0,True,1,40.65756428571429,
CL,2013-08-12,71.31320125,-156.5925818125,33.33261875,gp,Jafarov_2016,True,16,5.0,True,1,33.33261875,
CL,2013-08-12,71.3132655,-156.59257216666666,29.071299999999997,gp,Jafarov_2016,True,6,5.0,True,1,29.071299999999997,
CL,2013-08-12,71.313302,-156.5925285,36.65285,gp,Jafarov_2016,True,4,5.0,True,1,36.65285,
CL,2013-08-12,71.313317,-156.592505,36.4938,gp,Jafarov_2016,True,1,5.0,False,1,36.4938,
CL,2013-08-12,71.313338,-156.59246466666667,32.22586,gp,Jafarov_2016,True,15,5.0,True,1,32.22586,
CL,2013-08-12,71.3133785,-156.592393,30.012375,gp,Jafarov_2016,True,4,5.0,True,1,30.012375,
CL,2013-08-12,71.31342851063829,-156.59234431914894,25.368527659574468,gp,Jafarov_2016,True,47,5.0,True,1,25.368527659574468,
CL,2013-08-12,71.31347161538461,-156.59228176923077,34.67690769230769,gp,Jafarov_2016,True,13,5.0,True,1,34.67690769230769,
CL,2013-08-12,71.31351855555556,-156.59221822222221,41.98112777777778,gp,Jafarov_2016,True,18,5.0,True,1,41.98112777777778,
CL,2013-08-12,71.313541,-156.592206,46.5141,gp,Jafarov_2016,True,1,5.0,False,1,46.5141,
CL,2013-08-12,71.31356681818183,-156.59218981818182,29.220727272727274,gp,Jafarov_2016,True,11,5.0,True,1,29.220727272727274,
CL,2013-08-12,71.31360214285715,-156.59218828571426,30.949671428571428,gp,Jafarov_2016,True,7,5.0,True,1,30.949671428571428,
CL,2013-08-12,71.31362200000001,-156.5921935,37.806,gp,Jafarov_2016,True,2,5.0,True,1,37.806,
CL,2013-08-12,71.31365161538461,-156.59220884615385,38.80006153846154,gp,Jafarov_2016,True,13,5.0,True,1,38.80006153846154,
CL,2013-08-12,71.31369825,-156.592255,30.529275000000002,gp,Jafarov_2016,True,4,5.0,True,1,30.529275000000002,
CL,2013-08-12,71.31374081818181,-156.5922942727273,26.73370909090909,gp,Jafarov_2016,True,11,5.0,True,1,26.73370909090909,
CL,2013-08-12,71.3137768,-156.5923064,27.602719999999998,gp,Jafarov_2016,True,5,5.0,True,1,27.602719999999998,
CL,2013-08-12,71.31379799999999,-156.59231,28.62862,gp,Jafarov_2016,True,5,5.0,True,1,28.62862,
CL,2013-08-12,71.3138192,-156.592308,30.47362,gp,Jafarov_2016,True,5,5.0,True,1,30.47362,
CL,2013-08-12,71.313842,-156.59230259999998,31.37226,gp,Jafarov_2016,True,5,5.0,True,1,31.37226,
CL,2013-08-12,71.31385800000001,-156.592302,30.1317,gp,Jafarov_2016,True,2,5.0,True,1,30.1317,
CL,2013-08-12,71.31388144444445,-156.59229222222223,28.443944444444444,gp,Jafarov_2016,True,9,5.0,True,1,28.443944444444444,
CL,2013-08-12,71.3139237,-156.5922645,29.288670000000003,gp,Jafarov_2016,True,10,5.0,True,1,29.288670000000003,
CL,2013-08-12,71.31396866666667,-156.59224133333333,33.39888333333334,gp,Jafarov_2016,True,12,5.0,True,1,33.39888333333334,
CL,2013-08-12,71.31401316666667,-156.59220033333332,30.926925,gp,Jafarov_2016,True,12,5.0,True,1,30.926925,
CL,2013-08-12,71.31404554545453,-156.5921651818182,27.991681818181817,gp,Jafarov_2016,True,11,5.0,True,1,27.991681818181817,
CL,2013-08-12,71.3140834,-156.5921378,29.463640000000005,gp,Jafarov_2016,True,5,5.0,True,1,29.463640000000005,
CL,2013-08-12,71.31410575,-156.592125875,23.073675,gp,Jafarov_2016,True,8,5.0,True,1,23.073675,
CL,2013-08-12,71.31414416666667,-156.5921155,24.419008333333334,gp,Jafarov_2016,True,12,5.0,True,1,24.419008333333334,
CL,2013-08-12,71.31416999999999,-156.592122,28.342299999999998,gp,Jafarov_2016,True,2,5.0,True,1,28.342299999999998,
CL,2013-08-12,71.3141928,-156.5921368,33.63878,gp,Jafarov_2016,True,10,5.0,True,1,33.63878,
CL,2013-08-12,71.31423244444444,-156.59217005555556,39.06072777777778,gp,Jafarov_2016,True,18,5.0,True,1,39.06072777777778,
CL,2013-08-12,71.3142785,-156.59220291666665,27.175908333333336,gp,Jafarov_2016,True,12,5.0,True,1,27.175908333333336,
CL,2013-08-12,71.314312875,-156.592232625,29.9129875,gp,Jafarov_2016,True,8,5.0,True,1,29.9129875,
CL,2013-08-12,71.31433463636364,-156.59225918181818,41.185854545454546,gp,Jafarov_2016,True,11,5.0,True,1,41.185854545454546,
CL,2013-08-12,71.31437442857143,-156.59231114285714,35.22705,gp,Jafarov_2016,True,14,5.0,True,1,35.22705,
CL,2013-08-12,71.314408625,-156.59235462499998,29.2568625,gp,Jafarov_2016,True,8,5.0,True,1,29.2568625,
CL,2013-08-12,71.31443116666667,-156.59238966666666,25.598633333333336,gp,Jafarov_2016,True,6,5.0,True,1,25.598633333333336,
CL,2013-08-12,71.31444816666666,-156.59240983333333,28.17,gp,Jafarov_2016,True,6,5.0,True,1,28.17,
CL,2013-08-12,71.314502375,-156.592475625,28.2826625,gp,Jafarov_2016,True,8,5.0,True,1,28.2826625,
CL,2013-08-12,71.31452279999999,-156.5925206,30.465680000000003,gp,Jafarov_2016,True,5,5.0,True,1,30.465680000000003,
CL,2013-08-12,71.31455315384616,-156.5925676153846,29.70956153846154,gp,Jafarov_2016,True,13,5.0,True,1,29.70956153846154,
CL,2013-08-12,71.3145834,-156.592614,29.105740000000004,gp,Jafarov_2016,True,5,5.0,True,1,29.105740000000004,
CL,2013-08-12,71.31460633333333,-156.59265399999998,27.944699999999997,gp,Jafarov_2016,True,9,5.0,True,1,27.944699999999997,
CL,2013-08-12,71.314638,-156.59272153846155,27.103530769230773,gp,Jafarov_2016,True,13,5.0,True,1,27.103530769230773,
CL,2013-08-12,71.3146608,-156.5927796,24.199,gp,Jafarov_2016,True,5,5.0,True,1,24.199,
CL,2013-08-12,71.314689,-156.59284150000002,29.15347,gp,Jafarov_2016,True,10,5.0,True,1,29.15347,
CL,2013-08-12,71.3147175,-156.59288750000002,30.608800000000002,gp,Jafarov_2016,True,4,5.0,True,1,30.608800000000002,
CL,2013-08-12,71.31473684615385,-156.59291523076925,32.27683076923077,gp,Jafarov_2016,True,13,5.0,True,1,32.27683076923077,
CL,2013-08-12,71.31478200000001,-156.59295928571427,38.06349285714286,gp,Jafarov_2016,True,14,5.0,True,1,38.06349285714286,
CL,2013-08-12,71.3148233888889,-156.59300816666666,42.74103888888889,gp,Jafarov_2016,True,18,5.0,True,1,42.74103888888889,
CL,2013-08-12,71.314842,-156.59303033333333,34.973933333333335,gp,Jafarov_2016,True,9,5.0,True,1,34.973933333333335,
CL,2013-08-12,71.31487335294116,-156.59308311764707,37.6165294117647,gp,Jafarov_2016,True,17,5.0,True,1,37.6165294117647,
CL,2013-08-12,71.314901,-156.59314,39.515800000000006,gp,Jafarov_2016,True,3,5.0,True,1,39.515800000000006,
CL,2013-08-12,71.31492852941176,-156.59318988235296,39.59065294117647,gp,Jafarov_2016,True,17,5.0,True,1,39.59065294117647,
CL,2013-08-12,71.3149579,-156.5932521,34.36247,gp,Jafarov_2016,True,10,5.0,True,1,34.36247,
CL,2013-08-12,71.3149835,-156.59329983333333,31.563133333333337,gp,Jafarov_2016,True,6,5.0,True,1,31.563133333333337,
CL,2013-08-12,71.31501263999999,-156.59334208,34.515172,gp,Jafarov_2016,True,25,5.0,True,1,34.515172,
CL,2013-08-12,71.315038,-156.593384,28.435100000000002,gp,Jafarov_2016,True,3,5.0,True,1,28.435100000000002,
CP,2013-08-12,71.272599,-156.64160568181816,39.88293636363637,gp,Jafarov_2016,True,22,5.0,True,1,39.88293636363637,
CP,2013-08-12,71.272621,-156.6415285,30.150900000000004,gp,Jafarov_2016,True,2,5.0,True,1,30.150900000000004,
CP,2013-08-12,71.27264277777778,-156.64145766666667,35.29507222222222,gp,Jafarov_2016,True,18,5.0,True,1,35.29507222222222,
CP,2013-08-12,71.27266038461538,-156.641333,35.866807692307695,gp,Jafarov_2016,True,13,5.0,True,1,35.866807692307695,
CP,2013-08-12,71.27267,-156.641265,33.28135,gp,Jafarov_2016,True,4,5.0,True,1,33.28135,
CP,2013-08-12,71.272691,-156.641202875,33.209256249999996,gp,Jafarov_2016,True,16,5.0,True,1,33.209256249999996,
CP,2013-08-12,71.27271516666667,-156.64112616666668,34.187533333333334,gp,Jafarov_2016,True,6,5.0,True,1,34.187533333333334,
CP,2013-08-12,71.27273699999999,-156.64106854545454,39.032954545454544,gp,Jafarov_2016,True,11,5.0,True,1,39.032954545454544,
CP,2013-08-12,71.27276964285714,-156.64099385714286,42.01945,gp,Jafarov_2016,True,14,5.0,True,1,42.01945,
CP,2013-08-12,71.27279066666667,-156.64094766666668,40.146300000000004,gp,Jafarov_2016,True,3,5.0,True,1,40.146300000000004,
CP,2013-08-12,71.27281342105263,-156.64087284210527,37.56074736842105,gp,Jafarov_2016,True,19,5.0,True,1,37.56074736842105,
CP,2013-08-12,71.272835,-156.6408075,39.9541,gp,Jafarov_2016,True,2,5.0,True,1,39.9541,
CP,2013-08-12,71.272859,-156.64075385714287,41.146633333333334,gp,Jafarov_2016,True,21,5.0,True,1,41.146633333333334,
CP,2013-08-12,71.27290275,-156.6407085625,44.5313,gp,Jafarov_2016,True,16,5.0,True,1,44.5313,
CP,2013-08-12,71.2729474375,-156.640741875,47.5587625,gp,Jafarov_2016,True,16,5.0,True,1,47.5587625,
CP,2013-08-12,71.2729956875,-156.6407685625,45.41175,gp,Jafarov_2016,True,16,5.0,True,1,45.41175,
CP,2013-08-12,71.273017,-156.640792,43.9907,gp,Jafarov_2016,True,1,5.0,False,1,43.9907,
CP,2013-08-12,71.27304217647058,-156.640808,43.215358823529414,gp,Jafarov_2016,True,17,5.0,True,1,43.215358823529414,
CP,2013-08-12,71.27307788235294,-156.6408020588235,43.92284117647059,gp,Jafarov_2016,True,17,5.0,True,1,43.92284117647059,
CP,2013-08-12,71.273098375,-156.640755125,46.7916,gp,Jafarov_2016,True,8,5.0,True,1,46.7916,
CP,2013-08-12,71.27311375000001,-156.64068266666666,45.562774999999995,gp,Jafarov_2016,True,12,5.0,True,1,45.562774999999995,
CP,2013-08-12,71.27313895,-156.6405773,44.377865,gp,Jafarov_2016,True,20,5.0,True,1,44.377865,
CP,2013-08-12,71.27315399999999,-156.64050433333333,47.39566666666667,gp,Jafarov_2016,True,3,5.0,True,1,47.39566666666667,
CP,2013-08-12,71.27317203846154,-156.6404325,40.83493076923077,gp,Jafarov_2016,True,26,5.0,True,1,40.83493076923077,
CP,2013-08-12,71.27321283333333,-156.640451,47.684041666666666,gp,Jafarov_2016,True,12,5.0,True,1,47.684041666666666,
CP,2013-08-12,71.27322994117647,-156.64050500000002,44.85324117647059,gp,Jafarov_2016,True,17,5.0,True,1,44.85324117647059,
CP,2013-08-12,71.27323968181818,-156.6403980909091,41.80763181818182,gp,Jafarov_2016,True,22,5.0,True,1,41.80763181818182,
CP,2013-08-12,71.27325466666667,-156.64026695238095,38.608538095238096,gp,Jafarov_2016,True,21,5.0,True,1,38.608538095238096,
CP,2013-08-12,71.27327242857143,-156.64017357142856,51.5696,gp,Jafarov_2016,True,7,5.0,True,1,51.5696,
CP,2013-08-12,71.27328659999999,-156.6401002,53.87623,gp,Jafarov_2016,True,10,5.0,True,1,53.87623,
CP,2013-08-12,71.273309,-156.63998568421053,41.54531052631579,gp,Jafarov_2016,True,19,5.0,True,1,41.54531052631579,
CP,2013-08-12,71.273318,-156.639908,29.4095,gp,Jafarov_2016,True,2,5.0,True,1,29.4095,
CP,2013-08-12,71.27334542857143,-156.63983676190477,25.890738095238095,gp,Jafarov_2016,True,21,5.0,True,1,25.890738095238095,
CP,2013-08-12,71.27336833333334,-156.639779,26.361499999999996,gp,Jafarov_2016,True,3,5.0,True,1,26.361499999999996,
CP,2013-08-12,71.27339133333334,-156.6397204666667,26.07038,gp,Jafarov_2016,True,15,5.0,True,1,26.07038,
CP,2013-08-12,71.27341575,-156.639652,25.836299999999998,gp,Jafarov_2016,True,8,5.0,True,1,25.836299999999998,
CP,2013-08-12,71.273438,-156.6395816666667,26.91066666666667,gp,Jafarov_2016,True,9,5.0,True,1,26.91066666666667,
CP,2013-08-12,71.273460625,-156.6395115,23.9106625,gp,Jafarov_2016,True,8,5.0,True,1,23.9106625,
CP,2013-08-12,71.27348255555555,-156.639458,25.006755555555557,gp,Jafarov_2016,True,9,5.0,True,1,25.006755555555557,
CP,2013-08-12,71.27351546153847,-156.6394113076923,28.617392307692306,gp,Jafarov_2016,True,13,5.0,True,1,28.617392307692306,
CP,2013-08-12,71.2735455,-156.639354,31.688666666666666,gp,Jafarov_2016,True,6,5.0,True,1,31.688666666666666,
CP,2013-08-12,71.27356788888889,-156.639297,29.839711111111114,gp,Jafarov_2016,True,9,5.0,True,1,29.839711111111114,
CP,2013-08-12,71.2735949,-156.6392195,42.672610000000006,gp,Jafarov_2016,True,10,5.0,True,1,42.672610000000006,
CP,2013-08-12,71.27361633333334,-156.63916125,38.46438333333334,gp,Jafarov_2016,True,12,5.0,True,1,38.46438333333334,
CP,2013-08-12,71.27364066666667,-156.63907705555553,35.734427777777775,gp,Jafarov_2016,True,18,5.0,True,1,35.734427777777775,
CP,2013-08-12,71.27365634782609,-156.63897452173913,35.64526956521739,gp,Jafarov_2016,True,23,5.0,True,1,35.64526956521739,
CP,2013-08-12,71.273666,-156.638893,37.0708,gp,Jafarov_2016,True,1,5.0,False,1,37.0708,
CP,2013-08-12,71.27368376190476,-156.63883647619048,33.41079523809524,gp,Jafarov_2016,True,21,5.0,True,1,33.41079523809524,
CP,2013-08-12,71.27372573333334,-156.63868613333335,33.0397,gp,Jafarov_2016,True,15,5.0,True,1,33.0397,
CP,2013-08-12,71.27374385714286,-156.6385752857143,40.9544,gp,Jafarov_2016,True,7,5.0,True,1,40.9544,
CP,2013-08-12,71.2737613,-156.638507,30.69463,gp,Jafarov_2016,True,10,5.0,True,1,30.69463,
CP,2013-08-12,71.273776,-156.63839841666666,26.883208333333332,gp,Jafarov_2016,True,12,5.0,True,1,26.883208333333332,
CP,2013-08-12,71.2737883125,-156.63824825,28.8277,gp,Jafarov_2016,True,16,5.0,True,1,28.8277,
CP,2013-08-12,71.27378868,-156.63810412,29.48528,gp,Jafarov_2016,True,25,5.0,True,1,29.48528,
CP,2013-08-12,71.273792,-156.638143,26.1967,gp,Jafarov_2016,True,1,5.0,False,1,26.1967,
CP,2013-08-12,71.27379,-156.63804,40.6955,gp,Jafarov_2016,True,1,5.0,False,1,40.6955,
CP,2013-08-12,71.273805,-156.63797405263156,31.221852631578948,gp,Jafarov_2016,True,19,5.0,True,1,31.221852631578948,
CP,2013-08-12,71.2738255,-156.63786725,32.6017125,gp,Jafarov_2016,True,8,5.0,True,1,32.6017125,
CP,2013-08-12,71.273842,-156.6377865,37.49919,gp,Jafarov_2016,True,10,5.0,True,1,37.49919,
CP,2013-08-12,71.273861,-156.63770608333334,27.79624166666667,gp,Jafarov_2016,True,12,5.0,True,1,27.79624166666667,
CP,2013-08-12,71.2738794,-156.6376278,26.130780000000005,gp,Jafarov_2016,True,5,5.0,True,1,26.130780000000005,
CP,2013-08-12,71.27389409999999,-156.63752955,31.699665,gp,Jafarov_2016,True,20,5.0,True,1,31.699665,
CP,2013-08-12,71.27390742857143,-156.63742742857144,40.248285714285714,gp,Jafarov_2016,True,7,5.0,True,1,40.248285714285714,
CP,2013-08-12,71.27393592857143,-156.6372402142857,30.768764285714287,gp,Jafarov_2016,True,14,5.0,True,1,30.768764285714287,
CP,2013-08-12,71.27394928571428,-156.63715171428572,34.269885714285714,gp,Jafarov_2016,True,7,5.0,True,1,34.269885714285714,
CP,2013-08-12,71.27396433333332,-156.6370795,38.49871666666666,gp,Jafarov_2016,True,6,5.0,True,1,38.49871666666666,
CP,2013-08-12,71.27398791666667,-156.63699516666665,26.54680833333333,gp,Jafarov_2016,True,12,5.0,True,1,26.54680833333333,
CP,2013-08-12,71.27401083333334,-156.63692733333332,33.885466666666666,gp,Jafarov_2016,True,6,5.0,True,1,33.885466666666666,
CP,2013-08-12,71.274034,-156.63683671428572,31.433692857142855,gp,Jafarov_2016,True,14,5.0,True,1,31.433692857142855,
CP,2013-08-12,71.2740465,-156.6367705,27.061675,gp,Jafarov_2016,True,4,5.0,True,1,27.061675,
CP,2013-08-12,71.27406027272728,-156.6366863181818,29.45444090909091,gp,Jafarov_2016,True,22,5.0,True,1,29.45444090909091,
CP,2013-08-12,71.27408214285715,-156.636589,52.36987142857142,gp,Jafarov_2016,True,7,5.0,True,1,52.36987142857142,
CP,2013-08-12,71.27409683333333,-156.636523,55.45061111111111,gp,Jafarov_2016,True,18,5.0,True,1,55.45061111111111,
CP,2013-08-12,71.27411911111112,-156.63642494444446,49.468938888888886,gp,Jafarov_2016,True,18,5.0,True,1,49.468938888888886,
CP,2013-08-12,71.274131,-156.63635436363637,43.93825454545455,gp,Jafarov_2016,True,11,5.0,True,1,43.93825454545455,
CP,2013-08-12,71.27413751282052,-156.6362562051282,47.76536410256411,gp,Jafarov_2016,True,39,5.0,True,1,47.76536410256411,
CP,2013-08-12,71.27414171428572,-156.63613228571427,50.20447142857143,gp,Jafarov_2016,True,7,5.0,True,1,50.20447142857143,
CP,2013-08-12,71.27416,-156.63600625,46.770975,gp,Jafarov_2016,True,8,5.0,True,1,46.770975,
CP,2013-08-12,71.274169,-156.63596466666667,48.05473333333333,gp,Jafarov_2016,True,3,5.0,True,1,48.05473333333333,
CP,2013-08-12,71.27419454545453,-156.6358054090909,40.39219545454545,gp,Jafarov_2016,True,22,5.0,True,1,40.39219545454545,
CP,2013-08-12,71.2742230952381,-156.63567657142858,42.4647,gp,Jafarov_2016,True,21,5.0,True,1,42.4647,
CP,2013-08-12,71.27424326086957,-156.63554982608696,35.00773478260869,gp,Jafarov_2016,True,23,5.0,True,1,35.00773478260869,
CP,2013-08-12,71.2742554,-156.6354808,36.01634,gp,Jafarov_2016,True,5,5.0,True,1,36.01634,
CP,2013-08-12,71.27426631818182,-156.6354410909091,34.38971818181818,gp,Jafarov_2016,True,22,5.0,True,1,34.38971818181818,
CP,2013-08-12,71.274299,-156.6354255,38.8832,gp,Jafarov_2016,True,2,5.0,True,1,38.8832,
CP,2013-08-12,71.274355,-156.635327875,37.7298375,gp,Jafarov_2016,True,8,5.0,True,1,37.7298375,
CP,2013-08-12,71.27437775,-156.63531425,44.11425,gp,Jafarov_2016,True,4,5.0,True,1,44.11425,
CP,2013-08-12,71.2744515,-156.6352074375,48.1457125,gp,Jafarov_2016,True,16,5.0,True,1,48.1457125,
CP,2013-08-12,71.2744825,-156.63509935714288,49.31005714285714,gp,Jafarov_2016,True,14,5.0,True,1,49.31005714285714,
CP,2013-08-12,71.274503,-156.6349675,34.62882857142857,gp,Jafarov_2016,True,14,5.0,True,1,34.62882857142857,
CP,2013-08-12,71.27451533333333,-156.63489533333333,34.5994,gp,Jafarov_2016,True,3,5.0,True,1,34.5994,
CP,2013-08-12,71.2745266,-156.63480564,36.121788,gp,Jafarov_2016,True,25,5.0,True,1,36.121788,
CP,2013-08-12,71.27453957142858,-156.63466007142856,36.235257142857144,gp,Jafarov_2016,True,14,5.0,True,1,36.235257142857144,
CP,2013-08-12,71.27454666666667,-156.634594,35.69783333333333,gp,Jafarov_2016,True,3,5.0,True,1,35.69783333333333,
CP,2013-08-12,71.27456727272728,-156.634493,36.261981818181816,gp,Jafarov_2016,True,11,5.0,True,1,36.261981818181816,
CP,2013-08-12,71.27458491666667,-156.6344034166667,35.896883333333335,gp,Jafarov_2016,True,12,5.0,True,1,35.896883333333335,
CP,2013-08-12,71.27460066666667,-156.63433716666665,33.72071666666667,gp,Jafarov_2016,True,6,5.0,True,1,33.72071666666667,
CP,2013-08-12,71.27461757894737,-156.63425184210527,34.12682105263158,gp,Jafarov_2016,True,19,5.0,True,1,34.12682105263158,
CP,2013-08-12,71.2746415,-156.63417800000002,41.02505000000001,gp,Jafarov_2016,True,2,5.0,True,1,41.02505000000001,
CP,2013-08-12,71.27466712500001,-156.6341124375,41.68405,gp,Jafarov_2016,True,16,5.0,True,1,41.68405,
CP,2013-08-12,71.27469166666667,-156.63405,33.26304444444444,gp,Jafarov_2016,True,9,5.0,True,1,33.26304444444444,
CP,2013-08-12,71.274714,-156.63399714285714,30.927642857142853,gp,Jafarov_2016,True,7,5.0,True,1,30.927642857142853,
CP,2013-08-12,71.27474953333333,-156.63391033333335,33.71521333333333,gp,Jafarov_2016,True,15,5.0,True,1,33.71521333333333,
CP,2013-08-12,71.27478973684211,-156.63380452631577,30.96603684210526,gp,Jafarov_2016,True,19,5.0,True,1,30.96603684210526,
CP,2013-08-12,71.27481,-156.63371,27.1853,gp,Jafarov_2016,True,2,5.0,True,1,27.1853,
CP,2013-08-12,71.27482628571428,-156.6336294761905,34.9127,gp,Jafarov_2016,True,21,5.0,True,1,34.9127,
CP,2013-08-12,71.27481616666667,-156.63357383333334,44.1464,gp,Jafarov_2016,True,6,5.0,True,1,44.1464,
CP,2013-08-12,71.27479263636364,-156.63351804545457,34.883413636363635,gp,Jafarov_2016,True,22,5.0,True,1,34.883413636363635,
CP,2013-08-12,71.27476,-156.6334615,48.0861,gp,Jafarov_2016,True,2,5.0,True,1,48.0861,
CP,2013-08-12,71.27473303703704,-156.63339881481483,35.27156296296296,gp,Jafarov_2016,True,27,5.0,True,1,35.27156296296296,
CP,2013-08-12,71.27471166666668,-156.6333505,30.6003,gp,Jafarov_2016,True,6,5.0,True,1,30.6003,
CP,2013-08-12,71.27468675,-156.633295,30.14153333333333,gp,Jafarov_2016,True,12,5.0,True,1,30.14153333333333,
CP,2013-08-12,71.274656,-156.63323377777778,27.27217222222222,gp,Jafarov_2016,True,18,5.0,True,1,27.27217222222222,
CP,2013-08-12,71.27463133333333,-156.63318066666668,26.228800000000003,gp,Jafarov_2016,True,3,5.0,True,1,26.228800000000003,
CP,2013-08-12,71.2745995625,-156.6331189375,27.68594375,gp,Jafarov_2016,True,16,5.0,True,1,27.68594375,
CP,2013-08-12,71.27457566666668,-156.633067,32.27333333333333,gp,Jafarov_2016,True,3,5.0,True,1,32.27333333333333,
CP,2013-08-12,71.27455184615384,-156.6330276923077,28.657376923076924,gp,Jafarov_2016,True,13,5.0,True,1,28.657376923076924,
CP,2013-08-12,71.274515,-156.6329595,34.83681666666667,gp,Jafarov_2016,True,12,5.0,True,1,34.83681666666667,
CP,2013-08-12,71.274494,-156.63291750000002,26.795450000000002,gp,Jafarov_2016,True,4,5.0,True,1,26.795450000000002,
CP,2013-08-12,71.2744689375,-156.63286618749999,31.996693750000002,gp,Jafarov_2016,True,16,5.0,True,1,31.996693750000002,
CP,2013-08-12,71.27443799999999,-156.63280866666665,31.625699999999995,gp,Jafarov_2016,True,3,5.0,True,1,31.625699999999995,
CP,2013-08-12,71.27441445454545,-156.63277218181818,30.83575454545454,gp,Jafarov_2016,True,11,5.0,True,1,30.83575454545454,
CP,2013-08-12,71.27437605,-156.6327202,30.414055,gp,Jafarov_2016,True,20,5.0,True,1,30.414055,
CP,2013-08-12,71.2743475,-156.6326745,30.11455,gp,Jafarov_2016,True,2,5.0,True,1,30.11455,
CP,2013-08-12,71.27432358333333,-156.63263750000002,29.92565833333333,gp,Jafarov_2016,True,12,5.0,True,1,29.92565833333333,
CP,2013-08-12,71.27428584615384,-156.63258623076925,33.15037692307693,gp,Jafarov_2016,True,13,5.0,True,1,33.15037692307693,
CP,2013-08-12,71.274218,-156.632546,28.4955,gp,Jafarov_2016,True,1,5.0,False,1,28.4955,
CP,2013-08-12,71.274215,-156.63254,28.8193,gp,Jafarov_2016,True,1,5.0,False,1,28.8193,
CP,2013-08-12,71.27418772222222,-156.63248838888887,29.826711111111113,gp,Jafarov_2016,True,18,5.0,True,1,29.826711111111113,
CP,2013-08-12,71.274159875,-156.632431625,40.51705,gp,Jafarov_2016,True,8,5.0,True,1,40.51705,
CP,2013-08-12,71.2741345,-156.6323864,31.66884,gp,Jafarov_2016,True,10,5.0,True,1,31.66884,
CP,2013-08-12,71.2741026,-156.632324,30.97804,gp,Jafarov_2016,True,15,5.0,True,1,30.97804,
CP,2013-08-12,71.27408033333334,-156.63226833333331,42.2575,gp,Jafarov_2016,True,3,5.0,True,1,42.2575,
CP,2013-08-12,71.27405905263159,-156.63220642105264,28.325042105263158,gp,Jafarov_2016,True,19,5.0,True,1,28.325042105263158,
CP,2013-08-12,71.274035,-156.63213199999998,35.16061666666667,gp,Jafarov_2016,True,6,5.0,True,1,35.16061666666667,
CP,2013-08-12,71.2740084,-156.63210506666667,32.96409333333333,gp,Jafarov_2016,True,15,5.0,True,1,32.96409333333333,
CP,2013-08-12,71.27396395238095,-156.6320725238095,36.32864285714285,gp,Jafarov_2016,True,21,5.0,True,1,36.32864285714285,
CP,2013-08-12,71.27393666666667,-156.63202633333333,32.2733,gp,Jafarov_2016,True,3,5.0,True,1,32.2733,
CP,2013-08-12,71.27391427272727,-156.6319717272727,32.33707727272727,gp,Jafarov_2016,True,22,5.0,True,1,32.33707727272727,
CP,2013-08-12,71.2738852,-156.63189979999999,40.54132,gp,Jafarov_2016,True,5,5.0,True,1,40.54132,
CP,2013-08-12,71.27386353846154,-156.63186876923075,33.576861538461536,gp,Jafarov_2016,True,13,5.0,True,1,33.576861538461536,
CP,2013-08-12,71.27383975000001,-156.63182125,44.443225,gp,Jafarov_2016,True,4,5.0,True,1,44.443225,
CP,2013-08-12,71.27378791666666,-156.6316525,25.71608333333333,gp,Jafarov_2016,True,12,5.0,True,1,25.71608333333333,
CP,2013-08-12,71.27376657142857,-156.63160442857142,25.534914285714283,gp,Jafarov_2016,True,7,5.0,True,1,25.534914285714283,
CP,2013-08-12,71.27372959090908,-156.63154154545455,31.424486363636365,gp,Jafarov_2016,True,22,5.0,True,1,31.424486363636365,
CP,2013-08-12,71.273705,-156.631495,27.523999999999997,gp,Jafarov_2016,True,1,5.0,False,1,27.523999999999997,
CP,2013-08-12,71.273665,-156.631443,24.285899999999998,gp,Jafarov_2016,True,1,5.0,False,1,24.285899999999998,
CP,2013-08-12,71.27363805882354,-156.63143488235295,27.10499411764706,gp,Jafarov_2016,True,17,5.0,True,1,27.10499411764706,
CP,2013-08-12,71.27360374999999,-156.63147265,34.016475,gp,Jafarov_2016,True,20,5.0,True,1,34.016475,
CP,2013-08-12,71.27354488888889,-156.63143355555556,41.528927777777774,gp,Jafarov_2016,True,18,5.0,True,1,41.528927777777774,
CP,2013-08-12,71.27352071428571,-156.63138928571428,29.929514285714284,gp,Jafarov_2016,True,7,5.0,True,1,29.929514285714284,
CP,2013-08-12,71.27349709090909,-156.63135027272727,33.49986363636364,gp,Jafarov_2016,True,11,5.0,True,1,33.49986363636364,
CP,2013-08-12,71.27345476470589,-156.63129129411766,30.171682352941176,gp,Jafarov_2016,True,17,5.0,True,1,30.171682352941176,
CP,2013-08-12,71.2734314,-156.63125540000001,26.941179999999996,gp,Jafarov_2016,True,5,5.0,True,1,26.941179999999996,
CP,2013-08-12,71.2734069375,-156.63118725,35.9532875,gp,Jafarov_2016,True,16,5.0,True,1,35.9532875,
CP,2013-08-12,71.2733835,-156.63113049999998,27.96121,gp,Jafarov_2016,True,10,5.0,True,1,27.96121,
CP,2013-08-12,71.27335933333333,-156.63108033333333,30.411366666666666,gp,Jafarov_2016,True,12,5.0,True,1,30.411366666666666,
CP,2013-08-12,71.27331976923077,-156.631008,35.220815384615385,gp,Jafarov_2016,True,13,5.0,True,1,35.220815384615385,
CP,2013-08-12,71.27329900000001,-156.630979,42.905100000000004,gp,Jafarov_2016,True,2,5.0,True,1,42.905100000000004,
CP,2013-08-12,71.2732813,-156.63097065,35.360305,gp,Jafarov_2016,True,20,5.0,True,1,35.360305,
CP,2013-08-12,71.27323330769231,-156.63090692307694,39.60475384615385,gp,Jafarov_2016,True,13,5.0,True,1,39.60475384615385,
CP,2013-08-12,71.27318847368421,-156.6308242631579,30.574710526315787,gp,Jafarov_2016,True,19,5.0,True,1,30.574710526315787,
CP,2013-08-12,71.27320228571429,-156.6308642857143,25.71992857142857,gp,Jafarov_2016,True,14,5.0,True,1,25.71992857142857,
CP,2013-08-12,71.27315316666666,-156.63075,25.6891,gp,Jafarov_2016,True,6,5.0,True,1,25.6891,
CP,2013-08-12,71.2731288,-156.6306845,34.87459,gp,Jafarov_2016,True,10,5.0,True,1,34.87459,
CP,2013-08-12,71.27310172727272,-156.6306180909091,29.614118181818185,gp,Jafarov_2016,True,11,5.0,True,1,29.614118181818185,
CP,2013-08-12,71.2730785625,-156.63052325,37.7039,gp,Jafarov_2016,True,16,5.0,True,1,37.7039,
CP,2013-08-12,71.27303945454545,-156.63038886363637,37.26048636363637,gp,Jafarov_2016,True,22,5.0,True,1,37.26048636363637,
CP,2013-08-12,71.273011875,-156.630344125,15.704912499999999,gp,Jafarov_2016,True,8,5.0,True,1,15.704912499999999,
CP,2013-08-12,71.2729908,-156.63028730000002,24.48022,gp,Jafarov_2016,True,10,5.0,True,1,24.48022,
CP,2013-08-12,71.27295611111111,-156.63021911111113,35.097655555555555,gp,Jafarov_2016,True,9,5.0,True,1,35.097655555555555,
CP,2013-08-12,71.2729335,-156.63017324999998,31.490724999999998,gp,Jafarov_2016,True,4,5.0,True,1,31.490724999999998,
CP,2013-08-12,71.27291128571429,-156.6301022857143,33.50300714285714,gp,Jafarov_2016,True,14,5.0,True,1,33.50300714285714,
CP,2013-08-12,71.272885,-156.630042,39.8289,gp,Jafarov_2016,True,2,5.0,True,1,39.8289,
CP,2013-08-12,71.27285842857142,-156.62998635714285,38.348614285714284,gp,Jafarov_2016,True,14,5.0,True,1,38.348614285714284,
CP,2013-08-12,71.2728315,-156.62992450000002,44.2004,gp,Jafarov_2016,True,2,5.0,True,1,44.2004,
CP,2013-08-12,71.2728075882353,-156.62986288235294,39.457470588235296,gp,Jafarov_2016,True,17,5.0,True,1,39.457470588235296,
CP,2013-08-12,71.272783,-156.6298012,30.891700000000004,gp,Jafarov_2016,True,5,5.0,True,1,30.891700000000004,
CP,2013-08-12,71.27276625,-156.629764375,28.9812,gp,Jafarov_2016,True,8,5.0,True,1,28.9812,
CP,2013-08-12,71.27272988888889,-156.62967822222222,36.30296666666666,gp,Jafarov_2016,True,9,5.0,True,1,36.30296666666666,
CP,2013-08-12,71.27270766666668,-156.6296305,37.076483333333336,gp,Jafarov_2016,True,6,5.0,True,1,37.076483333333336,
CP,2013-08-12,71.27267866666666,-156.6295666,37.64858666666667,gp,Jafarov_2016,True,15,5.0,True,1,37.64858666666667,
CP,2013-08-12,71.27265580000001,-156.62951,28.365940000000002,gp,Jafarov_2016,True,5,5.0,True,1,28.365940000000002,
CP,2013-08-12,71.27263252631579,-156.62945136842106,32.0829947368421,gp,Jafarov_2016,True,19,5.0,True,1,32.0829947368421,
CP,2013-08-12,71.27260799999999,-156.62938450000001,30.276449999999997,gp,Jafarov_2016,True,2,5.0,True,1,30.276449999999997,
CP,2013-08-12,71.2725822631579,-156.62932194736842,26.382184210526315,gp,Jafarov_2016,True,19,5.0,True,1,26.382184210526315,
CP,2013-08-12,71.27255433333333,-156.629263,26.120866666666668,gp,Jafarov_2016,True,3,5.0,True,1,26.120866666666668,
CP,2013-08-12,71.27253015384616,-156.62920761538462,28.557746153846153,gp,Jafarov_2016,True,13,5.0,True,1,28.557746153846153,
CP,2013-08-12,71.27250415384616,-156.6291426153846,28.744576923076924,gp,Jafarov_2016,True,13,5.0,True,1,28.744576923076924,
CP,2013-08-12,71.272479,-156.629101,37.2384375,gp,Jafarov_2016,True,8,5.0,True,1,37.2384375,
CP,2013-08-12,71.27244827272727,-156.62903463636363,36.38471818181818,gp,Jafarov_2016,True,11,5.0,True,1,36.38471818181818,
CP,2013-08-12,71.2724252,-156.6289746,29.337399999999995,gp,Jafarov_2016,True,5,5.0,True,1,29.337399999999995,
CP,2013-08-12,71.27240076923077,-156.6289083076923,31.509423076923074,gp,Jafarov_2016,True,13,5.0,True,1,31.509423076923074,
CP,2013-08-12,71.2723795,-156.62883575,30.11455,gp,Jafarov_2016,True,4,5.0,True,1,30.11455,
CP,2013-08-12,71.27235866666666,-156.62877416666666,33.13679444444445,gp,Jafarov_2016,True,18,5.0,True,1,33.13679444444445,
CP,2013-08-12,71.272336625,-156.628686375,35.740787499999996,gp,Jafarov_2016,True,8,5.0,True,1,35.740787499999996,
CP,2013-08-12,71.272315125,-156.62862075,37.3598375,gp,Jafarov_2016,True,8,5.0,True,1,37.3598375,
CP,2013-08-12,71.27229066666666,-156.62854308333334,33.514583333333334,gp,Jafarov_2016,True,12,5.0,True,1,33.514583333333334,
CP,2013-08-12,71.27227425000001,-156.62847399999998,33.27175,gp,Jafarov_2016,True,4,5.0,True,1,33.27175,
CP,2013-08-12,71.27225264285714,-156.62839364285716,33.063542857142856,gp,Jafarov_2016,True,14,5.0,True,1,33.063542857142856,
CP,2013-08-12,71.27223500000001,-156.62830599999998,34.539966666666665,gp,Jafarov_2016,True,3,5.0,True,1,34.539966666666665,
CP,2013-08-12,71.27221657142857,-156.6282392142857,34.20845714285714,gp,Jafarov_2016,True,14,5.0,True,1,34.20845714285714,
CP,2013-08-12,71.2721935,-156.62815633333335,33.298716666666664,gp,Jafarov_2016,True,6,5.0,True,1,33.298716666666664,
CP,2013-08-12,71.2721714,-156.62808569999999,32.33266,gp,Jafarov_2016,True,10,5.0,True,1,32.33266,
CP,2013-08-12,71.272148,-156.628010875,33.433625,gp,Jafarov_2016,True,8,5.0,True,1,33.433625,
CP,2013-08-12,71.27213083333334,-156.62794,30.924066666666665,gp,Jafarov_2016,True,6,5.0,True,1,30.924066666666665,
CP,2013-08-12,71.27210678571429,-156.62785107142855,35.04109285714286,gp,Jafarov_2016,True,14,5.0,True,1,35.04109285714286,
CP,2013-08-12,71.27206235714286,-156.6278407857143,38.70198571428572,gp,Jafarov_2016,True,14,5.0,True,1,38.70198571428572,
CP,2013-08-12,71.27205646153847,-156.6277045,42.58935,gp,Jafarov_2016,True,26,5.0,True,1,42.58935,
CP,2013-08-12,71.2720435,-156.6276505,44.910799999999995,gp,Jafarov_2016,True,2,5.0,True,1,44.910799999999995,
CP,2013-08-12,71.27205763636364,-156.62798636363638,34.98768181818182,gp,Jafarov_2016,True,11,5.0,True,1,34.98768181818182,
CP,2013-08-12,71.27206373333334,-156.6281286,30.456039999999998,gp,Jafarov_2016,True,15,5.0,True,1,30.456039999999998,
CP,2013-08-12,71.27206764285715,-156.62826807142855,35.30121428571429,gp,Jafarov_2016,True,14,5.0,True,1,35.30121428571429,
CP,2013-08-12,71.27207266666666,-156.62840500000001,46.728358333333325,gp,Jafarov_2016,True,12,5.0,True,1,46.728358333333325,
CP,2013-08-12,71.27207666666666,-156.6285445,44.150708333333334,gp,Jafarov_2016,True,12,5.0,True,1,44.150708333333334,
CP,2013-08-12,71.27208235714286,-156.62868364285714,46.68823571428572,gp,Jafarov_2016,True,14,5.0,True,1,46.68823571428572,
CP,2013-08-12,71.27208912500001,-156.6288215625,37.86556875,gp,Jafarov_2016,True,16,5.0,True,1,37.86556875,
CP,2013-08-12,71.27209542857143,-156.62896435714285,36.50504285714286,gp,Jafarov_2016,True,14,5.0,True,1,36.50504285714286,
CP,2013-08-12,71.27209233333333,-156.62909285714287,36.66320952380953,gp,Jafarov_2016,True,21,5.0,True,1,36.66320952380953,
CP,2013-08-12,71.27207323076924,-156.62921746153845,38.626784615384615,gp,Jafarov_2016,True,13,5.0,True,1,38.626784615384615,
CP,2013-08-12,71.27206233333334,-156.62929033333333,28.4699,gp,Jafarov_2016,True,6,5.0,True,1,28.4699,
CP,2013-08-12,71.27205747058824,-156.6293835882353,29.182376470588235,gp,Jafarov_2016,True,17,5.0,True,1,29.182376470588235,
CP,2013-08-12,71.2720556875,-156.6295076875,39.54478125,gp,Jafarov_2016,True,16,5.0,True,1,39.54478125,
CP,2013-08-12,71.27207466666665,-156.629584,36.21946666666667,gp,Jafarov_2016,True,3,5.0,True,1,36.21946666666667,
CP,2013-08-12,71.27209684615384,-156.629659,37.62773076923077,gp,Jafarov_2016,True,13,5.0,True,1,37.62773076923077,
CP,2013-08-12,71.272115,-156.629735,38.8632,gp,Jafarov_2016,True,1,5.0,False,1,38.8632,
CP,2013-08-12,71.27212381818181,-156.62980409090912,39.7915,gp,Jafarov_2016,True,11,5.0,True,1,39.7915,
CP,2013-08-12,71.27212933333334,-156.62994233333333,39.02840833333334,gp,Jafarov_2016,True,12,5.0,True,1,39.02840833333334,
CP,2013-08-12,71.2721285,-156.6300731875,44.625750000000004,gp,Jafarov_2016,True,16,5.0,True,1,44.625750000000004,
CP,2013-08-12,71.27213372727273,-156.63020972727273,37.29948636363636,gp,Jafarov_2016,True,22,5.0,True,1,37.29948636363636,
CP,2013-08-12,71.27214376923077,-156.6303520769231,27.44673846153846,gp,Jafarov_2016,True,13,5.0,True,1,27.44673846153846,
CP,2013-08-12,71.27215153846154,-156.63049715384616,35.85845384615384,gp,Jafarov_2016,True,13,5.0,True,1,35.85845384615384,
CP,2013-08-12,71.27215727272727,-156.63062563636365,39.55717272727273,gp,Jafarov_2016,True,11,5.0,True,1,39.55717272727273,
CP,2013-08-12,71.27216189473684,-156.63077636842104,35.02278947368421,gp,Jafarov_2016,True,19,5.0,True,1,35.02278947368421,
CP,2013-08-12,71.27216823529412,-156.63090447058823,30.109629411764704,gp,Jafarov_2016,True,17,5.0,True,1,30.109629411764704,
CP,2013-08-12,71.27218333333333,-156.63107077777778,35.33818888888889,gp,Jafarov_2016,True,9,5.0,True,1,35.33818888888889,
CP,2013-08-12,71.27219114285715,-156.631154,33.6937,gp,Jafarov_2016,True,7,5.0,True,1,33.6937,
CP,2013-08-12,71.2721964,-156.6313734,36.4045,gp,Jafarov_2016,True,5,5.0,True,1,36.4045,
CP,2013-08-12,71.2721995,-156.631470625,39.71828125,gp,Jafarov_2016,True,16,5.0,True,1,39.71828125,
CP,2013-08-12,71.272201125,-156.631559125,39.5076,gp,Jafarov_2016,True,8,5.0,True,1,39.5076,
CP,2013-08-12,71.27220107692307,-156.6317603076923,34.67640769230769,gp,Jafarov_2016,True,13,5.0,True,1,34.67640769230769,
CP,2013-08-12,71.272202,-156.631818,36.2855,gp,Jafarov_2016,True,1,5.0,False,1,36.2855,
CP,2013-08-12,71.272204,-156.63208766666665,34.10443333333333,gp,Jafarov_2016,True,3,5.0,True,1,34.10443333333333,
CP,2013-08-12,71.27220473684211,-156.6321515263158,32.032915789473684,gp,Jafarov_2016,True,19,5.0,True,1,32.032915789473684,
CP,2013-08-12,71.27221123809524,-156.6323034761905,34.79369047619048,gp,Jafarov_2016,True,21,5.0,True,1,34.79369047619048,
CP,2013-08-12,71.27221761538462,-156.632445,31.271296153846155,gp,Jafarov_2016,True,26,5.0,True,1,31.271296153846155,
CP,2013-08-12,71.27222775,-156.632583,32.82622142857143,gp,Jafarov_2016,True,28,5.0,True,1,32.82622142857143,
CP,2013-08-12,71.272236,-156.63271566666666,35.994726666666665,gp,Jafarov_2016,True,15,5.0,True,1,35.994726666666665,
CP,2013-08-12,71.27224325,-156.63280650000002,30.039675,gp,Jafarov_2016,True,4,5.0,True,1,30.039675,
CP,2013-08-12,71.27224778571428,-156.63289114285712,27.037107142857142,gp,Jafarov_2016,True,14,5.0,True,1,27.037107142857142,
CP,2013-08-12,71.2722502,-156.63298733333335,26.1963,gp,Jafarov_2016,True,30,5.0,True,1,26.1963,
CP,2013-08-12,71.27225244444445,-156.63308244444445,29.213466666666665,gp,Jafarov_2016,True,9,5.0,True,1,29.213466666666665,
CP,2013-08-12,71.27225585714287,-156.63358542857142,35.237457142857146,gp,Jafarov_2016,True,7,5.0,True,1,35.237457142857146,
CP,2013-08-12,71.27225840909091,-156.6337079090909,31.679990909090908,gp,Jafarov_2016,True,22,5.0,True,1,31.679990909090908,
CP,2013-08-12,71.2722620625,-156.6338275,30.2193375,gp,Jafarov_2016,True,16,5.0,True,1,30.2193375,
CP,2013-08-12,71.272265,-156.63396285714288,34.35935,gp,Jafarov_2016,True,14,5.0,True,1,34.35935,
CP,2013-08-12,71.27226495,-156.63411015,35.56676,gp,Jafarov_2016,True,20,5.0,True,1,35.56676,
CP,2013-08-12,71.2722736875,-156.6342449375,29.71125,gp,Jafarov_2016,True,16,5.0,True,1,29.71125,
CP,2013-08-12,71.27227880000001,-156.6343702,35.84932,gp,Jafarov_2016,True,10,5.0,True,1,35.84932,
CP,2013-08-12,71.27227293749999,-156.6345211875,29.3952375,gp,Jafarov_2016,True,16,5.0,True,1,29.3952375,
CP,2013-08-12,71.27228853333332,-156.6348258,32.831026666666666,gp,Jafarov_2016,True,15,5.0,True,1,32.831026666666666,
CP,2013-08-12,71.27230266666668,-156.63494926666667,23.152326666666667,gp,Jafarov_2016,True,15,5.0,True,1,23.152326666666667,
CP,2013-08-12,71.27231356521739,-156.63507865217392,29.175213043478262,gp,Jafarov_2016,True,23,5.0,True,1,29.175213043478262,
CP,2013-08-12,71.27231677777779,-156.6351841111111,41.64941111111111,gp,Jafarov_2016,True,9,5.0,True,1,41.64941111111111,
CP,2013-08-12,71.2723215,-156.635264,36.377175,gp,Jafarov_2016,True,4,5.0,True,1,36.377175,
CP,2013-08-12,71.2723276875,-156.635371125,33.59864375,gp,Jafarov_2016,True,16,5.0,True,1,33.59864375,
CP,2013-08-12,71.2723256,-156.63549786666667,37.659486666666666,gp,Jafarov_2016,True,15,5.0,True,1,37.659486666666666,
CP,2013-08-12,71.27232507142857,-156.63563007142855,46.37811428571428,gp,Jafarov_2016,True,14,5.0,True,1,46.37811428571428,
CP,2013-08-12,71.27232325,-156.6356015,48.18845,gp,Jafarov_2016,True,4,5.0,True,1,48.18845,
CP,2013-08-12,71.272329,-156.6357802777778,32.6497,gp,Jafarov_2016,True,18,5.0,True,1,32.6497,
CP,2013-08-12,71.27233423076923,-156.6358676923077,32.247653846153845,gp,Jafarov_2016,True,13,5.0,True,1,32.247653846153845,
CP,2013-08-12,71.2723406875,-156.636059375,34.5983125,gp,Jafarov_2016,True,16,5.0,True,1,34.5983125,
CP,2013-08-12,71.27234688888888,-156.63613966666668,35.68908888888889,gp,Jafarov_2016,True,9,5.0,True,1,35.68908888888889,
CP,2013-08-12,71.272348,-156.63634642857141,33.64111428571429,gp,Jafarov_2016,True,14,5.0,True,1,33.64111428571429,
CP,2013-08-12,71.272348,-156.636403,38.7148,gp,Jafarov_2016,True,1,5.0,False,1,38.7148,
CP,2013-08-12,71.27234826666667,-156.63662446666666,45.653980000000004,gp,Jafarov_2016,True,15,5.0,True,1,45.653980000000004,
CP,2013-08-12,71.2723470909091,-156.63675431818183,49.08326363636363,gp,Jafarov_2016,True,22,5.0,True,1,49.08326363636363,
CP,2013-08-12,71.27235317391305,-156.63689813043476,33.817713043478264,gp,Jafarov_2016,True,23,5.0,True,1,33.817713043478264,
CP,2013-08-12,71.2723558,-156.63702826666668,33.499266666666664,gp,Jafarov_2016,True,15,5.0,True,1,33.499266666666664,
CP,2013-08-12,71.27236426666667,-156.63717293333332,36.05728666666666,gp,Jafarov_2016,True,15,5.0,True,1,36.05728666666666,
CP,2013-08-12,71.27236978571429,-156.63730657142858,35.281592857142854,gp,Jafarov_2016,True,14,5.0,True,1,35.281592857142854,
CP,2013-08-12,71.27237818518519,-156.6374407037037,38.51737037037037,gp,Jafarov_2016,True,27,5.0,True,1,38.51737037037037,
CP,2013-08-12,71.27238964285714,-156.6375705,36.38303571428571,gp,Jafarov_2016,True,14,5.0,True,1,36.38303571428571,
CP,2013-08-12,71.272395,-156.637644,30.020400000000002,gp,Jafarov_2016,True,1,5.0,False,1,30.020400000000002,
CP,2013-08-12,71.27239858333333,-156.63772450000002,30.170766666666665,gp,Jafarov_2016,True,12,5.0,True,1,30.170766666666665,
CP,2013-08-12,71.27240873333334,-156.63786346666666,44.653299999999994,gp,Jafarov_2016,True,15,5.0,True,1,44.653299999999994,
CP,2013-08-12,71.27241835294117,-156.63799888235295,39.877623529411764,gp,Jafarov_2016,True,17,5.0,True,1,39.877623529411764,
CP,2013-08-12,71.2724237,-156.6381476,48.44274,gp,Jafarov_2016,True,10,5.0,True,1,48.44274,
CP,2013-08-12,71.27243175,-156.63830083333332,25.960250000000002,gp,Jafarov_2016,True,12,5.0,True,1,25.960250000000002,
CP,2013-08-12,71.27243727777778,-156.63840900000002,26.370372222222223,gp,Jafarov_2016,True,18,5.0,True,1,26.370372222222223,
CP,2013-08-12,71.27244553333334,-156.63854966666668,26.542626666666667,gp,Jafarov_2016,True,15,5.0,True,1,26.542626666666667,
CP,2013-08-12,71.272452,-156.6386185,28.543950000000002,gp,Jafarov_2016,True,2,5.0,True,1,28.543950000000002,
CP,2013-08-12,71.27245366666666,-156.63868813333335,27.838593333333332,gp,Jafarov_2016,True,15,5.0,True,1,27.838593333333332,
CP,2013-08-12,71.27246062500001,-156.6388383125,25.478381249999998,gp,Jafarov_2016,True,16,5.0,True,1,25.478381249999998,
CP,2013-08-12,71.27246343478261,-156.63896456521738,26.917782608695653,gp,Jafarov_2016,True,23,5.0,True,1,26.917782608695653,
CP,2013-08-12,71.27247006249999,-156.6390891875,35.1007,gp,Jafarov_2016,True,16,5.0,True,1,35.1007,
CP,2013-08-12,71.27247507692309,-156.63924823076925,32.58833846153846,gp,Jafarov_2016,True,13,5.0,True,1,32.58833846153846,
CP,2013-08-12,71.27248184210525,-156.63939563157896,24.982457894736843,gp,Jafarov_2016,True,19,5.0,True,1,24.982457894736843,
CP,2013-08-12,71.27249008333334,-156.63954025,30.833783333333333,gp,Jafarov_2016,True,24,5.0,True,1,30.833783333333333,
CP,2013-08-12,71.272492,-156.63965907142855,25.778635714285713,gp,Jafarov_2016,True,14,5.0,True,1,25.778635714285713,
CP,2013-08-12,71.27249599999999,-156.63980152941178,31.20248823529412,gp,Jafarov_2016,True,17,5.0,True,1,31.20248823529412,
CP,2013-08-12,71.27250492857142,-156.63994735714286,29.11227142857143,gp,Jafarov_2016,True,14,5.0,True,1,29.11227142857143,
CP,2013-08-12,71.27250963636364,-156.64006309090908,31.02331363636364,gp,Jafarov_2016,True,22,5.0,True,1,31.02331363636364,
CP,2013-08-12,71.27251391304348,-156.6402219130435,32.95894347826087,gp,Jafarov_2016,True,23,5.0,True,1,32.95894347826087,
CP,2013-08-12,71.272518,-156.64028100000002,30.906259999999996,gp,Jafarov_2016,True,5,5.0,True,1,30.906259999999996,
CP,2013-08-12,71.272518,-156.640311,28.79006,gp,Jafarov_2016,True,5,5.0,True,1,28.79006,
CP,2013-08-12,71.27251685714285,-156.64038499999998,27.3722,gp,Jafarov_2016,True,7,5.0,True,1,27.3722,
CP,2013-08-12,71.27251635483871,-156.64052716129032,28.25293225806452,gp,Jafarov_2016,True,31,5.0,True,1,28.25293225806452,
CP,2013-08-12,71.27252,-156.64060239999998,33.826260000000005,gp,Jafarov_2016,True,5,5.0,True,1,33.826260000000005,
CP,2013-08-12,71.27252312499999,-156.640661125,38.9404,gp,Jafarov_2016,True,8,5.0,True,1,38.9404,
CP,2013-08-12,71.27253523076924,-156.64077838461537,43.68036923076923,gp,Jafarov_2016,True,13,5.0,True,1,43.68036923076923,
CP,2013-08-12,71.27254976923076,-156.64091007692306,42.47527692307692,gp,Jafarov_2016,True,13,5.0,True,1,42.47527692307692,
CP,2013-08-12,71.27256292857143,-156.6410524285714,47.91896428571429,gp,Jafarov_2016,True,14,5.0,True,1,47.91896428571429,
CP,2013-08-12,71.272567,-156.6411932,45.74692,gp,Jafarov_2016,True,15,5.0,True,1,45.74692,
CP,2013-08-12,71.27257005263158,-156.64134057894736,42.5181,gp,Jafarov_2016,True,19,5.0,True,1,42.5181,
CP,2013-08-12,71.27257279999999,-156.64146799999997,54.572586666666666,gp,Jafarov_2016,True,15,5.0,True,1,54.572586666666666,
CP,2013-08-12,71.2725735,-156.64155449999998,60.36885,gp,Jafarov_2016,True,2,5.0,True,1,60.36885,
UNB,2013-08-12,71.269933,-156.82418,36.4511,gp,Jafarov_2016,True,1,5.0,False,1,36.4511,
UNB,2013-08-12,71.26991072727273,-156.82414272727272,38.73052727272727,gp,Jafarov_2016,True,11,5.0,True,1,38.73052727272727,
UNB,2013-08-12,71.26986409999999,-156.82408800000002,34.72637,gp,Jafarov_2016,True,10,5.0,True,1,34.72637,
UNB,2013-08-12,71.2698355,-156.82408,40.58175,gp,Jafarov_2016,True,2,5.0,True,1,40.58175,
UNB,2013-08-12,71.26980833333333,-156.82405,44.639900000000004,gp,Jafarov_2016,True,3,5.0,True,1,44.639900000000004,
UNB,2013-08-12,71.26977986666667,-156.82403000000002,45.77041333333333,gp,Jafarov_2016,True,15,5.0,True,1,45.77041333333333,
UNB,2013-08-12,71.26972575,-156.823986875,45.35553125,gp,Jafarov_2016,True,16,5.0,True,1,45.35553125,
UNB,2013-08-12,71.26967966666666,-156.823945,48.31158333333334,gp,Jafarov_2016,True,12,5.0,True,1,48.31158333333334,
UNB,2013-08-12,71.269659,-156.82393,49.567699999999995,gp,Jafarov_2016,True,2,5.0,True,1,49.567699999999995,
UNB,2013-08-12,71.2696392,-156.823888,48.282606666666666,gp,Jafarov_2016,True,15,5.0,True,1,48.282606666666666,
UNB,2013-08-12,71.26959405882353,-156.82383352941176,40.36433529411765,gp,Jafarov_2016,True,17,5.0,True,1,40.36433529411765,
UNB,2013-08-12,71.269569,-156.8238,38.5526,gp,Jafarov_2016,True,1,5.0,False,1,38.5526,
UNB,2013-08-12,71.26954518181819,-156.82376909090908,40.44996363636364,gp,Jafarov_2016,True,11,5.0,True,1,40.44996363636364,
UNB,2013-08-12,71.2695,-156.82373583333333,37.187850000000005,gp,Jafarov_2016,True,12,5.0,True,1,37.187850000000005,
UNB,2013-08-12,71.269454,-156.8237575,30.68995,gp,Jafarov_2016,True,12,5.0,True,1,30.68995,
UNB,2013-08-12,71.26941599999999,-156.82379,32.32046666666667,gp,Jafarov_2016,True,3,5.0,True,1,32.32046666666667,
UNB,2013-08-12,71.26939499999999,-156.82382,29.1319,gp,Jafarov_2016,True,3,5.0,True,1,29.1319,
UNB,2013-08-12,71.26936500000001,-156.82382857142855,31.533657142857145,gp,Jafarov_2016,True,7,5.0,True,1,31.533657142857145,
UNB,2013-08-12,71.269382,-156.82382,32.3204,gp,Jafarov_2016,True,1,5.0,False,1,32.3204,
UNB,2013-08-12,71.26934,-156.82383,30.073949999999996,gp,Jafarov_2016,True,2,5.0,True,1,30.073949999999996,
UNB,2013-08-12,71.269318,-156.82381500000002,33.842275,gp,Jafarov_2016,True,4,5.0,True,1,33.842275,
UNB,2013-08-12,71.26929133333333,-156.8238,34.132133333333336,gp,Jafarov_2016,True,6,5.0,True,1,34.132133333333336,
UNB,2013-08-12,71.26205271428572,-156.83209857142856,47.31155714285715,gp,Jafarov_2016,True,7,5.0,True,1,47.31155714285715,
UNB,2013-08-12,71.26202516666667,-156.83215333333334,52.38771666666667,gp,Jafarov_2016,True,6,5.0,True,1,52.38771666666667,
UNB,2013-08-12,71.26200425,-156.8321925,47.544475,gp,Jafarov_2016,True,4,5.0,True,1,47.544475,
UNB,2013-08-12,71.26197484615385,-156.83223692307692,51.967800000000004,gp,Jafarov_2016,True,13,5.0,True,1,51.967800000000004,
UNB,2013-08-12,71.26193145454546,-156.83228454545454,52.33062727272727,gp,Jafarov_2016,True,11,5.0,True,1,52.33062727272727,
UNB,2013-08-12,71.26188641666667,-156.83231500000002,48.63149166666667,gp,Jafarov_2016,True,12,5.0,True,1,48.63149166666667,
UNB,2013-08-12,71.26185766666667,-156.83236,45.6966,gp,Jafarov_2016,True,3,5.0,True,1,45.6966,
UNB,2013-08-12,71.2616462,-156.831974,33.8409,gp,Jafarov_2016,True,5,5.0,True,1,33.8409,
UNB,2013-08-12,71.261633,-156.83195,32.6041,gp,Jafarov_2016,True,1,5.0,False,1,32.6041,
UNB,2013-08-12,71.26160999999999,-156.831899,31.38909,gp,Jafarov_2016,True,10,5.0,True,1,31.38909,
UNB,2013-08-12,71.261578,-156.831815,34.39165,gp,Jafarov_2016,True,2,5.0,True,1,34.39165,
UNB,2013-08-12,71.2615575,-156.83174875,34.636225,gp,Jafarov_2016,True,8,5.0,True,1,34.636225,
UNB,2013-08-12,71.261539,-156.831685,33.3771,gp,Jafarov_2016,True,2,5.0,True,1,33.3771,
UNB,2013-08-12,71.2615164,-156.831631,33.81191,gp,Jafarov_2016,True,10,5.0,True,1,33.81191,
UNB,2013-08-12,71.2614935,-156.83155499999998,30.91325,gp,Jafarov_2016,True,2,5.0,True,1,30.91325,
UNB,2013-08-12,71.2614682,-156.831481,30.695820000000005,gp,Jafarov_2016,True,10,5.0,True,1,30.695820000000005,
UNB,2013-08-12,71.26144500000001,-156.831415,32.181400000000004,gp,Jafarov_2016,True,2,5.0,True,1,32.181400000000004,
UNB,2013-08-12,71.26143350000001,-156.8313625,32.797375,gp,Jafarov_2016,True,4,5.0,True,1,32.797375,
UNB,2013-08-12,71.2614085,-156.831255,32.56185,gp,Jafarov_2016,True,4,5.0,True,1,32.56185,
UNB,2013-08-12,71.2613846,-156.831176,32.65244,gp,Jafarov_2016,True,5,5.0,True,1,32.65244,
UNB,2013-08-12,71.26136500000001,-156.83110499999998,29.8262,gp,Jafarov_2016,True,2,5.0,True,1,29.8262,
UNB,2013-08-12,71.26135,-156.83103,31.5171,gp,Jafarov_2016,True,3,5.0,True,1,31.5171,
UNB,2013-08-12,71.26132233333334,-156.83093,31.31181666666667,gp,Jafarov_2016,True,6,5.0,True,1,31.31181666666667,
UNB,2013-08-12,71.2612853076923,-156.8307923076923,32.24364615384615,gp,Jafarov_2016,True,13,5.0,True,1,32.24364615384615,
UNB,2013-08-12,71.26126566666666,-156.83070666666666,33.08723333333334,gp,Jafarov_2016,True,3,5.0,True,1,33.08723333333334,
UNB,2013-08-12,71.2612483,-156.830645,35.49316,gp,Jafarov_2016,True,10,5.0,True,1,35.49316,
UNB,2013-08-12,71.261224125,-156.83055625,35.252187500000005,gp,Jafarov_2016,True,8,5.0,True,1,35.252187500000005,
UNB,2013-08-12,71.2612062,-156.830486,33.33362,gp,Jafarov_2016,True,5,5.0,True,1,33.33362,
UNB,2013-08-12,71.261184625,-156.83040875,33.1778125,gp,Jafarov_2016,True,8,5.0,True,1,33.1778125,
UNB,2013-08-12,71.261164,-156.83034333333333,32.36256666666667,gp,Jafarov_2016,True,3,5.0,True,1,32.36256666666667,
UNB,2013-08-12,71.26113984615384,-156.83024846153847,30.556438461538463,gp,Jafarov_2016,True,13,5.0,True,1,30.556438461538463,
UNB,2013-08-12,71.261119,-156.83019,30.043599999999998,gp,Jafarov_2016,True,1,5.0,False,1,30.043599999999998,
UNB,2013-08-12,71.26109792307692,-156.83012615384615,32.98689230769231,gp,Jafarov_2016,True,13,5.0,True,1,32.98689230769231,
UNB,2013-08-12,71.26107350000001,-156.83006,33.8844,gp,Jafarov_2016,True,2,5.0,True,1,33.8844,
UNB,2013-08-12,71.26105575,-156.830015,33.47675,gp,Jafarov_2016,True,8,5.0,True,1,33.47675,
UNB,2013-08-12,71.26102266666668,-156.82993,33.44956666666666,gp,Jafarov_2016,True,3,5.0,True,1,33.44956666666666,
UNB,2013-08-12,71.261004,-156.82987400000002,32.493,gp,Jafarov_2016,True,5,5.0,True,1,32.493,
UNB,2013-08-12,71.26097533333333,-156.82979333333333,32.21763333333333,gp,Jafarov_2016,True,3,5.0,True,1,32.21763333333333,
UNB,2013-08-12,71.2609501,-156.82971700000002,33.42782,gp,Jafarov_2016,True,10,5.0,True,1,33.42782,
UNB,2013-08-12,71.2609305,-156.829655,33.9568,gp,Jafarov_2016,True,2,5.0,True,1,33.9568,
UNB,2013-08-12,71.26090736363636,-156.82959363636363,34.760572727272724,gp,Jafarov_2016,True,11,5.0,True,1,34.760572727272724,
UNB,2013-08-12,71.260885,-156.829525,36.928,gp,Jafarov_2016,True,2,5.0,True,1,36.928,
UNB,2013-08-12,71.260866375,-156.82948375,38.20525,gp,Jafarov_2016,True,8,5.0,True,1,38.20525,
UNB,2013-08-12,71.26083028571428,-156.82941714285715,36.783071428571425,gp,Jafarov_2016,True,7,5.0,True,1,36.783071428571425,
UNB,2013-08-12,71.26081033333334,-156.82937,37.00046666666667,gp,Jafarov_2016,True,3,5.0,True,1,37.00046666666667,
UNB,2013-08-12,71.26077322222221,-156.8293033333333,36.34022222222222,gp,Jafarov_2016,True,9,5.0,True,1,36.34022222222222,
UNB,2013-08-12,71.2607485,-156.82926500000002,37.2179,gp,Jafarov_2016,True,2,5.0,True,1,37.2179,
UNB,2013-08-12,71.260721125,-156.82923375,38.1660125,gp,Jafarov_2016,True,8,5.0,True,1,38.1660125,
UNB,2013-08-12,71.2606837,-156.829207,38.53921,gp,Jafarov_2016,True,10,5.0,True,1,38.53921,
UNB,2013-08-12,71.26064244444444,-156.82914888888888,37.49971111111111,gp,Jafarov_2016,True,9,5.0,True,1,37.49971111111111,
UNB,2013-08-12,71.26061866666667,-156.8291133333333,38.14386666666667,gp,Jafarov_2016,True,3,5.0,True,1,38.14386666666667,
UNB,2013-08-12,71.2605942,-156.829089,37.179230000000004,gp,Jafarov_2016,True,10,5.0,True,1,37.179230000000004,
UNB,2013-08-12,71.26054616666666,-156.82904499999998,35.24516666666667,gp,Jafarov_2016,True,6,5.0,True,1,35.24516666666667,
UNB,2013-08-12,71.26051328571428,-156.82901857142858,35.54077142857143,gp,Jafarov_2016,True,7,5.0,True,1,35.54077142857143,
UNB,2013-08-12,71.26048879999999,-156.82899200000003,34.63806,gp,Jafarov_2016,True,5,5.0,True,1,34.63806,
UNB,2013-08-12,71.2604646,-156.828976,34.39164,gp,Jafarov_2016,True,5,5.0,True,1,34.39164,
UNB,2013-08-12,71.26041266666667,-156.82892133333334,33.806619999999995,gp,Jafarov_2016,True,15,5.0,True,1,33.806619999999995,
UNB,2013-08-12,71.26036827272728,-156.82888636363634,31.37831818181818,gp,Jafarov_2016,True,11,5.0,True,1,31.37831818181818,
UNB,2013-08-12,71.260342,-156.82888,35.9859,gp,Jafarov_2016,True,1,5.0,False,1,35.9859,
UNB,2013-08-12,71.26032366666666,-156.82887555555556,32.274,gp,Jafarov_2016,True,9,5.0,True,1,32.274,
UNB,2013-08-12,71.2602882,-156.82889,30.95672,gp,Jafarov_2016,True,5,5.0,True,1,30.95672,
UNB,2013-08-12,71.2602655,-156.82888,30.442183333333332,gp,Jafarov_2016,True,6,5.0,True,1,30.442183333333332,
UNB,2013-08-12,71.2602214,-156.828836,32.62344,gp,Jafarov_2016,True,5,5.0,True,1,32.62344,
UNB,2013-08-12,71.260185875,-156.82879,32.9332625,gp,Jafarov_2016,True,8,5.0,True,1,32.9332625,
UNB,2013-08-12,71.260158,-156.8287675,34.862700000000004,gp,Jafarov_2016,True,4,5.0,True,1,34.862700000000004,
UNB,2013-08-12,71.260135,-156.82872875,35.1344625,gp,Jafarov_2016,True,8,5.0,True,1,35.1344625,
UNB,2013-08-12,71.260107,-156.828655,34.850633333333334,gp,Jafarov_2016,True,6,5.0,True,1,34.850633333333334,
UNB,2013-08-12,71.2600824,-156.828594,34.56558,gp,Jafarov_2016,True,5,5.0,True,1,34.56558,
UNB,2013-08-12,71.2600585,-156.82853500000002,36.0222,gp,Jafarov_2016,True,6,5.0,True,1,36.0222,
UNB,2013-08-12,71.26003616666667,-156.82846833333335,36.10673333333333,gp,Jafarov_2016,True,6,5.0,True,1,36.10673333333333,
UNB,2013-08-12,71.26000045454545,-156.82841454545454,34.2006,gp,Jafarov_2016,True,11,5.0,True,1,34.2006,
UNB,2013-08-12,71.259975,-156.828375,34.3917,gp,Jafarov_2016,True,2,5.0,True,1,34.3917,
UNB,2013-08-12,71.259953,-156.82834666666668,35.985933333333335,gp,Jafarov_2016,True,9,5.0,True,1,35.985933333333335,
UNB,2013-08-12,71.2599092,-156.828313,37.29034,gp,Jafarov_2016,True,10,5.0,True,1,37.29034,
UNB,2013-08-12,71.259887,-156.82827,36.8555,gp,Jafarov_2016,True,1,5.0,False,1,36.8555,
UNB,2013-08-12,71.259856,-156.82819999999998,37.580200000000005,gp,Jafarov_2016,True,7,5.0,True,1,37.580200000000005,
UNB,2013-08-12,71.259828875,-156.82813375,37.9425625,gp,Jafarov_2016,True,8,5.0,True,1,37.9425625,
UNB,2013-08-12,71.2598085,-156.82806333333335,38.510200000000005,gp,Jafarov_2016,True,6,5.0,True,1,38.510200000000005,
UNB,2013-08-12,71.259788,-156.827996,38.79768,gp,Jafarov_2016,True,5,5.0,True,1,38.79768,
UNB,2013-08-12,71.2597664,-156.827898,39.03318,gp,Jafarov_2016,True,10,5.0,True,1,39.03318,
UNB,2013-08-12,71.259748,-156.82783,37.797599999999996,gp,Jafarov_2016,True,1,5.0,False,1,37.797599999999996,
UNB,2013-08-12,71.25973622222222,-156.82776666666666,37.4393,gp,Jafarov_2016,True,9,5.0,True,1,37.4393,
UNB,2013-08-12,71.259714125,-156.8276325,36.5366875,gp,Jafarov_2016,True,8,5.0,True,1,36.5366875,
UNB,2013-08-12,71.2596985,-156.827565,36.42075,gp,Jafarov_2016,True,2,5.0,True,1,36.42075,
UNB,2013-08-12,71.2596832,-156.827495,36.5599,gp,Jafarov_2016,True,10,5.0,True,1,36.5599,
UNB,2013-08-12,71.259659,-156.827385,36.5838,gp,Jafarov_2016,True,4,5.0,True,1,36.5838,
UNB,2013-08-12,71.25964450000001,-156.8273225,36.650225,gp,Jafarov_2016,True,4,5.0,True,1,36.650225,
UNB,2013-08-12,71.259626,-156.82723285714286,35.233642857142854,gp,Jafarov_2016,True,7,5.0,True,1,35.233642857142854,
UNB,2013-08-12,71.25958411111111,-156.8270611111111,30.558955555555556,gp,Jafarov_2016,True,9,5.0,True,1,30.558955555555556,
UNB,2013-08-12,71.259562,-156.82697,30.7683,gp,Jafarov_2016,True,1,5.0,False,1,30.7683,
UNB,2013-08-12,71.25955214285715,-156.8269185714286,29.360342857142857,gp,Jafarov_2016,True,7,5.0,True,1,29.360342857142857,
UNB,2013-08-12,71.259530875,-156.826795,31.782825,gp,Jafarov_2016,True,8,5.0,True,1,31.782825,
UNB,2013-08-12,71.259519,-156.82669,42.3196,gp,Jafarov_2016,True,5,5.0,True,1,42.3196,
UNB,2013-08-12,71.259504,-156.82662499999998,42.87035,gp,Jafarov_2016,True,4,5.0,True,1,42.87035,
UNB,2013-08-12,71.25948724999999,-156.8265375,43.82445833333333,gp,Jafarov_2016,True,12,5.0,True,1,43.82445833333333,
UNB,2013-08-12,71.2594695,-156.8264375,43.9573,gp,Jafarov_2016,True,4,5.0,True,1,43.9573,
UNB,2013-08-12,71.2594598,-156.826386,44.015299999999996,gp,Jafarov_2016,True,5,5.0,True,1,44.015299999999996,
UNB,2013-08-12,71.2594655,-156.82619499999998,36.031800000000004,gp,Jafarov_2016,True,2,5.0,True,1,36.031800000000004,
UNB,2013-08-12,71.25948833333332,-156.82614833333335,32.96211666666667,gp,Jafarov_2016,True,6,5.0,True,1,32.96211666666667,
UNB,2013-08-12,71.25952185714286,-156.8260857142857,32.55492857142857,gp,Jafarov_2016,True,7,5.0,True,1,32.55492857142857,
UNB,2013-08-12,71.259545,-156.82603,31.8658,gp,Jafarov_2016,True,1,5.0,False,1,31.8658,
UNB,2013-08-12,71.25957311111112,-156.8259811111111,29.71382222222222,gp,Jafarov_2016,True,9,5.0,True,1,29.71382222222222,
UNB,2013-08-12,71.2595992,-156.82592,26.48664,gp,Jafarov_2016,True,5,5.0,True,1,26.48664,
UNB,2013-08-12,71.25962,-156.82584444444444,26.54672222222222,gp,Jafarov_2016,True,9,5.0,True,1,26.54672222222222,
UNB,2013-08-12,71.2596415,-156.825765,27.444074999999998,gp,Jafarov_2016,True,4,5.0,True,1,27.444074999999998,
UNB,2013-08-12,71.25966,-156.82570125,28.6134625,gp,Jafarov_2016,True,8,5.0,True,1,28.6134625,
UNB,2013-08-12,71.259682,-156.82562,29.1762,gp,Jafarov_2016,True,1,5.0,False,1,29.1762,
UNB,2013-08-12,71.25970175,-156.825535,29.6823625,gp,Jafarov_2016,True,8,5.0,True,1,29.6823625,
UNB,2013-08-12,71.25973881818182,-156.82538545454545,29.99214545454545,gp,Jafarov_2016,True,11,5.0,True,1,29.99214545454545,
UNB,2013-08-12,71.2597605,-156.82530500000001,31.573500000000003,gp,Jafarov_2016,True,2,5.0,True,1,31.573500000000003,
UNB,2013-08-12,71.259781875,-156.82523,31.546075000000002,gp,Jafarov_2016,True,8,5.0,True,1,31.546075000000002,
UNB,2013-08-12,71.259803,-156.8251475,32.340875,gp,Jafarov_2016,True,4,5.0,True,1,32.340875,
UNB,2013-08-12,71.25982488888889,-156.82507222222225,33.38982222222222,gp,Jafarov_2016,True,9,5.0,True,1,33.38982222222222,
UNB,2013-08-12,71.259845,-156.82500333333334,33.90576666666667,gp,Jafarov_2016,True,3,5.0,True,1,33.90576666666667,
UNB,2013-08-12,71.25986066666667,-156.82494166666666,34.10228333333333,gp,Jafarov_2016,True,6,5.0,True,1,34.10228333333333,
UNB,2013-08-12,71.259883,-156.82487,34.7893,gp,Jafarov_2016,True,1,5.0,False,1,34.7893,
UNB,2013-08-12,71.25991289999999,-156.82478,35.47632,gp,Jafarov_2016,True,10,5.0,True,1,35.47632,
UNB,2013-08-12,71.2599335,-156.824725,36.981899999999996,gp,Jafarov_2016,True,2,5.0,True,1,36.981899999999996,
UNB,2013-08-12,71.25995923076923,-156.82465461538462,37.33046153846154,gp,Jafarov_2016,True,13,5.0,True,1,37.33046153846154,
UNB,2013-08-12,71.26000333333333,-156.824532,38.50940666666667,gp,Jafarov_2016,True,15,5.0,True,1,38.50940666666667,
UNB,2013-08-12,71.260025,-156.82445,39.5034,gp,Jafarov_2016,True,1,5.0,False,1,39.5034,
UNB,2013-08-12,71.26004692857143,-156.82437285714286,39.63389285714286,gp,Jafarov_2016,True,14,5.0,True,1,39.63389285714286,
UNB,2013-08-12,71.26008912500001,-156.82425,39.98758125,gp,Jafarov_2016,True,16,5.0,True,1,39.98758125,
UNB,2013-08-12,71.26011566666666,-156.82417,41.026,gp,Jafarov_2016,True,3,5.0,True,1,41.026,
UNB,2013-08-12,71.26013288888889,-156.82408666666666,39.653622222222225,gp,Jafarov_2016,True,9,5.0,True,1,39.653622222222225,
UNB,2013-08-12,71.26014833333333,-156.82399999999998,39.0283,gp,Jafarov_2016,True,3,5.0,True,1,39.0283,
UNB,2013-08-12,71.260160875,-156.82392875,38.4436125,gp,Jafarov_2016,True,8,5.0,True,1,38.4436125,
UNB,2013-08-12,71.2601805,-156.82378833333334,35.69071666666667,gp,Jafarov_2016,True,6,5.0,True,1,35.69071666666667,
UNB,2013-08-12,71.260192,-156.82372,34.6188,gp,Jafarov_2016,True,2,5.0,True,1,34.6188,
UNB,2013-08-12,71.26020325,-156.8236425,34.2046,gp,Jafarov_2016,True,8,5.0,True,1,34.2046,
UNB,2013-08-12,71.260224375,-156.82351625,34.0949875,gp,Jafarov_2016,True,8,5.0,True,1,34.0949875,
UNB,2013-08-12,71.260244,-156.82337125,32.030274999999996,gp,Jafarov_2016,True,8,5.0,True,1,32.030274999999996,
UNB,2013-08-12,71.2602632,-156.823224,27.626799999999996,gp,Jafarov_2016,True,10,5.0,True,1,27.626799999999996,
UNB,2013-08-12,71.2602735,-156.82313249999999,27.8826,gp,Jafarov_2016,True,4,5.0,True,1,27.8826,
UNB,2013-08-12,71.26028074999999,-156.8230675,30.0935,gp,Jafarov_2016,True,4,5.0,True,1,30.0935,
UNB,2013-08-12,71.2602928,-156.822953,35.702890000000004,gp,Jafarov_2016,True,10,5.0,True,1,35.702890000000004,
UNB,2013-08-12,71.2603022,-156.822809,46.5124,gp,Jafarov_2016,True,10,5.0,True,1,46.5124,
UNB,2013-08-12,71.2603068,-156.822675,40.73855,gp,Jafarov_2016,True,10,5.0,True,1,40.73855,
UNB,2013-08-12,71.2603036,-156.822534,43.01885,gp,Jafarov_2016,True,10,5.0,True,1,43.01885,
UNB,2013-08-12,71.2603057,-156.822402,35.65172,gp,Jafarov_2016,True,10,5.0,True,1,35.65172,
UNB,2013-08-12,71.260312,-156.82232,37.1281,gp,Jafarov_2016,True,1,5.0,False,1,37.1281,
UNB,2013-08-12,71.26031855555556,-156.82223888888888,37.2986,gp,Jafarov_2016,True,9,5.0,True,1,37.2986,
UNB,2013-08-12,71.26032733333334,-156.82211555555557,32.856566666666666,gp,Jafarov_2016,True,9,5.0,True,1,32.856566666666666,
UNB,2013-08-12,71.260340875,-156.82198499999998,32.1124875,gp,Jafarov_2016,True,8,5.0,True,1,32.1124875,
UNB,2013-08-12,71.26034433333332,-156.82182777777777,31.719644444444448,gp,Jafarov_2016,True,9,5.0,True,1,31.719644444444448,
UNB,2013-08-12,71.2603505,-156.821755,32.1947,gp,Jafarov_2016,True,2,5.0,True,1,32.1947,
UNB,2013-08-12,71.2603565,-156.82168375,31.098425,gp,Jafarov_2016,True,8,5.0,True,1,31.098425,
UNB,2013-08-12,71.26036075,-156.821545,31.5735,gp,Jafarov_2016,True,8,5.0,True,1,31.5735,
UNB,2013-08-12,71.2603635,-156.82141125,31.049712500000002,gp,Jafarov_2016,True,8,5.0,True,1,31.049712500000002,
UNB,2013-08-12,71.26036871428572,-156.82127142857144,30.44582857142857,gp,Jafarov_2016,True,7,5.0,True,1,30.44582857142857,
UNB,2013-08-12,71.26037383333333,-156.82116166666665,33.20576666666667,gp,Jafarov_2016,True,6,5.0,True,1,33.20576666666667,
UNB,2013-08-12,71.26039514285715,-156.82069,29.61057142857143,gp,Jafarov_2016,True,7,5.0,True,1,29.61057142857143,
UNB,2013-08-12,71.260394,-156.82057333333333,30.038655555555554,gp,Jafarov_2016,True,9,5.0,True,1,30.038655555555554,
UNB,2013-08-12,71.26039822222222,-156.82042888888887,32.426144444444446,gp,Jafarov_2016,True,9,5.0,True,1,32.426144444444446,
UNB,2013-08-12,71.2604053,-156.820287,34.760059999999996,gp,Jafarov_2016,True,10,5.0,True,1,34.760059999999996,
UNB,2013-08-12,71.26041562500001,-156.820165,35.3465875,gp,Jafarov_2016,True,8,5.0,True,1,35.3465875,
UNB,2013-08-12,71.260423,-156.82009,35.99525,gp,Jafarov_2016,True,2,5.0,True,1,35.99525,
UNB,2013-08-12,71.26043177777778,-156.82000555555555,37.08745555555556,gp,Jafarov_2016,True,9,5.0,True,1,37.08745555555556,
UNB,2013-08-12,71.26044983333334,-156.81986166666667,41.3915,gp,Jafarov_2016,True,6,5.0,True,1,41.3915,
UNB,2013-08-12,71.26045933333334,-156.81976666666665,40.709300000000006,gp,Jafarov_2016,True,3,5.0,True,1,40.709300000000006,
UNB,2013-08-12,71.26047542857143,-156.81968857142857,34.444742857142856,gp,Jafarov_2016,True,7,5.0,True,1,34.444742857142856,
UNB,2013-08-12,71.260495,-156.81958285714285,29.380885714285714,gp,Jafarov_2016,True,7,5.0,True,1,29.380885714285714,
UNB,2013-08-12,71.260512,-156.81944846153846,27.154523076923077,gp,Jafarov_2016,True,13,5.0,True,1,27.154523076923077,
UNB,2013-08-12,71.260527,-156.81930111111112,32.239377777777776,gp,Jafarov_2016,True,9,5.0,True,1,32.239377777777776,
UNB,2013-08-12,71.2605415,-156.8192,33.6199,gp,Jafarov_2016,True,2,5.0,True,1,33.6199,
UNB,2013-08-12,71.2605525,-156.81914500000002,32.42615,gp,Jafarov_2016,True,6,5.0,True,1,32.42615,
UNB,2013-08-12,71.26057676923077,-156.81901153846155,33.041953846153845,gp,Jafarov_2016,True,13,5.0,True,1,33.041953846153845,
UNB,2013-08-12,71.26059927272728,-156.81887636363638,36.781245454545456,gp,Jafarov_2016,True,11,5.0,True,1,36.781245454545456,
UNB,2013-08-12,71.26061644444445,-156.81871555555554,36.559622222222224,gp,Jafarov_2016,True,9,5.0,True,1,36.559622222222224,
UNB,2013-08-12,71.260627,-156.81866,36.1049,gp,Jafarov_2016,True,1,5.0,False,1,36.1049,
UNB,2013-08-12,71.26064063636363,-156.81858545454546,35.070572727272726,gp,Jafarov_2016,True,11,5.0,True,1,35.070572727272726,
UNB,2013-08-12,71.26066080000001,-156.81844900000002,36.04396,gp,Jafarov_2016,True,10,5.0,True,1,36.04396,
UNB,2013-08-12,71.260671,-156.81838,38.4436,gp,Jafarov_2016,True,1,5.0,False,1,38.4436,
UNB,2013-08-12,71.260686,-156.8182925,40.5266,gp,Jafarov_2016,True,12,5.0,True,1,40.5266,
UNB,2013-08-12,71.26070328571429,-156.81819285714286,42.734871428571424,gp,Jafarov_2016,True,7,5.0,True,1,42.734871428571424,
UNB,2013-08-12,71.260718,-156.81812,43.979974999999996,gp,Jafarov_2016,True,4,5.0,True,1,43.979974999999996,
UNB,2013-08-12,71.260735875,-156.8180275,42.8105625,gp,Jafarov_2016,True,8,5.0,True,1,42.8105625,
UNB,2013-08-12,71.260755,-156.81794,38.2975,gp,Jafarov_2016,True,1,5.0,False,1,38.2975,
UNB,2013-08-12,71.26077042857142,-156.81787285714287,38.09910000000001,gp,Jafarov_2016,True,7,5.0,True,1,38.09910000000001,
UNB,2013-08-12,71.260789,-156.817768,31.8512,gp,Jafarov_2016,True,5,5.0,True,1,31.8512,
UNB,2013-08-12,71.2608025,-156.8176875,31.0619,gp,Jafarov_2016,True,4,5.0,True,1,31.0619,
UNB,2013-08-12,71.26082035714286,-156.81759214285714,29.537478571428572,gp,Jafarov_2016,True,14,5.0,True,1,29.537478571428572,
UNB,2013-08-12,71.260835,-156.81749666666667,29.03976666666667,gp,Jafarov_2016,True,3,5.0,True,1,29.03976666666667,
UNB,2013-08-12,71.260846,-156.81742857142856,29.172042857142856,gp,Jafarov_2016,True,7,5.0,True,1,29.172042857142856,
UNB,2013-08-12,71.26087133333333,-156.81729666666666,30.343166666666665,gp,Jafarov_2016,True,6,5.0,True,1,30.343166666666665,
UNB,2013-08-12,71.260882,-156.81724,30.2579,gp,Jafarov_2016,True,1,5.0,False,1,30.2579,
UNB,2013-08-12,71.26089722222223,-156.81716333333333,31.906433333333332,gp,Jafarov_2016,True,9,5.0,True,1,31.906433333333332,
UNB,2013-08-12,71.2609176,-156.81705200000002,38.69212,gp,Jafarov_2016,True,5,5.0,True,1,38.69212,
UNB,2013-08-12,71.260929,-156.8169875,33.875725,gp,Jafarov_2016,True,4,5.0,True,1,33.875725,
UNB,2013-08-12,71.2609469090909,-156.8168809090909,30.32170909090909,gp,Jafarov_2016,True,11,5.0,True,1,30.32170909090909,
UNB,2013-08-12,71.26096066666666,-156.81679,31.96326666666667,gp,Jafarov_2016,True,3,5.0,True,1,31.96326666666667,
UNB,2013-08-12,71.2611115,-156.816115,28.065299999999997,gp,Jafarov_2016,True,2,5.0,True,1,28.065299999999997,
UNB,2013-08-12,71.26112583333334,-156.8160225,27.9435,gp,Jafarov_2016,True,12,5.0,True,1,27.9435,
UNB,2013-08-12,71.2611458,-156.815876,27.41482,gp,Jafarov_2016,True,10,5.0,True,1,27.41482,
UNB,2013-08-12,71.2611665,-156.815724,22.80549,gp,Jafarov_2016,True,10,5.0,True,1,22.80549,
UNB,2013-08-12,71.2611765,-156.81565,23.095399999999998,gp,Jafarov_2016,True,2,5.0,True,1,23.095399999999998,
UNB,2013-08-12,71.261184,-156.81557666666666,21.134266666666665,gp,Jafarov_2016,True,6,5.0,True,1,21.134266666666665,
UNB,2013-08-12,71.261193375,-156.81545375,21.505775,gp,Jafarov_2016,True,8,5.0,True,1,21.505775,
UNB,2013-08-12,71.26120871428571,-156.81535,19.143514285714286,gp,Jafarov_2016,True,7,5.0,True,1,19.143514285714286,
UNB,2013-08-12,71.261228,-156.81527857142856,19.200942857142856,gp,Jafarov_2016,True,7,5.0,True,1,19.200942857142856,
UNB,2013-08-12,71.26124814285714,-156.81519,21.195171428571427,gp,Jafarov_2016,True,7,5.0,True,1,21.195171428571427,
UNB,2013-08-12,71.261267,-156.81511,23.1441,gp,Jafarov_2016,True,1,5.0,False,1,23.1441,
UNB,2013-08-12,71.26129266666666,-156.81500833333334,23.607033333333334,gp,Jafarov_2016,True,12,5.0,True,1,23.607033333333334,
UNB,2013-08-12,71.2613485,-156.81468999999998,19.368000000000002,gp,Jafarov_2016,True,2,5.0,True,1,19.368000000000002,
UNB,2013-08-12,71.26135885714287,-156.81463285714287,16.8726,gp,Jafarov_2016,True,7,5.0,True,1,16.8726,
UNB,2013-08-12,71.261409,-156.8144,22.2184,gp,Jafarov_2016,True,3,5.0,True,1,22.2184,
UNB,2013-08-12,71.26141883333334,-156.814355,21.974766666666667,gp,Jafarov_2016,True,6,5.0,True,1,21.974766666666667,
UNB,2013-08-12,71.26145858333334,-156.8141725,29.417416666666668,gp,Jafarov_2016,True,12,5.0,True,1,29.417416666666668,
UNB,2013-08-12,71.261473,-156.8141,25.141799999999996,gp,Jafarov_2016,True,1,5.0,False,1,25.141799999999996,
UNB,2013-08-12,71.26148663636364,-156.81402454545454,25.905918181818183,gp,Jafarov_2016,True,11,5.0,True,1,25.905918181818183,
UNB,2013-08-12,71.26150333333334,-156.81393,30.184799999999996,gp,Jafarov_2016,True,3,5.0,True,1,30.184799999999996,
UNB,2013-08-12,71.261556,-156.81368500000002,24.8495,gp,Jafarov_2016,True,2,5.0,True,1,24.8495,
UNB,2013-08-12,71.2615634,-156.813642,28.62076,gp,Jafarov_2016,True,5,5.0,True,1,28.62076,
UNB,2013-08-12,71.2616065,-156.8134,21.9991,gp,Jafarov_2016,True,2,5.0,True,1,21.9991,
UNB,2013-08-12,71.26162255555556,-156.81332555555556,26.1001,gp,Jafarov_2016,True,9,5.0,True,1,26.1001,
UNB,2013-08-12,71.261676,-156.81312,23.9725,gp,Jafarov_2016,True,1,5.0,False,1,23.9725,
UNB,2013-08-12,71.261682,-156.81309,22.29146666666667,gp,Jafarov_2016,True,3,5.0,True,1,22.29146666666667,
UNB,2013-08-12,71.26169827272727,-156.81301545454545,22.05890909090909,gp,Jafarov_2016,True,11,5.0,True,1,22.05890909090909,
UNB,2013-08-12,71.261718625,-156.81291125,23.378625,gp,Jafarov_2016,True,8,5.0,True,1,23.378625,
UNB,2013-08-12,71.26173425,-156.81284,20.7932,gp,Jafarov_2016,True,4,5.0,True,1,20.7932,
UNB,2013-08-12,71.26175127272727,-156.81275636363637,24.271463636363638,gp,Jafarov_2016,True,11,5.0,True,1,24.271463636363638,
UNB,2013-08-12,71.26178683333333,-156.81259416666668,28.694675,gp,Jafarov_2016,True,12,5.0,True,1,28.694675,
UNB,2013-08-12,71.26180766666667,-156.81249499999998,26.940616666666667,gp,Jafarov_2016,True,6,5.0,True,1,26.940616666666667,
UNB,2013-08-12,71.26182,-156.81242,25.528142857142857,gp,Jafarov_2016,True,7,5.0,True,1,25.528142857142857,
UNB,2013-08-12,71.2618408888889,-156.8123277777778,24.59287777777778,gp,Jafarov_2016,True,9,5.0,True,1,24.59287777777778,
UNB,2013-08-12,71.261859,-156.812255,20.68355,gp,Jafarov_2016,True,2,5.0,True,1,20.68355,
UNB,2013-08-12,71.26188123076923,-156.81218307692308,24.534676923076923,gp,Jafarov_2016,True,13,5.0,True,1,24.534676923076923,
UNB,2013-08-12,71.261905,-156.812115,21.962575,gp,Jafarov_2016,True,4,5.0,True,1,21.962575,
UNB,2013-08-12,71.26192715384614,-156.81203769230768,27.09833076923077,gp,Jafarov_2016,True,13,5.0,True,1,27.09833076923077,
UNB,2013-08-12,71.261945,-156.81197,22.0722,gp,Jafarov_2016,True,2,5.0,True,1,22.0722,
UNB,2013-08-12,71.2619655,-156.8118975,24.7155,gp,Jafarov_2016,True,8,5.0,True,1,24.7155,
UNB,2013-08-12,71.262009,-156.81175000000002,30.400614285714283,gp,Jafarov_2016,True,7,5.0,True,1,30.400614285714283,
UNB,2013-08-12,71.262035,-156.81167499999998,33.98535,gp,Jafarov_2016,True,2,5.0,True,1,33.98535,
UNB,2013-08-12,71.26205783333333,-156.81159666666667,34.362966666666665,gp,Jafarov_2016,True,6,5.0,True,1,34.362966666666665,
UNB,2013-08-12,71.2620805,-156.811535,34.570049999999995,gp,Jafarov_2016,True,2,5.0,True,1,34.570049999999995,
UNB,2013-08-12,71.262095,-156.811486,33.7149,gp,Jafarov_2016,True,5,5.0,True,1,33.7149,
UNB,2013-08-12,71.262218,-156.81111857142858,32.948214285714286,gp,Jafarov_2016,True,7,5.0,True,1,32.948214285714286,
UNB,2013-08-12,71.262234,-156.8110514285714,31.87972857142857,gp,Jafarov_2016,True,7,5.0,True,1,31.87972857142857,
UNB,2013-08-12,71.2622485,-156.81100500000002,31.0619,gp,Jafarov_2016,True,2,5.0,True,1,31.0619,
UNB,2013-08-12,71.2624,-156.810448,32.889,gp,Jafarov_2016,True,5,5.0,True,1,32.889,
UNB,2013-08-12,71.26242475,-156.8103825,32.889,gp,Jafarov_2016,True,4,5.0,True,1,32.889,
UNB,2013-08-12,71.26244388888888,-156.81031666666667,32.8403,gp,Jafarov_2016,True,9,5.0,True,1,32.8403,
UNB,2013-08-12,71.2624685,-156.810245,33.254475,gp,Jafarov_2016,True,4,5.0,True,1,33.254475,
UNB,2013-08-12,71.262483,-156.8102025,33.4737,gp,Jafarov_2016,True,4,5.0,True,1,33.4737,
UNB,2013-08-12,71.26288090909091,-156.80969000000002,27.772999999999993,gp,Jafarov_2016,True,11,5.0,True,1,27.772999999999993,
UNB,2013-08-12,71.2629,-156.80978,27.821699999999996,gp,Jafarov_2016,True,3,5.0,True,1,27.821699999999996,
UNB,2013-08-12,71.26291336363637,-156.8098409090909,28.118472727272728,gp,Jafarov_2016,True,11,5.0,True,1,28.118472727272728,
UNB,2013-08-12,71.26292984615385,-156.80996307692308,30.84259230769231,gp,Jafarov_2016,True,13,5.0,True,1,30.84259230769231,
UNB,2013-08-12,71.2629448,-156.810058,31.836599999999997,gp,Jafarov_2016,True,5,5.0,True,1,31.836599999999997,
UNB,2013-08-12,71.262959,-156.810132,32.33358,gp,Jafarov_2016,True,5,5.0,True,1,32.33358,
UNB,2013-08-12,71.26297819999999,-156.81024,30.857229999999998,gp,Jafarov_2016,True,10,5.0,True,1,30.857229999999998,
UNB,2013-08-12,71.26299549999999,-156.81034,30.03865,gp,Jafarov_2016,True,2,5.0,True,1,30.03865,
UNB,2013-08-12,71.2630118,-156.81041399999998,27.899620000000006,gp,Jafarov_2016,True,5,5.0,True,1,27.899620000000006,
UNB,2013-08-12,71.2630265,-156.8104625,28.101825,gp,Jafarov_2016,True,4,5.0,True,1,28.101825,
UNB,2013-08-12,71.26315844444444,-156.8107922222222,29.218466666666668,gp,Jafarov_2016,True,9,5.0,True,1,29.218466666666668,
UNB,2013-08-12,71.263181,-156.810845,29.8194,gp,Jafarov_2016,True,2,5.0,True,1,29.8194,
UNB,2013-08-12,71.263476,-156.81119,28.7962,gp,Jafarov_2016,True,1,5.0,False,1,28.7962,
UNB,2013-08-12,71.26353850000001,-156.811325,26.7498,gp,Jafarov_2016,True,4,5.0,True,1,26.7498,
UNB,2013-08-12,71.263555,-156.81134500000002,26.7498,gp,Jafarov_2016,True,2,5.0,True,1,26.7498,
UNB,2013-08-12,71.2635764,-156.811395,26.7498,gp,Jafarov_2016,True,10,5.0,True,1,26.7498,
UNB,2013-08-12,71.26360025,-156.811465,25.251475,gp,Jafarov_2016,True,4,5.0,True,1,25.251475,
UNB,2013-08-12,71.26362291666666,-156.81153916666668,24.581525,gp,Jafarov_2016,True,12,5.0,True,1,24.581525,
UNB,2013-08-12,71.263645,-156.811605,27.15175,gp,Jafarov_2016,True,2,5.0,True,1,27.15175,
UNB,2013-08-12,71.26366933333333,-156.8116922222222,25.63451111111111,gp,Jafarov_2016,True,9,5.0,True,1,25.63451111111111,
UNB,2013-08-12,71.263713,-156.8118166666667,28.624011111111113,gp,Jafarov_2016,True,9,5.0,True,1,28.624011111111113,
UNB,2013-08-12,71.263738,-156.81188,31.281100000000002,gp,Jafarov_2016,True,1,5.0,False,1,31.281100000000002,
UNB,2013-08-12,71.26375966666666,-156.81194,33.5387,gp,Jafarov_2016,True,9,5.0,True,1,33.5387,
UNB,2013-08-12,71.26378633333333,-156.81200333333334,31.135,gp,Jafarov_2016,True,3,5.0,True,1,31.135,
UNB,2013-08-12,71.26380988888889,-156.81206666666668,30.201066666666666,gp,Jafarov_2016,True,9,5.0,True,1,30.201066666666666,
UNB,2013-08-12,71.26383857142858,-156.8121242857143,29.234714285714286,gp,Jafarov_2016,True,7,5.0,True,1,29.234714285714286,
UNB,2013-08-12,71.2638645,-156.8122,28.028775000000003,gp,Jafarov_2016,True,4,5.0,True,1,28.028775000000003,
UNB,2013-08-12,71.263881,-156.812235,28.796175,gp,Jafarov_2016,True,4,5.0,True,1,28.796175,
UNB,2013-08-12,71.26826033333333,-156.81950333333336,23.582666666666665,gp,Jafarov_2016,True,3,5.0,True,1,23.582666666666665,
UNB,2013-08-12,71.26829036363637,-156.81957,23.342354545454544,gp,Jafarov_2016,True,11,5.0,True,1,23.342354545454544,
UNB,2013-08-12,71.268315,-156.81961,21.898600000000002,gp,Jafarov_2016,True,2,5.0,True,1,21.898600000000002,
UNB,2013-08-12,71.268342875,-156.81967,20.6497375,gp,Jafarov_2016,True,8,5.0,True,1,20.6497375,
UNB,2013-08-12,71.2683674,-156.819728,27.743740000000003,gp,Jafarov_2016,True,5,5.0,True,1,27.743740000000003,
UNB,2013-08-12,71.26839028571429,-156.81976714285716,35.96912857142858,gp,Jafarov_2016,True,7,5.0,True,1,35.96912857142858,
UNB,2013-08-12,71.268425,-156.81982923076924,32.787846153846154,gp,Jafarov_2016,True,13,5.0,True,1,32.787846153846154,
UNB,2013-08-12,71.26844650000001,-156.819885,33.839150000000004,gp,Jafarov_2016,True,2,5.0,True,1,33.839150000000004,
UNB,2013-08-12,71.26846553846154,-156.81995230769232,37.03063076923077,gp,Jafarov_2016,True,13,5.0,True,1,37.03063076923077,
UNB,2013-08-12,71.2684902,-156.82003400000002,37.9174,gp,Jafarov_2016,True,5,5.0,True,1,37.9174,
UNB,2013-08-12,71.26851164285713,-156.82009642857142,38.23481428571428,gp,Jafarov_2016,True,14,5.0,True,1,38.23481428571428,
UNB,2013-08-12,71.26853575,-156.8201575,37.383875,gp,Jafarov_2016,True,4,5.0,True,1,37.383875,
UNB,2013-08-12,71.26856053846154,-156.82022384615385,35.15473076923077,gp,Jafarov_2016,True,13,5.0,True,1,35.15473076923077,
UNB,2013-08-12,71.26858399999999,-156.8203,37.12803333333333,gp,Jafarov_2016,True,3,5.0,True,1,37.12803333333333,
UNB,2013-08-12,71.26860574999999,-156.820365,31.6344,gp,Jafarov_2016,True,12,5.0,True,1,31.6344,
UNB,2013-08-12,71.26862700000001,-156.820425,32.96215,gp,Jafarov_2016,True,2,5.0,True,1,32.96215,
UNB,2013-08-12,71.2686585,-156.820535,36.68955,gp,Jafarov_2016,True,4,5.0,True,1,36.68955,
UNB,2013-08-12,71.2686734,-156.82057600000002,34.8624,gp,Jafarov_2016,True,5,5.0,True,1,34.8624,
UNB,2013-08-12,71.26870733333334,-156.82065222222224,35.79624444444445,gp,Jafarov_2016,True,9,5.0,True,1,35.79624444444445,
UNB,2013-08-12,71.268725,-156.82069,32.012,gp,Jafarov_2016,True,1,5.0,False,1,32.012,
UNB,2013-08-12,71.26874608333334,-156.82074833333334,31.007058333333333,gp,Jafarov_2016,True,12,5.0,True,1,31.007058333333333,
UNB,2013-08-12,71.26879658333333,-156.82089166666665,16.52371666666667,gp,Jafarov_2016,True,12,5.0,True,1,16.52371666666667,
UNB,2013-08-12,71.2688225,-156.82093500000002,13.0094,gp,Jafarov_2016,True,2,5.0,True,1,13.0094,
UNB,2013-08-12,71.26884583333333,-156.8210125,21.292616666666667,gp,Jafarov_2016,True,12,5.0,True,1,21.292616666666667,
UNB,2013-08-12,71.268885875,-156.82112375,34.5700375,gp,Jafarov_2016,True,8,5.0,True,1,34.5700375,
UNB,2013-08-12,71.26893191666666,-156.82117666666667,36.653016666666666,gp,Jafarov_2016,True,12,5.0,True,1,36.653016666666666,
UNB,2013-08-12,71.268958,-156.82121,29.380899999999997,gp,Jafarov_2016,True,1,5.0,False,1,29.380899999999997,
UNB,2013-08-12,71.2689755,-156.82123357142856,26.06065,gp,Jafarov_2016,True,14,5.0,True,1,26.06065,
UNB,2013-08-12,71.269027,-156.82128181818183,28.78289090909091,gp,Jafarov_2016,True,11,5.0,True,1,28.78289090909091,
UNB,2013-08-12,71.26905,-156.82134,26.018900000000002,gp,Jafarov_2016,True,1,5.0,False,1,26.018900000000002,
UNB,2013-08-12,71.26907011111112,-156.82137222222224,31.56266666666667,gp,Jafarov_2016,True,9,5.0,True,1,31.56266666666667,
UNB,2013-08-12,71.2691208,-156.821407,35.46416,gp,Jafarov_2016,True,10,5.0,True,1,35.46416,
UNB,2013-08-12,71.269144,-156.82146,32.54796666666667,gp,Jafarov_2016,True,3,5.0,True,1,32.54796666666667,
UNB,2013-08-12,71.26916833333333,-156.82152333333335,27.326344444444445,gp,Jafarov_2016,True,9,5.0,True,1,27.326344444444445,
UNB,2013-08-12,71.26919642857142,-156.82158,24.640685714285716,gp,Jafarov_2016,True,7,5.0,True,1,24.640685714285716,
UNB,2013-08-12,71.26922241666666,-156.8216525,18.978191666666667,gp,Jafarov_2016,True,12,5.0,True,1,18.978191666666667,
UNB,2013-08-12,71.2692414,-156.821708,18.41786,gp,Jafarov_2016,True,5,5.0,True,1,18.41786,
UNB,2013-08-12,71.2692612857143,-156.82176714285714,21.23692857142857,gp,Jafarov_2016,True,7,5.0,True,1,21.23692857142857,
UNB,2013-08-12,71.26929641666666,-156.82182,21.256058333333332,gp,Jafarov_2016,True,12,5.0,True,1,21.256058333333332,
UNB,2013-08-12,71.26934325,-156.8219325,25.040333333333333,gp,Jafarov_2016,True,12,5.0,True,1,25.040333333333333,
UNB,2013-08-12,71.2693625,-156.822035,27.15986666666667,gp,Jafarov_2016,True,6,5.0,True,1,27.15986666666667,
UNB,2013-08-12,71.26938844444444,-156.82210666666666,27.39941111111111,gp,Jafarov_2016,True,9,5.0,True,1,27.39941111111111,
UNB,2013-08-12,71.26941233333334,-156.82217,26.895933333333332,gp,Jafarov_2016,True,3,5.0,True,1,26.895933333333332,
UNB,2013-08-12,71.269429125,-156.82223125,28.1109875,gp,Jafarov_2016,True,8,5.0,True,1,28.1109875,
UNB,2013-08-12,71.26945466666668,-156.822355,30.30665,gp,Jafarov_2016,True,6,5.0,True,1,30.30665,
UNB,2013-08-12,71.269467,-156.82241,30.9888,gp,Jafarov_2016,True,1,5.0,False,1,30.9888,
UNB,2013-08-12,71.26948833333333,-156.82249222222222,32.068844444444444,gp,Jafarov_2016,True,9,5.0,True,1,32.068844444444444,
UNB,2013-08-12,71.2695065,-156.822565,29.30775,gp,Jafarov_2016,True,2,5.0,True,1,29.30775,
UNB,2013-08-12,71.26951840000001,-156.82262599999999,33.9756,gp,Jafarov_2016,True,5,5.0,True,1,33.9756,
UNB,2013-08-12,71.269542,-156.82273333333333,34.399499999999996,gp,Jafarov_2016,True,3,5.0,True,1,34.399499999999996,
UNB,2013-08-12,71.26957157142857,-156.82280285714288,35.72898571428571,gp,Jafarov_2016,True,7,5.0,True,1,35.72898571428571,
UNB,2013-08-12,71.26959585714286,-156.82287285714284,33.52594285714286,gp,Jafarov_2016,True,7,5.0,True,1,33.52594285714286,
UNB,2013-08-12,71.26961,-156.82292999999999,31.226300000000002,gp,Jafarov_2016,True,4,5.0,True,1,31.226300000000002,
UNB,2013-08-12,71.26963142857143,-156.82298999999998,36.79694285714286,gp,Jafarov_2016,True,7,5.0,True,1,36.79694285714286,
UNB,2013-08-12,71.2696634,-156.82305,38.78088,gp,Jafarov_2016,True,5,5.0,True,1,38.78088,
UNB,2013-08-12,71.2696854,-156.823114,36.41912,gp,Jafarov_2016,True,5,5.0,True,1,36.41912,
UNB,2013-08-12,71.26972074999999,-156.8231741666667,39.259775,gp,Jafarov_2016,True,12,5.0,True,1,39.259775,
UNB,2013-08-12,71.26974899999999,-156.82322,45.0945,gp,Jafarov_2016,True,2,5.0,True,1,45.0945,
UNB,2013-08-12,71.26977125,-156.8232525,47.0861375,gp,Jafarov_2016,True,8,5.0,True,1,47.0861375,
UNB,2013-08-12,71.2697998,-156.82332,49.4651,gp,Jafarov_2016,True,5,5.0,True,1,49.4651,
UNB,2013-08-12,71.2698220909091,-156.82341454545454,48.80201818181819,gp,Jafarov_2016,True,11,5.0,True,1,48.80201818181819,
UNB,2013-08-12,71.269841,-156.82347499999997,49.3579,gp,Jafarov_2016,True,2,5.0,True,1,49.3579,
UNB,2013-08-12,71.2698565,-156.82354214285715,50.21060714285715,gp,Jafarov_2016,True,14,5.0,True,1,50.21060714285715,
CP_HD_1,2013-08-12,71.27335,-156.639833,28.000000000000004,tp,Jafarov_2016,True,,,,1,28.000000000000004,
CP_HD_1,2013-08-12,71.273354,-156.639814,22.0,tp,Jafarov_2016,True,,,,1,22.0,
CP_HD_1,2013-08-12,71.27336,-156.639796,31.0,tp,Jafarov_2016,True,,,,1,31.0,
CP_HD_1,2013-08-12,71.273369,-156.639777,32.0,tp,Jafarov_2016,True,,,,1,32.0,
CP_HD_1,2013-08-12,71.273379,-156.639758,23.0,tp,Jafarov_2016,True,,,,1,23.0,
CP_HD_1,2013-08-12,71.273385,-156.639739,27.0,tp,Jafarov_2016,True,,,,1,27.0,
CP_HD_1,2013-08-12,71.273392,-156.63972,23.0,tp,Jafarov_2016,True,,,,1,23.0,
CP_HD_1,2013-08-12,71.273398,-156.639701,26.0,tp,Jafarov_2016,True,,,,1,26.0,
CP_HD_1,2013-08-12,71.273405,-156.639682,25.0,tp,Jafarov_2016,True,,,,1,25.0,
CP_HD_1,2013-08-12,71.273413,-156.639663,24.0,tp,Jafarov_2016,True,,,,1,24.0,
CP_HD_1,2013-08-12,71.273418,-156.639644,24.0,tp,Jafarov_2016,True,,,,1,24.0,
CP_HD_1,2013-08-12,71.273423,-156.639626,26.0,tp,Jafarov_2016,True,,,,1,26.0,
CP_HD_1,2013-08-12,71.273429,-156.639607,24.0,tp,Jafarov_2016,True,,,,1,24.0,
CP_HD_1,2013-08-12,71.273436,-156.639588,24.0,tp,Jafarov_2016,True,,,,1,24.0,
CP_HD_1,2013-08-12,71.273442,-156.639569,24.0,tp,Jafarov_2016,True,,,,1,24.0,
CP_HD_1,2013-08-12,71.273449,-156.63955,24.0,tp,Jafarov_2016,True,,,,1,24.0,
CP_HD_1,2013-08-12,71.273454,-156.639531,24.0,tp,Jafarov_2016,True,,,,1,24.0,
CP_HD_1,2013-08-12,71.273461,-156.639512,26.0,tp,Jafarov_2016,True,,,,1,26.0,
CP_HD_1,2013-08-12,71.273466,-156.639493,20.0,tp,Jafarov_2016,True,,,,1,20.0,
CP_HD_1,2013-08-12,71.273471,-156.639474,28.000000000000004,tp,Jafarov_2016,True,,,,1,28.000000000000004,
CP_HD_1,2013-08-12,71.273482,-156.639456,26.0,tp,Jafarov_2016,True,,,,1,26.0,
CP_HD_1,2013-08-12,71.273495,-156.639437,26.0,tp,Jafarov_2016,True,,,,1,26.0,
CP_HD_1,2013-08-12,71.273511,-156.639418,26.0,tp,Jafarov_2016,True,,,,1,26.0,
CP_HD_1,2013-08-12,71.273522,-156.639399,26.0,tp,Jafarov_2016,True,,,,1,26.0,
CP_HD_1,2013-08-12,71.273532,-156.63938,26.0,tp,Jafarov_2016,True,,,,1,26.0,
CP_HD_1,2013-08-12,71.273542,-156.639361,28.000000000000004,tp,Jafarov_2016,True,,,,1,28.000000000000004,
CP_HD_1,2013-08-12,71.273548,-156.639342,27.0,tp,Jafarov_2016,True,,,,1,27.0,
CP_HD_1,2013-08-12,71.273561,-156.639323,28.000000000000004,tp,Jafarov_2016,True,,,,1,28.000000000000004,
CP_HD_1,2013-08-12,71.273566,-156.639304,28.000000000000004,tp,Jafarov_2016,True,,,,1,28.000000000000004,
CP_HD_1,2013-08-12,71.273571,-156.639286,27.0,tp,Jafarov_2016,True,,,,1,27.0,
CP_HD_1,2013-08-12,71.273576,-156.639267,28.999999999999996,tp,Jafarov_2016,True,,,,1,28.999999999999996,
CP_HD_1,2013-08-12,71.273582,-156.639248,30.0,tp,Jafarov_2016,True,,,,1,30.0,
CP_HD_1,2013-08-12,71.27359,-156.639229,37.0,tp,Jafarov_2016,True,,,,1,37.0,
CP_HD_1,2013-08-12,71.2736,-156.63921,39.0,tp,Jafarov_2016,True,,,,1,39.0,
CP_HD_1,2013-08-12,71.273605,-156.639191,40.0,tp,Jafarov_2016,True,,,,1,40.0,
CP_HD_1,2013-08-12,71.273613,-156.639172,40.0,tp,Jafarov_2016,True,,,,1,40.0,
CP_HD_1,2013-08-12,71.273617,-156.639153,34.0,tp,Jafarov_2016,True,,,,1,34.0,
CP_HD_1,2013-08-12,71.273625,-156.639134,30.0,tp,Jafarov_2016,True,,,,1,30.0,
CP_HD_1,2013-08-12,71.27363,-156.639116,30.0,tp,Jafarov_2016,True,,,,1,30.0,
CP_HD_1,2013-08-12,71.273636,-156.639097,30.0,tp,Jafarov_2016,True,,,,1,30.0,
CP_HD_1,2013-08-12,71.273641,-156.639078,31.0,tp,Jafarov_2016,True,,,,1,31.0,
CP_HD_1,2013-08-12,71.273644,-156.639059,31.0,tp,Jafarov_2016,True,,,,1,31.0,
CP_HD_1,2013-08-12,71.27365,-156.63904,28.000000000000004,tp,Jafarov_2016,True,,,,1,28.000000000000004,
CP_HD_1,2013-08-12,71.273652,-156.639021,34.0,tp,Jafarov_2016,True,,,,1,34.0,
CP_HD_1,2013-08-12,71.273655,-156.639002,31.0,tp,Jafarov_2016,True,,,,1,31.0,
CP_HD_1,2013-08-12,71.273655,-156.638983,25.0,tp,Jafarov_2016,True,,,,1,25.0,
CP_HD_1,2013-08-12,71.273655,-156.638964,30.0,tp,Jafarov_2016,True,,,,1,30.0,
CP_HD_1,2013-08-12,71.273658,-156.638946,32.0,tp,Jafarov_2016,True,,,,1,32.0,
CP_HD_1,2013-08-12,71.273661,-156.638927,33.0,tp,Jafarov_2016,True,,,,1,33.0,
CP_HD_1,2013-08-12,71.273664,-156.638908,28.999999999999996,tp,Jafarov_2016,True,,,,1,28.999999999999996,
CP_HD_1,2013-08-12,71.273666,-156.638889,36.0,tp,Jafarov_2016,True,,,,1,36.0,
CP_HD_1,2013-08-12,71.27367,-156.63887,28.999999999999996,tp,Jafarov_2016,True,,,,1,28.999999999999996,
CP_HD_1,2013-08-12,71.273678,-156.638851,33.0,tp,Jafarov_2016,True,,,,1,33.0,
CP_HD_1,2013-08-12,71.273686,-156.638832,30.0,tp,Jafarov_2016,True,,,,1,30.0,
CP_HD_1,2013-08-12,71.27369,-156.638813,28.999999999999996,tp,Jafarov_2016,True,,,,1,28.999999999999996,
CP_HD_1,2013-08-12,71.273696,-156.638794,25.0,tp,Jafarov_2016,True,,,,1,25.0,
CP_HD_1,2013-08-12,71.273703,-156.638776,25.0,tp,Jafarov_2016,True,,,,1,25.0,
CP_HD_1,2013-08-12,71.273709,-156.638757,31.0,tp,Jafarov_2016,True,,,,1,31.0,
CP_HD_1,2013-08-12,71.273712,-156.638738,33.0,tp,Jafarov_2016,True,,,,1,33.0,
CP_HD_1,2013-08-12,71.273718,-156.638719,32.0,tp,Jafarov_2016,True,,,,1,32.0,
CP_HD_1,2013-08-12,71.273725,-156.6387,49.0,tp,Jafarov_2016,True,,,,1,49.0,
CP_HD_1,2013-08-12,71.27373,-156.638681,42.0,tp,Jafarov_2016,True,,,,1,42.0,
CP_HD_1,2013-08-12,71.273733,-156.638662,41.0,tp,Jafarov_2016,True,,,,1,41.0,
CP_HD_1,2013-08-12,71.273735,-156.638643,46.0,tp,Jafarov_2016,True,,,,1,46.0,
CP_HD_1,2013-08-12,71.273736,-156.638624,37.0,tp,Jafarov_2016,True,,,,1,37.0,
CP_HD_1,2013-08-12,71.273738,-156.638606,33.0,tp,Jafarov_2016,True,,,,1,33.0,
CP_HD_1,2013-08-12,71.273742,-156.638587,36.0,tp,Jafarov_2016,True,,,,1,36.0,
CP_HD_1,2013-08-12,71.273747,-156.638568,33.0,tp,Jafarov_2016,True,,,,1,33.0,
CP_HD_1,2013-08-12,71.273748,-156.638549,33.0,tp,Jafarov_2016,True,,,,1,33.0,
CP_HD_1,2013-08-12,71.273754,-156.63853,32.0,tp,Jafarov_2016,True,,,,1,32.0,
CP_HD_1,2013-08-12,71.273759,-156.638511,34.0,tp,Jafarov_2016,True,,,,1,34.0,
CP_HD_1,2013-08-12,71.273767,-156.638492,37.0,tp,Jafarov_2016,True,,,,1,37.0,
CP_HD_1,2013-08-12,71.273769,-156.638473,37.0,tp,Jafarov_2016,True,,,,1,37.0,
CP_HD_1,2013-08-12,71.273773,-156.638454,28.999999999999996,tp,Jafarov_2016,True,,,,1,28.999999999999996,
CP_HD_1,2013-08-12,71.273773,-156.638436,33.0,tp,Jafarov_2016,True,,,,1,33.0,
CP_HD_1,2013-08-12,71.273775,-156.638417,30.0,tp,Jafarov_2016,True,,,,1,30.0,
CP_HD_1,2013-08-12,71.273776,-156.638398,30.0,tp,Jafarov_2016,True,,,,1,30.0,
CP_HD_1,2013-08-12,71.273777,-156.638379,28.999999999999996,tp,Jafarov_2016,True,,,,1,28.999999999999996,
CP_HD_1,2013-08-12,71.273779,-156.63836,30.0,tp,Jafarov_2016,True,,,,1,30.0,
CP_HD_1,2013-08-12,71.273779,-156.638341,30.0,tp,Jafarov_2016,True,,,,1,30.0,
CP_HD_1,2013-08-12,71.273782,-156.638322,32.0,tp,Jafarov_2016,True,,,,1,32.0,
CP_HD_1,2013-08-12,71.273784,-156.638303,43.0,tp,Jafarov_2016,True,,,,1,43.0,
CP_HD_1,2013-08-12,71.273784,-156.638284,46.0,tp,Jafarov_2016,True,,,,1,46.0,
CP_HD_1,2013-08-12,71.273787,-156.638266,34.0,tp,Jafarov_2016,True,,,,1,34.0,
CP_HD_1,2013-08-12,71.27379,-156.638247,30.0,tp,Jafarov_2016,True,,,,1,30.0,
CP_HD_1,2013-08-12,71.27379,-156.638228,33.0,tp,Jafarov_2016,True,,,,1,33.0,
CP_HD_1,2013-08-12,71.273792,-156.638209,43.0,tp,Jafarov_2016,True,,,,1,43.0,
CP_HD_1,2013-08-12,71.27379,-156.63819,37.0,tp,Jafarov_2016,True,,,,1,37.0,
CP_HD_1,2013-08-12,71.273791,-156.638171,38.0,tp,Jafarov_2016,True,,,,1,38.0,
CP_HD_1,2013-08-12,71.273791,-156.638152,38.0,tp,Jafarov_2016,True,,,,1,38.0,
CP_HD_1,2013-08-12,71.273791,-156.638133,33.0,tp,Jafarov_2016,True,,,,1,33.0,
CP_HD_1,2013-08-12,71.273787,-156.638114,37.0,tp,Jafarov_2016,True,,,,1,37.0,
CP_HD_1,2013-08-12,71.273787,-156.638096,36.0,tp,Jafarov_2016,True,,,,1,36.0,
CP_HD_1,2013-08-12,71.273789,-156.638077,28.000000000000004,tp,Jafarov_2016,True,,,,1,28.000000000000004,
CP_HD_1,2013-08-12,71.273789,-156.638058,32.0,tp,Jafarov_2016,True,,,,1,32.0,
CP_HD_1,2013-08-12,71.27379,-156.638039,31.0,tp,Jafarov_2016,True,,,,1,31.0,
CP_HD_1,2013-08-12,71.273793,-156.63802,28.000000000000004,tp,Jafarov_2016,True,,,,1,28.000000000000004,
CP_HD_1,2013-08-12,71.273797,-156.638001,32.0,tp,Jafarov_2016,True,,,,1,32.0,
CP_HD_1,2013-08-12,71.273802,-156.637982,28.999999999999996,tp,Jafarov_2016,True,,,,1,28.999999999999996,
CP_HD_1,2013-08-12,71.273808,-156.637963,23.0,tp,Jafarov_2016,True,,,,1,23.0,
CP_HD_1,2013-08-12,71.273819,-156.637944,32.0,tp,Jafarov_2016,True,,,,1,32.0,
BS_HD_1,2013-08-12,71.261691,-156.617972,47.0,tp,Jafarov_2016,True,,,,1,47.0,
BS_HD_1,2013-08-12,71.26169,-156.617946,49.0,tp,Jafarov_2016,True,,,,1,49.0,
BS_HD_1,2013-08-12,71.261688,-156.617919,48.0,tp,Jafarov_2016,True,,,,1,48.0,
BS_HD_1,2013-08-12,71.261687,-156.617893,47.0,tp,Jafarov_2016,True,,,,1,47.0,
BS_HD_1,2013-08-12,71.261686,-156.617867,49.0,tp,Jafarov_2016,True,,,,1,49.0,
BS_HD_1,2013-08-12,71.261684,-156.61784,48.0,tp,Jafarov_2016,True,,,,1,48.0,
BS_HD_1,2013-08-12,71.261683,-156.617814,50.0,tp,Jafarov_2016,True,,,,1,50.0,
BS_HD_1,2013-08-12,71.261683,-156.617787,50.0,tp,Jafarov_2016,True,,,,1,50.0,
BS_HD_1,2013-08-12,71.261683,-156.617761,54.0,tp,Jafarov_2016,True,,,,1,54.0,
BS_HD_1,2013-08-12,71.261682,-156.617735,48.0,tp,Jafarov_2016,True,,,,1,48.0,
BS_HD_1,2013-08-12,71.261682,-156.617708,49.0,tp,Jafarov_2016,True,,,,1,49.0,
BS_HD_1,2013-08-12,71.26168,-156.617682,52.0,tp,Jafarov_2016,True,,,,1,52.0,
BS_HD_1,2013-08-12,71.261679,-156.617656,49.0,tp,Jafarov_2016,True,,,,1,49.0,
BS_HD_1,2013-08-12,71.261677,-156.617629,48.0,tp,Jafarov_2016,True,,,,1,48.0,
BS_HD_1,2013-08-12,71.261677,-156.617603,49.0,tp,Jafarov_2016,True,,,,1,49.0,
BS_HD_1,2013-08-12,71.261675,-156.617576,48.0,tp,Jafarov_2016,True,,,,1,48.0,
BS_HD_1,2013-08-12,71.261673,-156.61755,50.0,tp,Jafarov_2016,True,,,,1,50.0,
BS_HD_1,2013-08-12,71.261671,-156.617524,48.0,tp,Jafarov_2016,True,,,,1,48.0,
BS_HD_1,2013-08-12,71.26167,-156.617497,49.0,tp,Jafarov_2016,True,,,,1,49.0,
BS_HD_1,2013-08-12,71.261668,-156.617471,47.0,tp,Jafarov_2016,True,,,,1,47.0,
BS_HD_1,2013-08-12,71.261667,-156.617444,46.0,tp,Jafarov_2016,True,,,,1,46.0,
BS_HD_1,2013-08-12,71.261666,-156.617418,49.0,tp,Jafarov_2016,True,,,,1,49.0,
BS_HD_1,2013-08-12,71.261663,-156.617392,48.0,tp,Jafarov_2016,True,,,,1,48.0,
BS_HD_1,2013-08-12,71.261663,-156.617365,52.0,tp,Jafarov_2016,True,,,,1,52.0,
BS_HD_1,2013-08-12,71.261662,-156.617339,47.0,tp,Jafarov_2016,True,,,,1,47.0,
BS_HD_1,2013-08-12,71.261662,-156.617312,46.0,tp,Jafarov_2016,True,,,,1,46.0,
BS_HD_1,2013-08-12,71.261662,-156.617286,48.0,tp,Jafarov_2016,True,,,,1,48.0,
BS_HD_1,2013-08-12,71.261662,-156.61726,47.0,tp,Jafarov_2016,True,,,,1,47.0,
BS_HD_1,2013-08-12,71.261662,-156.617233,48.0,tp,Jafarov_2016,True,,,,1,48.0,
BS_HD_1,2013-08-12,71.261659,-156.617207,48.0,tp,Jafarov_2016,True,,,,1,48.0,
BS_HD_1,2013-08-12,71.261657,-156.617181,47.0,tp,Jafarov_2016,True,,,,1,47.0,
BS_HD_1,2013-08-12,71.261655,-156.617154,48.0,tp,Jafarov_2016,True,,,,1,48.0,
BS_HD_1,2013-08-12,71.261655,-156.617128,47.0,tp,Jafarov_2016,True,,,,1,47.0,
BS_HD_1,2013-08-12,71.261655,-156.617101,46.0,tp,Jafarov_2016,True,,,,1,46.0,
BS_HD_1,2013-08-12,71.261654,-156.617075,45.0,tp,Jafarov_2016,True,,,,1,45.0,
BS_HD_1,2013-08-12,71.261653,-156.617049,46.0,tp,Jafarov_2016,True,,,,1,46.0,
BS_HD_1,2013-08-12,71.261655,-156.617022,50.0,tp,Jafarov_2016,True,,,,1,50.0,
BS_HD_1,2013-08-12,71.261655,-156.616996,54.0,tp,Jafarov_2016,True,,,,1,54.0,
BS_HD_1,2013-08-12,71.261656,-156.616969,50.0,tp,Jafarov_2016,True,,,,1,50.0,
BS_HD_1,2013-08-12,71.261658,-156.616943,48.0,tp,Jafarov_2016,True,,,,1,48.0,
BS_HD_1,2013-08-12,71.261658,-156.616917,47.0,tp,Jafarov_2016,True,,,,1,47.0,
BS_HD_1,2013-08-12,71.26166,-156.61689,49.0,tp,Jafarov_2016,True,,,,1,49.0,
BS_HD_1,2013-08-12,71.261661,-156.616864,46.0,tp,Jafarov_2016,True,,,,1,46.0,
BS_HD_1,2013-08-12,71.261661,-156.616837,48.0,tp,Jafarov_2016,True,,,,1,48.0,
BS_HD_1,2013-08-12,71.261662,-156.616811,50.0,tp,Jafarov_2016,True,,,,1,50.0,
BS_HD_1,2013-08-12,71.261662,-156.616785,49.0,tp,Jafarov_2016,True,,,,1,49.0,
BS_HD_1,2013-08-12,71.261663,-156.616758,57.99999999999999,tp,Jafarov_2016,True,,,,1,57.99999999999999,
BS_HD_1,2013-08-12,71.261664,-156.616732,48.0,tp,Jafarov_2016,True,,,,1,48.0,
BS_HD_1,2013-08-12,71.261665,-156.616706,53.0,tp,Jafarov_2016,True,,,,1,53.0,
BS_HD_1,2013-08-12,71.261665,-156.616679,55.00000000000001,tp,Jafarov_2016,True,,,,1,55.00000000000001,
BS_HD_1,2013-08-12,71.261668,-156.616653,59.0,tp,Jafarov_2016,True,,,,1,59.0,
BS_HD_1,2013-08-12,71.26167,-156.616626,55.00000000000001,tp,Jafarov_2016,True,,,,1,55.00000000000001,
BS_HD_1,2013-08-12,71.26167,-156.6166,53.0,tp,Jafarov_2016,True,,,,1,53.0,
BS_HD_1,2013-08-12,71.261673,-156.616574,54.0,tp,Jafarov_2016,True,,,,1,54.0,
BS_HD_1,2013-08-12,71.261676,-156.616547,54.0,tp,Jafarov_2016,True,,,,1,54.0,
BS_HD_1,2013-08-12,71.261679,-156.616521,52.0,tp,Jafarov_2016,True,,,,1,52.0,
BS_HD_1,2013-08-12,71.261682,-156.616494,39.0,tp,Jafarov_2016,True,,,,1,39.0,
BS_HD_1,2013-08-12,71.261684,-156.616468,35.0,tp,Jafarov_2016,True,,,,1,35.0,
BS_HD_1,2013-08-12,71.261687,-156.616442,33.0,tp,Jafarov_2016,True,,,,1,33.0,
BS_HD_1,2013-08-12,71.26169,-156.616415,37.0,tp,Jafarov_2016,True,,,,1,37.0,
BS_HD_1,2013-08-12,71.261691,-156.616389,40.0,tp,Jafarov_2016,True,,,,1,40.0,
BS_HD_1,2013-08-12,71.261692,-156.616362,42.0,tp,Jafarov_2016,True,,,,1,42.0,
BS_HD_1,2013-08-12,71.261692,-156.616336,43.0,tp,Jafarov_2016,True,,,,1,43.0,
BS_HD_1,2013-08-12,71.261693,-156.61631,49.0,tp,Jafarov_2016,True,,,,1,49.0,
BS_HD_1,2013-08-12,71.261692,-156.616283,44.0,tp,Jafarov_2016,True,,,,1,44.0,
BS_HD_1,2013-08-12,71.261691,-156.616257,36.0,tp,Jafarov_2016,True,,,,1,36.0,
BS_HD_1,2013-08-12,71.261691,-156.616231,42.0,tp,Jafarov_2016,True,,,,1,42.0,
BS_HD_1,2013-08-12,71.261691,-156.616204,36.0,tp,Jafarov_2016,True,,,,1,36.0,
BS_HD_1,2013-08-12,71.26169,-156.616178,35.0,tp,Jafarov_2016,True,,,,1,35.0,
BS_HD_1,2013-08-12,71.26169,-156.616151,43.0,tp,Jafarov_2016,True,,,,1,43.0,
BS_HD_1,2013-08-12,71.26169,-156.616125,46.0,tp,Jafarov_2016,True,,,,1,46.0,
BS_HD_1,2013-08-12,71.261688,-156.616099,46.0,tp,Jafarov_2016,True,,,,1,46.0,
BS_HD_1,2013-08-12,71.261688,-156.616072,40.0,tp,Jafarov_2016,True,,,,1,40.0,
BS_HD_1,2013-08-12,71.261688,-156.616046,49.0,tp,Jafarov_2016,True,,,,1,49.0,
BS_HD_1,2013-08-12,71.261686,-156.616019,48.0,tp,Jafarov_2016,True,,,,1,48.0,
BS_HD_1,2013-08-12,71.261683,-156.615993,46.0,tp,Jafarov_2016,True,,,,1,46.0,
BS_HD_1,2013-08-12,71.261682,-156.615967,46.0,tp,Jafarov_2016,True,,,,1,46.0,
BS_HD_1,2013-08-12,71.261682,-156.61594,47.0,tp,Jafarov_2016,True,,,,1,47.0,
BS_HD_1,2013-08-12,71.261682,-156.615914,40.0,tp,Jafarov_2016,True,,,,1,40.0,
BS_HD_1,2013-08-12,71.261681,-156.615887,38.0,tp,Jafarov_2016,True,,,,1,38.0,
BS_HD_1,2013-08-12,71.261681,-156.615861,38.0,tp,Jafarov_2016,True,,,,1,38.0,
BS_HD_1,2013-08-12,71.26168,-156.615835,35.0,tp,Jafarov_2016,True,,,,1,35.0,
BS_HD_1,2013-08-12,71.26168,-156.615808,37.0,tp,Jafarov_2016,True,,,,1,37.0,
BS_HD_1,2013-08-12,71.26168,-156.615782,41.0,tp,Jafarov_2016,True,,,,1,41.0,
BS_HD_1,2013-08-12,71.26168,-156.615756,43.0,tp,Jafarov_2016,True,,,,1,43.0,
BS_HD_1,2013-08-12,71.261679,-156.615729,44.0,tp,Jafarov_2016,True,,,,1,44.0,
BS_HD_1,2013-08-12,71.261678,-156.615703,40.0,tp,Jafarov_2016,True,,,,1,40.0,
BS_HD_1,2013-08-12,71.261677,-156.615676,37.0,tp,Jafarov_2016,True,,,,1,37.0,
BS_HD_1,2013-08-12,71.261676,-156.61565,46.0,tp,Jafarov_2016,True,,,,1,46.0,
BS_HD_1,2013-08-12,71.261674,-156.615624,46.0,tp,Jafarov_2016,True,,,,1,46.0,
BS_HD_1,2013-08-12,71.261673,-156.615597,55.00000000000001,tp,Jafarov_2016,True,,,,1,55.00000000000001,
BS_HD_1,2013-08-12,71.261671,-156.615571,39.0,tp,Jafarov_2016,True,,,,1,39.0,
BS_HD_1,2013-08-12,71.261669,-156.615544,36.0,tp,Jafarov_2016,True,,,,1,36.0,
BS_HD_1,2013-08-12,71.261665,-156.615518,30.0,tp,Jafarov_2016,True,,,,1,30.0,
BS_HD_1,2013-08-12,71.261662,-156.615492,37.0,tp,Jafarov_2016,True,,,,1,37.0,
BS_HD_1,2013-08-12,71.261661,-156.615465,35.0,tp,Jafarov_2016,True,,,,1,35.0,
BS_HD_1,2013-08-12,71.261658,-156.615439,41.0,tp,Jafarov_2016,True,,,,1,41.0,
BS_HD_1,2013-08-12,71.261653,-156.615412,38.0,tp,Jafarov_2016,True,,,,1,38.0,
BS_HD_1,2013-08-12,71.261652,-156.615386,36.0,tp,Jafarov_2016,True,,,,1,36.0,
BS_HD_1,2013-08-12,71.261648,-156.61536,36.0,tp,Jafarov_2016,True,,,,1,36.0,
BS_HD_1,2013-08-12,71.261647,-156.615333,32.0,tp,Jafarov_2016,True,,,,1,32.0,
BS_HD_2,2013-08-12,71.259802,-156.593889,28.999999999999996,tp,Jafarov_2016,True,,,,1,28.999999999999996,
BS_HD_2,2013-08-12,71.259801,-156.593884,30.0,tp,Jafarov_2016,True,,,,1,30.0,
BS_HD_2,2013-08-12,71.259801,-156.593879,31.0,tp,Jafarov_2016,True,,,,1,31.0,
BS_HD_2,2013-08-12,71.259801,-156.593874,26.0,tp,Jafarov_2016,True,,,,1,26.0,
BS_HD_2,2013-08-12,71.2598,-156.593869,27.0,tp,Jafarov_2016,True,,,,1,27.0,
BS_HD_2,2013-08-12,71.259799,-156.593864,27.0,tp,Jafarov_2016,True,,,,1,27.0,
BS_HD_2,2013-08-12,71.259798,-156.593859,26.0,tp,Jafarov_2016,True,,,,1,26.0,
BS_HD_2,2013-08-12,71.259798,-156.593854,28.999999999999996,tp,Jafarov_2016,True,,,,1,28.999999999999996,
BS_HD_2,2013-08-12,71.259798,-156.593849,28.999999999999996,tp,Jafarov_2016,True,,,,1,28.999999999999996,
BS_HD_2,2013-08-12,71.259798,-156.593844,24.0,tp,Jafarov_2016,True,,,,1,24.0,
BS_HD_2,2013-08-12,71.259797,-156.593839,17.0,tp,Jafarov_2016,True,,,,1,17.0,
BS_HD_2,2013-08-12,71.259796,-156.593834,23.0,tp,Jafarov_2016,True,,,,1,23.0,
BS_HD_2,2013-08-12,71.259795,-156.593829,28.000000000000004,tp,Jafarov_2016,True,,,,1,28.000000000000004,
BS_HD_2,2013-08-12,71.259794,-156.593824,26.0,tp,Jafarov_2016,True,,,,1,26.0,
BS_HD_2,2013-08-12,71.259793,-156.593819,23.0,tp,Jafarov_2016,True,,,,1,23.0,
BS_HD_2,2013-08-12,71.259792,-156.593814,22.0,tp,Jafarov_2016,True,,,,1,22.0,
BS_HD_2,2013-08-12,71.259792,-156.593809,28.999999999999996,tp,Jafarov_2016,True,,,,1,28.999999999999996,
BS_HD_2,2013-08-12,71.259791,-156.593804,27.0,tp,Jafarov_2016,True,,,,1,27.0,
BS_HD_2,2013-08-12,71.25979,-156.593799,26.0,tp,Jafarov_2016,True,,,,1,26.0,
BS_HD_2,2013-08-12,71.259789,-156.593794,28.000000000000004,tp,Jafarov_2016,True,,,,1,28.000000000000004,
BS_HD_2,2013-08-12,71.259788,-156.593789,28.999999999999996,tp,Jafarov_2016,True,,,,1,28.999999999999996,
BS_HD_2,2013-08-12,71.259786,-156.593784,28.000000000000004,tp,Jafarov_2016,True,,,,1,28.000000000000004,
BS_HD_2,2013-08-12,71.259785,-156.593779,30.0,tp,Jafarov_2016,True,,,,1,30.0,
BS_HD_2,2013-08-12,71.259784,-156.593774,32.0,tp,Jafarov_2016,True,,,,1,32.0,
BS_HD_2,2013-08-12,71.259784,-156.593769,24.0,tp,Jafarov_2016,True,,,,1,24.0,
BS_HD_2,2013-08-12,71.259783,-156.593764,25.0,tp,Jafarov_2016,True,,,,1,25.0,
BS_HD_2,2013-08-12,71.259782,-156.593759,18.0,tp,Jafarov_2016,True,,,,1,18.0,
BS_HD_2,2013-08-12,71.259779,-156.593754,25.0,tp,Jafarov_2016,True,,,,1,25.0,
BS_HD_2,2013-08-12,71.259776,-156.593749,28.999999999999996,tp,Jafarov_2016,True,,,,1,28.999999999999996,
BS_HD_2,2013-08-12,71.259775,-156.593744,22.0,tp,Jafarov_2016,True,,,,1,22.0,
BS_HD_2,2013-08-12,71.259773,-156.593739,24.0,tp,Jafarov_2016,True,,,,1,24.0,
BS_HD_2,2013-08-12,71.25977,-156.593734,20.0,tp,Jafarov_2016,True,,,,1,20.0,
BS_HD_2,2013-08-12,71.259767,-156.593729,21.0,tp,Jafarov_2016,True,,,,1,21.0,
BS_HD_2,2013-08-12,71.259764,-156.593724,23.0,tp,Jafarov_2016,True,,,,1,23.0,
BS_HD_2,2013-08-12,71.259761,-156.593719,26.0,tp,Jafarov_2016,True,,,,1,26.0,
BS_HD_2,2013-08-12,71.259758,-156.593714,25.0,tp,Jafarov_2016,True,,,,1,25.0,
BS_HD_2,2013-08-12,71.259756,-156.593709,25.0,tp,Jafarov_2016,True,,,,1,25.0,
BS_HD_2,2013-08-12,71.259754,-156.593704,27.0,tp,Jafarov_2016,True,,,,1,27.0,
BS_HD_2,2013-08-12,71.259753,-156.593699,26.0,tp,Jafarov_2016,True,,,,1,26.0,
BS_HD_2,2013-08-12,71.259751,-156.593694,26.0,tp,Jafarov_2016,True,,,,1,26.0,
BS_HD_2,2013-08-12,71.259748,-156.593689,26.0,tp,Jafarov_2016,True,,,,1,26.0,
BS_HD_2,2013-08-12,71.259743,-156.593684,28.000000000000004,tp,Jafarov_2016,True,,,,1,28.000000000000004,
BS_HD_2,2013-08-12,71.259739,-156.593679,26.0,tp,Jafarov_2016,True,,,,1,26.0,
BS_HD_2,2013-08-12,71.259738,-156.593674,26.0,tp,Jafarov_2016,True,,,,1,26.0,
BS_HD_2,2013-08-12,71.259737,-156.593669,26.0,tp,Jafarov_2016,True,,,,1,26.0,
BS_HD_2,2013-08-12,71.259736,-156.593664,25.0,tp,Jafarov_2016,True,,,,1,25.0,
BS_HD_2,2013-08-12,71.259733,-156.593659,26.0,tp,Jafarov_2016,True,,,,1,26.0,
BS_HD_2,2013-08-12,71.25973,-156.593654,25.0,tp,Jafarov_2016,True,,,,1,25.0,
BS_HD_2,2013-08-12,71.259728,-156.593649,28.000000000000004,tp,Jafarov_2016,True,,,,1,28.000000000000004,
BS_HD_2,2013-08-12,71.259727,-156.593644,28.000000000000004,tp,Jafarov_2016,True,,,,1,28.000000000000004,
BS_HD_2,2013-08-12,71.259726,-156.593639,28.000000000000004,tp,Jafarov_2016,True,,,,1,28.000000000000004,
BS_HD_2,2013-08-12,71.259724,-156.593634,28.000000000000004,tp,Jafarov_2016,True,,,,1,28.000000000000004,
BS_HD_2,2013-08-12,71.259723,-156.593629,30.0,tp,Jafarov_2016,True,,,,1,30.0,
BS_HD_2,2013-08-12,71.259721,-156.593624,27.0,tp,Jafarov_2016,True,,,,1,27.0,
BS_HD_2,2013-08-12,71.25972,-156.593619,30.0,tp,Jafarov_2016,True,,,,1,30.0,
BS_HD_2,2013-08-12,71.259718,-156.593614,36.0,tp,Jafarov_2016,True,,,,1,36.0,
BS_HD_2,2013-08-12,71.259717,-156.593609,28.999999999999996,tp,Jafarov_2016,True,,,,1,28.999999999999996,
BS_HD_2,2013-08-12,71.259715,-156.593604,30.0,tp,Jafarov_2016,True,,,,1,30.0,
BS_HD_2,2013-08-12,71.259713,-156.593599,30.0,tp,Jafarov_2016,True,,,,1,30.0,
BS_HD_2,2013-08-12,71.259711,-156.593594,32.0,tp,Jafarov_2016,True,,,,1,32.0,
BS_HD_2,2013-08-12,71.25971,-156.593589,32.0,tp,Jafarov_2016,True,,,,1,32.0,
BS_HD_2,2013-08-12,71.259708,-156.593584,31.0,tp,Jafarov_2016,True,,,,1,31.0,
BS_HD_2,2013-08-12,71.259707,-156.593579,30.0,tp,Jafarov_2016,True,,,,1,30.0,
BS_HD_2,2013-08-12,71.259704,-156.593574,34.0,tp,Jafarov_2016,True,,,,1,34.0,
BS_HD_2,2013-08-12,71.259701,-156.593569,36.0,tp,Jafarov_2016,True,,,,1,36.0,
BS_HD_2,2013-08-12,71.259699,-156.593564,34.0,tp,Jafarov_2016,True,,,,1,34.0,
BS_HD_2,2013-08-12,71.259697,-156.593559,34.0,tp,Jafarov_2016,True,,,,1,34.0,
BS_HD_2,2013-08-12,71.259695,-156.593554,34.0,tp,Jafarov_2016,True,,,,1,34.0,
BS_HD_2,2013-08-12,71.259692,-156.593549,33.0,tp,Jafarov_2016,True,,,,1,33.0,
BS_HD_2,2013-08-12,71.259689,-156.593544,34.0,tp,Jafarov_2016,True,,,,1,34.0,
BS_HD_2,2013-08-12,71.259686,-156.593539,32.0,tp,Jafarov_2016,True,,,,1,32.0,
BS_HD_2,2013-08-12,71.259684,-156.593534,30.0,tp,Jafarov_2016,True,,,,1,30.0,
BS_HD_2,2013-08-12,71.259682,-156.593529,30.0,tp,Jafarov_2016,True,,,,1,30.0,
BS_HD_2,2013-08-12,71.259679,-156.593524,30.0,tp,Jafarov_2016,True,,,,1,30.0,
BS_HD_2,2013-08-12,71.259678,-156.593519,30.0,tp,Jafarov_2016,True,,,,1,30.0,
BS_HD_2,2013-08-12,71.259676,-156.593514,28.000000000000004,tp,Jafarov_2016,True,,,,1,28.000000000000004,
BS_HD_2,2013-08-12,71.259675,-156.593509,27.0,tp,Jafarov_2016,True,,,,1,27.0,
BS_HD_2,2013-08-12,71.259673,-156.593504,26.0,tp,Jafarov_2016,True,,,,1,26.0,
BS_HD_2,2013-08-12,71.259672,-156.593499,28.000000000000004,tp,Jafarov_2016,True,,,,1,28.000000000000004,
BS_HD_2,2013-08-12,71.259671,-156.593494,24.0,tp,Jafarov_2016,True,,,,1,24.0,
BS_HD_2,2013-08-12,71.259669,-156.593489,31.0,tp,Jafarov_2016,True,,,,1,31.0,
BS_HD_2,2013-08-12,71.259666,-156.593484,38.0,tp,Jafarov_2016,True,,,,1,38.0,
BS_HD_2,2013-08-12,71.259659,-156.593479,33.0,tp,Jafarov_2016,True,,,,1,33.0,
BS_HD_2,2013-08-12,71.259652,-156.593474,28.999999999999996,tp,Jafarov_2016,True,,,,1,28.999999999999996,
BS_HD_2,2013-08-12,71.259646,-156.593469,35.0,tp,Jafarov_2016,True,,,,1,35.0,
BS_HD_2,2013-08-12,71.259642,-156.593464,36.0,tp,Jafarov_2016,True,,,,1,36.0,
BS_HD_2,2013-08-12,71.25964,-156.593459,35.0,tp,Jafarov_2016,True,,,,1,35.0,
BS_HD_2,2013-08-12,71.259639,-156.593454,33.0,tp,Jafarov_2016,True,,,,1,33.0,
BS_HD_2,2013-08-12,71.259636,-156.593449,34.0,tp,Jafarov_2016,True,,,,1,34.0,
BS_HD_2,2013-08-12,71.259633,-156.593444,37.0,tp,Jafarov_2016,True,,,,1,37.0,
BS_HD_2,2013-08-12,71.25963,-156.593439,35.0,tp,Jafarov_2016,True,,,,1,35.0,
BS_HD_2,2013-08-12,71.259628,-156.593434,34.0,tp,Jafarov_2016,True,,,,1,34.0,
BS_HD_2,2013-08-12,71.259626,-156.593429,34.0,tp,Jafarov_2016,True,,,,1,34.0,
BS_HD_2,2013-08-12,71.259623,-156.593424,30.0,tp,Jafarov_2016,True,,,,1,30.0,
BS_HD_2,2013-08-12,71.25962,-156.593419,28.000000000000004,tp,Jafarov_2016,True,,,,1,28.000000000000004,
BS_HD_2,2013-08-12,71.259619,-156.593414,30.0,tp,Jafarov_2016,True,,,,1,30.0,
BS_HD_2,2013-08-12,71.259618,-156.593409,32.0,tp,Jafarov_2016,True,,,,1,32.0,
BS_HD_2,2013-08-12,71.259617,-156.593404,28.000000000000004,tp,Jafarov_2016,True,,,,1,28.000000000000004,
BS_HD_2,2013-08-12,71.259614,-156.593399,26.0,tp,Jafarov_2016,True,,,,1,26.0,
BS_HD_2,2013-08-12,71.25961,-156.593394,26.0,tp,Jafarov_2016,True,,,,1,26.0,
BS_HD_2,2013-08-12,71.259606,-156.593389,26.0,tp,Jafarov_2016,True,,,,1,26.0,
BS_HD_3,2013-08-12,71.257062,-156.565083,38.0,tp,Jafarov_2016,True,,,,1,38.0,
BS_HD_3,2013-08-12,71.257062,-156.565061,39.0,tp,Jafarov_2016,True,,,,1,39.0,
BS_HD_3,2013-08-12,71.257063,-156.565038,37.0,tp,Jafarov_2016,True,,,,1,37.0,
BS_HD_3,2013-08-12,71.25706,-156.565016,38.0,tp,Jafarov_2016,True,,,,1,38.0,
BS_HD_3,2013-08-12,71.257067,-156.564993,39.0,tp,Jafarov_2016,True,,,,1,39.0,
BS_HD_3,2013-08-12,71.257063,-156.564971,39.0,tp,Jafarov_2016,True,,,,1,39.0,
BS_HD_3,2013-08-12,71.257063,-156.564948,40.0,tp,Jafarov_2016,True,,,,1,40.0,
BS_HD_3,2013-08-12,71.257062,-156.564926,40.0,tp,Jafarov_2016,True,,,,1,40.0,
BS_HD_3,2013-08-12,71.257057,-156.564903,40.0,tp,Jafarov_2016,True,,,,1,40.0,
BS_HD_3,2013-08-12,71.257053,-156.564881,39.0,tp,Jafarov_2016,True,,,,1,39.0,
BS_HD_3,2013-08-12,71.25705,-156.564858,39.0,tp,Jafarov_2016,True,,,,1,39.0,
BS_HD_3,2013-08-12,71.257048,-156.564836,39.0,tp,Jafarov_2016,True,,,,1,39.0,
BS_HD_3,2013-08-12,71.257047,-156.564813,39.0,tp,Jafarov_2016,True,,,,1,39.0,
BS_HD_3,2013-08-12,71.257044,-156.564791,42.0,tp,Jafarov_2016,True,,,,1,42.0,
BS_HD_3,2013-08-12,71.257042,-156.564768,43.0,tp,Jafarov_2016,True,,,,1,43.0,
BS_HD_3,2013-08-12,71.257042,-156.564746,43.0,tp,Jafarov_2016,True,,,,1,43.0,
BS_HD_3,2013-08-12,71.257042,-156.564723,41.0,tp,Jafarov_2016,True,,,,1,41.0,
BS_HD_3,2013-08-12,71.257042,-156.564701,40.0,tp,Jafarov_2016,True,,,,1,40.0,
BS_HD_3,2013-08-12,71.257041,-156.564678,40.0,tp,Jafarov_2016,True,,,,1,40.0,
BS_HD_3,2013-08-12,71.257038,-156.564656,42.0,tp,Jafarov_2016,True,,,,1,42.0,
BS_HD_3,2013-08-12,71.257036,-156.564633,43.0,tp,Jafarov_2016,True,,,,1,43.0,
BS_HD_3,2013-08-12,71.257032,-156.564611,43.0,tp,Jafarov_2016,True,,,,1,43.0,
BS_HD_3,2013-08-12,71.257028,-156.564588,43.0,tp,Jafarov_2016,True,,,,1,43.0,
BS_HD_3,2013-08-12,71.257025,-156.564566,41.0,tp,Jafarov_2016,True,,,,1,41.0,
BS_HD_3,2013-08-12,71.25702,-156.564543,40.0,tp,Jafarov_2016,True,,,,1,40.0,
BS_HD_3,2013-08-12,71.257014,-156.564521,41.0,tp,Jafarov_2016,True,,,,1,41.0,
BS_HD_3,2013-08-12,71.257008,-156.564498,39.0,tp,Jafarov_2016,True,,,,1,39.0,
BS_HD_3,2013-08-12,71.257005,-156.564476,36.0,tp,Jafarov_2016,True,,,,1,36.0,
BS_HD_3,2013-08-12,71.257002,-156.564453,35.0,tp,Jafarov_2016,True,,,,1,35.0,
BS_HD_3,2013-08-12,71.256999,-156.564431,34.0,tp,Jafarov_2016,True,,,,1,34.0,
BS_HD_3,2013-08-12,71.256995,-156.564408,33.0,tp,Jafarov_2016,True,,,,1,33.0,
BS_HD_3,2013-08-12,71.25699,-156.564386,34.0,tp,Jafarov_2016,True,,,,1,34.0,
BS_HD_3,2013-08-12,71.256985,-156.564363,33.0,tp,Jafarov_2016,True,,,,1,33.0,
BS_HD_3,2013-08-12,71.256983,-156.564341,33.0,tp,Jafarov_2016,True,,,,1,33.0,
BS_HD_3,2013-08-12,71.256979,-156.564318,33.0,tp,Jafarov_2016,True,,,,1,33.0,
BS_HD_3,2013-08-12,71.256972,-156.564296,28.999999999999996,tp,Jafarov_2016,True,,,,1,28.999999999999996,
BS_HD_3,2013-08-12,71.256968,-156.564273,31.0,tp,Jafarov_2016,True,,,,1,31.0,
BS_HD_3,2013-08-12,71.256967,-156.564251,31.0,tp,Jafarov_2016,True,,,,1,31.0,
BS_HD_3,2013-08-12,71.256964,-156.564228,32.0,tp,Jafarov_2016,True,,,,1,32.0,
BS_HD_3,2013-08-12,71.256958,-156.564206,32.0,tp,Jafarov_2016,True,,,,1,32.0,
BS_HD_3,2013-08-12,71.256952,-156.564183,28.000000000000004,tp,Jafarov_2016,True,,,,1,28.000000000000004,
BS_HD_3,2013-08-12,71.256944,-156.564161,30.0,tp,Jafarov_2016,True,,,,1,30.0,
BS_HD_3,2013-08-12,71.256942,-156.564138,30.0,tp,Jafarov_2016,True,,,,1,30.0,
BS_HD_3,2013-08-12,71.256936,-156.564116,31.0,tp,Jafarov_2016,True,,,,1,31.0,
BS_HD_3,2013-08-12,71.256929,-156.564093,32.0,tp,Jafarov_2016,True,,,,1,32.0,
BS_HD_3,2013-08-12,71.256926,-156.564071,35.0,tp,Jafarov_2016,True,,,,1,35.0,
BS_HD_3,2013-08-12,71.25692,-156.564048,33.0,tp,Jafarov_2016,True,,,,1,33.0,
BS_HD_3,2013-08-12,71.256914,-156.564026,32.0,tp,Jafarov_2016,True,,,,1,32.0,
BS_HD_3,2013-08-12,71.256909,-156.564003,34.0,tp,Jafarov_2016,True,,,,1,34.0,
BS_HD_3,2013-08-12,71.256902,-156.563981,34.0,tp,Jafarov_2016,True,,,,1,34.0,
BS_HD_3,2013-08-12,71.256898,-156.563958,32.0,tp,Jafarov_2016,True,,,,1,32.0,
BS_HD_3,2013-08-12,71.256893,-156.563936,32.0,tp,Jafarov_2016,True,,,,1,32.0,
BS_HD_3,2013-08-12,71.256889,-156.563913,32.0,tp,Jafarov_2016,True,,,,1,32.0,
BS_HD_3,2013-08-12,71.256885,-156.563891,31.0,tp,Jafarov_2016,True,,,,1,31.0,
BS_HD_3,2013-08-12,71.256883,-156.563868,31.0,tp,Jafarov_2016,True,,,,1,31.0,
BS_HD_3,2013-08-12,71.256879,-156.563846,33.0,tp,Jafarov_2016,True,,,,1,33.0,
BS_HD_3,2013-08-12,71.256875,-156.563823,33.0,tp,Jafarov_2016,True,,,,1,33.0,
BS_HD_3,2013-08-12,71.256872,-156.563801,31.0,tp,Jafarov_2016,True,,,,1,31.0,
BS_HD_3,2013-08-12,71.25687,-156.563778,31.0,tp,Jafarov_2016,True,,,,1,31.0,
BS_HD_3,2013-08-12,71.256866,-156.563756,32.0,tp,Jafarov_2016,True,,,,1,32.0,
BS_HD_3,2013-08-12,71.256861,-156.563733,33.0,tp,Jafarov_2016,True,,,,1,33.0,
BS_HD_3,2013-08-12,71.256858,-156.563711,33.0,tp,Jafarov_2016,True,,,,1,33.0,
BS_HD_3,2013-08-12,71.256854,-156.563688,33.0,tp,Jafarov_2016,True,,,,1,33.0,
BS_HD_3,2013-08-12,71.256851,-156.563666,32.0,tp,Jafarov_2016,True,,,,1,32.0,
BS_HD_3,2013-08-12,71.256845,-156.563643,28.999999999999996,tp,Jafarov_2016,True,,,,1,28.999999999999996,
BS_HD_3,2013-08-12,71.256843,-156.563621,32.0,tp,Jafarov_2016,True,,,,1,32.0,
BS_HD_3,2013-08-12,71.256838,-156.563598,34.0,tp,Jafarov_2016,True,,,,1,34.0,
BS_HD_3,2013-08-12,71.256834,-156.563576,37.0,tp,Jafarov_2016,True,,,,1,37.0,
BS_HD_3,2013-08-12,71.256831,-156.563553,36.0,tp,Jafarov_2016,True,,,,1,36.0,
BS_HD_3,2013-08-12,71.256825,-156.563531,33.0,tp,Jafarov_2016,True,,,,1,33.0,
BS_HD_3,2013-08-12,71.256822,-156.563508,33.0,tp,Jafarov_2016,True,,,,1,33.0,
BS_HD_3,2013-08-12,71.25682,-156.563486,36.0,tp,Jafarov_2016,True,,,,1,36.0,
BS_HD_3,2013-08-12,71.256816,-156.563463,36.0,tp,Jafarov_2016,True,,,,1,36.0,
BS_HD_3,2013-08-12,71.256809,-156.563441,36.0,tp,Jafarov_2016,True,,,,1,36.0,
BS_HD_3,2013-08-12,71.256807,-156.563418,39.0,tp,Jafarov_2016,True,,,,1,39.0,
BS_HD_3,2013-08-12,71.256802,-156.563396,40.0,tp,Jafarov_2016,True,,,,1,40.0,
BS_HD_3,2013-08-12,71.256797,-156.563373,38.0,tp,Jafarov_2016,True,,,,1,38.0,
BS_HD_3,2013-08-12,71.256792,-156.563351,39.0,tp,Jafarov_2016,True,,,,1,39.0,
BS_HD_3,2013-08-12,71.256785,-156.563328,40.0,tp,Jafarov_2016,True,,,,1,40.0,
BS_HD_3,2013-08-12,71.256778,-156.563306,40.0,tp,Jafarov_2016,True,,,,1,40.0,
BS_HD_3,2013-08-12,71.256772,-156.563283,41.0,tp,Jafarov_2016,True,,,,1,41.0,
BS_HD_3,2013-08-12,71.256769,-156.563261,43.0,tp,Jafarov_2016,True,,,,1,43.0,
BS_HD_3,2013-08-12,71.256763,-156.563238,42.0,tp,Jafarov_2016,True,,,,1,42.0,
BS_HD_3,2013-08-12,71.256759,-156.563216,41.0,tp,Jafarov_2016,True,,,,1,41.0,
BS_HD_3,2013-08-12,71.256756,-156.563193,42.0,tp,Jafarov_2016,True,,,,1,42.0,
BS_HD_3,2013-08-12,71.25675,-156.563171,42.0,tp,Jafarov_2016,True,,,,1,42.0,
BS_HD_3,2013-08-12,71.256742,-156.563148,42.0,tp,Jafarov_2016,True,,,,1,42.0,
BS_HD_3,2013-08-12,71.256733,-156.563126,41.0,tp,Jafarov_2016,True,,,,1,41.0,
BS_HD_3,2013-08-12,71.256728,-156.563103,43.0,tp,Jafarov_2016,True,,,,1,43.0,
BS_HD_3,2013-08-12,71.256722,-156.563081,43.0,tp,Jafarov_2016,True,,,,1,43.0,
BS_HD_3,2013-08-12,71.256716,-156.563058,43.0,tp,Jafarov_2016,True,,,,1,43.0,
BS_HD_3,2013-08-12,71.256711,-156.563036,43.0,tp,Jafarov_2016,True,,,,1,43.0,
BS_HD_3,2013-08-12,71.256707,-156.563013,43.0,tp,Jafarov_2016,True,,,,1,43.0,
BS_HD_3,2013-08-12,71.256702,-156.562991,43.0,tp,Jafarov_2016,True,,,,1,43.0,
BS_HD_3,2013-08-12,71.256699,-156.562968,43.0,tp,Jafarov_2016,True,,,,1,43.0,
BS_HD_3,2013-08-12,71.256693,-156.562946,43.0,tp,Jafarov_2016,True,,,,1,43.0,
BS_HD_3,2013-08-12,71.256688,-156.562923,42.0,tp,Jafarov_2016,True,,,,1,42.0,
BS_HD_3,2013-08-12,71.25668,-156.562901,42.0,tp,Jafarov_2016,True,,,,1,42.0,
BS_HD_3,2013-08-12,71.256669,-156.562878,41.0,tp,Jafarov_2016,True,,,,1,41.0,
BS_HD_3,2013-08-12,71.25666,-156.562856,43.0,tp,Jafarov_2016,True,,,,1,43.0,
BS_HD_3,2013-08-12,71.256653,-156.562833,43.0,tp,Jafarov_2016,True,,,,1,43.0,
BS_HD_4,2013-08-12,71.255677,-156.550861,41.0,tp,Jafarov_2016,True,,,,1,41.0,
BS_HD_4,2013-08-12,71.255673,-156.550836,43.0,tp,Jafarov_2016,True,,,,1,43.0,
BS_HD_4,2013-08-12,71.25567,-156.550811,44.0,tp,Jafarov_2016,True,,,,1,44.0,
BS_HD_4,2013-08-12,71.255667,-156.550786,44.0,tp,Jafarov_2016,True,,,,1,44.0,
BS_HD_4,2013-08-12,71.255663,-156.550761,44.0,tp,Jafarov_2016,True,,,,1,44.0,
BS_HD_4,2013-08-12,71.255664,-156.550736,42.0,tp,Jafarov_2016,True,,,,1,42.0,
BS_HD_4,2013-08-12,71.255672,-156.550711,38.0,tp,Jafarov_2016,True,,,,1,38.0,
BS_HD_4,2013-08-12,71.255668,-156.550686,38.0,tp,Jafarov_2016,True,,,,1,38.0,
BS_HD_4,2013-08-12,71.255662,-156.550661,39.0,tp,Jafarov_2016,True,,,,1,39.0,
BS_HD_4,2013-08-12,71.255657,-156.550636,39.0,tp,Jafarov_2016,True,,,,1,39.0,
BS_HD_4,2013-08-12,71.255653,-156.550611,39.0,tp,Jafarov_2016,True,,,,1,39.0,
BS_HD_4,2013-08-12,71.255649,-156.550586,39.0,tp,Jafarov_2016,True,,,,1,39.0,
BS_HD_4,2013-08-12,71.255644,-156.550561,40.0,tp,Jafarov_2016,True,,,,1,40.0,
BS_HD_4,2013-08-12,71.255641,-156.550536,39.0,tp,Jafarov_2016,True,,,,1,39.0,
BS_HD_4,2013-08-12,71.255636,-156.550511,39.0,tp,Jafarov_2016,True,,,,1,39.0,
BS_HD_4,2013-08-12,71.255632,-156.550486,38.0,tp,Jafarov_2016,True,,,,1,38.0,
BS_HD_4,2013-08-12,71.255627,-156.550461,39.0,tp,Jafarov_2016,True,,,,1,39.0,
BS_HD_4,2013-08-12,71.255623,-156.550436,38.0,tp,Jafarov_2016,True,,,,1,38.0,
BS_HD_4,2013-08-12,71.255617,-156.550411,39.0,tp,Jafarov_2016,True,,,,1,39.0,
BS_HD_4,2013-08-12,71.255614,-156.550386,40.0,tp,Jafarov_2016,True,,,,1,40.0,
BS_HD_4,2013-08-12,71.25561,-156.550361,41.0,tp,Jafarov_2016,True,,,,1,41.0,
BS_HD_4,2013-08-12,71.255607,-156.550336,43.0,tp,Jafarov_2016,True,,,,1,43.0,
BS_HD_4,2013-08-12,71.255604,-156.550311,43.0,tp,Jafarov_2016,True,,,,1,43.0,
BS_HD_4,2013-08-12,71.2556,-156.550286,41.0,tp,Jafarov_2016,True,,,,1,41.0,
BS_HD_4,2013-08-12,71.255595,-156.550261,42.0,tp,Jafarov_2016,True,,,,1,42.0,
BS_HD_4,2013-08-12,71.25559,-156.550236,40.0,tp,Jafarov_2016,True,,,,1,40.0,
BS_HD_4,2013-08-12,71.255585,-156.550211,41.0,tp,Jafarov_2016,True,,,,1,41.0,
BS_HD_4,2013-08-12,71.255584,-156.550186,40.0,tp,Jafarov_2016,True,,,,1,40.0,
BS_HD_4,2013-08-12,71.255578,-156.550161,41.0,tp,Jafarov_2016,True,,,,1,41.0,
BS_HD_4,2013-08-12,71.255575,-156.550136,39.0,tp,Jafarov_2016,True,,,,1,39.0,
BS_HD_4,2013-08-12,71.25557,-156.550111,36.0,tp,Jafarov_2016,True,,,,1,36.0,
BS_HD_4,2013-08-12,71.255566,-156.550086,37.0,tp,Jafarov_2016,True,,,,1,37.0,
BS_HD_4,2013-08-12,71.25556,-156.550061,28.999999999999996,tp,Jafarov_2016,True,,,,1,28.999999999999996,
BS_HD_4,2013-08-12,71.255554,-156.550036,30.0,tp,Jafarov_2016,True,,,,1,30.0,
BS_HD_4,2013-08-12,71.25555,-156.550011,26.0,tp,Jafarov_2016,True,,,,1,26.0,
BS_HD_4,2013-08-12,71.255543,-156.549986,26.0,tp,Jafarov_2016,True,,,,1,26.0,
BS_HD_4,2013-08-12,71.25554,-156.549961,28.999999999999996,tp,Jafarov_2016,True,,,,1,28.999999999999996,
BS_HD_4,2013-08-12,71.255534,-156.549936,34.0,tp,Jafarov_2016,True,,,,1,34.0,
BS_HD_4,2013-08-12,71.255532,-156.549911,31.0,tp,Jafarov_2016,True,,,,1,31.0,
BS_HD_4,2013-08-12,71.255529,-156.549886,31.0,tp,Jafarov_2016,True,,,,1,31.0,
BS_HD_4,2013-08-12,71.255527,-156.549861,28.999999999999996,tp,Jafarov_2016,True,,,,1,28.999999999999996,
BS_HD_4,2013-08-12,71.255524,-156.549836,30.0,tp,Jafarov_2016,True,,,,1,30.0,
BS_HD_4,2013-08-12,71.25552,-156.549811,33.0,tp,Jafarov_2016,True,,,,1,33.0,
BS_HD_4,2013-08-12,71.255518,-156.549786,39.0,tp,Jafarov_2016,True,,,,1,39.0,
BS_HD_4,2013-08-12,71.255515,-156.549761,37.0,tp,Jafarov_2016,True,,,,1,37.0,
BS_HD_4,2013-08-12,71.255512,-156.549736,36.0,tp,Jafarov_2016,True,,,,1,36.0,
BS_HD_4,2013-08-12,71.25551,-156.549711,36.0,tp,Jafarov_2016,True,,,,1,36.0,
BS_HD_4,2013-08-12,71.255509,-156.549686,38.0,tp,Jafarov_2016,True,,,,1,38.0,
BS_HD_4,2013-08-12,71.255508,-156.549661,36.0,tp,Jafarov_2016,True,,,,1,36.0,
BS_HD_4,2013-08-12,71.255507,-156.549636,40.0,tp,Jafarov_2016,True,,,,1,40.0,
BS_HD_4,2013-08-12,71.255507,-156.549611,38.0,tp,Jafarov_2016,True,,,,1,38.0,
BS_HD_4,2013-08-12,71.255507,-156.549586,40.0,tp,Jafarov_2016,True,,,,1,40.0,
BS_HD_4,2013-08-12,71.255507,-156.549561,44.0,tp,Jafarov_2016,True,,,,1,44.0,
BS_HD_4,2013-08-12,71.255507,-156.549536,45.0,tp,Jafarov_2016,True,,,,1,45.0,
BS_HD_4,2013-08-12,71.255505,-156.549511,46.0,tp,Jafarov_2016,True,,,,1,46.0,
BS_HD_4,2013-08-12,71.255505,-156.549486,48.0,tp,Jafarov_2016,True,,,,1,48.0,
BS_HD_4,2013-08-12,71.255504,-156.549461,43.0,tp,Jafarov_2016,True,,,,1,43.0,
BS_HD_4,2013-08-12,71.255502,-156.549436,46.0,tp,Jafarov_2016,True,,,,1,46.0,
BS_HD_4,2013-08-12,71.255501,-156.549411,43.0,tp,Jafarov_2016,True,,,,1,43.0,
BS_HD_4,2013-08-12,71.2555,-156.549386,44.0,tp,Jafarov_2016,True,,,,1,44.0,
BS_HD_4,2013-08-12,71.255499,-156.549361,50.0,tp,Jafarov_2016,True,,,,1,50.0,
BS_HD_4,2013-08-12,71.255498,-156.549336,43.0,tp,Jafarov_2016,True,,,,1,43.0,
BS_HD_4,2013-08-12,71.255496,-156.549311,45.0,tp,Jafarov_2016,True,,,,1,45.0,
BS_HD_4,2013-08-12,71.255494,-156.549286,45.0,tp,Jafarov_2016,True,,,,1,45.0,
BS_HD_4,2013-08-12,71.255491,-156.549261,40.0,tp,Jafarov_2016,True,,,,1,40.0,
BS_HD_4,2013-08-12,71.255487,-156.549236,39.0,tp,Jafarov_2016,True,,,,1,39.0,
BS_HD_4,2013-08-12,71.255483,-156.549211,39.0,tp,Jafarov_2016,True,,,,1,39.0,
BS_HD_4,2013-08-12,71.25548,-156.549186,38.0,tp,Jafarov_2016,True,,,,1,38.0,
BS_HD_4,2013-08-12,71.255476,-156.549161,40.0,tp,Jafarov_2016,True,,,,1,40.0,
BS_HD_4,2013-08-12,71.255474,-156.549136,40.0,tp,Jafarov_2016,True,,,,1,40.0,
BS_HD_4,2013-08-12,71.255471,-156.549111,40.0,tp,Jafarov_2016,True,,,,1,40.0,
BS_HD_4,2013-08-12,71.255469,-156.549086,38.0,tp,Jafarov_2016,True,,,,1,38.0,
BS_HD_4,2013-08-12,71.255466,-156.549061,39.0,tp,Jafarov_2016,True,,,,1,39.0,
BS_HD_4,2013-08-12,71.255464,-156.549036,36.0,tp,Jafarov_2016,True,,,,1,36.0,
BS_HD_4,2013-08-12,71.255463,-156.549011,34.0,tp,Jafarov_2016,True,,,,1,34.0,
BS_HD_4,2013-08-12,71.255462,-156.548986,35.0,tp,Jafarov_2016,True,,,,1,35.0,
BS_HD_4,2013-08-12,71.255459,-156.548961,37.0,tp,Jafarov_2016,True,,,,1,37.0,
BS_HD_4,2013-08-12,71.255457,-156.548936,36.0,tp,Jafarov_2016,True,,,,1,36.0,
BS_HD_4,2013-08-12,71.255456,-156.548911,32.0,tp,Jafarov_2016,True,,,,1,32.0,
BS_HD_4,2013-08-12,71.255454,-156.548886,36.0,tp,Jafarov_2016,True,,,,1,36.0,
BS_HD_4,2013-08-12,71.255451,-156.548861,34.0,tp,Jafarov_2016,True,,,,1,34.0,
BS_HD_4,2013-08-12,71.255448,-156.548836,37.0,tp,Jafarov_2016,True,,,,1,37.0,
BS_HD_4,2013-08-12,71.255443,-156.548811,36.0,tp,Jafarov_2016,True,,,,1,36.0,
BS_HD_4,2013-08-12,71.255441,-156.548786,32.0,tp,Jafarov_2016,True,,,,1,32.0,
BS_HD_4,2013-08-12,71.255436,-156.548761,30.0,tp,Jafarov_2016,True,,,,1,30.0,
BS_HD_4,2013-08-12,71.255433,-156.548736,27.0,tp,Jafarov_2016,True,,,,1,27.0,
BS_HD_4,2013-08-12,71.255428,-156.548711,28.999999999999996,tp,Jafarov_2016,True,,,,1,28.999999999999996,
BS_HD_4,2013-08-12,71.255428,-156.548686,28.999999999999996,tp,Jafarov_2016,True,,,,1,28.999999999999996,
BS_HD_4,2013-08-12,71.255426,-156.548661,27.0,tp,Jafarov_2016,True,,,,1,27.0,
BS_HD_4,2013-08-12,71.255425,-156.548636,22.0,tp,Jafarov_2016,True,,,,1,22.0,
BS_HD_4,2013-08-12,71.25542,-156.548611,25.0,tp,Jafarov_2016,True,,,,1,25.0,
BS_HD_4,2013-08-12,71.255418,-156.548586,31.0,tp,Jafarov_2016,True,,,,1,31.0,
BS_HD_4,2013-08-12,71.255416,-156.548561,30.0,tp,Jafarov_2016,True,,,,1,30.0,
BS_HD_4,2013-08-12,71.255415,-156.548536,26.0,tp,Jafarov_2016,True,,,,1,26.0,
BS_HD_4,2013-08-12,71.255413,-156.548511,24.0,tp,Jafarov_2016,True,,,,1,24.0,
BS_HD_4,2013-08-12,71.255411,-156.548486,30.0,tp,Jafarov_2016,True,,,,1,30.0,
BS_HD_4,2013-08-12,71.255408,-156.548461,36.0,tp,Jafarov_2016,True,,,,1,36.0,
BS_HD_4,2013-08-12,71.255405,-156.548436,35.0,tp,Jafarov_2016,True,,,,1,35.0,
BS_HD_4,2013-08-12,71.255403,-156.548411,38.0,tp,Jafarov_2016,True,,,,1,38.0,
BS_HD_4,2013-08-12,71.255401,-156.548386,33.0,tp,Jafarov_2016,True,,,,1,33.0,
BS_HD_4,2013-08-12,71.2554,-156.548361,36.0,tp,Jafarov_2016,True,,,,1,36.0,
BS_HD_5,2013-08-12,71.255918,-156.553722,36.0,tp,Jafarov_2016,True,,,,1,36.0,
BS_HD_5,2013-08-12,71.255918,-156.553716,37.0,tp,Jafarov_2016,True,,,,1,37.0,
BS_HD_5,2013-08-12,71.255917,-156.553711,34.0,tp,Jafarov_2016,True,,,,1,34.0,
BS_HD_5,2013-08-12,71.255915,-156.553705,33.0,tp,Jafarov_2016,True,,,,1,33.0,
BS_HD_5,2013-08-12,71.255911,-156.553699,34.0,tp,Jafarov_2016,True,,,,1,34.0,
BS_HD_5,2013-08-12,71.255905,-156.553693,35.0,tp,Jafarov_2016,True,,,,1,35.0,
BS_HD_5,2013-08-12,71.255899,-156.553687,37.0,tp,Jafarov_2016,True,,,,1,37.0,
BS_HD_5,2013-08-12,71.255894,-156.553681,36.0,tp,Jafarov_2016,True,,,,1,36.0,
BS_HD_5,2013-08-12,71.255887,-156.553676,39.0,tp,Jafarov_2016,True,,,,1,39.0,
BS_HD_5,2013-08-12,71.25588,-156.55367,40.0,tp,Jafarov_2016,True,,,,1,40.0,
BS_HD_5,2013-08-12,71.255875,-156.553664,40.0,tp,Jafarov_2016,True,,,,1,40.0,
BS_HD_5,2013-08-12,71.255871,-156.553658,42.0,tp,Jafarov_2016,True,,,,1,42.0,
BS_HD_5,2013-08-12,71.255866,-156.553652,41.0,tp,Jafarov_2016,True,,,,1,41.0,
BS_HD_5,2013-08-12,71.255864,-156.553646,42.0,tp,Jafarov_2016,True,,,,1,42.0,
BS_HD_5,2013-08-12,71.255862,-156.553641,40.0,tp,Jafarov_2016,True,,,,1,40.0,
BS_HD_5,2013-08-12,71.25586,-156.553635,38.0,tp,Jafarov_2016,True,,,,1,38.0,
BS_HD_5,2013-08-12,71.255858,-156.553629,41.0,tp,Jafarov_2016,True,,,,1,41.0,
BS_HD_5,2013-08-12,71.255856,-156.553623,41.0,tp,Jafarov_2016,True,,,,1,41.0,
BS_HD_5,2013-08-12,71.255854,-156.553617,41.0,tp,Jafarov_2016,True,,,,1,41.0,
BS_HD_5,2013-08-12,71.255852,-156.553611,41.0,tp,Jafarov_2016,True,,,,1,41.0,
BS_HD_5,2013-08-12,71.255851,-156.553606,42.0,tp,Jafarov_2016,True,,,,1,42.0,
BS_HD_5,2013-08-12,71.25585,-156.5536,41.0,tp,Jafarov_2016,True,,,,1,41.0,
BS_HD_5,2013-08-12,71.255848,-156.553594,44.0,tp,Jafarov_2016,True,,,,1,44.0,
BS_HD_5,2013-08-12,71.255845,-156.553588,45.0,tp,Jafarov_2016,True,,,,1,45.0,
BS_HD_5,2013-08-12,71.255843,-156.553582,42.0,tp,Jafarov_2016,True,,,,1,42.0,
BS_HD_5,2013-08-12,71.255843,-156.553576,40.0,tp,Jafarov_2016,True,,,,1,40.0,
BS_HD_5,2013-08-12,71.255842,-156.553571,41.0,tp,Jafarov_2016,True,,,,1,41.0,
BS_HD_5,2013-08-12,71.255841,-156.553565,40.0,tp,Jafarov_2016,True,,,,1,40.0,
BS_HD_5,2013-08-12,71.255837,-156.553559,42.0,tp,Jafarov_2016,True,,,,1,42.0,
BS_HD_5,2013-08-12,71.25583,-156.553553,40.0,tp,Jafarov_2016,True,,,,1,40.0,
BS_HD_5,2013-08-12,71.255823,-156.553547,39.0,tp,Jafarov_2016,True,,,,1,39.0,
BS_HD_5,2013-08-12,71.255818,-156.553541,38.0,tp,Jafarov_2016,True,,,,1,38.0,
BS_HD_5,2013-08-12,71.255816,-156.553536,35.0,tp,Jafarov_2016,True,,,,1,35.0,
BS_HD_5,2013-08-12,71.255816,-156.55353,38.0,tp,Jafarov_2016,True,,,,1,38.0,
BS_HD_5,2013-08-12,71.255813,-156.553524,40.0,tp,Jafarov_2016,True,,,,1,40.0,
BS_HD_5,2013-08-12,71.255809,-156.553518,41.0,tp,Jafarov_2016,True,,,,1,41.0,
BS_HD_5,2013-08-12,71.255805,-156.553512,41.0,tp,Jafarov_2016,True,,,,1,41.0,
BS_HD_5,2013-08-12,71.255802,-156.553506,40.0,tp,Jafarov_2016,True,,,,1,40.0,
BS_HD_5,2013-08-12,71.255797,-156.553501,40.0,tp,Jafarov_2016,True,,,,1,40.0,
BS_HD_5,2013-08-12,71.255792,-156.553495,43.0,tp,Jafarov_2016,True,,,,1,43.0,
BS_HD_5,2013-08-12,71.255787,-156.553489,40.0,tp,Jafarov_2016,True,,,,1,40.0,
BS_HD_5,2013-08-12,71.255786,-156.553483,41.0,tp,Jafarov_2016,True,,,,1,41.0,
BS_HD_5,2013-08-12,71.255784,-156.553477,42.0,tp,Jafarov_2016,True,,,,1,42.0,
BS_HD_5,2013-08-12,71.255783,-156.553471,42.0,tp,Jafarov_2016,True,,,,1,42.0,
BS_HD_5,2013-08-12,71.25578,-156.553466,42.0,tp,Jafarov_2016,True,,,,1,42.0,
BS_HD_5,2013-08-12,71.255778,-156.55346,42.0,tp,Jafarov_2016,True,,,,1,42.0,
BS_HD_5,2013-08-12,71.255777,-156.553454,42.0,tp,Jafarov_2016,True,,,,1,42.0,
BS_HD_5,2013-08-12,71.255774,-156.553448,44.0,tp,Jafarov_2016,True,,,,1,44.0,
BS_HD_5,2013-08-12,71.255769,-156.553442,42.0,tp,Jafarov_2016,True,,,,1,42.0,
BS_HD_5,2013-08-12,71.255765,-156.553436,41.0,tp,Jafarov_2016,True,,,,1,41.0,
BS_HD_5,2013-08-12,71.255761,-156.553431,43.0,tp,Jafarov_2016,True,,,,1,43.0,
BS_HD_5,2013-08-12,71.255755,-156.553425,44.0,tp,Jafarov_2016,True,,,,1,44.0,
BS_HD_5,2013-08-12,71.255746,-156.553419,44.0,tp,Jafarov_2016,True,,,,1,44.0,
BS_HD_5,2013-08-12,71.255739,-156.553413,44.0,tp,Jafarov_2016,True,,,,1,44.0,
BS_HD_5,2013-08-12,71.255734,-156.553407,44.0,tp,Jafarov_2016,True,,,,1,44.0,
BS_HD_5,2013-08-12,71.255732,-156.553401,43.0,tp,Jafarov_2016,True,,,,1,43.0,
BS_HD_5,2013-08-12,71.255729,-156.553396,44.0,tp,Jafarov_2016,True,,,,1,44.0,
BS_HD_5,2013-08-12,71.255723,-156.55339,43.0,tp,Jafarov_2016,True,,,,1,43.0,
BS_HD_5,2013-08-12,71.255712,-156.553384,43.0,tp,Jafarov_2016,True,,,,1,43.0,
BS_HD_5,2013-08-12,71.2557,-156.553378,43.0,tp,Jafarov_2016,True,,,,1,43.0,
BS_HD_5,2013-08-12,71.255691,-156.553372,43.0,tp,Jafarov_2016,True,,,,1,43.0,
BS_HD_5,2013-08-12,71.255684,-156.553366,43.0,tp,Jafarov_2016,True,,,,1,43.0,
BS_HD_5,2013-08-12,71.255679,-156.553361,42.0,tp,Jafarov_2016,True,,,,1,42.0,
BS_HD_5,2013-08-12,71.255675,-156.553355,42.0,tp,Jafarov_2016,True,,,,1,42.0,
BS_HD_5,2013-08-12,71.255665,-156.553349,41.0,tp,Jafarov_2016,True,,,,1,41.0,
BS_HD_5,2013-08-12,71.255649,-156.553343,42.0,tp,Jafarov_2016,True,,,,1,42.0,
BS_HD_5,2013-08-12,71.255638,-156.553337,42.0,tp,Jafarov_2016,True,,,,1,42.0,
BS_HD_5,2013-08-12,71.255633,-156.553331,42.0,tp,Jafarov_2016,True,,,,1,42.0,
BS_HD_5,2013-08-12,71.255628,-156.553326,43.0,tp,Jafarov_2016,True,,,,1,43.0,
BS_HD_5,2013-08-12,71.255623,-156.55332,42.0,tp,Jafarov_2016,True,,,,1,42.0,
BS_HD_5,2013-08-12,71.255619,-156.553314,42.0,tp,Jafarov_2016,True,,,,1,42.0,
BS_HD_5,2013-08-12,71.255616,-156.553308,43.0,tp,Jafarov_2016,True,,,,1,43.0,
BS_HD_5,2013-08-12,71.255612,-156.553302,41.0,tp,Jafarov_2016,True,,,,1,41.0,
BS_HD_5,2013-08-12,71.255608,-156.553296,39.0,tp,Jafarov_2016,True,,,,1,39.0,
BS_HD_5,2013-08-12,71.255604,-156.553291,39.0,tp,Jafarov_2016,True,,,,1,39.0,
BS_HD_5,2013-08-12,71.2556,-156.553285,39.0,tp,Jafarov_2016,True,,,,1,39.0,
BS_HD_5,2013-08-12,71.255597,-156.553279,40.0,tp,Jafarov_2016,True,,,,1,40.0,
BS_HD_5,2013-08-12,71.255594,-156.553273,39.0,tp,Jafarov_2016,True,,,,1,39.0,
BS_HD_5,2013-08-12,71.255585,-156.553267,39.0,tp,Jafarov_2016,True,,,,1,39.0,
BS_HD_5,2013-08-12,71.25557,-156.553261,39.0,tp,Jafarov_2016,True,,,,1,39.0,
BS_HD_5,2013-08-12,71.25556,-156.553256,38.0,tp,Jafarov_2016,True,,,,1,38.0,
BS_HD_5,2013-08-12,71.255555,-156.55325,38.0,tp,Jafarov_2016,True,,,,1,38.0,
BS_HD_5,2013-08-12,71.255552,-156.553244,39.0,tp,Jafarov_2016,True,,,,1,39.0,
BS_HD_5,2013-08-12,71.255542,-156.553238,40.0,tp,Jafarov_2016,True,,,,1,40.0,
BS_HD_5,2013-08-12,71.255525,-156.553232,40.0,tp,Jafarov_2016,True,,,,1,40.0,
BS_HD_5,2013-08-12,71.255515,-156.553226,40.0,tp,Jafarov_2016,True,,,,1,40.0,
BS_HD_5,2013-08-12,71.255513,-156.553221,39.0,tp,Jafarov_2016,True,,,,1,39.0,
BS_HD_5,2013-08-12,71.255511,-156.553215,39.0,tp,Jafarov_2016,True,,,,1,39.0,
BS_HD_5,2013-08-12,71.255497,-156.553209,40.0,tp,Jafarov_2016,True,,,,1,40.0,
BS_HD_5,2013-08-12,71.25547,-156.553203,42.0,tp,Jafarov_2016,True,,,,1,42.0,
BS_HD_5,2013-08-12,71.255453,-156.553197,41.0,tp,Jafarov_2016,True,,,,1,41.0,
BS_HD_5,2013-08-12,71.255445,-156.553191,39.0,tp,Jafarov_2016,True,,,,1,39.0,
BS_HD_5,2013-08-12,71.25542,-156.553186,39.0,tp,Jafarov_2016,True,,,,1,39.0,
BS_HD_5,2013-08-12,71.255386,-156.55318,41.0,tp,Jafarov_2016,True,,,,1,41.0,
BS_HD_5,2013-08-12,71.255363,-156.553174,41.0,tp,Jafarov_2016,True,,,,1,41.0,
BS_HD_5,2013-08-12,71.255349,-156.553168,42.0,tp,Jafarov_2016,True,,,,1,42.0,
BS_HD_5,2013-08-12,71.255338,-156.553162,42.0,tp,Jafarov_2016,True,,,,1,42.0,
BS_HD_5,2013-08-12,71.255327,-156.553156,41.0,tp,Jafarov_2016,True,,,,1,41.0,
BS_HD_5,2013-08-12,71.255316,-156.553151,42.0,tp,Jafarov_2016,True,,,,1,42.0,
BS_HD_5,2013-08-12,71.255309,-156.553145,40.0,tp,Jafarov_2016,True,,,,1,40.0,
BS_HD_5,2013-08-12,71.255301,-156.553139,39.0,tp,Jafarov_2016,True,,,,1,39.0,
BS_HD_7,2013-08-12,71.24666,-156.561139,75.0,tp,Jafarov_2016,True,,,,1,75.0,
BS_HD_7,2013-08-12,71.246655,-156.561114,56.00000000000001,tp,Jafarov_2016,True,,,,1,56.00000000000001,
BS_HD_7,2013-08-12,71.246651,-156.56109,59.0,tp,Jafarov_2016,True,,,,1,59.0,
BS_HD_7,2013-08-12,71.246646,-156.561066,79.0,tp,Jafarov_2016,True,,,,1,79.0,
BS_HD_7,2013-08-12,71.246642,-156.561041,77.0,tp,Jafarov_2016,True,,,,1,77.0,
BS_HD_7,2013-08-12,71.246639,-156.561017,65.0,tp,Jafarov_2016,True,,,,1,65.0,
BS_HD_7,2013-08-12,71.246635,-156.560992,66.0,tp,Jafarov_2016,True,,,,1,66.0,
BS_HD_7,2013-08-12,71.246632,-156.560968,80.0,tp,Jafarov_2016,True,,,,1,80.0,
BS_HD_7,2013-08-12,71.246629,-156.560943,69.0,tp,Jafarov_2016,True,,,,1,69.0,
BS_HD_7,2013-08-12,71.246626,-156.560919,69.0,tp,Jafarov_2016,True,,,,1,69.0,
BS_HD_7,2013-08-12,71.246624,-156.560894,73.0,tp,Jafarov_2016,True,,,,1,73.0,
BS_HD_7,2013-08-12,71.246621,-156.56087,63.0,tp,Jafarov_2016,True,,,,1,63.0,
BS_HD_7,2013-08-12,71.246619,-156.560846,63.0,tp,Jafarov_2016,True,,,,1,63.0,
BS_HD_7,2013-08-12,71.246617,-156.560821,68.0,tp,Jafarov_2016,True,,,,1,68.0,
BS_HD_7,2013-08-12,71.246615,-156.560797,66.0,tp,Jafarov_2016,True,,,,1,66.0,
BS_HD_7,2013-08-12,71.246613,-156.560772,69.0,tp,Jafarov_2016,True,,,,1,69.0,
BS_HD_7,2013-08-12,71.246611,-156.560748,64.0,tp,Jafarov_2016,True,,,,1,64.0,
BS_HD_7,2013-08-12,71.246609,-156.560723,72.0,tp,Jafarov_2016,True,,,,1,72.0,
BS_HD_7,2013-08-12,71.246607,-156.560699,71.0,tp,Jafarov_2016,True,,,,1,71.0,
BS_HD_7,2013-08-12,71.246605,-156.560674,71.0,tp,Jafarov_2016,True,,,,1,71.0,
BS_HD_7,2013-08-12,71.246603,-156.56065,70.0,tp,Jafarov_2016,True,,,,1,70.0,
BS_HD_7,2013-08-12,71.2466,-156.560626,79.0,tp,Jafarov_2016,True,,,,1,79.0,
BS_HD_7,2013-08-12,71.246598,-156.560601,65.0,tp,Jafarov_2016,True,,,,1,65.0,
BS_HD_7,2013-08-12,71.246596,-156.560577,68.0,tp,Jafarov_2016,True,,,,1,68.0,
BS_HD_7,2013-08-12,71.246593,-156.560552,71.0,tp,Jafarov_2016,True,,,,1,71.0,
BS_HD_7,2013-08-12,71.246593,-156.560528,62.0,tp,Jafarov_2016,True,,,,1,62.0,
BS_HD_7,2013-08-12,71.246592,-156.560503,65.0,tp,Jafarov_2016,True,,,,1,65.0,
BS_HD_7,2013-08-12,71.246591,-156.560479,65.0,tp,Jafarov_2016,True,,,,1,65.0,
BS_HD_7,2013-08-12,71.24659,-156.560454,71.0,tp,Jafarov_2016,True,,,,1,71.0,
BS_HD_7,2013-08-12,71.246591,-156.56043,71.0,tp,Jafarov_2016,True,,,,1,71.0,
BS_HD_7,2013-08-12,71.246589,-156.560406,70.0,tp,Jafarov_2016,True,,,,1,70.0,
BS_HD_7,2013-08-12,71.246588,-156.560381,74.0,tp,Jafarov_2016,True,,,,1,74.0,
BS_HD_7,2013-08-12,71.246586,-156.560357,70.0,tp,Jafarov_2016,True,,,,1,70.0,
BS_HD_7,2013-08-12,71.246584,-156.560332,64.0,tp,Jafarov_2016,True,,,,1,64.0,
BS_HD_7,2013-08-12,71.246583,-156.560308,59.0,tp,Jafarov_2016,True,,,,1,59.0,
BS_HD_7,2013-08-12,71.246582,-156.560283,55.00000000000001,tp,Jafarov_2016,True,,,,1,55.00000000000001,
BS_HD_7,2013-08-12,71.246579,-156.560259,56.00000000000001,tp,Jafarov_2016,True,,,,1,56.00000000000001,
BS_HD_7,2013-08-12,71.246577,-156.560234,53.0,tp,Jafarov_2016,True,,,,1,53.0,
BS_HD_7,2013-08-12,71.246575,-156.56021,65.0,tp,Jafarov_2016,True,,,,1,65.0,
BS_HD_7,2013-08-12,71.246572,-156.560186,74.0,tp,Jafarov_2016,True,,,,1,74.0,
BS_HD_7,2013-08-12,71.246572,-156.560161,60.0,tp,Jafarov_2016,True,,,,1,60.0,
BS_HD_7,2013-08-12,71.24657,-156.560137,68.0,tp,Jafarov_2016,True,,,,1,68.0,
BS_HD_7,2013-08-12,71.246568,-156.560112,62.0,tp,Jafarov_2016,True,,,,1,62.0,
BS_HD_7,2013-08-12,71.246567,-156.560088,55.00000000000001,tp,Jafarov_2016,True,,,,1,55.00000000000001,
BS_HD_7,2013-08-12,71.246564,-156.560063,66.0,tp,Jafarov_2016,True,,,,1,66.0,
BS_HD_7,2013-08-12,71.246562,-156.560039,55.00000000000001,tp,Jafarov_2016,True,,,,1,55.00000000000001,
BS_HD_7,2013-08-12,71.246562,-156.560014,54.0,tp,Jafarov_2016,True,,,,1,54.0,
BS_HD_7,2013-08-12,71.24656,-156.55999,54.0,tp,Jafarov_2016,True,,,,1,54.0,
BS_HD_7,2013-08-12,71.246558,-156.559966,47.0,tp,Jafarov_2016,True,,,,1,47.0,
BS_HD_7,2013-08-12,71.246556,-156.559941,55.00000000000001,tp,Jafarov_2016,True,,,,1,55.00000000000001,
BS_HD_7,2013-08-12,71.246554,-156.559917,55.00000000000001,tp,Jafarov_2016,True,,,,1,55.00000000000001,
BS_HD_7,2013-08-12,71.246552,-156.559892,53.0,tp,Jafarov_2016,True,,,,1,53.0,
BS_HD_7,2013-08-12,71.246548,-156.559868,41.0,tp,Jafarov_2016,True,,,,1,41.0,
BS_HD_7,2013-08-12,71.246546,-156.559843,41.0,tp,Jafarov_2016,True,,,,1,41.0,
BS_HD_7,2013-08-12,71.246544,-156.559819,43.0,tp,Jafarov_2016,True,,,,1,43.0,
BS_HD_7,2013-08-12,71.24654,-156.559794,46.0,tp,Jafarov_2016,True,,,,1,46.0,
BS_HD_7,2013-08-12,71.246538,-156.55977,44.0,tp,Jafarov_2016,True,,,,1,44.0,
BS_HD_7,2013-08-12,71.246538,-156.559746,44.0,tp,Jafarov_2016,True,,,,1,44.0,
BS_HD_7,2013-08-12,71.246533,-156.559721,42.0,tp,Jafarov_2016,True,,,,1,42.0,
BS_HD_7,2013-08-12,71.246531,-156.559697,44.0,tp,Jafarov_2016,True,,,,1,44.0,
BS_HD_7,2013-08-12,71.246528,-156.559672,55.00000000000001,tp,Jafarov_2016,True,,,,1,55.00000000000001,
BS_HD_7,2013-08-12,71.246527,-156.559648,62.0,tp,Jafarov_2016,True,,,,1,62.0,
BS_HD_7,2013-08-12,71.246524,-156.559623,73.0,tp,Jafarov_2016,True,,,,1,73.0,
BS_HD_7,2013-08-12,71.246522,-156.559599,69.0,tp,Jafarov_2016,True,,,,1,69.0,
BS_HD_7,2013-08-12,71.246518,-156.559574,77.0,tp,Jafarov_2016,True,,,,1,77.0,
BS_HD_7,2013-08-12,71.246516,-156.55955,66.0,tp,Jafarov_2016,True,,,,1,66.0,
BS_HD_7,2013-08-12,71.246513,-156.559526,71.0,tp,Jafarov_2016,True,,,,1,71.0,
BS_HD_7,2013-08-12,71.246509,-156.559501,64.0,tp,Jafarov_2016,True,,,,1,64.0,
BS_HD_7,2013-08-12,71.246507,-156.559477,59.0,tp,Jafarov_2016,True,,,,1,59.0,
BS_HD_7,2013-08-12,71.246505,-156.559452,69.0,tp,Jafarov_2016,True,,,,1,69.0,
BS_HD_7,2013-08-12,71.246503,-156.559428,60.0,tp,Jafarov_2016,True,,,,1,60.0,
BS_HD_7,2013-08-12,71.246501,-156.559403,71.0,tp,Jafarov_2016,True,,,,1,71.0,
BS_HD_7,2013-08-12,71.246497,-156.559379,70.0,tp,Jafarov_2016,True,,,,1,70.0,
BS_HD_7,2013-08-12,71.246496,-156.559354,71.0,tp,Jafarov_2016,True,,,,1,71.0,
BS_HD_7,2013-08-12,71.246496,-156.55933,61.0,tp,Jafarov_2016,True,,,,1,61.0,
BS_HD_7,2013-08-12,71.246494,-156.559306,49.0,tp,Jafarov_2016,True,,,,1,49.0,
BS_HD_7,2013-08-12,71.24649,-156.559281,38.0,tp,Jafarov_2016,True,,,,1,38.0,
BS_HD_7,2013-08-12,71.246488,-156.559257,39.0,tp,Jafarov_2016,True,,,,1,39.0,
BS_HD_7,2013-08-12,71.246486,-156.559232,42.0,tp,Jafarov_2016,True,,,,1,42.0,
BS_HD_7,2013-08-12,71.246484,-156.559208,47.0,tp,Jafarov_2016,True,,,,1,47.0,
BS_HD_7,2013-08-12,71.24648,-156.559183,51.0,tp,Jafarov_2016,True,,,,1,51.0,
BS_HD_7,2013-08-12,71.246476,-156.559159,57.99999999999999,tp,Jafarov_2016,True,,,,1,57.99999999999999,
BS_HD_7,2013-08-12,71.246472,-156.559134,61.0,tp,Jafarov_2016,True,,,,1,61.0,
BS_HD_7,2013-08-12,71.246471,-156.55911,61.0,tp,Jafarov_2016,True,,,,1,61.0,
BS_HD_7,2013-08-12,71.246469,-156.559086,61.0,tp,Jafarov_2016,True,,,,1,61.0,
BS_HD_7,2013-08-12,71.246464,-156.559061,63.0,tp,Jafarov_2016,True,,,,1,63.0,
BS_HD_7,2013-08-12,71.246462,-156.559037,72.0,tp,Jafarov_2016,True,,,,1,72.0,
BS_HD_7,2013-08-12,71.246458,-156.559012,68.0,tp,Jafarov_2016,True,,,,1,68.0,
BS_HD_7,2013-08-12,71.246458,-156.558988,67.0,tp,Jafarov_2016,True,,,,1,67.0,
BS_HD_7,2013-08-12,71.246454,-156.558963,71.0,tp,Jafarov_2016,True,,,,1,71.0,
BS_HD_7,2013-08-12,71.24645,-156.558939,64.0,tp,Jafarov_2016,True,,,,1,64.0,
BS_HD_7,2013-08-12,71.246443,-156.558914,60.0,tp,Jafarov_2016,True,,,,1,60.0,
BS_HD_7,2013-08-12,71.24644,-156.55889,64.0,tp,Jafarov_2016,True,,,,1,64.0,
BS_HD_7,2013-08-12,71.246455,-156.558866,80.0,tp,Jafarov_2016,True,,,,1,80.0,
BS_HD_7,2013-08-12,71.246504,-156.558841,93.0,tp,Jafarov_2016,True,,,,1,93.0,
BS_HD_7,2013-08-12,71.246602,-156.558817,82.0,tp,Jafarov_2016,True,,,,1,82.0,
BS_HD_7,2013-08-12,71.246764,-156.558792,82.0,tp,Jafarov_2016,True,,,,1,82.0,
BS_HD_7,2013-08-12,71.247006,-156.558768,76.0,tp,Jafarov_2016,True,,,,1,76.0,
BS_HD_7,2013-08-12,71.247343,-156.558743,72.0,tp,Jafarov_2016,True,,,,1,72.0,
BS_HD_7,2013-08-12,71.247791,-156.558719,60.0,tp,Jafarov_2016,True,,,,1,60.0,
BS_HD_7,2013-08-12,71.248365,-156.558694,56.00000000000001,tp,Jafarov_2016,True,,,,1,56.00000000000001,
CL_HD_1,2013-08-12,71.320889,-156.619528,57.99999999999999,tp,Jafarov_2016,True,,,,1,57.99999999999999,
CL_HD_1,2013-08-12,71.320876,-156.619508,54.0,tp,Jafarov_2016,True,,,,1,54.0,
CL_HD_1,2013-08-12,71.320856,-156.619487,49.0,tp,Jafarov_2016,True,,,,1,49.0,
CL_HD_1,2013-08-12,71.320832,-156.619467,50.0,tp,Jafarov_2016,True,,,,1,50.0,
CL_HD_1,2013-08-12,71.320809,-156.619447,53.0,tp,Jafarov_2016,True,,,,1,53.0,
CL_HD_1,2013-08-12,71.320791,-156.619426,48.0,tp,Jafarov_2016,True,,,,1,48.0,
CL_HD_1,2013-08-12,71.32078,-156.619406,44.0,tp,Jafarov_2016,True,,,,1,44.0,
CL_HD_1,2013-08-12,71.320781,-156.619386,56.00000000000001,tp,Jafarov_2016,True,,,,1,56.00000000000001,
CL_HD_1,2013-08-12,71.320789,-156.619366,47.0,tp,Jafarov_2016,True,,,,1,47.0,
CL_HD_1,2013-08-12,71.320795,-156.619345,44.0,tp,Jafarov_2016,True,,,,1,44.0,
CL_HD_1,2013-08-12,71.320805,-156.619325,56.00000000000001,tp,Jafarov_2016,True,,,,1,56.00000000000001,
CL_HD_1,2013-08-12,71.320812,-156.619305,55.00000000000001,tp,Jafarov_2016,True,,,,1,55.00000000000001,
CL_HD_1,2013-08-12,71.320822,-156.619284,56.00000000000001,tp,Jafarov_2016,True,,,,1,56.00000000000001,
CL_HD_1,2013-08-12,71.320831,-156.619264,48.0,tp,Jafarov_2016,True,,,,1,48.0,
CL_HD_1,2013-08-12,71.320839,-156.619244,57.99999999999999,tp,Jafarov_2016,True,,,,1,57.99999999999999,
CL_HD_1,2013-08-12,71.320841,-156.619224,56.99999999999999,tp,Jafarov_2016,True,,,,1,56.99999999999999,
CL_HD_1,2013-08-12,71.320846,-156.619203,57.99999999999999,tp,Jafarov_2016,True,,,,1,57.99999999999999,
CL_HD_1,2013-08-12,71.320852,-156.619183,65.0,tp,Jafarov_2016,True,,,,1,65.0,
CL_HD_1,2013-08-12,71.320859,-156.619163,59.0,tp,Jafarov_2016,True,,,,1,59.0,
CL_HD_1,2013-08-12,71.320868,-156.619143,73.0,tp,Jafarov_2016,True,,,,1,73.0,
CL_HD_1,2013-08-12,71.320877,-156.619122,69.0,tp,Jafarov_2016,True,,,,1,69.0,
CL_HD_1,2013-08-12,71.320886,-156.619102,72.0,tp,Jafarov_2016,True,,,,1,72.0,
CL_HD_1,2013-08-12,71.320895,-156.619082,80.0,tp,Jafarov_2016,True,,,,1,80.0,
CL_HD_1,2013-08-12,71.320905,-156.619061,71.0,tp,Jafarov_2016,True,,,,1,71.0,
CL_HD_1,2013-08-12,71.320914,-156.619041,73.0,tp,Jafarov_2016,True,,,,1,73.0,
CL_HD_1,2013-08-12,71.320922,-156.619021,85.0,tp,Jafarov_2016,True,,,,1,85.0,
CL_HD_1,2013-08-12,71.32093,-156.619001,65.0,tp,Jafarov_2016,True,,,,1,65.0,
CL_HD_1,2013-08-12,71.320936,-156.61898,68.0,tp,Jafarov_2016,True,,,,1,68.0,
CL_HD_1,2013-08-12,71.320942,-156.61896,48.0,tp,Jafarov_2016,True,,,,1,48.0,
CL_HD_1,2013-08-12,71.320947,-156.61894,88.0,tp,Jafarov_2016,True,,,,1,88.0,
CL_HD_1,2013-08-12,71.320953,-156.618899,64.0,tp,Jafarov_2016,True,,,,1,64.0,
CL_HD_1,2013-08-12,71.320956,-156.618859,60.0,tp,Jafarov_2016,True,,,,1,60.0,
CL_HD_1,2013-08-12,71.320958,-156.618838,39.0,tp,Jafarov_2016,True,,,,1,39.0,
CL_HD_1,2013-08-12,71.32096,-156.618818,65.0,tp,Jafarov_2016,True,,,,1,65.0,
CL_HD_1,2013-08-12,71.320965,-156.618757,42.0,tp,Jafarov_2016,True,,,,1,42.0,
CL_HD_1,2013-08-12,71.320967,-156.618737,69.0,tp,Jafarov_2016,True,,,,1,69.0,
CL_HD_1,2013-08-12,71.320969,-156.618717,63.0,tp,Jafarov_2016,True,,,,1,63.0,
CL_HD_1,2013-08-12,71.32097,-156.618696,59.0,tp,Jafarov_2016,True,,,,1,59.0,
CL_HD_1,2013-08-12,71.320972,-156.618676,44.0,tp,Jafarov_2016,True,,,,1,44.0,
CL_HD_1,2013-08-12,71.320974,-156.618656,56.00000000000001,tp,Jafarov_2016,True,,,,1,56.00000000000001,
CL_HD_1,2013-08-12,71.32098,-156.618595,45.0,tp,Jafarov_2016,True,,,,1,45.0,
CL_HD_1,2013-08-12,71.320982,-156.618575,100.0,tp,Jafarov_2016,True,,,,1,100.0,
CL_HD_1,2013-08-12,71.320985,-156.618554,57.99999999999999,tp,Jafarov_2016,True,,,,1,57.99999999999999,
CL_HD_1,2013-08-12,71.321014,-156.618352,77.0,tp,Jafarov_2016,True,,,,1,77.0,
CL_HD_1,2013-08-12,71.321022,-156.618311,65.0,tp,Jafarov_2016,True,,,,1,65.0,
CL_HD_1,2013-08-12,71.321026,-156.618291,74.0,tp,Jafarov_2016,True,,,,1,74.0,
CL_HD_1,2013-08-12,71.321031,-156.618271,76.0,tp,Jafarov_2016,True,,,,1,76.0,
CL_HD_1,2013-08-12,71.321035,-156.61825,70.0,tp,Jafarov_2016,True,,,,1,70.0,
CL_HD_1,2013-08-12,71.32104,-156.61823,67.0,tp,Jafarov_2016,True,,,,1,67.0,
CL_HD_1,2013-08-12,71.321045,-156.61821,67.0,tp,Jafarov_2016,True,,,,1,67.0,
CL_HD_1,2013-08-12,71.321051,-156.618189,68.0,tp,Jafarov_2016,True,,,,1,68.0,
CL_HD_1,2013-08-12,71.321056,-156.618169,63.0,tp,Jafarov_2016,True,,,,1,63.0,
CL_HD_1,2013-08-12,71.321062,-156.618149,62.0,tp,Jafarov_2016,True,,,,1,62.0,
CL_HD_1,2013-08-12,71.321068,-156.618129,51.0,tp,Jafarov_2016,True,,,,1,51.0,
CL_HD_1,2013-08-12,71.321075,-156.618108,42.0,tp,Jafarov_2016,True,,,,1,42.0,
CL_HD_1,2013-08-12,71.321081,-156.618088,52.0,tp,Jafarov_2016,True,,,,1,52.0,
CL_HD_1,2013-08-12,71.321088,-156.618068,56.00000000000001,tp,Jafarov_2016,True,,,,1,56.00000000000001,
CL_HD_1,2013-08-12,71.321096,-156.618048,60.0,tp,Jafarov_2016,True,,,,1,60.0,
CL_HD_1,2013-08-12,71.321103,-156.618027,65.0,tp,Jafarov_2016,True,,,,1,65.0,
CL_HD_1,2013-08-12,71.321111,-156.618007,71.0,tp,Jafarov_2016,True,,,,1,71.0,
CL_HD_1,2013-08-12,71.321119,-156.617987,65.0,tp,Jafarov_2016,True,,,,1,65.0,
CL_HD_1,2013-08-12,71.321128,-156.617966,63.0,tp,Jafarov_2016,True,,,,1,63.0,
CL_HD_1,2013-08-12,71.321137,-156.617946,59.0,tp,Jafarov_2016,True,,,,1,59.0,
CL_HD_1,2013-08-12,71.321146,-156.617926,61.0,tp,Jafarov_2016,True,,,,1,61.0,
CL_HD_1,2013-08-12,71.321156,-156.617906,63.0,tp,Jafarov_2016,True,,,,1,63.0,
CL_HD_1,2013-08-12,71.321166,-156.617885,70.0,tp,Jafarov_2016,True,,,,1,70.0,
CL_HD_1,2013-08-12,71.321176,-156.617865,67.0,tp,Jafarov_2016,True,,,,1,67.0,
CL_HD_1,2013-08-12,71.321187,-156.617845,69.0,tp,Jafarov_2016,True,,,,1,69.0,
CL_HD_1,2013-08-12,71.321198,-156.617824,65.0,tp,Jafarov_2016,True,,,,1,65.0,
CL_HD_1,2013-08-12,71.321209,-156.617804,63.0,tp,Jafarov_2016,True,,,,1,63.0,
CL_HD_1,2013-08-12,71.321221,-156.617784,50.0,tp,Jafarov_2016,True,,,,1,50.0,
CL_HD_1,2013-08-12,71.321233,-156.617764,47.0,tp,Jafarov_2016,True,,,,1,47.0,
CL_HD_1,2013-08-12,71.321246,-156.617743,42.0,tp,Jafarov_2016,True,,,,1,42.0,
CL_HD_1,2013-08-12,71.321253,-156.617723,42.0,tp,Jafarov_2016,True,,,,1,42.0,
CL_HD_1,2013-08-12,71.321261,-156.617703,43.0,tp,Jafarov_2016,True,,,,1,43.0,
CL_HD_1,2013-08-12,71.321267,-156.617683,44.0,tp,Jafarov_2016,True,,,,1,44.0,
CL_HD_1,2013-08-12,71.321274,-156.617662,43.0,tp,Jafarov_2016,True,,,,1,43.0,
CL_HD_1,2013-08-12,71.321279,-156.617642,42.0,tp,Jafarov_2016,True,,,,1,42.0,
CL_HD_1,2013-08-12,71.321288,-156.617622,41.0,tp,Jafarov_2016,True,,,,1,41.0,
CL_HD_1,2013-08-12,71.321293,-156.617601,48.0,tp,Jafarov_2016,True,,,,1,48.0,
CL_HD_1,2013-08-12,71.321303,-156.617581,42.0,tp,Jafarov_2016,True,,,,1,42.0,
CL_HD_1,2013-08-12,71.321309,-156.617561,52.0,tp,Jafarov_2016,True,,,,1,52.0,
CL_HD_1,2013-08-12,71.321314,-156.617541,57.99999999999999,tp,Jafarov_2016,True,,,,1,57.99999999999999,
CL_HD_1,2013-08-12,71.32132,-156.61752,44.0,tp,Jafarov_2016,True,,,,1,44.0,
CL_HD_1,2013-08-12,71.321324,-156.6175,54.0,tp,Jafarov_2016,True,,,,1,54.0,
CL_HD_2,2013-08-12,71.311265,-156.630361,47.0,tp,Jafarov_2016,True,,,,1,47.0,
CL_HD_2,2013-08-12,71.311262,-156.630347,46.0,tp,Jafarov_2016,True,,,,1,46.0,
CL_HD_2,2013-08-12,71.311256,-156.630334,46.0,tp,Jafarov_2016,True,,,,1,46.0,
CL_HD_2,2013-08-12,71.311255,-156.63032,51.0,tp,Jafarov_2016,True,,,,1,51.0,
CL_HD_2,2013-08-12,71.311251,-156.630307,56.99999999999999,tp,Jafarov_2016,True,,,,1,56.99999999999999,
CL_HD_2,2013-08-12,71.311244,-156.630293,49.0,tp,Jafarov_2016,True,,,,1,49.0,
CL_HD_2,2013-08-12,71.31124,-156.630279,43.0,tp,Jafarov_2016,True,,,,1,43.0,
CL_HD_2,2013-08-12,71.311235,-156.630266,44.0,tp,Jafarov_2016,True,,,,1,44.0,
CL_HD_2,2013-08-12,71.311232,-156.630252,28.000000000000004,tp,Jafarov_2016,True,,,,1,28.000000000000004,
CL_HD_2,2013-08-12,71.31123,-156.630239,23.0,tp,Jafarov_2016,True,,,,1,23.0,
CL_HD_2,2013-08-12,71.311225,-156.630225,21.0,tp,Jafarov_2016,True,,,,1,21.0,
CL_HD_2,2013-08-12,71.31122,-156.630211,22.0,tp,Jafarov_2016,True,,,,1,22.0,
CL_HD_2,2013-08-12,71.311216,-156.630198,24.0,tp,Jafarov_2016,True,,,,1,24.0,
CL_HD_2,2013-08-12,71.311211,-156.630184,26.0,tp,Jafarov_2016,True,,,,1,26.0,
CL_HD_2,2013-08-12,71.311207,-156.630171,31.0,tp,Jafarov_2016,True,,,,1,31.0,
CL_HD_2,2013-08-12,71.311202,-156.630157,28.999999999999996,tp,Jafarov_2016,True,,,,1,28.999999999999996,
CL_HD_2,2013-08-12,71.311199,-156.630143,33.0,tp,Jafarov_2016,True,,,,1,33.0,
CL_HD_2,2013-08-12,71.311193,-156.63013,26.0,tp,Jafarov_2016,True,,,,1,26.0,
CL_HD_2,2013-08-12,71.311192,-156.630116,30.0,tp,Jafarov_2016,True,,,,1,30.0,
CL_HD_2,2013-08-12,71.311186,-156.630102,39.0,tp,Jafarov_2016,True,,,,1,39.0,
CL_HD_2,2013-08-12,71.311178,-156.630089,45.0,tp,Jafarov_2016,True,,,,1,45.0,
CL_HD_2,2013-08-12,71.311174,-156.630075,45.0,tp,Jafarov_2016,True,,,,1,45.0,
CL_HD_2,2013-08-12,71.311169,-156.630062,43.0,tp,Jafarov_2016,True,,,,1,43.0,
CL_HD_2,2013-08-12,71.311166,-156.630048,43.0,tp,Jafarov_2016,True,,,,1,43.0,
CL_HD_2,2013-08-12,71.311163,-156.630034,42.0,tp,Jafarov_2016,True,,,,1,42.0,
CL_HD_2,2013-08-12,71.31116,-156.630021,40.0,tp,Jafarov_2016,True,,,,1,40.0,
CL_HD_2,2013-08-12,71.311157,-156.630007,30.0,tp,Jafarov_2016,True,,,,1,30.0,
CL_HD_2,2013-08-12,71.311154,-156.629994,17.0,tp,Jafarov_2016,True,,,,1,17.0,
CL_HD_2,2013-08-12,71.311151,-156.62998,12.0,tp,Jafarov_2016,True,,,,1,12.0,
CL_HD_2,2013-08-12,71.311146,-156.629966,14.000000000000002,tp,Jafarov_2016,True,,,,1,14.000000000000002,
CL_HD_2,2013-08-12,71.311143,-156.629953,18.0,tp,Jafarov_2016,True,,,,1,18.0,
CL_HD_2,2013-08-12,71.311142,-156.629939,14.000000000000002,tp,Jafarov_2016,True,,,,1,14.000000000000002,
CL_HD_2,2013-08-12,71.311137,-156.629926,16.0,tp,Jafarov_2016,True,,,,1,16.0,
CL_HD_2,2013-08-12,71.311129,-156.629912,17.0,tp,Jafarov_2016,True,,,,1,17.0,
CL_HD_2,2013-08-12,71.311125,-156.629898,19.0,tp,Jafarov_2016,True,,,,1,19.0,
CL_HD_2,2013-08-12,71.311119,-156.629885,30.0,tp,Jafarov_2016,True,,,,1,30.0,
CL_HD_2,2013-08-12,71.311113,-156.629871,43.0,tp,Jafarov_2016,True,,,,1,43.0,
CL_HD_2,2013-08-12,71.311111,-156.629857,44.0,tp,Jafarov_2016,True,,,,1,44.0,
CL_HD_2,2013-08-12,71.311107,-156.629844,44.0,tp,Jafarov_2016,True,,,,1,44.0,
CL_HD_2,2013-08-12,71.311103,-156.62983,46.0,tp,Jafarov_2016,True,,,,1,46.0,
CL_HD_2,2013-08-12,71.311095,-156.629817,44.0,tp,Jafarov_2016,True,,,,1,44.0,
CL_HD_2,2013-08-12,71.311094,-156.629803,44.0,tp,Jafarov_2016,True,,,,1,44.0,
CL_HD_2,2013-08-12,71.311094,-156.629789,34.0,tp,Jafarov_2016,True,,,,1,34.0,
CL_HD_2,2013-08-12,71.311093,-156.629776,23.0,tp,Jafarov_2016,True,,,,1,23.0,
CL_HD_2,2013-08-12,71.311079,-156.629762,12.0,tp,Jafarov_2016,True,,,,1,12.0,
CL_HD_2,2013-08-12,71.31107,-156.629749,10.0,tp,Jafarov_2016,True,,,,1,10.0,
CL_HD_2,2013-08-12,71.311056,-156.629735,19.0,tp,Jafarov_2016,True,,,,1,19.0,
CL_HD_2,2013-08-12,71.311034,-156.629721,19.0,tp,Jafarov_2016,True,,,,1,19.0,
CL_HD_2,2013-08-12,71.310995,-156.629708,28.999999999999996,tp,Jafarov_2016,True,,,,1,28.999999999999996,
CL_HD_2,2013-08-12,71.310939,-156.629694,35.0,tp,Jafarov_2016,True,,,,1,35.0,
CL_HD_2,2013-08-12,71.310911,-156.629681,40.0,tp,Jafarov_2016,True,,,,1,40.0,
CL_HD_2,2013-08-12,71.310896,-156.629667,43.0,tp,Jafarov_2016,True,,,,1,43.0,
CL_HD_2,2013-08-12,71.310885,-156.629653,42.0,tp,Jafarov_2016,True,,,,1,42.0,
CL_HD_2,2013-08-12,71.310869,-156.62964,44.0,tp,Jafarov_2016,True,,,,1,44.0,
CL_HD_2,2013-08-12,71.31086,-156.629626,43.0,tp,Jafarov_2016,True,,,,1,43.0,
CL_HD_2,2013-08-12,71.310851,-156.629612,43.0,tp,Jafarov_2016,True,,,,1,43.0,
CL_HD_2,2013-08-12,71.310847,-156.629599,45.0,tp,Jafarov_2016,True,,,,1,45.0,
CL_HD_2,2013-08-12,71.310838,-156.629585,45.0,tp,Jafarov_2016,True,,,,1,45.0,
CL_HD_2,2013-08-12,71.310834,-156.629572,43.0,tp,Jafarov_2016,True,,,,1,43.0,
CL_HD_2,2013-08-12,71.310828,-156.629558,40.0,tp,Jafarov_2016,True,,,,1,40.0,
CL_HD_2,2013-08-12,71.310823,-156.629544,39.0,tp,Jafarov_2016,True,,,,1,39.0,
CL_HD_2,2013-08-12,71.310817,-156.629531,42.0,tp,Jafarov_2016,True,,,,1,42.0,
CL_HD_2,2013-08-12,71.310811,-156.629517,43.0,tp,Jafarov_2016,True,,,,1,43.0,
CL_HD_2,2013-08-12,71.310806,-156.629504,44.0,tp,Jafarov_2016,True,,,,1,44.0,
CL_HD_2,2013-08-12,71.310803,-156.62949,44.0,tp,Jafarov_2016,True,,,,1,44.0,
CL_HD_2,2013-08-12,71.310799,-156.629476,45.0,tp,Jafarov_2016,True,,,,1,45.0,
CL_HD_2,2013-08-12,71.310793,-156.629463,42.0,tp,Jafarov_2016,True,,,,1,42.0,
CL_HD_2,2013-08-12,71.310788,-156.629449,44.0,tp,Jafarov_2016,True,,,,1,44.0,
CL_HD_2,2013-08-12,71.310783,-156.629436,43.0,tp,Jafarov_2016,True,,,,1,43.0,
CL_HD_2,2013-08-12,71.310775,-156.629422,42.0,tp,Jafarov_2016,True,,,,1,42.0,
CL_HD_2,2013-08-12,71.31077,-156.629408,43.0,tp,Jafarov_2016,True,,,,1,43.0,
CL_HD_2,2013-08-12,71.310767,-156.629395,42.0,tp,Jafarov_2016,True,,,,1,42.0,
CL_HD_2,2013-08-12,71.310761,-156.629381,42.0,tp,Jafarov_2016,True,,,,1,42.0,
CL_HD_2,2013-08-12,71.310755,-156.629367,42.0,tp,Jafarov_2016,True,,,,1,42.0,
CL_HD_2,2013-08-12,71.31075,-156.629354,43.0,tp,Jafarov_2016,True,,,,1,43.0,
CL_HD_2,2013-08-12,71.310747,-156.62934,42.0,tp,Jafarov_2016,True,,,,1,42.0,
CL_HD_2,2013-08-12,71.310744,-156.629327,41.0,tp,Jafarov_2016,True,,,,1,41.0,
CL_HD_2,2013-08-12,71.310739,-156.629313,43.0,tp,Jafarov_2016,True,,,,1,43.0,
CL_HD_2,2013-08-12,71.310735,-156.629299,42.0,tp,Jafarov_2016,True,,,,1,42.0,
CL_HD_2,2013-08-12,71.31073,-156.629286,43.0,tp,Jafarov_2016,True,,,,1,43.0,
CL_HD_2,2013-08-12,71.310728,-156.629272,44.0,tp,Jafarov_2016,True,,,,1,44.0,
CL_HD_2,2013-08-12,71.310722,-156.629259,47.0,tp,Jafarov_2016,True,,,,1,47.0,
CL_HD_2,2013-08-12,71.31072,-156.629245,44.0,tp,Jafarov_2016,True,,,,1,44.0,
CL_HD_2,2013-08-12,71.310716,-156.629231,41.0,tp,Jafarov_2016,True,,,,1,41.0,
CL_HD_2,2013-08-12,71.310713,-156.629218,40.0,tp,Jafarov_2016,True,,,,1,40.0,
CL_HD_2,2013-08-12,71.310709,-156.629204,42.0,tp,Jafarov_2016,True,,,,1,42.0,
CL_HD_2,2013-08-12,71.310705,-156.629191,40.0,tp,Jafarov_2016,True,,,,1,40.0,
CL_HD_2,2013-08-12,71.310701,-156.629177,40.0,tp,Jafarov_2016,True,,,,1,40.0,
CL_HD_2,2013-08-12,71.310697,-156.629163,41.0,tp,Jafarov_2016,True,,,,1,41.0,
CL_HD_2,2013-08-12,71.310693,-156.62915,42.0,tp,Jafarov_2016,True,,,,1,42.0,
CL_HD_2,2013-08-12,71.310689,-156.629136,40.0,tp,Jafarov_2016,True,,,,1,40.0,
CL_HD_2,2013-08-12,71.310686,-156.629122,40.0,tp,Jafarov_2016,True,,,,1,40.0,
CL_HD_2,2013-08-12,71.310682,-156.629109,38.0,tp,Jafarov_2016,True,,,,1,38.0,
CL_HD_2,2013-08-12,71.310677,-156.629095,35.0,tp,Jafarov_2016,True,,,,1,35.0,
CL_HD_2,2013-08-12,71.310672,-156.629082,38.0,tp,Jafarov_2016,True,,,,1,38.0,
CL_HD_2,2013-08-12,71.310667,-156.629068,38.0,tp,Jafarov_2016,True,,,,1,38.0,
CL_HD_2,2013-08-12,71.310663,-156.629054,39.0,tp,Jafarov_2016,True,,,,1,39.0,
CL_HD_2,2013-08-12,71.31066,-156.629041,43.0,tp,Jafarov_2016,True,,,,1,43.0,
CL_HD_2,2013-08-12,71.310656,-156.629027,42.0,tp,Jafarov_2016,True,,,,1,42.0,
CL_HD_2,2013-08-12,71.310651,-156.629014,42.0,tp,Jafarov_2016,True,,,,1,42.0,
CL_HD_2,2013-08-12,71.310647,-156.629,46.0,tp,Jafarov_2016,True,,,,1,46.0,
CL_HD_3,2013-08-12,71.305259,-156.611472,36.0,tp,Jafarov_2016,True,,,,1,36.0,
CL_HD_3,2013-08-12,71.305253,-156.611461,32.0,tp,Jafarov_2016,True,,,,1,32.0,
CL_HD_3,2013-08-12,71.305246,-156.611449,36.0,tp,Jafarov_2016,True,,,,1,36.0,
CL_HD_3,2013-08-12,71.305242,-156.611438,33.0,tp,Jafarov_2016,True,,,,1,33.0,
CL_HD_3,2013-08-12,71.305238,-156.611427,32.0,tp,Jafarov_2016,True,,,,1,32.0,
CL_HD_3,2013-08-12,71.305234,-156.611415,36.0,tp,Jafarov_2016,True,,,,1,36.0,
CL_HD_3,2013-08-12,71.305228,-156.611404,36.0,tp,Jafarov_2016,True,,,,1,36.0,
CL_HD_3,2013-08-12,71.305217,-156.611392,32.0,tp,Jafarov_2016,True,,,,1,32.0,
CL_HD_3,2013-08-12,71.305206,-156.611381,38.0,tp,Jafarov_2016,True,,,,1,38.0,
CL_HD_3,2013-08-12,71.305194,-156.61137,36.0,tp,Jafarov_2016,True,,,,1,36.0,
CL_HD_3,2013-08-12,71.305186,-156.611358,35.0,tp,Jafarov_2016,True,,,,1,35.0,
CL_HD_3,2013-08-12,71.305179,-156.611347,33.0,tp,Jafarov_2016,True,,,,1,33.0,
CL_HD_3,2013-08-12,71.305169,-156.611336,31.0,tp,Jafarov_2016,True,,,,1,31.0,
CL_HD_3,2013-08-12,71.30516,-156.611324,26.0,tp,Jafarov_2016,True,,,,1,26.0,
CL_HD_3,2013-08-12,71.305155,-156.611313,28.999999999999996,tp,Jafarov_2016,True,,,,1,28.999999999999996,
CL_HD_3,2013-08-12,71.305138,-156.611301,33.0,tp,Jafarov_2016,True,,,,1,33.0,
CL_HD_3,2013-08-12,71.305123,-156.61129,28.999999999999996,tp,Jafarov_2016,True,,,,1,28.999999999999996,
CL_HD_3,2013-08-12,71.305116,-156.611279,30.0,tp,Jafarov_2016,True,,,,1,30.0,
CL_HD_3,2013-08-12,71.305111,-156.611267,30.0,tp,Jafarov_2016,True,,,,1,30.0,
CL_HD_3,2013-08-12,71.305108,-156.611256,30.0,tp,Jafarov_2016,True,,,,1,30.0,
CL_HD_3,2013-08-12,71.305102,-156.611244,33.0,tp,Jafarov_2016,True,,,,1,33.0,
CL_HD_3,2013-08-12,71.305099,-156.611233,36.0,tp,Jafarov_2016,True,,,,1,36.0,
CL_HD_3,2013-08-12,71.305091,-156.611222,30.0,tp,Jafarov_2016,True,,,,1,30.0,
CL_HD_3,2013-08-12,71.305084,-156.61121,33.0,tp,Jafarov_2016,True,,,,1,33.0,
CL_HD_3,2013-08-12,71.305074,-156.611199,26.0,tp,Jafarov_2016,True,,,,1,26.0,
CL_HD_3,2013-08-12,71.305071,-156.611187,30.0,tp,Jafarov_2016,True,,,,1,30.0,
CL_HD_3,2013-08-12,71.305066,-156.611176,33.0,tp,Jafarov_2016,True,,,,1,33.0,
CL_HD_3,2013-08-12,71.305057,-156.611165,34.0,tp,Jafarov_2016,True,,,,1,34.0,
CL_HD_3,2013-08-12,71.305046,-156.611153,33.0,tp,Jafarov_2016,True,,,,1,33.0,
CL_HD_3,2013-08-12,71.305037,-156.611142,28.999999999999996,tp,Jafarov_2016,True,,,,1,28.999999999999996,
CL_HD_3,2013-08-12,71.305029,-156.611131,31.0,tp,Jafarov_2016,True,,,,1,31.0,
CL_HD_3,2013-08-12,71.305019,-156.611119,32.0,tp,Jafarov_2016,True,,,,1,32.0,
CL_HD_3,2013-08-12,71.305006,-156.611108,35.0,tp,Jafarov_2016,True,,,,1,35.0,
CL_HD_3,2013-08-12,71.304973,-156.611096,35.0,tp,Jafarov_2016,True,,,,1,35.0,
CL_HD_3,2013-08-12,71.304955,-156.611085,37.0,tp,Jafarov_2016,True,,,,1,37.0,
CL_HD_3,2013-08-12,71.304949,-156.611074,36.0,tp,Jafarov_2016,True,,,,1,36.0,
CL_HD_3,2013-08-12,71.304943,-156.611062,33.0,tp,Jafarov_2016,True,,,,1,33.0,
CL_HD_3,2013-08-12,71.304935,-156.611051,31.0,tp,Jafarov_2016,True,,,,1,31.0,
CL_HD_3,2013-08-12,71.304932,-156.611039,28.000000000000004,tp,Jafarov_2016,True,,,,1,28.000000000000004,
CL_HD_3,2013-08-12,71.304927,-156.611028,30.0,tp,Jafarov_2016,True,,,,1,30.0,
CL_HD_3,2013-08-12,71.304923,-156.611017,28.999999999999996,tp,Jafarov_2016,True,,,,1,28.999999999999996,
CL_HD_3,2013-08-12,71.304921,-156.611005,27.0,tp,Jafarov_2016,True,,,,1,27.0,
CL_HD_3,2013-08-12,71.304916,-156.610994,31.0,tp,Jafarov_2016,True,,,,1,31.0,
CL_HD_3,2013-08-12,71.304912,-156.610982,30.0,tp,Jafarov_2016,True,,,,1,30.0,
CL_HD_3,2013-08-12,71.304905,-156.610971,24.0,tp,Jafarov_2016,True,,,,1,24.0,
CL_HD_3,2013-08-12,71.3049,-156.61096,28.999999999999996,tp,Jafarov_2016,True,,,,1,28.999999999999996,
CL_HD_3,2013-08-12,71.304897,-156.610948,31.0,tp,Jafarov_2016,True,,,,1,31.0,
CL_HD_3,2013-08-12,71.30489,-156.610937,33.0,tp,Jafarov_2016,True,,,,1,33.0,
CL_HD_3,2013-08-12,71.304885,-156.610926,37.0,tp,Jafarov_2016,True,,,,1,37.0,
CL_HD_3,2013-08-12,71.304857,-156.610914,40.0,tp,Jafarov_2016,True,,,,1,40.0,
CL_HD_3,2013-08-12,71.304832,-156.610903,35.0,tp,Jafarov_2016,True,,,,1,35.0,
CL_HD_3,2013-08-12,71.304822,-156.610891,30.0,tp,Jafarov_2016,True,,,,1,30.0,
CL_HD_3,2013-08-12,71.304814,-156.61088,31.0,tp,Jafarov_2016,True,,,,1,31.0,
CL_HD_3,2013-08-12,71.304807,-156.610869,30.0,tp,Jafarov_2016,True,,,,1,30.0,
CL_HD_3,2013-08-12,71.304799,-156.610857,33.0,tp,Jafarov_2016,True,,,,1,33.0,
CL_HD_3,2013-08-12,71.304789,-156.610846,30.0,tp,Jafarov_2016,True,,,,1,30.0,
CL_HD_3,2013-08-12,71.304781,-156.610834,28.000000000000004,tp,Jafarov_2016,True,,,,1,28.000000000000004,
CL_HD_3,2013-08-12,71.304773,-156.610823,30.0,tp,Jafarov_2016,True,,,,1,30.0,
CL_HD_3,2013-08-12,71.304768,-156.610812,33.0,tp,Jafarov_2016,True,,,,1,33.0,
CL_HD_3,2013-08-12,71.304755,-156.6108,32.0,tp,Jafarov_2016,True,,,,1,32.0,
CL_HD_3,2013-08-12,71.30475,-156.610789,30.0,tp,Jafarov_2016,True,,,,1,30.0,
CL_HD_3,2013-08-12,71.304744,-156.610777,30.0,tp,Jafarov_2016,True,,,,1,30.0,
CL_HD_3,2013-08-12,71.304737,-156.610766,28.000000000000004,tp,Jafarov_2016,True,,,,1,28.000000000000004,
CL_HD_3,2013-08-12,71.30473,-156.610755,35.0,tp,Jafarov_2016,True,,,,1,35.0,
CL_HD_3,2013-08-12,71.30472,-156.610743,38.0,tp,Jafarov_2016,True,,,,1,38.0,
CL_HD_3,2013-08-12,71.30471,-156.610732,36.0,tp,Jafarov_2016,True,,,,1,36.0,
CL_HD_3,2013-08-12,71.304703,-156.610721,34.0,tp,Jafarov_2016,True,,,,1,34.0,
CL_HD_3,2013-08-12,71.304696,-156.610709,32.0,tp,Jafarov_2016,True,,,,1,32.0,
CL_HD_3,2013-08-12,71.304686,-156.610698,30.0,tp,Jafarov_2016,True,,,,1,30.0,
CL_HD_3,2013-08-12,71.304679,-156.610686,28.999999999999996,tp,Jafarov_2016,True,,,,1,28.999999999999996,
CL_HD_3,2013-08-12,71.304667,-156.610675,25.0,tp,Jafarov_2016,True,,,,1,25.0,
CL_HD_3,2013-08-12,71.30465,-156.610664,30.0,tp,Jafarov_2016,True,,,,1,30.0,
CL_HD_3,2013-08-12,71.304633,-156.610652,36.0,tp,Jafarov_2016,True,,,,1,36.0,
CL_HD_3,2013-08-12,71.304618,-156.610641,33.0,tp,Jafarov_2016,True,,,,1,33.0,
CL_HD_3,2013-08-12,71.304611,-156.610629,33.0,tp,Jafarov_2016,True,,,,1,33.0,
CL_HD_3,2013-08-12,71.304604,-156.610618,35.0,tp,Jafarov_2016,True,,,,1,35.0,
CL_HD_3,2013-08-12,71.304602,-156.610607,35.0,tp,Jafarov_2016,True,,,,1,35.0,
CL_HD_3,2013-08-12,71.304597,-156.610595,34.0,tp,Jafarov_2016,True,,,,1,34.0,
CL_HD_3,2013-08-12,71.304586,-156.610584,32.0,tp,Jafarov_2016,True,,,,1,32.0,
CL_HD_3,2013-08-12,71.304581,-156.610572,28.000000000000004,tp,Jafarov_2016,True,,,,1,28.000000000000004,
CL_HD_3,2013-08-12,71.304577,-156.610561,26.0,tp,Jafarov_2016,True,,,,1,26.0,
CL_HD_3,2013-08-12,71.30457,-156.61055,27.0,tp,Jafarov_2016,True,,,,1,27.0,
CL_HD_3,2013-08-12,71.304566,-156.610538,33.0,tp,Jafarov_2016,True,,,,1,33.0,
CL_HD_3,2013-08-12,71.304554,-156.610527,36.0,tp,Jafarov_2016,True,,,,1,36.0,
CL_HD_3,2013-08-12,71.304545,-156.610516,36.0,tp,Jafarov_2016,True,,,,1,36.0,
CL_HD_3,2013-08-12,71.304536,-156.610504,38.0,tp,Jafarov_2016,True,,,,1,38.0,
CL_HD_3,2013-08-12,71.304529,-156.610493,39.0,tp,Jafarov_2016,True,,,,1,39.0,
CL_HD_3,2013-08-12,71.304519,-156.610481,40.0,tp,Jafarov_2016,True,,,,1,40.0,
CL_HD_3,2013-08-12,71.304513,-156.61047,40.0,tp,Jafarov_2016,True,,,,1,40.0,
CL_HD_3,2013-08-12,71.304506,-156.610459,42.0,tp,Jafarov_2016,True,,,,1,42.0,
CL_HD_3,2013-08-12,71.304501,-156.610447,40.0,tp,Jafarov_2016,True,,,,1,40.0,
CL_HD_3,2013-08-12,71.304495,-156.610436,41.0,tp,Jafarov_2016,True,,,,1,41.0,
CL_HD_3,2013-08-12,71.304486,-156.610424,38.0,tp,Jafarov_2016,True,,,,1,38.0,
CL_HD_3,2013-08-12,71.304477,-156.610413,38.0,tp,Jafarov_2016,True,,,,1,38.0,
CL_HD_3,2013-08-12,71.304471,-156.610402,39.0,tp,Jafarov_2016,True,,,,1,39.0,
CL_HD_3,2013-08-12,71.304465,-156.61039,39.0,tp,Jafarov_2016,True,,,,1,39.0,
CL_HD_3,2013-08-12,71.304458,-156.610379,40.0,tp,Jafarov_2016,True,,,,1,40.0,
CL_HD_3,2013-08-12,71.304451,-156.610367,39.0,tp,Jafarov_2016,True,,,,1,39.0,
CL_HD_3,2013-08-12,71.304443,-156.610356,39.0,tp,Jafarov_2016,True,,,,1,39.0,
CL_HD_3,2013-08-12,71.304438,-156.610345,39.0,tp,Jafarov_2016,True,,,,1,39.0,
CL_HD_3,2013-08-12,71.304433,-156.610333,36.0,tp,Jafarov_2016,True,,,,1,36.0,
CL_HD_4,2013-08-12,71.316241,-156.613472,43.0,tp,Jafarov_2016,True,,,,1,43.0,
CL_HD_4,2013-08-12,71.316245,-156.613447,41.0,tp,Jafarov_2016,True,,,,1,41.0,
CL_HD_4,2013-08-12,71.316251,-156.613422,40.0,tp,Jafarov_2016,True,,,,1,40.0,
CL_HD_4,2013-08-12,71.316257,-156.613396,39.0,tp,Jafarov_2016,True,,,,1,39.0,
CL_HD_4,2013-08-12,71.316258,-156.613371,41.0,tp,Jafarov_2016,True,,,,1,41.0,
CL_HD_4,2013-08-12,71.31626,-156.613346,42.0,tp,Jafarov_2016,True,,,,1,42.0,
CL_HD_4,2013-08-12,71.316263,-156.613321,42.0,tp,Jafarov_2016,True,,,,1,42.0,
CL_HD_4,2013-08-12,71.316266,-156.613295,41.0,tp,Jafarov_2016,True,,,,1,41.0,
CL_HD_4,2013-08-12,71.31627,-156.61327,40.0,tp,Jafarov_2016,True,,,,1,40.0,
CL_HD_4,2013-08-12,71.316273,-156.613245,39.0,tp,Jafarov_2016,True,,,,1,39.0,
CL_HD_4,2013-08-12,71.316275,-156.613219,40.0,tp,Jafarov_2016,True,,,,1,40.0,
CL_HD_4,2013-08-12,71.316273,-156.613194,40.0,tp,Jafarov_2016,True,,,,1,40.0,
CL_HD_4,2013-08-12,71.31627,-156.613169,41.0,tp,Jafarov_2016,True,,,,1,41.0,
CL_HD_4,2013-08-12,71.316268,-156.613144,38.0,tp,Jafarov_2016,True,,,,1,38.0,
CL_HD_4,2013-08-12,71.316267,-156.613118,38.0,tp,Jafarov_2016,True,,,,1,38.0,
CL_HD_4,2013-08-12,71.316263,-156.613093,40.0,tp,Jafarov_2016,True,,,,1,40.0,
CL_HD_4,2013-08-12,71.31626,-156.613068,38.0,tp,Jafarov_2016,True,,,,1,38.0,
CL_HD_4,2013-08-12,71.316256,-156.613042,38.0,tp,Jafarov_2016,True,,,,1,38.0,
CL_HD_4,2013-08-12,71.316253,-156.613017,37.0,tp,Jafarov_2016,True,,,,1,37.0,
CL_HD_4,2013-08-12,71.31625,-156.612992,38.0,tp,Jafarov_2016,True,,,,1,38.0,
CL_HD_4,2013-08-12,71.316248,-156.612967,39.0,tp,Jafarov_2016,True,,,,1,39.0,
CL_HD_4,2013-08-12,71.31625,-156.612941,39.0,tp,Jafarov_2016,True,,,,1,39.0,
CL_HD_4,2013-08-12,71.316252,-156.612916,39.0,tp,Jafarov_2016,True,,,,1,39.0,
CL_HD_4,2013-08-12,71.316252,-156.612891,38.0,tp,Jafarov_2016,True,,,,1,38.0,
CL_HD_4,2013-08-12,71.316253,-156.612866,41.0,tp,Jafarov_2016,True,,,,1,41.0,
CL_HD_4,2013-08-12,71.316256,-156.61284,39.0,tp,Jafarov_2016,True,,,,1,39.0,
CL_HD_4,2013-08-12,71.316257,-156.612815,40.0,tp,Jafarov_2016,True,,,,1,40.0,
CL_HD_4,2013-08-12,71.31626,-156.61279,39.0,tp,Jafarov_2016,True,,,,1,39.0,
CL_HD_4,2013-08-12,71.316262,-156.612764,40.0,tp,Jafarov_2016,True,,,,1,40.0,
CL_HD_4,2013-08-12,71.316266,-156.612739,39.0,tp,Jafarov_2016,True,,,,1,39.0,
CL_HD_4,2013-08-12,71.316269,-156.612714,38.0,tp,Jafarov_2016,True,,,,1,38.0,
CL_HD_4,2013-08-12,71.316272,-156.612689,40.0,tp,Jafarov_2016,True,,,,1,40.0,
CL_HD_4,2013-08-12,71.316275,-156.612663,37.0,tp,Jafarov_2016,True,,,,1,37.0,
CL_HD_4,2013-08-12,71.316278,-156.612638,39.0,tp,Jafarov_2016,True,,,,1,39.0,
CL_HD_4,2013-08-12,71.316281,-156.612613,40.0,tp,Jafarov_2016,True,,,,1,40.0,
CL_HD_4,2013-08-12,71.316285,-156.612587,44.0,tp,Jafarov_2016,True,,,,1,44.0,
CL_HD_4,2013-08-12,71.316291,-156.612562,43.0,tp,Jafarov_2016,True,,,,1,43.0,
CL_HD_4,2013-08-12,71.316294,-156.612537,39.0,tp,Jafarov_2016,True,,,,1,39.0,
CL_HD_4,2013-08-12,71.316295,-156.612512,38.0,tp,Jafarov_2016,True,,,,1,38.0,
CL_HD_4,2013-08-12,71.316297,-156.612486,38.0,tp,Jafarov_2016,True,,,,1,38.0,
CL_HD_4,2013-08-12,71.3163,-156.612461,41.0,tp,Jafarov_2016,True,,,,1,41.0,
CL_HD_4,2013-08-12,71.316304,-156.612436,39.0,tp,Jafarov_2016,True,,,,1,39.0,
CL_HD_4,2013-08-12,71.316307,-156.612411,38.0,tp,Jafarov_2016,True,,,,1,38.0,
CL_HD_4,2013-08-12,71.316312,-156.612385,40.0,tp,Jafarov_2016,True,,,,1,40.0,
CL_HD_4,2013-08-12,71.316318,-156.61236,39.0,tp,Jafarov_2016,True,,,,1,39.0,
CL_HD_4,2013-08-12,71.316322,-156.612335,39.0,tp,Jafarov_2016,True,,,,1,39.0,
CL_HD_4,2013-08-12,71.316325,-156.612309,39.0,tp,Jafarov_2016,True,,,,1,39.0,
CL_HD_4,2013-08-12,71.316327,-156.612284,35.0,tp,Jafarov_2016,True,,,,1,35.0,
CL_HD_4,2013-08-12,71.316332,-156.612259,39.0,tp,Jafarov_2016,True,,,,1,39.0,
CL_HD_4,2013-08-12,71.316334,-156.612234,40.0,tp,Jafarov_2016,True,,,,1,40.0,
CL_HD_4,2013-08-12,71.316336,-156.612208,41.0,tp,Jafarov_2016,True,,,,1,41.0,
CL_HD_4,2013-08-12,71.31634,-156.612183,44.0,tp,Jafarov_2016,True,,,,1,44.0,
CL_HD_4,2013-08-12,71.316344,-156.612158,43.0,tp,Jafarov_2016,True,,,,1,43.0,
CL_HD_4,2013-08-12,71.316349,-156.612132,40.0,tp,Jafarov_2016,True,,,,1,40.0,
CL_HD_4,2013-08-12,71.316353,-156.612107,48.0,tp,Jafarov_2016,True,,,,1,48.0,
CL_HD_4,2013-08-12,71.316357,-156.612082,38.0,tp,Jafarov_2016,True,,,,1,38.0,
CL_HD_4,2013-08-12,71.316362,-156.612057,35.0,tp,Jafarov_2016,True,,,,1,35.0,
CL_HD_4,2013-08-12,71.316364,-156.612031,40.0,tp,Jafarov_2016,True,,,,1,40.0,
CL_HD_4,2013-08-12,71.316367,-156.612006,41.0,tp,Jafarov_2016,True,,,,1,41.0,
CL_HD_4,2013-08-12,71.31637,-156.611981,39.0,tp,Jafarov_2016,True,,,,1,39.0,
CL_HD_4,2013-08-12,71.316376,-156.611956,40.0,tp,Jafarov_2016,True,,,,1,40.0,
CL_HD_4,2013-08-12,71.316379,-156.61193,38.0,tp,Jafarov_2016,True,,,,1,38.0,
CL_HD_4,2013-08-12,71.316385,-156.611905,38.0,tp,Jafarov_2016,True,,,,1,38.0,
CL_HD_4,2013-08-12,71.316391,-156.61188,40.0,tp,Jafarov_2016,True,,,,1,40.0,
CL_HD_4,2013-08-12,71.316396,-156.611854,41.0,tp,Jafarov_2016,True,,,,1,41.0,
CL_HD_4,2013-08-12,71.316401,-156.611829,39.0,tp,Jafarov_2016,True,,,,1,39.0,
CL_HD_4,2013-08-12,71.316408,-156.611804,40.0,tp,Jafarov_2016,True,,,,1,40.0,
CL_HD_4,2013-08-12,71.316415,-156.611779,41.0,tp,Jafarov_2016,True,,,,1,41.0,
CL_HD_4,2013-08-12,71.316417,-156.611753,41.0,tp,Jafarov_2016,True,,,,1,41.0,
CL_HD_4,2013-08-12,71.316417,-156.611728,42.0,tp,Jafarov_2016,True,,,,1,42.0,
CL_HD_4,2013-08-12,71.316417,-156.611703,43.0,tp,Jafarov_2016,True,,,,1,43.0,
CL_HD_4,2013-08-12,71.316421,-156.611677,42.0,tp,Jafarov_2016,True,,,,1,42.0,
CL_HD_4,2013-08-12,71.316428,-156.611652,41.0,tp,Jafarov_2016,True,,,,1,41.0,
CL_HD_4,2013-08-12,71.316431,-156.611627,40.0,tp,Jafarov_2016,True,,,,1,40.0,
CL_HD_4,2013-08-12,71.316433,-156.611602,40.0,tp,Jafarov_2016,True,,,,1,40.0,
CL_HD_4,2013-08-12,71.316437,-156.611576,39.0,tp,Jafarov_2016,True,,,,1,39.0,
CL_HD_4,2013-08-12,71.31644,-156.611551,44.0,tp,Jafarov_2016,True,,,,1,44.0,
CL_HD_4,2013-08-12,71.316444,-156.611526,41.0,tp,Jafarov_2016,True,,,,1,41.0,
CL_HD_4,2013-08-12,71.316445,-156.611501,42.0,tp,Jafarov_2016,True,,,,1,42.0,
CL_HD_4,2013-08-12,71.316449,-156.611475,41.0,tp,Jafarov_2016,True,,,,1,41.0,
CL_HD_4,2013-08-12,71.316452,-156.61145,40.0,tp,Jafarov_2016,True,,,,1,40.0,
CL_HD_4,2013-08-12,71.316458,-156.611425,42.0,tp,Jafarov_2016,True,,,,1,42.0,
CL_HD_4,2013-08-12,71.316462,-156.611399,43.0,tp,Jafarov_2016,True,,,,1,43.0,
CL_HD_4,2013-08-12,71.31647,-156.611374,42.0,tp,Jafarov_2016,True,,,,1,42.0,
CL_HD_4,2013-08-12,71.316476,-156.611349,43.0,tp,Jafarov_2016,True,,,,1,43.0,
CL_HD_4,2013-08-12,71.316482,-156.611324,45.0,tp,Jafarov_2016,True,,,,1,45.0,
CL_HD_4,2013-08-12,71.316485,-156.611298,43.0,tp,Jafarov_2016,True,,,,1,43.0,
CL_HD_4,2013-08-12,71.316488,-156.611273,40.0,tp,Jafarov_2016,True,,,,1,40.0,
CL_HD_4,2013-08-12,71.316492,-156.611248,39.0,tp,Jafarov_2016,True,,,,1,39.0,
CL_HD_4,2013-08-12,71.316498,-156.611222,36.0,tp,Jafarov_2016,True,,,,1,36.0,
CL_HD_4,2013-08-12,71.316501,-156.611197,40.0,tp,Jafarov_2016,True,,,,1,40.0,
CL_HD_4,2013-08-12,71.316504,-156.611172,36.0,tp,Jafarov_2016,True,,,,1,36.0,
CL_HD_4,2013-08-12,71.316504,-156.611147,34.0,tp,Jafarov_2016,True,,,,1,34.0,
CL_HD_4,2013-08-12,71.316506,-156.611121,39.0,tp,Jafarov_2016,True,,,,1,39.0,
CL_HD_4,2013-08-12,71.316508,-156.611096,39.0,tp,Jafarov_2016,True,,,,1,39.0,
CL_HD_4,2013-08-12,71.316507,-156.611071,43.0,tp,Jafarov_2016,True,,,,1,43.0,
CL_HD_4,2013-08-12,71.316506,-156.611046,43.0,tp,Jafarov_2016,True,,,,1,43.0,
CL_HD_4,2013-08-12,71.316505,-156.61102,45.0,tp,Jafarov_2016,True,,,,1,45.0,
CL_HD_4,2013-08-12,71.316506,-156.610995,42.0,tp,Jafarov_2016,True,,,,1,42.0,
CL_HD_4,2013-08-12,71.316508,-156.61097,44.0,tp,Jafarov_2016,True,,,,1,44.0,
CL_HD_4,2013-08-12,71.31651,-156.610944,42.0,tp,Jafarov_2016,True,,,,1,42.0,
CL_HD_5,2013-08-12,71.314933,-156.59113,35.0,tp,Jafarov_2016,True,,,,1,35.0,
CL_HD_5,2013-08-12,71.314929,-156.591113,33.0,tp,Jafarov_2016,True,,,,1,33.0,
CL_HD_5,2013-08-12,71.314925,-156.591095,31.0,tp,Jafarov_2016,True,,,,1,31.0,
CL_HD_5,2013-08-12,71.314932,-156.591078,28.999999999999996,tp,Jafarov_2016,True,,,,1,28.999999999999996,
CL_HD_5,2013-08-12,71.314925,-156.591061,31.0,tp,Jafarov_2016,True,,,,1,31.0,
CL_HD_5,2013-08-12,71.31492,-156.591043,31.0,tp,Jafarov_2016,True,,,,1,31.0,
CL_HD_5,2013-08-12,71.314916,-156.591026,37.0,tp,Jafarov_2016,True,,,,1,37.0,
CL_HD_5,2013-08-12,71.314913,-156.591009,36.0,tp,Jafarov_2016,True,,,,1,36.0,
CL_HD_5,2013-08-12,71.31491,-156.590992,34.0,tp,Jafarov_2016,True,,,,1,34.0,
CL_HD_5,2013-08-12,71.314904,-156.590974,36.0,tp,Jafarov_2016,True,,,,1,36.0,
CL_HD_5,2013-08-12,71.314901,-156.590957,32.0,tp,Jafarov_2016,True,,,,1,32.0,
CL_HD_5,2013-08-12,71.314893,-156.59094,28.000000000000004,tp,Jafarov_2016,True,,,,1,28.000000000000004,
CL_HD_5,2013-08-12,71.314887,-156.590922,30.0,tp,Jafarov_2016,True,,,,1,30.0,
CL_HD_5,2013-08-12,71.314884,-156.590905,33.0,tp,Jafarov_2016,True,,,,1,33.0,
CL_HD_5,2013-08-12,71.314879,-156.590888,31.0,tp,Jafarov_2016,True,,,,1,31.0,
CL_HD_5,2013-08-12,71.314876,-156.59087,33.0,tp,Jafarov_2016,True,,,,1,33.0,
CL_HD_5,2013-08-12,71.314873,-156.590853,36.0,tp,Jafarov_2016,True,,,,1,36.0,
CL_HD_5,2013-08-12,71.314867,-156.590836,38.0,tp,Jafarov_2016,True,,,,1,38.0,
CL_HD_5,2013-08-12,71.314864,-156.590819,37.0,tp,Jafarov_2016,True,,,,1,37.0,
CL_HD_5,2013-08-12,71.314861,-156.590801,33.0,tp,Jafarov_2016,True,,,,1,33.0,
CL_HD_5,2013-08-12,71.314858,-156.590784,28.999999999999996,tp,Jafarov_2016,True,,,,1,28.999999999999996,
CL_HD_5,2013-08-12,71.314854,-156.590767,28.999999999999996,tp,Jafarov_2016,True,,,,1,28.999999999999996,
CL_HD_5,2013-08-12,71.314852,-156.590749,34.0,tp,Jafarov_2016,True,,,,1,34.0,
CL_HD_5,2013-08-12,71.314847,-156.590732,28.999999999999996,tp,Jafarov_2016,True,,,,1,28.999999999999996,
CL_HD_5,2013-08-12,71.314846,-156.590715,26.0,tp,Jafarov_2016,True,,,,1,26.0,
CL_HD_5,2013-08-12,71.314841,-156.590698,27.0,tp,Jafarov_2016,True,,,,1,27.0,
CL_HD_5,2013-08-12,71.314837,-156.59068,26.0,tp,Jafarov_2016,True,,,,1,26.0,
CL_HD_5,2013-08-12,71.31483,-156.590663,26.0,tp,Jafarov_2016,True,,,,1,26.0,
CL_HD_5,2013-08-12,71.314827,-156.590646,28.000000000000004,tp,Jafarov_2016,True,,,,1,28.000000000000004,
CL_HD_5,2013-08-12,71.314823,-156.590628,28.000000000000004,tp,Jafarov_2016,True,,,,1,28.000000000000004,
CL_HD_5,2013-08-12,71.314818,-156.590611,31.0,tp,Jafarov_2016,True,,,,1,31.0,
CL_HD_5,2013-08-12,71.314816,-156.590594,41.0,tp,Jafarov_2016,True,,,,1,41.0,
CL_HD_5,2013-08-12,71.314813,-156.590576,37.0,tp,Jafarov_2016,True,,,,1,37.0,
CL_HD_5,2013-08-12,71.31481,-156.590559,32.0,tp,Jafarov_2016,True,,,,1,32.0,
CL_HD_5,2013-08-12,71.314807,-156.590542,30.0,tp,Jafarov_2016,True,,,,1,30.0,
CL_HD_5,2013-08-12,71.314804,-156.590524,28.999999999999996,tp,Jafarov_2016,True,,,,1,28.999999999999996,
CL_HD_5,2013-08-12,71.314801,-156.590507,30.0,tp,Jafarov_2016,True,,,,1,30.0,
CL_HD_5,2013-08-12,71.314795,-156.59049,44.0,tp,Jafarov_2016,True,,,,1,44.0,
CL_HD_5,2013-08-12,71.314793,-156.590473,42.0,tp,Jafarov_2016,True,,,,1,42.0,
CL_HD_5,2013-08-12,71.31479,-156.590455,44.0,tp,Jafarov_2016,True,,,,1,44.0,
CL_HD_5,2013-08-12,71.314787,-156.590438,43.0,tp,Jafarov_2016,True,,,,1,43.0,
CL_HD_5,2013-08-12,71.314785,-156.590421,44.0,tp,Jafarov_2016,True,,,,1,44.0,
CL_HD_5,2013-08-12,71.314781,-156.590403,42.0,tp,Jafarov_2016,True,,,,1,42.0,
CL_HD_5,2013-08-12,71.314779,-156.590386,45.0,tp,Jafarov_2016,True,,,,1,45.0,
CL_HD_5,2013-08-12,71.314778,-156.590369,44.0,tp,Jafarov_2016,True,,,,1,44.0,
CL_HD_5,2013-08-12,71.314777,-156.590352,45.0,tp,Jafarov_2016,True,,,,1,45.0,
CL_HD_5,2013-08-12,71.314775,-156.590334,32.0,tp,Jafarov_2016,True,,,,1,32.0,
CL_HD_5,2013-08-12,71.314773,-156.590317,28.999999999999996,tp,Jafarov_2016,True,,,,1,28.999999999999996,
CL_HD_5,2013-08-12,71.314771,-156.5903,28.999999999999996,tp,Jafarov_2016,True,,,,1,28.999999999999996,
CL_HD_5,2013-08-12,71.314769,-156.590282,34.0,tp,Jafarov_2016,True,,,,1,34.0,
CL_HD_5,2013-08-12,71.314766,-156.590265,32.0,tp,Jafarov_2016,True,,,,1,32.0,
CL_HD_5,2013-08-12,71.314763,-156.590248,36.0,tp,Jafarov_2016,True,,,,1,36.0,
CL_HD_5,2013-08-12,71.31476,-156.59023,36.0,tp,Jafarov_2016,True,,,,1,36.0,
CL_HD_5,2013-08-12,71.314756,-156.590213,36.0,tp,Jafarov_2016,True,,,,1,36.0,
CL_HD_5,2013-08-12,71.314752,-156.590196,38.0,tp,Jafarov_2016,True,,,,1,38.0,
CL_HD_5,2013-08-12,71.314751,-156.590179,38.0,tp,Jafarov_2016,True,,,,1,38.0,
CL_HD_5,2013-08-12,71.314747,-156.590161,38.0,tp,Jafarov_2016,True,,,,1,38.0,
CL_HD_5,2013-08-12,71.314742,-156.590144,41.0,tp,Jafarov_2016,True,,,,1,41.0,
CL_HD_5,2013-08-12,71.314738,-156.590127,41.0,tp,Jafarov_2016,True,,,,1,41.0,
CL_HD_5,2013-08-12,71.314738,-156.590109,40.0,tp,Jafarov_2016,True,,,,1,40.0,
CL_HD_5,2013-08-12,71.314737,-156.590092,43.0,tp,Jafarov_2016,True,,,,1,43.0,
CL_HD_5,2013-08-12,71.314735,-156.590075,44.0,tp,Jafarov_2016,True,,,,1,44.0,
CL_HD_5,2013-08-12,71.314734,-156.590057,47.0,tp,Jafarov_2016,True,,,,1,47.0,
CL_HD_5,2013-08-12,71.314733,-156.59004,45.0,tp,Jafarov_2016,True,,,,1,45.0,
CL_HD_5,2013-08-12,71.314731,-156.590023,47.0,tp,Jafarov_2016,True,,,,1,47.0,
CL_HD_5,2013-08-12,71.314729,-156.590006,43.0,tp,Jafarov_2016,True,,,,1,43.0,
CL_HD_5,2013-08-12,71.314727,-156.589988,40.0,tp,Jafarov_2016,True,,,,1,40.0,
CL_HD_5,2013-08-12,71.314725,-156.589971,38.0,tp,Jafarov_2016,True,,,,1,38.0,
CL_HD_5,2013-08-12,71.314724,-156.589954,41.0,tp,Jafarov_2016,True,,,,1,41.0,
CL_HD_5,2013-08-12,71.314723,-156.589936,46.0,tp,Jafarov_2016,True,,,,1,46.0,
CL_HD_5,2013-08-12,71.314721,-156.589919,47.0,tp,Jafarov_2016,True,,,,1,47.0,
CL_HD_5,2013-08-12,71.314718,-156.589902,43.0,tp,Jafarov_2016,True,,,,1,43.0,
CL_HD_5,2013-08-12,71.314717,-156.589884,45.0,tp,Jafarov_2016,True,,,,1,45.0,
CL_HD_5,2013-08-12,71.314713,-156.589867,43.0,tp,Jafarov_2016,True,,,,1,43.0,
CL_HD_5,2013-08-12,71.314711,-156.58985,43.0,tp,Jafarov_2016,True,,,,1,43.0,
CL_HD_5,2013-08-12,71.31471,-156.589833,44.0,tp,Jafarov_2016,True,,,,1,44.0,
CL_HD_5,2013-08-12,71.314707,-156.589815,47.0,tp,Jafarov_2016,True,,,,1,47.0,
CL_HD_5,2013-08-12,71.314704,-156.589798,46.0,tp,Jafarov_2016,True,,,,1,46.0,
CL_HD_5,2013-08-12,71.314703,-156.589781,47.0,tp,Jafarov_2016,True,,,,1,47.0,
CL_HD_5,2013-08-12,71.3147,-156.589763,46.0,tp,Jafarov_2016,True,,,,1,46.0,
CL_HD_5,2013-08-12,71.314695,-156.589746,45.0,tp,Jafarov_2016,True,,,,1,45.0,
CL_HD_5,2013-08-12,71.314693,-156.589729,46.0,tp,Jafarov_2016,True,,,,1,46.0,
CL_HD_5,2013-08-12,71.31469,-156.589711,40.0,tp,Jafarov_2016,True,,,,1,40.0,
CL_HD_5,2013-08-12,71.314687,-156.589694,41.0,tp,Jafarov_2016,True,,,,1,41.0,
CL_HD_5,2013-08-12,71.314684,-156.589677,34.0,tp,Jafarov_2016,True,,,,1,34.0,
CL_HD_5,2013-08-12,71.314682,-156.58966,34.0,tp,Jafarov_2016,True,,,,1,34.0,
CL_HD_5,2013-08-12,71.31468,-156.589642,33.0,tp,Jafarov_2016,True,,,,1,33.0,
CL_HD_5,2013-08-12,71.314677,-156.589625,34.0,tp,Jafarov_2016,True,,,,1,34.0,
CL_HD_5,2013-08-12,71.314677,-156.589608,39.0,tp,Jafarov_2016,True,,,,1,39.0,
CL_HD_5,2013-08-12,71.314676,-156.58959,42.0,tp,Jafarov_2016,True,,,,1,42.0,
CL_HD_5,2013-08-12,71.314673,-156.589573,39.0,tp,Jafarov_2016,True,,,,1,39.0,
CL_HD_5,2013-08-12,71.314673,-156.589556,39.0,tp,Jafarov_2016,True,,,,1,39.0,
CL_HD_5,2013-08-12,71.31467,-156.589538,36.0,tp,Jafarov_2016,True,,,,1,36.0,
CL_HD_5,2013-08-12,71.314667,-156.589521,39.0,tp,Jafarov_2016,True,,,,1,39.0,
CL_HD_5,2013-08-12,71.314665,-156.589504,39.0,tp,Jafarov_2016,True,,,,1,39.0,
CL_HD_5,2013-08-12,71.314671,-156.589487,41.0,tp,Jafarov_2016,True,,,,1,41.0,
CL_HD_5,2013-08-12,71.31441,-156.589469,42.0,tp,Jafarov_2016,True,,,,1,42.0,
CL_HD_5,2013-08-12,71.314409,-156.589452,41.0,tp,Jafarov_2016,True,,,,1,41.0,
CL_HD_5,2013-08-12,71.3144,-156.589435,42.0,tp,Jafarov_2016,True,,,,1,42.0,
CL_HD_5,2013-08-12,71.314391,-156.589417,41.0,tp,Jafarov_2016,True,,,,1,41.0,
CL_HD_5,2013-08-12,71.314378,-156.5894,41.0,tp,Jafarov_2016,True,,,,1,41.0,
CL_HD_6,2013-08-12,71.311234,-156.58922,35.0,tp,Jafarov_2016,True,,,,1,35.0,
CL_HD_6,2013-08-12,71.311229,-156.58921,36.0,tp,Jafarov_2016,True,,,,1,36.0,
CL_HD_6,2013-08-12,71.311221,-156.5892,42.0,tp,Jafarov_2016,True,,,,1,42.0,
CL_HD_6,2013-08-12,71.311217,-156.58919,44.0,tp,Jafarov_2016,True,,,,1,44.0,
CL_HD_6,2013-08-12,71.311209,-156.58918,45.0,tp,Jafarov_2016,True,,,,1,45.0,
CL_HD_6,2013-08-12,71.3112,-156.589171,36.0,tp,Jafarov_2016,True,,,,1,36.0,
CL_HD_6,2013-08-12,71.311196,-156.589161,37.0,tp,Jafarov_2016,True,,,,1,37.0,
CL_HD_6,2013-08-12,71.311188,-156.589151,42.0,tp,Jafarov_2016,True,,,,1,42.0,
CL_HD_6,2013-08-12,71.31118,-156.589141,40.0,tp,Jafarov_2016,True,,,,1,40.0,
CL_HD_6,2013-08-12,71.311173,-156.589131,48.0,tp,Jafarov_2016,True,,,,1,48.0,
CL_HD_6,2013-08-12,71.311168,-156.589121,46.0,tp,Jafarov_2016,True,,,,1,46.0,
CL_HD_6,2013-08-12,71.311165,-156.589111,44.0,tp,Jafarov_2016,True,,,,1,44.0,
CL_HD_6,2013-08-12,71.311161,-156.589101,36.0,tp,Jafarov_2016,True,,,,1,36.0,
CL_HD_6,2013-08-12,71.311155,-156.589091,36.0,tp,Jafarov_2016,True,,,,1,36.0,
CL_HD_6,2013-08-12,71.31115,-156.589081,36.0,tp,Jafarov_2016,True,,,,1,36.0,
CL_HD_6,2013-08-12,71.31114,-156.589072,46.0,tp,Jafarov_2016,True,,,,1,46.0,
CL_HD_6,2013-08-12,71.311135,-156.589062,50.0,tp,Jafarov_2016,True,,,,1,50.0,
CL_HD_6,2013-08-12,71.311127,-156.589052,53.0,tp,Jafarov_2016,True,,,,1,53.0,
CL_HD_6,2013-08-12,71.311119,-156.589042,39.0,tp,Jafarov_2016,True,,,,1,39.0,
CL_HD_6,2013-08-12,71.311113,-156.589032,33.0,tp,Jafarov_2016,True,,,,1,33.0,
CL_HD_6,2013-08-12,71.311103,-156.589022,31.0,tp,Jafarov_2016,True,,,,1,31.0,
CL_HD_6,2013-08-12,71.311093,-156.589012,34.0,tp,Jafarov_2016,True,,,,1,34.0,
CL_HD_6,2013-08-12,71.311084,-156.589002,41.0,tp,Jafarov_2016,True,,,,1,41.0,
CL_HD_6,2013-08-12,71.311078,-156.588992,50.0,tp,Jafarov_2016,True,,,,1,50.0,
CL_HD_6,2013-08-12,71.311071,-156.588982,46.0,tp,Jafarov_2016,True,,,,1,46.0,
CL_HD_6,2013-08-12,71.311059,-156.588973,34.0,tp,Jafarov_2016,True,,,,1,34.0,
CL_HD_6,2013-08-12,71.311043,-156.588963,30.0,tp,Jafarov_2016,True,,,,1,30.0,
CL_HD_6,2013-08-12,71.311034,-156.588953,28.999999999999996,tp,Jafarov_2016,True,,,,1,28.999999999999996,
CL_HD_6,2013-08-12,71.311025,-156.588943,42.0,tp,Jafarov_2016,True,,,,1,42.0,
CL_HD_6,2013-08-12,71.311016,-156.588933,53.0,tp,Jafarov_2016,True,,,,1,53.0,
CL_HD_6,2013-08-12,71.311005,-156.588923,44.0,tp,Jafarov_2016,True,,,,1,44.0,
CL_HD_6,2013-08-12,71.310997,-156.588913,39.0,tp,Jafarov_2016,True,,,,1,39.0,
CL_HD_6,2013-08-12,71.31099,-156.588903,38.0,tp,Jafarov_2016,True,,,,1,38.0,
CL_HD_6,2013-08-12,71.310984,-156.588893,34.0,tp,Jafarov_2016,True,,,,1,34.0,
CL_HD_6,2013-08-12,71.310976,-156.588883,39.0,tp,Jafarov_2016,True,,,,1,39.0,
CL_HD_6,2013-08-12,71.310967,-156.588874,46.0,tp,Jafarov_2016,True,,,,1,46.0,
CL_HD_6,2013-08-12,71.310953,-156.588864,38.0,tp,Jafarov_2016,True,,,,1,38.0,
CL_HD_6,2013-08-12,71.310941,-156.588854,38.0,tp,Jafarov_2016,True,,,,1,38.0,
CL_HD_6,2013-08-12,71.310934,-156.588844,35.0,tp,Jafarov_2016,True,,,,1,35.0,
CL_HD_6,2013-08-12,71.310928,-156.588834,41.0,tp,Jafarov_2016,True,,,,1,41.0,
CL_HD_6,2013-08-12,71.310923,-156.588824,36.0,tp,Jafarov_2016,True,,,,1,36.0,
CL_HD_6,2013-08-12,71.310913,-156.588814,36.0,tp,Jafarov_2016,True,,,,1,36.0,
CL_HD_6,2013-08-12,71.310902,-156.588804,36.0,tp,Jafarov_2016,True,,,,1,36.0,
CL_HD_6,2013-08-12,71.310894,-156.588794,28.000000000000004,tp,Jafarov_2016,True,,,,1,28.000000000000004,
CL_HD_6,2013-08-12,71.310888,-156.588784,34.0,tp,Jafarov_2016,True,,,,1,34.0,
CL_HD_6,2013-08-12,71.310883,-156.588775,31.0,tp,Jafarov_2016,True,,,,1,31.0,
CL_HD_6,2013-08-12,71.310877,-156.588765,36.0,tp,Jafarov_2016,True,,,,1,36.0,
CL_HD_6,2013-08-12,71.310871,-156.588755,33.0,tp,Jafarov_2016,True,,,,1,33.0,
CL_HD_6,2013-08-12,71.310866,-156.588745,26.0,tp,Jafarov_2016,True,,,,1,26.0,
CL_HD_6,2013-08-12,71.310861,-156.588735,42.0,tp,Jafarov_2016,True,,,,1,42.0,
CL_HD_6,2013-08-12,71.310859,-156.588725,39.0,tp,Jafarov_2016,True,,,,1,39.0,
CL_HD_6,2013-08-12,71.310855,-156.588715,32.0,tp,Jafarov_2016,True,,,,1,32.0,
CL_HD_6,2013-08-12,71.310847,-156.588705,34.0,tp,Jafarov_2016,True,,,,1,34.0,
CL_HD_6,2013-08-12,71.310842,-156.588695,43.0,tp,Jafarov_2016,True,,,,1,43.0,
CL_HD_6,2013-08-12,71.310828,-156.588685,54.0,tp,Jafarov_2016,True,,,,1,54.0,
CL_HD_6,2013-08-12,71.310809,-156.588676,37.0,tp,Jafarov_2016,True,,,,1,37.0,
CL_HD_6,2013-08-12,71.310799,-156.588666,30.0,tp,Jafarov_2016,True,,,,1,30.0,
CL_HD_6,2013-08-12,71.310788,-156.588656,40.0,tp,Jafarov_2016,True,,,,1,40.0,
CL_HD_6,2013-08-12,71.310782,-156.588646,28.999999999999996,tp,Jafarov_2016,True,,,,1,28.999999999999996,
CL_HD_6,2013-08-12,71.310771,-156.588636,25.0,tp,Jafarov_2016,True,,,,1,25.0,
CL_HD_6,2013-08-12,71.310756,-156.588626,28.999999999999996,tp,Jafarov_2016,True,,,,1,28.999999999999996,
CL_HD_6,2013-08-12,71.310743,-156.588616,34.0,tp,Jafarov_2016,True,,,,1,34.0,
CL_HD_6,2013-08-12,71.310734,-156.588606,31.0,tp,Jafarov_2016,True,,,,1,31.0,
CL_HD_6,2013-08-12,71.310729,-156.588596,34.0,tp,Jafarov_2016,True,,,,1,34.0,
CL_HD_6,2013-08-12,71.310725,-156.588586,52.0,tp,Jafarov_2016,True,,,,1,52.0,
CL_HD_6,2013-08-12,71.310717,-156.588577,46.0,tp,Jafarov_2016,True,,,,1,46.0,
CL_HD_6,2013-08-12,71.31071,-156.588567,42.0,tp,Jafarov_2016,True,,,,1,42.0,
CL_HD_6,2013-08-12,71.310707,-156.588557,40.0,tp,Jafarov_2016,True,,,,1,40.0,
CL_HD_6,2013-08-12,71.310703,-156.588547,36.0,tp,Jafarov_2016,True,,,,1,36.0,
CL_HD_6,2013-08-12,71.310698,-156.588537,37.0,tp,Jafarov_2016,True,,,,1,37.0,
CL_HD_6,2013-08-12,71.310688,-156.588527,37.0,tp,Jafarov_2016,True,,,,1,37.0,
CL_HD_6,2013-08-12,71.31068,-156.588517,47.0,tp,Jafarov_2016,True,,,,1,47.0,
CL_HD_6,2013-08-12,71.310669,-156.588507,42.0,tp,Jafarov_2016,True,,,,1,42.0,
CL_HD_6,2013-08-12,71.310663,-156.588497,41.0,tp,Jafarov_2016,True,,,,1,41.0,
CL_HD_6,2013-08-12,71.310657,-156.588487,47.0,tp,Jafarov_2016,True,,,,1,47.0,
CL_HD_6,2013-08-12,71.310648,-156.588478,39.0,tp,Jafarov_2016,True,,,,1,39.0,
CL_HD_6,2013-08-12,71.310638,-156.588468,39.0,tp,Jafarov_2016,True,,,,1,39.0,
CL_HD_6,2013-08-12,71.310634,-156.588458,36.0,tp,Jafarov_2016,True,,,,1,36.0,
CL_HD_6,2013-08-12,71.310627,-156.588448,34.0,tp,Jafarov_2016,True,,,,1,34.0,
CL_HD_6,2013-08-12,71.310624,-156.588438,34.0,tp,Jafarov_2016,True,,,,1,34.0,
CL_HD_6,2013-08-12,71.31062,-156.588428,30.0,tp,Jafarov_2016,True,,,,1,30.0,
CL_HD_6,2013-08-12,71.310614,-156.588418,30.0,tp,Jafarov_2016,True,,,,1,30.0,
CL_HD_6,2013-08-12,71.310605,-156.588408,28.000000000000004,tp,Jafarov_2016,True,,,,1,28.000000000000004,
CL_HD_6,2013-08-12,71.310596,-156.588398,35.0,tp,Jafarov_2016,True,,,,1,35.0,
CL_HD_6,2013-08-12,71.310585,-156.588388,27.0,tp,Jafarov_2016,True,,,,1,27.0,
CL_HD_6,2013-08-12,71.310574,-156.588379,28.999999999999996,tp,Jafarov_2016,True,,,,1,28.999999999999996,
CL_HD_6,2013-08-12,71.310563,-156.588369,33.0,tp,Jafarov_2016,True,,,,1,33.0,
CL_HD_6,2013-08-12,71.310552,-156.588359,32.0,tp,Jafarov_2016,True,,,,1,32.0,
CL_HD_6,2013-08-12,71.310542,-156.588349,30.0,tp,Jafarov_2016,True,,,,1,30.0,
CL_HD_6,2013-08-12,71.310533,-156.588339,33.0,tp,Jafarov_2016,True,,,,1,33.0,
CL_HD_6,2013-08-12,71.310526,-156.588329,28.999999999999996,tp,Jafarov_2016,True,,,,1,28.999999999999996,
CL_HD_6,2013-08-12,71.310519,-156.588319,33.0,tp,Jafarov_2016,True,,,,1,33.0,
CL_HD_6,2013-08-12,71.310509,-156.588309,28.000000000000004,tp,Jafarov_2016,True,,,,1,28.000000000000004,
CL_HD_6,2013-08-12,71.310505,-156.588299,30.0,tp,Jafarov_2016,True,,,,1,30.0,
CL_HD_6,2013-08-12,71.310497,-156.588289,28.999999999999996,tp,Jafarov_2016,True,,,,1,28.999999999999996,
CL_HD_6,2013-08-12,71.310487,-156.58828,32.0,tp,Jafarov_2016,True,,,,1,32.0,
CL_HD_6,2013-08-12,71.310478,-156.58827,30.0,tp,Jafarov_2016,True,,,,1,30.0,
CL_HD_6,2013-08-12,71.310473,-156.58826,39.0,tp,Jafarov_2016,True,,,,1,39.0,
CL_HD_6,2013-08-12,71.310468,-156.58825,40.0,tp,Jafarov_2016,True,,,,1,40.0,
CL_HD_6,2013-08-12,71.310464,-156.58824,46.0,tp,Jafarov_2016,True,,,,1,46.0,
CL_HD_6,2013-08-12,71.310453,-156.58823,37.0,tp,Jafarov_2016,True,,,,1,37.0,
