lat,lon,date,source,site_id,pf_observed,pf_depth,obs_limit,thaw_depth,method,walker_thaw_depth_raw,distance_m
70.223122,-148.471291,2021-08-24,Walker_2022,Colleen_T1_0,1,110,,110,tp,110,0
70.22313012359706,-148.4712798,2021-08-24,Walker_2022,Colleen_T1_1,1,110,,110,tp,110,1
70.22313825,-148.4712686,2021-08-24,Walker_2022,Colleen_T1_2,1,100,,100,tp,100,2
70.22314637078905,-148.4712574,2021-08-24,Walker_2022,Colleen_T1_3,1,72,,72,tp,72,3
70.22315449438399,-148.4712463,2021-08-24,Walker_2022,Colleen_T1_4,1,60,,60,tp,60,4
70.22316261797823,-148.4712351,2021-08-24,Walker_2022,Colleen_T1_5,1,61,,61,tp,61,5
70.22317074157178,-148.4712239,2021-08-24,Walker_2022,Colleen_T1_6,1,63,,63,tp,63,6
70.22317886516461,-148.4712127,2021-08-24,Walker_2022,Colleen_T1_7,1,66,,66,tp,66,7
70.22318698875674,-148.4712015,2021-08-24,Walker_2022,Colleen_T1_8,1,58,,58,tp,58,8
70.22319511234817,-148.4711903,2021-08-24,Walker_2022,Colleen_T1_9,1,67,,67,tp,67,9
70.22320324,-148.4711791,2021-08-24,Walker_2022,Colleen_T1_10,1,68,,68,tp,68,10
70.22321136,-148.4711679,2021-08-24,Walker_2022,Colleen_T1_11,1,67,,67,tp,67,11
70.22321948311823,-148.4711568,2021-08-24,Walker_2022,Colleen_T1_12,1,73,,73,tp,73,12
70.22322760670684,-148.4711456,2021-08-24,Walker_2022,Colleen_T1_13,1,68,,68,tp,68,13
70.22323573029475,-148.4711344,2021-08-24,Walker_2022,Colleen_T1_14,1,68,,68,tp,68,14
70.22324385388195,-148.4711232,2021-08-24,Walker_2022,Colleen_T1_15,1,68,,68,tp,68,15
70.22325197746845,-148.471112,2021-08-24,Walker_2022,Colleen_T1_16,1,69,,69,tp,69,16
70.22326010105425,-148.4711008,2021-08-24,Walker_2022,Colleen_T1_17,1,69,,69,tp,69,17
70.22326822463936,-148.4710896,2021-08-24,Walker_2022,Colleen_T1_18,1,69,,69,tp,69,18
70.22327634822375,-148.4710784,2021-08-24,Walker_2022,Colleen_T1_19,1,67,,67,tp,67,19
70.22328447180743,-148.4710673,2021-08-24,Walker_2022,Colleen_T1_20,1,67,,67,tp,67,20
70.22329259539042,-148.4710561,2021-08-24,Walker_2022,Colleen_T1_21,1,66,,66,tp,66,21
70.22330072,-148.4710449,2021-08-24,Walker_2022,Colleen_T1_22,1,61,,61,tp,61,22
70.22330884255427,-148.4710337,2021-08-24,Walker_2022,Colleen_T1_23,1,65,,65,tp,65,23
70.22331696613516,-148.4710225,2021-08-24,Walker_2022,Colleen_T1_24,1,68,,68,tp,68,24
70.22332508971533,-148.4710113,2021-08-24,Walker_2022,Colleen_T1_25,1,62,,62,tp,62,25
70.22333321,-148.4710001,2021-08-24,Walker_2022,Colleen_T1_26,1,52,,52,tp,52,26
70.22334133687356,-148.470989,2021-08-24,Walker_2022,Colleen_T1_27,1,59,,59,tp,59,27
70.22334946045163,-148.4709778,2021-08-24,Walker_2022,Colleen_T1_28,1,50,,50,tp,50,28
70.22335758402897,-148.4709666,2021-08-24,Walker_2022,Colleen_T1_29,1,47,,47,tp,47,29
70.22336570760564,-148.4709554,2021-08-24,Walker_2022,Colleen_T1_30,1,47,,47,tp,47,30
70.22337383118159,-148.4709442,2021-08-24,Walker_2022,Colleen_T1_31,1,47,,47,tp,47,31
70.22338195475683,-148.470933,2021-08-24,Walker_2022,Colleen_T1_32,1,65,,65,tp,65,32
70.22339007833138,-148.4709218,2021-08-24,Walker_2022,Colleen_T1_33,1,62,,62,tp,62,33
70.22339820190521,-148.4709106,2021-08-24,Walker_2022,Colleen_T1_34,1,61,,61,tp,61,34
70.22340632547835,-148.4708995,2021-08-24,Walker_2022,Colleen_T1_35,1,61,,61,tp,61,35
70.22341445,-148.4708883,2021-08-24,Walker_2022,Colleen_T1_36,1,46,,46,tp,46,36
70.22342257262252,-148.4708771,2021-08-24,Walker_2022,Colleen_T1_37,1,46,,46,tp,46,37
70.22343069619355,-148.4708659,2021-08-24,Walker_2022,Colleen_T1_38,1,47,,47,tp,47,38
70.22343881976387,-148.4708547,2021-08-24,Walker_2022,Colleen_T1_39,1,32,,32,tp,32,39
70.22344694,-148.4708435,2021-08-24,Walker_2022,Colleen_T1_40,1,54,,54,tp,54,40
70.22345507,-148.4708323,2021-08-24,Walker_2022,Colleen_T1_41,1,54,,54,tp,54,41
70.22346319047062,-148.4708211,2021-08-24,Walker_2022,Colleen_T1_42,1,51,,51,tp,51,42
70.22347131403814,-148.47081,2021-08-24,Walker_2022,Colleen_T1_43,1,51,,51,tp,51,43
70.22347943760494,-148.4707988,2021-08-24,Walker_2022,Colleen_T1_44,1,50,,50,tp,50,44
70.22348756117105,-148.4707876,2021-08-24,Walker_2022,Colleen_T1_45,1,52,,52,tp,52,45
70.22349568473645,-148.4707764,2021-08-24,Walker_2022,Colleen_T1_46,1,57,,57,tp,57,46
70.22350380830113,-148.4707652,2021-08-24,Walker_2022,Colleen_T1_47,1,48,,48,tp,48,47
70.22351193186513,-148.470754,2021-08-24,Walker_2022,Colleen_T1_48,1,47,,47,tp,47,48
70.22352005542842,-148.4707428,2021-08-24,Walker_2022,Colleen_T1_49,1,49,,49,tp,49,49
70.22352817899102,-148.4707316,2021-08-24,Walker_2022,Colleen_T1_50,1,52,,52,tp,52,50
70.22353630255289,-148.4707205,2021-08-24,Walker_2022,Colleen_T1_51,1,50,,50,tp,50,51
70.22354442611407,-148.4707093,2021-08-24,Walker_2022,Colleen_T1_52,1,57,,57,tp,57,52
70.22355254967455,-148.4706981,2021-08-24,Walker_2022,Colleen_T1_53,1,55,,55,tp,55,53
70.22356067323432,-148.4706869,2021-08-24,Walker_2022,Colleen_T1_54,1,57,,57,tp,57,54
70.22356879679339,-148.4706757,2021-08-24,Walker_2022,Colleen_T1_55,1,58,,58,tp,58,55
70.22357692035175,-148.4706645,2021-08-24,Walker_2022,Colleen_T1_56,1,60,,60,tp,60,56
70.22358504390942,-148.4706533,2021-08-24,Walker_2022,Colleen_T1_57,1,59,,59,tp,59,57
70.22359316746636,-148.4706421,2021-08-24,Walker_2022,Colleen_T1_58,1,54,,54,tp,54,58
70.22360129102263,-148.470631,2021-08-24,Walker_2022,Colleen_T1_59,1,46,,46,tp,46,59
70.22360941457818,-148.4706198,2021-08-24,Walker_2022,Colleen_T1_60,1,56,,56,tp,56,60
70.22361753813303,-148.4706086,2021-08-24,Walker_2022,Colleen_T1_61,1,54,,54,tp,54,61
70.22362566168717,-148.4705974,2021-08-24,Walker_2022,Colleen_T1_62,1,54,,54,tp,54,62
70.22363378524061,-148.4705862,2021-08-24,Walker_2022,Colleen_T1_63,1,60,,60,tp,60,63
70.22364190879335,-148.470575,2021-08-24,Walker_2022,Colleen_T1_64,1,60,,60,tp,60,64
70.22365003234539,-148.4705638,2021-08-24,Walker_2022,Colleen_T1_65,1,59,,59,tp,59,65
70.22365815589671,-148.4705526,2021-08-24,Walker_2022,Colleen_T1_66,1,53,,53,tp,53,66
70.22366627944734,-148.4705415,2021-08-24,Walker_2022,Colleen_T1_67,1,51,,51,tp,51,67
70.22367440299726,-148.4705303,2021-08-24,Walker_2022,Colleen_T1_68,1,50,,50,tp,50,68
70.22368253,-148.4705191,2021-08-24,Walker_2022,Colleen_T1_69,1,49,,49,tp,49,69
70.22369065009501,-148.4705079,2021-08-24,Walker_2022,Colleen_T1_70,1,48,,48,tp,48,70
70.22369877364282,-148.4704967,2021-08-24,Walker_2022,Colleen_T1_71,1,55,,55,tp,55,71
70.22370689718993,-148.4704855,2021-08-24,Walker_2022,Colleen_T1_72,1,60,,60,tp,60,72
70.22371502073634,-148.4704743,2021-08-24,Walker_2022,Colleen_T1_73,1,59,,59,tp,59,73
70.22372314428203,-148.4704631,2021-08-24,Walker_2022,Colleen_T1_74,1,66,,66,tp,66,74
70.22373126782703,-148.470452,2021-08-24,Walker_2022,Colleen_T1_75,1,67,,67,tp,67,75
70.22373939137134,-148.4704408,2021-08-24,Walker_2022,Colleen_T1_76,1,57,,57,tp,57,76
70.22374751491492,-148.4704296,2021-08-24,Walker_2022,Colleen_T1_77,1,56,,56,tp,56,77
70.22375563845782,-148.4704184,2021-08-24,Walker_2022,Colleen_T1_78,1,59,,59,tp,59,78
70.22376376,-148.4704072,2021-08-24,Walker_2022,Colleen_T1_79,1,45,,45,tp,45,79
70.22377188554148,-148.470396,2021-08-24,Walker_2022,Colleen_T1_80,1,51,,51,tp,51,80
70.22378000908226,-148.4703848,2021-08-24,Walker_2022,Colleen_T1_81,1,52,,52,tp,52,81
70.22378813262233,-148.4703736,2021-08-24,Walker_2022,Colleen_T1_82,1,55,,55,tp,55,82
70.22379626,-148.4703625,2021-08-24,Walker_2022,Colleen_T1_83,1,48,,48,tp,48,83
70.22380437970038,-148.4703513,2021-08-24,Walker_2022,Colleen_T1_84,1,51,,51,tp,51,84
70.22381250323835,-148.4703401,2021-08-24,Walker_2022,Colleen_T1_85,1,47,,47,tp,47,85
70.22382063,-148.4703289,2021-08-24,Walker_2022,Colleen_T1_86,1,43,,43,tp,43,86
70.22382875031217,-148.4703177,2021-08-24,Walker_2022,Colleen_T1_87,1,42,,42,tp,42,87
70.22383687384803,-148.4703065,2021-08-24,Walker_2022,Colleen_T1_88,1,44,,44,tp,44,88
70.22384499738317,-148.4702953,2021-08-24,Walker_2022,Colleen_T1_89,1,48,,48,tp,48,89
70.22385312091762,-148.4702841,2021-08-24,Walker_2022,Colleen_T1_90,1,54,,54,tp,54,90
70.22386124445137,-148.470273,2021-08-24,Walker_2022,Colleen_T1_91,1,59,,59,tp,59,91
70.22386937,-148.4702618,2021-08-24,Walker_2022,Colleen_T1_92,1,60,,60,tp,60,92
70.22387749151675,-148.4702506,2021-08-24,Walker_2022,Colleen_T1_93,1,57,,57,tp,57,93
70.22388561504837,-148.4702394,2021-08-24,Walker_2022,Colleen_T1_94,1,49,,49,tp,49,94
70.22389374,-148.4702282,2021-08-24,Walker_2022,Colleen_T1_95,1,46,,46,tp,46,95
70.22390186210953,-148.470217,2021-08-24,Walker_2022,Colleen_T1_96,1,40,,40,tp,40,96
70.22390998563905,-148.4702058,2021-08-24,Walker_2022,Colleen_T1_97,1,47,,47,tp,47,97
70.22391810916787,-148.4701946,2021-08-24,Walker_2022,Colleen_T1_98,1,62,,62,tp,62,98
70.22392623269599,-148.4701835,2021-08-24,Walker_2022,Colleen_T1_99,1,55,,55,tp,55,99
70.22393436,-148.4701723,2021-08-24,Walker_2022,Colleen_T1_100,1,49,,49,tp,49,100
70.22397497,-148.4701163,2021-08-24,Walker_2022,Colleen_T1_105,1,60,,60,tp,60,105
70.22401559145884,-148.4700604,2021-08-24,Walker_2022,Colleen_T1_110,1,52,,52,tp,52,110
70.22405620905018,-148.4700044,2021-08-24,Walker_2022,Colleen_T1_115,1,53,,53,tp,53,115
70.22409682662392,-148.4699485,2021-08-24,Walker_2022,Colleen_T1_120,1,50,,50,tp,50,120
70.22413744418009,-148.4698926,2021-08-24,Walker_2022,Colleen_T1_125,1,66,,66,tp,66,125
70.22417806171866,-148.4698366,2021-08-24,Walker_2022,Colleen_T1_130,1,52,,52,tp,52,130
70.22421867923964,-148.4697807,2021-08-24,Walker_2022,Colleen_T1_135,1,57,,57,tp,57,135
70.22425929674304,-148.4697247,2021-08-24,Walker_2022,Colleen_T1_140,1,56,,56,tp,56,140
70.22429991422885,-148.4696688,2021-08-24,Walker_2022,Colleen_T1_145,1,46,,46,tp,46,145
70.22434053169707,-148.4696129,2021-08-24,Walker_2022,Colleen_T1_150,1,56,,56,tp,56,150
70.22438115,-148.4695569,2021-08-24,Walker_2022,Colleen_T1_155,1,48,,48,tp,48,155
70.22442176658076,-148.469501,2021-08-24,Walker_2022,Colleen_T1_160,1,53,,53,tp,53,160
70.22446238399621,-148.469445,2021-08-24,Walker_2022,Colleen_T1_165,1,54,,54,tp,54,165
70.22450300139408,-148.4693891,2021-08-24,Walker_2022,Colleen_T1_170,1,40,,40,tp,40,170
70.22454361877436,-148.4693332,2021-08-24,Walker_2022,Colleen_T1_175,1,58,,58,tp,58,175
70.22458423613705,-148.4692772,2021-08-24,Walker_2022,Colleen_T1_180,1,55,,55,tp,55,180
70.22462485348215,-148.4692213,2021-08-24,Walker_2022,Colleen_T1_185,1,53,,53,tp,53,185
70.22466547080967,-148.4691653,2021-08-24,Walker_2022,Colleen_T1_190,1,52,,52,tp,52,190
70.22470608811959,-148.4691094,2021-08-24,Walker_2022,Colleen_T1_195,1,48,,48,tp,48,195
70.22474670541192,-148.4690534,2021-08-24,Walker_2022,Colleen_T1_200,1,53,,53,tp,53,200
70.22299,-148.471506,2021-08-24,Walker_2022,Colleen_T2_0,1,125,,125,tp,125,0
70.22298201355338,-148.471518,2021-08-24,Walker_2022,Colleen_T2_1,1,118,,118,tp,118,1
70.22297402710595,-148.47153,2021-08-24,Walker_2022,Colleen_T2_2,1,103,,103,tp,103,2
70.22296604,-148.4715421,2021-08-24,Walker_2022,Colleen_T2_3,1,90,,90,tp,90,3
70.22295805420865,-148.4715541,2021-08-24,Walker_2022,Colleen_T2_4,1,82,,82,tp,82,4
70.22295006775879,-148.4715661,2021-08-24,Walker_2022,Colleen_T2_5,1,74,,74,tp,74,5
70.22294208130812,-148.4715781,2021-08-24,Walker_2022,Colleen_T2_6,1,75,,75,tp,75,6
70.22293409485664,-148.4715901,2021-08-24,Walker_2022,Colleen_T2_7,1,60,,60,tp,60,7
70.22292610840434,-148.4716021,2021-08-24,Walker_2022,Colleen_T2_8,1,68,,68,tp,68,8
70.22291812195124,-148.4716142,2021-08-24,Walker_2022,Colleen_T2_9,1,63,,63,tp,63,9
70.22291013549733,-148.4716262,2021-08-24,Walker_2022,Colleen_T2_10,1,67,,67,tp,67,10
70.22290215,-148.4716382,2021-08-24,Walker_2022,Colleen_T2_11,1,65,,65,tp,65,11
70.22289416258707,-148.4716502,2021-08-24,Walker_2022,Colleen_T2_12,1,58,,58,tp,58,12
70.22288617613073,-148.4716622,2021-08-24,Walker_2022,Colleen_T2_13,1,59,,59,tp,59,13
70.22287818967357,-148.4716742,2021-08-24,Walker_2022,Colleen_T2_14,1,64,,64,tp,64,14
70.2228702,-148.4716863,2021-08-24,Walker_2022,Colleen_T2_15,1,70,,70,tp,70,15
70.22286221675684,-148.4716983,2021-08-24,Walker_2022,Colleen_T2_16,1,70,,70,tp,70,16
70.22285423029726,-148.4717103,2021-08-24,Walker_2022,Colleen_T2_17,1,53,,53,tp,53,17
70.22284624383686,-148.4717223,2021-08-24,Walker_2022,Colleen_T2_18,1,70,,70,tp,70,18
70.22283825737564,-148.4717343,2021-08-24,Walker_2022,Colleen_T2_19,1,68,,68,tp,68,19
70.22283027091363,-148.4717463,2021-08-24,Walker_2022,Colleen_T2_20,1,63,,63,tp,63,20
70.22282228445081,-148.4717584,2021-08-24,Walker_2022,Colleen_T2_21,1,67,,67,tp,67,21
70.22281429798717,-148.4717704,2021-08-24,Walker_2022,Colleen_T2_22,1,62,,62,tp,62,22
70.22280631152272,-148.4717824,2021-08-24,Walker_2022,Colleen_T2_23,1,62,,62,tp,62,23
70.22279832505747,-148.4717944,2021-08-24,Walker_2022,Colleen_T2_24,1,60,,60,tp,60,24
70.22279034,-148.4718064,2021-08-24,Walker_2022,Colleen_T2_25,1,63,,63,tp,63,25
70.22278235212451,-148.4718184,2021-08-24,Walker_2022,Colleen_T2_26,1,60,,60,tp,60,26
70.22277436565683,-148.4718305,2021-08-24,Walker_2022,Colleen_T2_27,1,61,,61,tp,61,27
70.22276637918833,-148.4718425,2021-08-24,Walker_2022,Colleen_T2_28,1,63,,63,tp,63,28
70.22275839271903,-148.4718545,2021-08-24,Walker_2022,Colleen_T2_29,1,63,,63,tp,63,29
70.22275041,-148.4718665,2021-08-24,Walker_2022,Colleen_T2_30,1,61,,61,tp,61,30
70.22274241977797,-148.4718785,2021-08-24,Walker_2022,Colleen_T2_31,1,61,,61,tp,61,31
70.22273443330624,-148.4718905,2021-08-24,Walker_2022,Colleen_T2_32,1,39,,39,tp,39,32
70.22272644683369,-148.4719026,2021-08-24,Walker_2022,Colleen_T2_33,1,61,,61,tp,61,33
70.22271846036033,-148.4719146,2021-08-24,Walker_2022,Colleen_T2_34,1,62,,62,tp,62,34
70.22271047388615,-148.4719266,2021-08-24,Walker_2022,Colleen_T2_35,1,64,,64,tp,64,35
70.22270248741117,-148.4719386,2021-08-24,Walker_2022,Colleen_T2_36,1,50,,50,tp,50,36
70.22269450093539,-148.4719506,2021-08-24,Walker_2022,Colleen_T2_37,1,59,,59,tp,59,37
70.22268651445879,-148.4719626,2021-08-24,Walker_2022,Colleen_T2_38,1,57,,57,tp,57,38
70.22267852798137,-148.4719747,2021-08-24,Walker_2022,Colleen_T2_39,1,56,,56,tp,56,39
70.22267054150315,-148.4719867,2021-08-24,Walker_2022,Colleen_T2_40,1,53,,53,tp,53,40
70.22266255502412,-148.4719987,2021-08-24,Walker_2022,Colleen_T2_41,1,57,,57,tp,57,41
70.22265456854427,-148.4720107,2021-08-24,Walker_2022,Colleen_T2_42,1,52,,52,tp,52,42
70.22264658206362,-148.4720227,2021-08-24,Walker_2022,Colleen_T2_43,1,49,,49,tp,49,43
70.22263859558217,-148.4720347,2021-08-24,Walker_2022,Colleen_T2_44,1,48,,48,tp,48,44
70.22263060909988,-148.4720468,2021-08-24,Walker_2022,Colleen_T2_45,1,40,,40,tp,40,45
70.22262262,-148.4720588,2021-08-24,Walker_2022,Colleen_T2_46,1,42,,42,tp,42,46
70.22261464,-148.4720708,2021-08-24,Walker_2022,Colleen_T2_47,1,36,,36,tp,36,47
70.22260664964821,-148.4720828,2021-08-24,Walker_2022,Colleen_T2_48,1,50,,50,tp,50,48
70.22259866,-148.4720948,2021-08-24,Walker_2022,Colleen_T2_49,1,63,,63,tp,63,49
70.22259067667636,-148.4721069,2021-08-24,Walker_2022,Colleen_T2_50,1,54,,54,tp,54,50
70.22258269018923,-148.4721189,2021-08-24,Walker_2022,Colleen_T2_51,1,51,,51,tp,51,51
70.22257470370128,-148.4721309,2021-08-24,Walker_2022,Colleen_T2_52,1,57,,57,tp,57,52
70.22256671721253,-148.4721429,2021-08-24,Walker_2022,Colleen_T2_53,1,62,,62,tp,62,53
70.22255873072297,-148.4721549,2021-08-24,Walker_2022,Colleen_T2_54,1,59,,59,tp,59,54
70.22255074423259,-148.4721669,2021-08-24,Walker_2022,Colleen_T2_55,1,58,,58,tp,58,55
70.22254275774141,-148.472179,2021-08-24,Walker_2022,Colleen_T2_56,1,58,,58,tp,58,56
70.22253477124941,-148.472191,2021-08-24,Walker_2022,Colleen_T2_57,1,51,,51,tp,51,57
70.22252678,-148.472203,2021-08-24,Walker_2022,Colleen_T2_58,1,56,,56,tp,56,58
70.22251879826298,-148.472215,2021-08-24,Walker_2022,Colleen_T2_59,1,59,,59,tp,59,59
70.22251081176856,-148.472227,2021-08-24,Walker_2022,Colleen_T2_60,1,58,,58,tp,58,60
70.22250282527332,-148.472239,2021-08-24,Walker_2022,Colleen_T2_61,1,58,,58,tp,58,61
70.22249483877727,-148.4722511,2021-08-24,Walker_2022,Colleen_T2_62,1,55,,55,tp,55,62
70.22248685228041,-148.4722631,2021-08-24,Walker_2022,Colleen_T2_63,1,53,,53,tp,53,63
70.22247886578275,-148.4722751,2021-08-24,Walker_2022,Colleen_T2_64,1,50,,50,tp,50,64
70.22247087928426,-148.4722871,2021-08-24,Walker_2022,Colleen_T2_65,1,46,,46,tp,46,65
70.22246289278497,-148.4722991,2021-08-24,Walker_2022,Colleen_T2_66,1,46,,46,tp,46,66
70.22245490628488,-148.4723111,2021-08-24,Walker_2022,Colleen_T2_67,1,55,,55,tp,55,67
70.22244691978398,-148.4723232,2021-08-24,Walker_2022,Colleen_T2_68,1,66,,66,tp,66,68
70.22243893328225,-148.4723352,2021-08-24,Walker_2022,Colleen_T2_69,1,53,,53,tp,53,69
70.22243094677972,-148.4723472,2021-08-24,Walker_2022,Colleen_T2_70,1,55,,55,tp,55,70
70.22242296027638,-148.4723592,2021-08-24,Walker_2022,Colleen_T2_71,1,60,,60,tp,60,71
70.22241497377223,-148.4723712,2021-08-24,Walker_2022,Colleen_T2_72,1,61,,61,tp,61,72
70.22240698726728,-148.4723832,2021-08-24,Walker_2022,Colleen_T2_73,1,56,,56,tp,56,73
70.222399,-148.4723953,2021-08-24,Walker_2022,Colleen_T2_74,1,52,,52,tp,52,74
70.22239101425492,-148.4724073,2021-08-24,Walker_2022,Colleen_T2_75,1,54,,54,tp,54,75
70.22238302774753,-148.4724193,2021-08-24,Walker_2022,Colleen_T2_76,1,49,,49,tp,49,76
70.22237504123933,-148.4724313,2021-08-24,Walker_2022,Colleen_T2_77,1,48,,48,tp,48,77
70.22236705473031,-148.4724433,2021-08-24,Walker_2022,Colleen_T2_78,1,48,,48,tp,48,78
70.22235907,-148.4724553,2021-08-24,Walker_2022,Colleen_T2_79,1,50,,50,tp,50,79
70.22235108170986,-148.4724673,2021-08-24,Walker_2022,Colleen_T2_80,1,50,,50,tp,50,80
70.22234309519841,-148.4724794,2021-08-24,Walker_2022,Colleen_T2_81,1,47,,47,tp,47,81
70.22233510868617,-148.4724914,2021-08-24,Walker_2022,Colleen_T2_82,1,56,,56,tp,56,82
70.22232712,-148.4725034,2021-08-24,Walker_2022,Colleen_T2_83,1,72,,72,tp,72,83
70.22231913565923,-148.4725154,2021-08-24,Walker_2022,Colleen_T2_84,1,90,,90,tp,90,84
70.22231114914455,-148.4725274,2021-08-24,Walker_2022,Colleen_T2_85,1,55,,55,tp,55,85
70.22230316262906,-148.4725394,2021-08-24,Walker_2022,Colleen_T2_86,1,48,,48,tp,48,86
70.22229517611275,-148.4725515,2021-08-24,Walker_2022,Colleen_T2_87,1,20,,20,tp,20,87
70.22228718959563,-148.4725635,2021-08-24,Walker_2022,Colleen_T2_88,1,38,,38,tp,38,88
70.22227920307772,-148.4725755,2021-08-24,Walker_2022,Colleen_T2_89,1,48,,48,tp,48,89
70.22227121655898,-148.4725875,2021-08-24,Walker_2022,Colleen_T2_90,1,63,,63,tp,63,90
70.22226323003943,-148.4725995,2021-08-24,Walker_2022,Colleen_T2_91,1,60,,60,tp,60,91
70.22225524351907,-148.4726115,2021-08-24,Walker_2022,Colleen_T2_92,1,77,,77,tp,77,92
70.22224725699792,-148.4726236,2021-08-24,Walker_2022,Colleen_T2_93,1,79,,79,tp,79,93
70.22223927047594,-148.4726356,2021-08-24,Walker_2022,Colleen_T2_94,1,74,,74,tp,74,94
70.22223128395315,-148.4726476,2021-08-24,Walker_2022,Colleen_T2_95,1,52,,52,tp,52,95
70.22222329742955,-148.4726596,2021-08-24,Walker_2022,Colleen_T2_96,1,53,,53,tp,53,96
70.22221531090514,-148.4726716,2021-08-24,Walker_2022,Colleen_T2_97,1,60,,60,tp,60,97
70.22220732437994,-148.4726836,2021-08-24,Walker_2022,Colleen_T2_98,1,59,,59,tp,59,98
70.22219933785391,-148.4726957,2021-08-24,Walker_2022,Colleen_T2_99,1,68,,68,tp,68,99
70.22219135132707,-148.4727077,2021-08-24,Walker_2022,Colleen_T2_100,1,56,,56,tp,56,100
70.22215141868074,-148.4727678,2021-08-24,Walker_2022,Colleen_T2_105,1,64,,64,tp,64,105
70.22211148601414,-148.4728278,2021-08-24,Walker_2022,Colleen_T2_110,1,68,,68,tp,68,110
70.22207155,-148.4728879,2021-08-24,Walker_2022,Colleen_T2_115,1,44,,44,tp,44,115
70.22203162062019,-148.472948,2021-08-24,Walker_2022,Colleen_T2_120,1,69,,69,tp,69,120
70.22199168789284,-148.4730081,2021-08-24,Walker_2022,Colleen_T2_125,1,77,,77,tp,77,125
70.22195175514523,-148.4730682,2021-08-24,Walker_2022,Colleen_T2_130,1,55,,55,tp,55,130
70.22191182237735,-148.4731282,2021-08-24,Walker_2022,Colleen_T2_135,1,53,,53,tp,53,135
70.22187188958924,-148.4731883,2021-08-24,Walker_2022,Colleen_T2_140,1,53,,53,tp,53,140
70.22183195678086,-148.4732484,2021-08-24,Walker_2022,Colleen_T2_145,1,51,,51,tp,51,145
70.22179202395223,-148.4733085,2021-08-24,Walker_2022,Colleen_T2_150,1,56,,56,tp,56,150
70.22175209110334,-148.4733686,2021-08-24,Walker_2022,Colleen_T2_155,1,55,,55,tp,55,155
70.22171216,-148.4734286,2021-08-24,Walker_2022,Colleen_T2_160,1,58,,58,tp,58,160
70.22167223,-148.4734887,2021-08-24,Walker_2022,Colleen_T2_165,1,60,,60,tp,60,165
70.22163229243516,-148.4735488,2021-08-24,Walker_2022,Colleen_T2_170,1,58,,58,tp,58,170
70.22159235950527,-148.4736089,2021-08-24,Walker_2022,Colleen_T2_175,1,53,,53,tp,53,175
70.22155243,-148.473669,2021-08-24,Walker_2022,Colleen_T2_180,1,46,,46,tp,46,180
70.22151249,-148.473729,2021-08-24,Walker_2022,Colleen_T2_185,1,55,,55,tp,55,185
70.22147256059404,-148.4737891,2021-08-24,Walker_2022,Colleen_T2_190,1,57,,57,tp,57,190
70.22143262758313,-148.4738492,2021-08-24,Walker_2022,Colleen_T2_195,1,55,,55,tp,55,195
70.22139269455195,-148.4739093,2021-08-24,Walker_2022,Colleen_T2_200,1,50,,50,tp,50,200
70.229354,-148.42513,2020-08-15,Walker_2022,Jorgenson_JS_0,1,46,,46,tp,46,0
70.22935183155744,-148.4251043,2020-08-15,Walker_2022,Jorgenson_JS_1,1,45,,45,tp,45,1
70.22934966311122,-148.4250786,2020-08-15,Walker_2022,Jorgenson_JS_2,1,56,,56,tp,56,2
70.22934749466134,-148.4250529,2020-08-15,Walker_2022,Jorgenson_JS_3,1,40,,40,tp,40,3
70.22934532620776,-148.4250272,2020-08-15,Walker_2022,Jorgenson_JS_4,1,50,,50,tp,50,4
70.22934315775052,-148.4250015,2020-08-15,Walker_2022,Jorgenson_JS_5,1,43,,43,tp,43,5
70.22934098928962,-148.4249758,2020-08-15,Walker_2022,Jorgenson_JS_6,1,44,,44,tp,44,6
70.22933882082505,-148.4249502,2020-08-15,Walker_2022,Jorgenson_JS_7,1,46,,46,tp,46,7
70.22933665,-148.4249245,2020-08-15,Walker_2022,Jorgenson_JS_8,1,48,,48,tp,48,8
70.22933448388488,-148.4248988,2020-08-15,Walker_2022,Jorgenson_JS_9,1,47,,47,tp,47,9
70.22933232,-148.4248731,2020-08-15,Walker_2022,Jorgenson_JS_10,1,50,,50,tp,50,10
70.22933014693004,-148.4248474,2020-08-15,Walker_2022,Jorgenson_JS_11,1,46,,46,tp,46,11
70.22932797844712,-148.4248217,2020-08-15,Walker_2022,Jorgenson_JS_12,1,49,,49,tp,49,12
70.22932581,-148.424796,2020-08-15,Walker_2022,Jorgenson_JS_13,1,50,,50,tp,50,13
70.22932364147023,-148.4247703,2020-08-15,Walker_2022,Jorgenson_JS_14,1,40,,40,tp,40,14
70.22932147,-148.4247446,2020-08-15,Walker_2022,Jorgenson_JS_15,1,54,,54,tp,54,15
70.22931930447868,-148.4247189,2020-08-15,Walker_2022,Jorgenson_JS_16,1,50,,50,tp,50,16
70.22931714,-148.4246932,2020-08-15,Walker_2022,Jorgenson_JS_17,1,54,,54,tp,54,17
70.22931496747245,-148.4246675,2020-08-15,Walker_2022,Jorgenson_JS_18,1,49,,49,tp,49,18
70.22931279896383,-148.4246419,2020-08-15,Walker_2022,Jorgenson_JS_19,1,40,,40,tp,40,19
70.22931063045154,-148.4246162,2020-08-15,Walker_2022,Jorgenson_JS_20,1,48,,48,tp,48,20
70.22930846193557,-148.4245905,2020-08-15,Walker_2022,Jorgenson_JS_21,1,36,,36,tp,36,21
70.22930629341595,-148.4245648,2020-08-15,Walker_2022,Jorgenson_JS_22,1,34,,34,tp,34,22
70.22930412489264,-148.4245391,2020-08-15,Walker_2022,Jorgenson_JS_23,1,48,,48,tp,48,23
70.22930195636566,-148.4245134,2020-08-15,Walker_2022,Jorgenson_JS_24,1,60,,60,tp,60,24
70.22929979,-148.4244877,2020-08-15,Walker_2022,Jorgenson_JS_25,1,38,,38,tp,38,25
70.22929762,-148.424462,2020-08-15,Walker_2022,Jorgenson_JS_26,1,38,,38,tp,38,26
70.22929545076272,-148.4244363,2020-08-15,Walker_2022,Jorgenson_JS_27,1,38,,38,tp,38,27
70.22929328222105,-148.4244106,2020-08-15,Walker_2022,Jorgenson_JS_28,1,52,,52,tp,52,28
70.22929111367573,-148.4243849,2020-08-15,Walker_2022,Jorgenson_JS_29,1,45,,45,tp,45,29
70.22928894512674,-148.4243592,2020-08-15,Walker_2022,Jorgenson_JS_30,1,49,,49,tp,49,30
70.22928677657406,-148.4243336,2020-08-15,Walker_2022,Jorgenson_JS_31,1,52,,52,tp,52,31
70.22928460801772,-148.4243079,2020-08-15,Walker_2022,Jorgenson_JS_32,1,50,,50,tp,50,32
70.22928244,-148.4242822,2020-08-15,Walker_2022,Jorgenson_JS_33,1,52,,52,tp,52,33
70.22928027089404,-148.4242565,2020-08-15,Walker_2022,Jorgenson_JS_34,1,40,,40,tp,40,34
70.22927810232667,-148.4242308,2020-08-15,Walker_2022,Jorgenson_JS_35,1,35,,35,tp,35,35
70.22927593375566,-148.4242051,2020-08-15,Walker_2022,Jorgenson_JS_36,1,35,,35,tp,35,36
70.22927376518096,-148.4241794,2020-08-15,Walker_2022,Jorgenson_JS_37,1,35,,35,tp,35,37
70.22927159660262,-148.4241537,2020-08-15,Walker_2022,Jorgenson_JS_38,1,49,,49,tp,49,38
70.22926942802057,-148.424128,2020-08-15,Walker_2022,Jorgenson_JS_39,1,38,,38,tp,38,39
70.22926725943488,-148.4241023,2020-08-15,Walker_2022,Jorgenson_JS_40,1,40,,40,tp,40,40
70.22926509,-148.4240766,2020-08-15,Walker_2022,Jorgenson_JS_41,1,41,,41,tp,41,41
70.22926292225246,-148.4240509,2020-08-15,Walker_2022,Jorgenson_JS_42,1,49,,49,tp,49,42
70.22926075365574,-148.4240253,2020-08-15,Walker_2022,Jorgenson_JS_43,1,34,,34,tp,34,43
70.22925858505536,-148.4239996,2020-08-15,Walker_2022,Jorgenson_JS_44,1,45,,45,tp,45,44
70.22925642,-148.4239739,2020-08-15,Walker_2022,Jorgenson_JS_45,1,37,,37,tp,37,45
70.22925424784358,-148.4239482,2020-08-15,Walker_2022,Jorgenson_JS_46,1,42,,42,tp,42,46
70.22925207923218,-148.4239225,2020-08-15,Walker_2022,Jorgenson_JS_47,1,50,,50,tp,50,47
70.22924991061711,-148.4238968,2020-08-15,Walker_2022,Jorgenson_JS_48,1,50,,50,tp,50,48
70.22924774199838,-148.4238711,2020-08-15,Walker_2022,Jorgenson_JS_49,1,55,,55,tp,55,49
70.22924557337598,-148.4238454,2020-08-15,Walker_2022,Jorgenson_JS_50,1,58,,58,tp,58,50
70.2292434,-148.4238197,2020-08-15,Walker_2022,Jorgenson_JS_51,1,54,,54,tp,54,51
70.22924123612015,-148.423794,2020-08-15,Walker_2022,Jorgenson_JS_52,1,57,,57,tp,57,52
70.22923906748673,-148.4237683,2020-08-15,Walker_2022,Jorgenson_JS_53,1,55,,55,tp,55,53
70.22923689884965,-148.4237426,2020-08-15,Walker_2022,Jorgenson_JS_54,1,55,,55,tp,55,54
70.22923473020887,-148.423717,2020-08-15,Walker_2022,Jorgenson_JS_55,1,52,,52,tp,52,55
70.22923256156444,-148.4236913,2020-08-15,Walker_2022,Jorgenson_JS_56,1,52,,52,tp,52,56
70.22923039291635,-148.4236656,2020-08-15,Walker_2022,Jorgenson_JS_57,1,42,,42,tp,42,57
70.22922822426457,-148.4236399,2020-08-15,Walker_2022,Jorgenson_JS_58,1,59,,59,tp,59,58
70.22922605560913,-148.4236142,2020-08-15,Walker_2022,Jorgenson_JS_59,1,35,,35,tp,35,59
70.22922388695002,-148.4235885,2020-08-15,Walker_2022,Jorgenson_JS_60,1,39,,39,tp,39,60
70.22922171828723,-148.4235628,2020-08-15,Walker_2022,Jorgenson_JS_61,1,33,,33,tp,33,61
70.22921955,-148.4235371,2020-08-15,Walker_2022,Jorgenson_JS_62,1,56,,56,tp,56,62
70.22921738095067,-148.4235114,2020-08-15,Walker_2022,Jorgenson_JS_63,1,44,,44,tp,44,63
70.22921521227687,-148.4234857,2020-08-15,Walker_2022,Jorgenson_JS_64,1,54,,54,tp,54,64
70.22921304359942,-148.42346,2020-08-15,Walker_2022,Jorgenson_JS_65,1,53,,53,tp,53,65
70.22921087491827,-148.4234343,2020-08-15,Walker_2022,Jorgenson_JS_66,1,52,,52,tp,52,66
70.22920870623346,-148.4234087,2020-08-15,Walker_2022,Jorgenson_JS_67,1,52,,52,tp,52,67
70.22920654,-148.423383,2020-08-15,Walker_2022,Jorgenson_JS_68,1,56,,56,tp,56,68
70.22920436885285,-148.4233573,2020-08-15,Walker_2022,Jorgenson_JS_69,1,53,,53,tp,53,69
70.22920220015703,-148.4233316,2020-08-15,Walker_2022,Jorgenson_JS_70,1,55,,55,tp,55,70
70.22920003145755,-148.4233059,2020-08-15,Walker_2022,Jorgenson_JS_71,1,57,,57,tp,57,71
70.22919786275439,-148.4232802,2020-08-15,Walker_2022,Jorgenson_JS_72,1,38,,38,tp,38,72
70.22919569404756,-148.4232545,2020-08-15,Walker_2022,Jorgenson_JS_73,1,42,,42,tp,42,73
70.22919352533705,-148.4232288,2020-08-15,Walker_2022,Jorgenson_JS_74,1,45,,45,tp,45,74
70.22919135662289,-148.4232031,2020-08-15,Walker_2022,Jorgenson_JS_75,1,71,,71,tp,71,75
70.22918918790505,-148.4231774,2020-08-15,Walker_2022,Jorgenson_JS_76,1,48,,48,tp,48,76
70.22918701918354,-148.4231517,2020-08-15,Walker_2022,Jorgenson_JS_77,1,55,,55,tp,55,77
70.22918485045837,-148.423126,2020-08-15,Walker_2022,Jorgenson_JS_78,1,52,,52,tp,52,78
70.22918268172951,-148.4231004,2020-08-15,Walker_2022,Jorgenson_JS_79,1,47,,47,tp,47,79
70.22918051,-148.4230747,2020-08-15,Walker_2022,Jorgenson_JS_80,1,49,,49,tp,49,80
70.22917834,-148.423049,2020-08-15,Walker_2022,Jorgenson_JS_81,1,43,,43,tp,43,81
70.22917617552093,-148.4230233,2020-08-15,Walker_2022,Jorgenson_JS_82,1,44,,44,tp,44,82
70.22917400677741,-148.4229976,2020-08-15,Walker_2022,Jorgenson_JS_83,1,38,,38,tp,38,83
70.22917184,-148.4229719,2020-08-15,Walker_2022,Jorgenson_JS_84,1,51,,51,tp,51,84
70.22916966927934,-148.4229462,2020-08-15,Walker_2022,Jorgenson_JS_85,1,40,,40,tp,40,85
70.2291675,-148.4229205,2020-08-15,Walker_2022,Jorgenson_JS_86,1,59,,59,tp,59,86
70.22916533176658,-148.4228948,2020-08-15,Walker_2022,Jorgenson_JS_87,1,46,,46,tp,46,87
70.22916316,-148.4228691,2020-08-15,Walker_2022,Jorgenson_JS_88,1,48,,48,tp,48,88
70.22916099423914,-148.4228434,2020-08-15,Walker_2022,Jorgenson_JS_89,1,50,,50,tp,50,89
70.22915882546991,-148.4228177,2020-08-15,Walker_2022,Jorgenson_JS_90,1,55,,55,tp,55,90
70.22915665669703,-148.4227921,2020-08-15,Walker_2022,Jorgenson_JS_91,1,58,,58,tp,58,91
70.22915448792045,-148.4227664,2020-08-15,Walker_2022,Jorgenson_JS_92,1,50,,50,tp,50,92
70.22915231914021,-148.4227407,2020-08-15,Walker_2022,Jorgenson_JS_93,1,50,,50,tp,50,93
70.22915015,-148.422715,2020-08-15,Walker_2022,Jorgenson_JS_94,1,50,,50,tp,50,94
70.22914798156873,-148.4226893,2020-08-15,Walker_2022,Jorgenson_JS_95,1,50,,50,tp,50,95
70.22914581277749,-148.4226636,2020-08-15,Walker_2022,Jorgenson_JS_96,1,54,,54,tp,54,96
70.22914364398257,-148.4226379,2020-08-15,Walker_2022,Jorgenson_JS_97,1,45,,45,tp,45,97
70.22914147518398,-148.4226122,2020-08-15,Walker_2022,Jorgenson_JS_98,1,70,,70,tp,70,98
70.22913930638173,-148.4225865,2020-08-15,Walker_2022,Jorgenson_JS_99,1,55,,55,tp,55,99
70.22913713757579,-148.4225608,2020-08-15,Walker_2022,Jorgenson_JS_100,1,63,,63,tp,63,100
70.22913497,-148.4225351,2020-08-15,Walker_2022,Jorgenson_JS_101,1,45,,45,tp,45,101
70.22913279995294,-148.4225095,2020-08-15,Walker_2022,Jorgenson_JS_102,1,47,,47,tp,47,102
70.22913063113599,-148.4224838,2020-08-15,Walker_2022,Jorgenson_JS_103,1,50,,50,tp,50,103
70.22912846231537,-148.4224581,2020-08-15,Walker_2022,Jorgenson_JS_104,1,43,,43,tp,43,104
70.22912629349109,-148.4224324,2020-08-15,Walker_2022,Jorgenson_JS_105,1,43,,43,tp,43,105
70.22912412466314,-148.4224067,2020-08-15,Walker_2022,Jorgenson_JS_106,1,45,,45,tp,45,106
70.22912195583153,-148.422381,2020-08-15,Walker_2022,Jorgenson_JS_107,1,50,,50,tp,50,107
70.22911978699624,-148.4223553,2020-08-15,Walker_2022,Jorgenson_JS_108,1,55,,55,tp,55,108
70.22911761815728,-148.4223296,2020-08-15,Walker_2022,Jorgenson_JS_109,1,45,,45,tp,45,109
70.22911544931463,-148.4223039,2020-08-15,Walker_2022,Jorgenson_JS_110,1,40,,40,tp,40,110
70.22911328046834,-148.4222782,2020-08-15,Walker_2022,Jorgenson_JS_111,1,56,,56,tp,56,111
70.22911111161837,-148.4222525,2020-08-15,Walker_2022,Jorgenson_JS_112,1,52,,52,tp,52,112
70.22910894276473,-148.4222268,2020-08-15,Walker_2022,Jorgenson_JS_113,1,48,,48,tp,48,113
70.22910677,-148.4222012,2020-08-15,Walker_2022,Jorgenson_JS_114,1,46,,46,tp,46,114
70.22910460504642,-148.4221755,2020-08-15,Walker_2022,Jorgenson_JS_115,1,51,,51,tp,51,115
70.22910243618176,-148.4221498,2020-08-15,Walker_2022,Jorgenson_JS_116,1,54,,54,tp,54,116
70.22910026731344,-148.4221241,2020-08-15,Walker_2022,Jorgenson_JS_117,1,54,,54,tp,54,117
70.22909809844144,-148.4220984,2020-08-15,Walker_2022,Jorgenson_JS_118,1,58,,58,tp,58,118
70.22909592956577,-148.4220727,2020-08-15,Walker_2022,Jorgenson_JS_119,1,56,,56,tp,56,119
70.22909376068644,-148.422047,2020-08-15,Walker_2022,Jorgenson_JS_120,1,58,,58,tp,58,120
70.22909159180344,-148.4220213,2020-08-15,Walker_2022,Jorgenson_JS_121,1,55,,55,tp,55,121
70.22908942291676,-148.4219956,2020-08-15,Walker_2022,Jorgenson_JS_122,1,49,,49,tp,49,122
70.22908725402641,-148.4219699,2020-08-15,Walker_2022,Jorgenson_JS_123,1,45,,45,tp,45,123
70.22908509,-148.4219442,2020-08-15,Walker_2022,Jorgenson_JS_124,1,47,,47,tp,47,124
70.22908292,-148.4219186,2020-08-15,Walker_2022,Jorgenson_JS_125,1,51,,51,tp,51,125
70.22908074733334,-148.4218929,2020-08-15,Walker_2022,Jorgenson_JS_126,1,50,,50,tp,50,126
70.22907857842831,-148.4218672,2020-08-15,Walker_2022,Jorgenson_JS_127,1,49,,49,tp,49,127
70.22907640951962,-148.4218415,2020-08-15,Walker_2022,Jorgenson_JS_128,1,51,,51,tp,51,128
70.22907424060725,-148.4218158,2020-08-15,Walker_2022,Jorgenson_JS_129,1,42,,42,tp,42,129
70.22907207,-148.4217901,2020-08-15,Walker_2022,Jorgenson_JS_130,1,50,,50,tp,50,130
70.2290699,-148.4217644,2020-08-15,Walker_2022,Jorgenson_JS_131,1,54,,54,tp,54,131
70.22906773384811,-148.4217387,2020-08-15,Walker_2022,Jorgenson_JS_132,1,56,,56,tp,56,132
70.22906556492106,-148.421713,2020-08-15,Walker_2022,Jorgenson_JS_133,1,55,,55,tp,55,133
70.22906339599035,-148.4216873,2020-08-15,Walker_2022,Jorgenson_JS_134,1,51,,51,tp,51,134
70.22906122705595,-148.4216616,2020-08-15,Walker_2022,Jorgenson_JS_135,1,60,,60,tp,60,135
70.22905905811788,-148.4216359,2020-08-15,Walker_2022,Jorgenson_JS_136,1,49,,49,tp,49,136
70.22905688917615,-148.4216103,2020-08-15,Walker_2022,Jorgenson_JS_137,1,55,,55,tp,55,137
70.22905472023075,-148.4215846,2020-08-15,Walker_2022,Jorgenson_JS_138,1,34,,34,tp,34,138
70.22905255128168,-148.4215589,2020-08-15,Walker_2022,Jorgenson_JS_139,1,54,,54,tp,54,139
70.22905038232894,-148.4215332,2020-08-15,Walker_2022,Jorgenson_JS_140,1,46,,46,tp,46,140
70.22904821337252,-148.4215075,2020-08-15,Walker_2022,Jorgenson_JS_141,1,47,,47,tp,47,141
70.22904604441243,-148.4214818,2020-08-15,Walker_2022,Jorgenson_JS_142,1,51,,51,tp,51,142
70.22904387544868,-148.4214561,2020-08-15,Walker_2022,Jorgenson_JS_143,1,62,,62,tp,62,143
70.22904170648125,-148.4214304,2020-08-15,Walker_2022,Jorgenson_JS_144,1,61,,61,tp,61,144
70.22903953751016,-148.4214047,2020-08-15,Walker_2022,Jorgenson_JS_145,1,53,,53,tp,53,145
70.22903737,-148.421379,2020-08-15,Walker_2022,Jorgenson_JS_146,1,51,,51,tp,51,146
70.22903519955696,-148.4213533,2020-08-15,Walker_2022,Jorgenson_JS_147,1,54,,54,tp,54,147
70.22903303057485,-148.4213277,2020-08-15,Walker_2022,Jorgenson_JS_148,1,60,,60,tp,60,148
70.22903086158908,-148.421302,2020-08-15,Walker_2022,Jorgenson_JS_149,1,61,,61,tp,61,149
70.22902869259963,-148.4212763,2020-08-15,Walker_2022,Jorgenson_JS_150,1,54,,54,tp,54,150
70.22902652,-148.4212506,2020-08-15,Walker_2022,Jorgenson_JS_151,1,53,,53,tp,53,151
70.22902435460972,-148.4212249,2020-08-15,Walker_2022,Jorgenson_JS_152,1,51,,51,tp,51,152
70.22902218560927,-148.4211992,2020-08-15,Walker_2022,Jorgenson_JS_153,1,54,,54,tp,54,153
70.22902001660513,-148.4211735,2020-08-15,Walker_2022,Jorgenson_JS_154,1,52,,52,tp,52,154
70.22901784759733,-148.4211478,2020-08-15,Walker_2022,Jorgenson_JS_155,1,54,,54,tp,54,155
70.22901567858587,-148.4211221,2020-08-15,Walker_2022,Jorgenson_JS_156,1,54,,54,tp,54,156
70.22901350957073,-148.4210964,2020-08-15,Walker_2022,Jorgenson_JS_157,1,54,,54,tp,54,157
70.22901134055192,-148.4210707,2020-08-15,Walker_2022,Jorgenson_JS_158,1,58,,58,tp,58,158
70.22900917152944,-148.4210451,2020-08-15,Walker_2022,Jorgenson_JS_159,1,55,,55,tp,55,159
70.229007,-148.4210194,2020-08-15,Walker_2022,Jorgenson_JS_160,1,57,,57,tp,57,160
70.22900483347347,-148.4209937,2020-08-15,Walker_2022,Jorgenson_JS_161,1,54,,54,tp,54,161
70.22900266443997,-148.420968,2020-08-15,Walker_2022,Jorgenson_JS_162,1,48,,48,tp,48,162
70.22900049540281,-148.4209423,2020-08-15,Walker_2022,Jorgenson_JS_163,1,55,,55,tp,55,163
70.22899832636199,-148.4209166,2020-08-15,Walker_2022,Jorgenson_JS_164,1,62,,62,tp,62,164
70.22899615731748,-148.4208909,2020-08-15,Walker_2022,Jorgenson_JS_165,1,50,,50,tp,50,165
70.22899398826931,-148.4208652,2020-08-15,Walker_2022,Jorgenson_JS_166,1,50,,50,tp,50,166
70.22899181921747,-148.4208395,2020-08-15,Walker_2022,Jorgenson_JS_167,1,50,,50,tp,50,167
70.22898965016196,-148.4208138,2020-08-15,Walker_2022,Jorgenson_JS_168,1,49,,49,tp,49,168
70.22898748110278,-148.4207881,2020-08-15,Walker_2022,Jorgenson_JS_169,1,51,,51,tp,51,169
70.22898531203992,-148.4207625,2020-08-15,Walker_2022,Jorgenson_JS_170,1,44,,44,tp,44,170
70.22898314297339,-148.4207368,2020-08-15,Walker_2022,Jorgenson_JS_171,1,60,,60,tp,60,171
70.22898097390319,-148.4207111,2020-08-15,Walker_2022,Jorgenson_JS_172,1,46,,46,tp,46,172
70.22897880482934,-148.4206854,2020-08-15,Walker_2022,Jorgenson_JS_173,1,52,,52,tp,52,173
70.22897663575179,-148.4206597,2020-08-15,Walker_2022,Jorgenson_JS_174,1,53,,53,tp,53,174
70.22897446667059,-148.420634,2020-08-15,Walker_2022,Jorgenson_JS_175,1,50,,50,tp,50,175
70.22897229758573,-148.4206083,2020-08-15,Walker_2022,Jorgenson_JS_176,1,52,,52,tp,52,176
70.22897012849717,-148.4205826,2020-08-15,Walker_2022,Jorgenson_JS_177,1,49,,49,tp,49,177
70.22896795940495,-148.4205569,2020-08-15,Walker_2022,Jorgenson_JS_178,1,52,,52,tp,52,178
70.22896579030908,-148.4205312,2020-08-15,Walker_2022,Jorgenson_JS_179,1,50,,50,tp,50,179
70.22896362120952,-148.4205055,2020-08-15,Walker_2022,Jorgenson_JS_180,1,53,,53,tp,53,180
70.22896145210629,-148.4204799,2020-08-15,Walker_2022,Jorgenson_JS_181,1,53,,53,tp,53,181
70.22895928,-148.4204542,2020-08-15,Walker_2022,Jorgenson_JS_182,1,55,,55,tp,55,182
70.22895711388882,-148.4204285,2020-08-15,Walker_2022,Jorgenson_JS_183,1,52,,52,tp,52,183
70.22895494477459,-148.4204028,2020-08-15,Walker_2022,Jorgenson_JS_184,1,70,,70,tp,70,184
70.22895277565668,-148.4203771,2020-08-15,Walker_2022,Jorgenson_JS_185,1,53,,53,tp,53,185
70.22895061,-148.4203514,2020-08-15,Walker_2022,Jorgenson_JS_186,1,51,,51,tp,51,186
70.22894843740985,-148.4203257,2020-08-15,Walker_2022,Jorgenson_JS_187,1,54,,54,tp,54,187
70.22894626828094,-148.4203,2020-08-15,Walker_2022,Jorgenson_JS_188,1,53,,53,tp,53,188
70.22894409914834,-148.4202743,2020-08-15,Walker_2022,Jorgenson_JS_189,1,50,,50,tp,50,189
70.22894193001208,-148.4202486,2020-08-15,Walker_2022,Jorgenson_JS_190,1,42,,42,tp,42,190
70.22893976087215,-148.4202229,2020-08-15,Walker_2022,Jorgenson_JS_191,1,48,,48,tp,48,191
70.22893759172855,-148.4201973,2020-08-15,Walker_2022,Jorgenson_JS_192,1,52,,52,tp,52,192
70.22893542258127,-148.4201716,2020-08-15,Walker_2022,Jorgenson_JS_193,1,56,,56,tp,56,193
70.22893325343034,-148.4201459,2020-08-15,Walker_2022,Jorgenson_JS_194,1,56,,56,tp,56,194
70.22893108427573,-148.4201202,2020-08-15,Walker_2022,Jorgenson_JS_195,1,58,,58,tp,58,195
70.22892891511745,-148.4200945,2020-08-15,Walker_2022,Jorgenson_JS_196,1,51,,51,tp,51,196
70.22892675,-148.4200688,2020-08-15,Walker_2022,Jorgenson_JS_197,1,51,,51,tp,51,197
70.22892457678988,-148.4200431,2020-08-15,Walker_2022,Jorgenson_JS_198,1,53,,53,tp,53,198
70.22892240762059,-148.4200174,2020-08-15,Walker_2022,Jorgenson_JS_199,1,53,,53,tp,53,199
70.22892023844761,-148.4199917,2020-08-15,Walker_2022,Jorgenson_JS_200,1,54,,54,tp,54,200
70.22891806927099,-148.419966,2020-08-15,Walker_2022,Jorgenson_JS_201,1,47,,47,tp,47,201
70.22891590009068,-148.4199403,2020-08-15,Walker_2022,Jorgenson_JS_202,1,46,,46,tp,46,202
70.22891373090671,-148.4199147,2020-08-15,Walker_2022,Jorgenson_JS_203,1,46,,46,tp,46,203
70.22891156171906,-148.419889,2020-08-15,Walker_2022,Jorgenson_JS_204,1,50,,50,tp,50,204
70.22890939252775,-148.4198633,2020-08-15,Walker_2022,Jorgenson_JS_205,1,52,,52,tp,52,205
70.22890722333277,-148.4198376,2020-08-15,Walker_2022,Jorgenson_JS_206,1,50,,50,tp,50,206
70.22890505413412,-148.4198119,2020-08-15,Walker_2022,Jorgenson_JS_207,1,53,,53,tp,53,207
70.22890288493178,-148.4197862,2020-08-15,Walker_2022,Jorgenson_JS_208,1,52,,52,tp,52,208
70.22890072,-148.4197605,2020-08-15,Walker_2022,Jorgenson_JS_209,1,55,,55,tp,55,209
70.22889854651612,-148.4197348,2020-08-15,Walker_2022,Jorgenson_JS_210,1,54,,54,tp,54,210
70.22889637730279,-148.4197091,2020-08-15,Walker_2022,Jorgenson_JS_211,1,46,,46,tp,46,211
70.22889420808579,-148.4196834,2020-08-15,Walker_2022,Jorgenson_JS_212,1,42,,42,tp,42,212
70.22889203886511,-148.4196577,2020-08-15,Walker_2022,Jorgenson_JS_213,1,41,,41,tp,41,213
70.22888986964077,-148.4196321,2020-08-15,Walker_2022,Jorgenson_JS_214,1,46,,46,tp,46,214
70.22888770041276,-148.4196064,2020-08-15,Walker_2022,Jorgenson_JS_215,1,50,,50,tp,50,215
70.22888553118106,-148.4195807,2020-08-15,Walker_2022,Jorgenson_JS_216,1,48,,48,tp,48,216
70.22888336,-148.419555,2020-08-15,Walker_2022,Jorgenson_JS_217,1,59,,59,tp,59,217
70.22888119270668,-148.4195293,2020-08-15,Walker_2022,Jorgenson_JS_218,1,40,,40,tp,40,218
70.22887902346397,-148.4195036,2020-08-15,Walker_2022,Jorgenson_JS_219,1,53,,53,tp,53,219
70.22887685421762,-148.4194779,2020-08-15,Walker_2022,Jorgenson_JS_220,1,61,,61,tp,61,220
70.22887468496758,-148.4194522,2020-08-15,Walker_2022,Jorgenson_JS_221,1,47,,47,tp,47,221
70.22887251571386,-148.4194265,2020-08-15,Walker_2022,Jorgenson_JS_222,1,42,,42,tp,42,222
70.22887034645649,-148.4194008,2020-08-15,Walker_2022,Jorgenson_JS_223,1,41,,41,tp,41,223
70.22886817719544,-148.4193751,2020-08-15,Walker_2022,Jorgenson_JS_224,1,46,,46,tp,46,224
70.22886600793072,-148.4193495,2020-08-15,Walker_2022,Jorgenson_JS_225,1,46,,46,tp,46,225
70.22886383866233,-148.4193238,2020-08-15,Walker_2022,Jorgenson_JS_226,1,49,,49,tp,49,226
70.22886166939027,-148.4192981,2020-08-15,Walker_2022,Jorgenson_JS_227,1,51,,51,tp,51,227
70.22885950011454,-148.4192724,2020-08-15,Walker_2022,Jorgenson_JS_228,1,49,,49,tp,49,228
70.22885733083514,-148.4192467,2020-08-15,Walker_2022,Jorgenson_JS_229,1,52,,52,tp,52,229
70.22885516155208,-148.419221,2020-08-15,Walker_2022,Jorgenson_JS_230,1,44,,44,tp,44,230
70.22885299226533,-148.4191953,2020-08-15,Walker_2022,Jorgenson_JS_231,1,40,,40,tp,40,231
70.22885082297492,-148.4191696,2020-08-15,Walker_2022,Jorgenson_JS_232,1,48,,48,tp,48,232
70.22884865368084,-148.4191439,2020-08-15,Walker_2022,Jorgenson_JS_233,1,41,,41,tp,41,233
70.22884648438308,-148.4191182,2020-08-15,Walker_2022,Jorgenson_JS_234,1,53,,53,tp,53,234
70.22884431508166,-148.4190925,2020-08-15,Walker_2022,Jorgenson_JS_235,1,51,,51,tp,51,235
70.22884214577658,-148.4190669,2020-08-15,Walker_2022,Jorgenson_JS_236,1,52,,52,tp,52,236
70.22883997646781,-148.4190412,2020-08-15,Walker_2022,Jorgenson_JS_237,1,53,,53,tp,53,237
70.22883780715537,-148.4190155,2020-08-15,Walker_2022,Jorgenson_JS_238,1,54,,54,tp,54,238
70.22883563783927,-148.4189898,2020-08-15,Walker_2022,Jorgenson_JS_239,1,52,,52,tp,52,239
70.22883347,-148.4189641,2020-08-15,Walker_2022,Jorgenson_JS_240,1,53,,53,tp,53,240
70.22883129919606,-148.4189384,2020-08-15,Walker_2022,Jorgenson_JS_241,1,55,,55,tp,55,241
70.22882912986894,-148.4189127,2020-08-15,Walker_2022,Jorgenson_JS_242,1,49,,49,tp,49,242
70.22882696053816,-148.418887,2020-08-15,Walker_2022,Jorgenson_JS_243,1,45,,45,tp,45,243
70.22882479,-148.4188613,2020-08-15,Walker_2022,Jorgenson_JS_244,1,49,,49,tp,49,244
70.22882262186559,-148.4188356,2020-08-15,Walker_2022,Jorgenson_JS_245,1,55,,55,tp,55,245
70.22882045252379,-148.41881,2020-08-15,Walker_2022,Jorgenson_JS_246,1,45,,45,tp,45,246
70.22881828317833,-148.4187843,2020-08-15,Walker_2022,Jorgenson_JS_247,1,49,,49,tp,49,247
70.22881611,-148.4187586,2020-08-15,Walker_2022,Jorgenson_JS_248,1,57,,57,tp,57,248
70.22881394447639,-148.4187329,2020-08-15,Walker_2022,Jorgenson_JS_249,1,41,,41,tp,41,249
70.22881177511992,-148.4187072,2020-08-15,Walker_2022,Jorgenson_JS_250,1,33,,33,tp,33,250
70.223122,-148.471291,2020-08-15,Walker_2022,Colleen_T1_0,1,60,,60,tp,60,0
70.22313012359706,-148.4712798,2020-08-15,Walker_2022,Colleen_T1_1,1,45,,45,tp,45,1
70.22313825,-148.4712686,2020-08-15,Walker_2022,Colleen_T1_2,1,105,,105,tp,105,2
70.22314637078905,-148.4712574,2020-08-15,Walker_2022,Colleen_T1_3,1,77,,77,tp,77,3
70.22315449438399,-148.4712463,2020-08-15,Walker_2022,Colleen_T1_4,1,60,,60,tp,60,4
70.22316261797823,-148.4712351,2020-08-15,Walker_2022,Colleen_T1_5,1,60,,60,tp,60,5
70.22317074157178,-148.4712239,2020-08-15,Walker_2022,Colleen_T1_6,1,61,,61,tp,61,6
70.22317886516461,-148.4712127,2020-08-15,Walker_2022,Colleen_T1_7,1,61,,61,tp,61,7
70.22318698875674,-148.4712015,2020-08-15,Walker_2022,Colleen_T1_8,1,59,,59,tp,59,8
70.22319511234817,-148.4711903,2020-08-15,Walker_2022,Colleen_T1_9,1,69,,69,tp,69,9
70.22320324,-148.4711791,2020-08-15,Walker_2022,Colleen_T1_10,1,68,,68,tp,68,10
70.22321136,-148.4711679,2020-08-15,Walker_2022,Colleen_T1_11,1,64,,64,tp,64,11
70.22321948311823,-148.4711568,2020-08-15,Walker_2022,Colleen_T1_12,1,65,,65,tp,65,12
70.22322760670684,-148.4711456,2020-08-15,Walker_2022,Colleen_T1_13,1,64,,64,tp,64,13
70.22323573029475,-148.4711344,2020-08-15,Walker_2022,Colleen_T1_14,1,65,,65,tp,65,14
70.22324385388195,-148.4711232,2020-08-15,Walker_2022,Colleen_T1_15,1,64,,64,tp,64,15
70.22325197746845,-148.471112,2020-08-15,Walker_2022,Colleen_T1_16,1,65,,65,tp,65,16
70.22326010105425,-148.4711008,2020-08-15,Walker_2022,Colleen_T1_17,1,65,,65,tp,65,17
70.22326822463936,-148.4710896,2020-08-15,Walker_2022,Colleen_T1_18,1,64,,64,tp,64,18
70.22327634822375,-148.4710784,2020-08-15,Walker_2022,Colleen_T1_19,1,64,,64,tp,64,19
70.22328447180743,-148.4710673,2020-08-15,Walker_2022,Colleen_T1_20,1,65,,65,tp,65,20
70.22329259539042,-148.4710561,2020-08-15,Walker_2022,Colleen_T1_21,1,61,,61,tp,61,21
70.22330072,-148.4710449,2020-08-15,Walker_2022,Colleen_T1_22,1,55,,55,tp,55,22
70.22330884255427,-148.4710337,2020-08-15,Walker_2022,Colleen_T1_23,1,60,,60,tp,60,23
70.22331696613516,-148.4710225,2020-08-15,Walker_2022,Colleen_T1_24,1,59,,59,tp,59,24
70.22332508971533,-148.4710113,2020-08-15,Walker_2022,Colleen_T1_25,1,63,,63,tp,63,25
70.22333321,-148.4710001,2020-08-15,Walker_2022,Colleen_T1_26,1,48,,48,tp,48,26
70.22334133687356,-148.470989,2020-08-15,Walker_2022,Colleen_T1_27,1,49,,49,tp,49,27
70.22334946045163,-148.4709778,2020-08-15,Walker_2022,Colleen_T1_28,1,40,,40,tp,40,28
70.22335758402897,-148.4709666,2020-08-15,Walker_2022,Colleen_T1_29,1,30,,30,tp,30,29
70.22336570760564,-148.4709554,2020-08-15,Walker_2022,Colleen_T1_30,1,63,,63,tp,63,30
70.22337383118159,-148.4709442,2020-08-15,Walker_2022,Colleen_T1_31,1,45,,45,tp,45,31
70.22338195475683,-148.470933,2020-08-15,Walker_2022,Colleen_T1_32,1,63,,63,tp,63,32
70.22339007833138,-148.4709218,2020-08-15,Walker_2022,Colleen_T1_33,1,58,,58,tp,58,33
70.22339820190521,-148.4709106,2020-08-15,Walker_2022,Colleen_T1_34,1,58,,58,tp,58,34
70.22340632547835,-148.4708995,2020-08-15,Walker_2022,Colleen_T1_35,1,45,,45,tp,45,35
70.22341445,-148.4708883,2020-08-15,Walker_2022,Colleen_T1_36,1,47,,47,tp,47,36
70.22342257262252,-148.4708771,2020-08-15,Walker_2022,Colleen_T1_37,1,44,,44,tp,44,37
70.22343069619355,-148.4708659,2020-08-15,Walker_2022,Colleen_T1_38,1,42,,42,tp,42,38
70.22343881976387,-148.4708547,2020-08-15,Walker_2022,Colleen_T1_39,1,47,,47,tp,47,39
70.22344694,-148.4708435,2020-08-15,Walker_2022,Colleen_T1_40,1,55,,55,tp,55,40
70.22345507,-148.4708323,2020-08-15,Walker_2022,Colleen_T1_41,1,55,,55,tp,55,41
70.22346319047062,-148.4708211,2020-08-15,Walker_2022,Colleen_T1_42,1,47,,47,tp,47,42
70.22347131403814,-148.47081,2020-08-15,Walker_2022,Colleen_T1_43,1,46,,46,tp,46,43
70.22347943760494,-148.4707988,2020-08-15,Walker_2022,Colleen_T1_44,1,49,,49,tp,49,44
70.22348756117105,-148.4707876,2020-08-15,Walker_2022,Colleen_T1_45,1,49,,49,tp,49,45
70.22349568473645,-148.4707764,2020-08-15,Walker_2022,Colleen_T1_46,1,59,,59,tp,59,46
70.22350380830113,-148.4707652,2020-08-15,Walker_2022,Colleen_T1_47,1,44,,44,tp,44,47
70.22351193186513,-148.470754,2020-08-15,Walker_2022,Colleen_T1_48,1,45,,45,tp,45,48
70.22352005542842,-148.4707428,2020-08-15,Walker_2022,Colleen_T1_49,1,45,,45,tp,45,49
70.22352817899102,-148.4707316,2020-08-15,Walker_2022,Colleen_T1_50,1,49,,49,tp,49,50
70.22353630255289,-148.4707205,2020-08-15,Walker_2022,Colleen_T1_51,1,45,,45,tp,45,51
70.22354442611407,-148.4707093,2020-08-15,Walker_2022,Colleen_T1_52,1,54,,54,tp,54,52
70.22355254967455,-148.4706981,2020-08-15,Walker_2022,Colleen_T1_53,1,53,,53,tp,53,53
70.22356067323432,-148.4706869,2020-08-15,Walker_2022,Colleen_T1_54,1,55,,55,tp,55,54
70.22356879679339,-148.4706757,2020-08-15,Walker_2022,Colleen_T1_55,1,55,,55,tp,55,55
70.22357692035175,-148.4706645,2020-08-15,Walker_2022,Colleen_T1_56,1,57,,57,tp,57,56
70.22358504390942,-148.4706533,2020-08-15,Walker_2022,Colleen_T1_57,1,53,,53,tp,53,57
70.22359316746636,-148.4706421,2020-08-15,Walker_2022,Colleen_T1_58,1,50,,50,tp,50,58
70.22360129102263,-148.470631,2020-08-15,Walker_2022,Colleen_T1_59,1,44,,44,tp,44,59
70.22360941457818,-148.4706198,2020-08-15,Walker_2022,Colleen_T1_60,1,55,,55,tp,55,60
70.22361753813303,-148.4706086,2020-08-15,Walker_2022,Colleen_T1_61,1,50,,50,tp,50,61
70.22362566168717,-148.4705974,2020-08-15,Walker_2022,Colleen_T1_62,1,55,,55,tp,55,62
70.22363378524061,-148.4705862,2020-08-15,Walker_2022,Colleen_T1_63,1,59,,59,tp,59,63
70.22364190879335,-148.470575,2020-08-15,Walker_2022,Colleen_T1_64,1,59,,59,tp,59,64
70.22365003234539,-148.4705638,2020-08-15,Walker_2022,Colleen_T1_65,1,58,,58,tp,58,65
70.22365815589671,-148.4705526,2020-08-15,Walker_2022,Colleen_T1_66,1,50,,50,tp,50,66
70.22366627944734,-148.4705415,2020-08-15,Walker_2022,Colleen_T1_67,1,49,,49,tp,49,67
70.22367440299726,-148.4705303,2020-08-15,Walker_2022,Colleen_T1_68,1,46,,46,tp,46,68
70.22368253,-148.4705191,2020-08-15,Walker_2022,Colleen_T1_69,1,42,,42,tp,42,69
70.22369065009501,-148.4705079,2020-08-15,Walker_2022,Colleen_T1_70,1,40,,40,tp,40,70
70.22369877364282,-148.4704967,2020-08-15,Walker_2022,Colleen_T1_71,1,57,,57,tp,57,71
70.22370689718993,-148.4704855,2020-08-15,Walker_2022,Colleen_T1_72,1,60,,60,tp,60,72
70.22371502073634,-148.4704743,2020-08-15,Walker_2022,Colleen_T1_73,1,60,,60,tp,60,73
70.22372314428203,-148.4704631,2020-08-15,Walker_2022,Colleen_T1_74,1,66,,66,tp,66,74
70.22373126782703,-148.470452,2020-08-15,Walker_2022,Colleen_T1_75,1,59,,59,tp,59,75
70.22373939137134,-148.4704408,2020-08-15,Walker_2022,Colleen_T1_76,1,44,,44,tp,44,76
70.22374751491492,-148.4704296,2020-08-15,Walker_2022,Colleen_T1_77,1,5,,5,tp,5,77
70.22375563845782,-148.4704184,2020-08-15,Walker_2022,Colleen_T1_78,1,50,,50,tp,50,78
70.22376376,-148.4704072,2020-08-15,Walker_2022,Colleen_T1_79,1,35,,35,tp,35,79
70.22377188554148,-148.470396,2020-08-15,Walker_2022,Colleen_T1_80,1,49,,49,tp,49,80
70.22378000908226,-148.4703848,2020-08-15,Walker_2022,Colleen_T1_81,1,49,,49,tp,49,81
70.22378813262233,-148.4703736,2020-08-15,Walker_2022,Colleen_T1_82,1,53,,53,tp,53,82
70.22379626,-148.4703625,2020-08-15,Walker_2022,Colleen_T1_83,1,47,,47,tp,47,83
70.22380437970038,-148.4703513,2020-08-15,Walker_2022,Colleen_T1_84,1,47,,47,tp,47,84
70.22381250323835,-148.4703401,2020-08-15,Walker_2022,Colleen_T1_85,1,44,,44,tp,44,85
70.22382063,-148.4703289,2020-08-15,Walker_2022,Colleen_T1_86,1,44,,44,tp,44,86
70.22382875031217,-148.4703177,2020-08-15,Walker_2022,Colleen_T1_87,1,43,,43,tp,43,87
70.22383687384803,-148.4703065,2020-08-15,Walker_2022,Colleen_T1_88,1,43,,43,tp,43,88
70.22384499738317,-148.4702953,2020-08-15,Walker_2022,Colleen_T1_89,1,42,,42,tp,42,89
70.22385312091762,-148.4702841,2020-08-15,Walker_2022,Colleen_T1_90,1,51,,51,tp,51,90
70.22386124445137,-148.470273,2020-08-15,Walker_2022,Colleen_T1_91,1,55,,55,tp,55,91
70.22386937,-148.4702618,2020-08-15,Walker_2022,Colleen_T1_92,1,46,,46,tp,46,92
70.22387749151675,-148.4702506,2020-08-15,Walker_2022,Colleen_T1_93,1,46,,46,tp,46,93
70.22388561504837,-148.4702394,2020-08-15,Walker_2022,Colleen_T1_94,1,32,,32,tp,32,94
70.22389374,-148.4702282,2020-08-15,Walker_2022,Colleen_T1_95,1,42,,42,tp,42,95
70.22390186210953,-148.470217,2020-08-15,Walker_2022,Colleen_T1_96,1,40,,40,tp,40,96
70.22390998563905,-148.4702058,2020-08-15,Walker_2022,Colleen_T1_97,1,61,,61,tp,61,97
70.22391810916787,-148.4701946,2020-08-15,Walker_2022,Colleen_T1_98,1,60,,60,tp,60,98
70.22392623269599,-148.4701835,2020-08-15,Walker_2022,Colleen_T1_99,1,50,,50,tp,50,99
70.22393436,-148.4701723,2020-08-15,Walker_2022,Colleen_T1_100,1,45,,45,tp,45,100
70.22397497,-148.4701163,2020-08-15,Walker_2022,Colleen_T1_105,1,64,,64,tp,64,105
70.22401559145884,-148.4700604,2020-08-15,Walker_2022,Colleen_T1_110,1,44,,44,tp,44,110
70.22405620905018,-148.4700044,2020-08-15,Walker_2022,Colleen_T1_115,1,47,,47,tp,47,115
70.22409682662392,-148.4699485,2020-08-15,Walker_2022,Colleen_T1_120,1,48,,48,tp,48,120
70.22413744418009,-148.4698926,2020-08-15,Walker_2022,Colleen_T1_125,1,65,,65,tp,65,125
70.22417806171866,-148.4698366,2020-08-15,Walker_2022,Colleen_T1_130,1,51,,51,tp,51,130
70.22421867923964,-148.4697807,2020-08-15,Walker_2022,Colleen_T1_135,1,54,,54,tp,54,135
70.22425929674304,-148.4697247,2020-08-15,Walker_2022,Colleen_T1_140,1,54,,54,tp,54,140
70.22429991422885,-148.4696688,2020-08-15,Walker_2022,Colleen_T1_145,1,43,,43,tp,43,145
70.22434053169707,-148.4696129,2020-08-15,Walker_2022,Colleen_T1_150,1,51,,51,tp,51,150
70.22438115,-148.4695569,2020-08-15,Walker_2022,Colleen_T1_155,1,45,,45,tp,45,155
70.22442176658076,-148.469501,2020-08-15,Walker_2022,Colleen_T1_160,1,50,,50,tp,50,160
70.22446238399621,-148.469445,2020-08-15,Walker_2022,Colleen_T1_165,1,43,,43,tp,43,165
70.22450300139408,-148.4693891,2020-08-15,Walker_2022,Colleen_T1_170,1,35,,35,tp,35,170
70.22454361877436,-148.4693332,2020-08-15,Walker_2022,Colleen_T1_175,1,50,,50,tp,50,175
70.22458423613705,-148.4692772,2020-08-15,Walker_2022,Colleen_T1_180,1,50,,50,tp,50,180
70.22462485348215,-148.4692213,2020-08-15,Walker_2022,Colleen_T1_185,1,49,,49,tp,49,185
70.22466547080967,-148.4691653,2020-08-15,Walker_2022,Colleen_T1_190,1,48,,48,tp,48,190
70.22470608811959,-148.4691094,2020-08-15,Walker_2022,Colleen_T1_195,1,43,,43,tp,43,195
70.22474670541192,-148.4690534,2020-08-15,Walker_2022,Colleen_T1_200,1,47,,47,tp,47,200
70.22298201355338,-148.471518,2020-08-15,Walker_2022,Colleen_T2_1,1,65,,65,tp,65,1
70.22297402710595,-148.47153,2020-08-15,Walker_2022,Colleen_T2_2,1,69,,69,tp,69,2
70.22296604,-148.4715421,2020-08-15,Walker_2022,Colleen_T2_3,1,64,,64,tp,64,3
70.22295805420865,-148.4715541,2020-08-15,Walker_2022,Colleen_T2_4,1,65,,65,tp,65,4
70.22295006775879,-148.4715661,2020-08-15,Walker_2022,Colleen_T2_5,1,66,,66,tp,66,5
70.22294208130812,-148.4715781,2020-08-15,Walker_2022,Colleen_T2_6,1,68,,68,tp,68,6
70.22293409485664,-148.4715901,2020-08-15,Walker_2022,Colleen_T2_7,1,51,,51,tp,51,7
70.22292610840434,-148.4716021,2020-08-15,Walker_2022,Colleen_T2_8,1,60,,60,tp,60,8
70.22291812195124,-148.4716142,2020-08-15,Walker_2022,Colleen_T2_9,1,53,,53,tp,53,9
70.22291013549733,-148.4716262,2020-08-15,Walker_2022,Colleen_T2_10,1,59,,59,tp,59,10
70.22290215,-148.4716382,2020-08-15,Walker_2022,Colleen_T2_11,1,57,,57,tp,57,11
70.22289416258707,-148.4716502,2020-08-15,Walker_2022,Colleen_T2_12,1,58,,58,tp,58,12
70.22288617613073,-148.4716622,2020-08-15,Walker_2022,Colleen_T2_13,1,53,,53,tp,53,13
70.22287818967357,-148.4716742,2020-08-15,Walker_2022,Colleen_T2_14,1,56,,56,tp,56,14
70.2228702,-148.4716863,2020-08-15,Walker_2022,Colleen_T2_15,1,66,,66,tp,66,15
70.22286221675684,-148.4716983,2020-08-15,Walker_2022,Colleen_T2_16,1,71,,71,tp,71,16
70.22285423029726,-148.4717103,2020-08-15,Walker_2022,Colleen_T2_17,1,58,,58,tp,58,17
70.22284624383686,-148.4717223,2020-08-15,Walker_2022,Colleen_T2_18,1,55,,55,tp,55,18
70.22283825737564,-148.4717343,2020-08-15,Walker_2022,Colleen_T2_19,1,61,,61,tp,61,19
70.22283027091363,-148.4717463,2020-08-15,Walker_2022,Colleen_T2_20,1,62,,62,tp,62,20
70.22282228445081,-148.4717584,2020-08-15,Walker_2022,Colleen_T2_21,1,67,,67,tp,67,21
70.22281429798717,-148.4717704,2020-08-15,Walker_2022,Colleen_T2_22,1,53,,53,tp,53,22
70.22280631152272,-148.4717824,2020-08-15,Walker_2022,Colleen_T2_23,1,53,,53,tp,53,23
70.22279832505747,-148.4717944,2020-08-15,Walker_2022,Colleen_T2_24,1,57,,57,tp,57,24
70.22279034,-148.4718064,2020-08-15,Walker_2022,Colleen_T2_25,1,57,,57,tp,57,25
70.22278235212451,-148.4718184,2020-08-15,Walker_2022,Colleen_T2_26,1,57,,57,tp,57,26
70.22277436565683,-148.4718305,2020-08-15,Walker_2022,Colleen_T2_27,1,58,,58,tp,58,27
70.22276637918833,-148.4718425,2020-08-15,Walker_2022,Colleen_T2_28,1,56,,56,tp,56,28
70.22275839271903,-148.4718545,2020-08-15,Walker_2022,Colleen_T2_29,1,56,,56,tp,56,29
70.22275041,-148.4718665,2020-08-15,Walker_2022,Colleen_T2_30,1,54,,54,tp,54,30
70.22274241977797,-148.4718785,2020-08-15,Walker_2022,Colleen_T2_31,1,47,,47,tp,47,31
70.22273443330624,-148.4718905,2020-08-15,Walker_2022,Colleen_T2_32,1,51,,51,tp,51,32
70.22272644683369,-148.4719026,2020-08-15,Walker_2022,Colleen_T2_33,1,51,,51,tp,51,33
70.22271846036033,-148.4719146,2020-08-15,Walker_2022,Colleen_T2_34,1,53,,53,tp,53,34
70.22271047388615,-148.4719266,2020-08-15,Walker_2022,Colleen_T2_35,1,57,,57,tp,57,35
70.22270248741117,-148.4719386,2020-08-15,Walker_2022,Colleen_T2_36,1,57,,57,tp,57,36
70.22269450093539,-148.4719506,2020-08-15,Walker_2022,Colleen_T2_37,1,50,,50,tp,50,37
70.22268651445879,-148.4719626,2020-08-15,Walker_2022,Colleen_T2_38,1,56,,56,tp,56,38
70.22267852798137,-148.4719747,2020-08-15,Walker_2022,Colleen_T2_39,1,56,,56,tp,56,39
70.22267054150315,-148.4719867,2020-08-15,Walker_2022,Colleen_T2_40,1,53,,53,tp,53,40
70.22266255502412,-148.4719987,2020-08-15,Walker_2022,Colleen_T2_41,1,49,,49,tp,49,41
70.22265456854427,-148.4720107,2020-08-15,Walker_2022,Colleen_T2_42,1,54,,54,tp,54,42
70.22264658206362,-148.4720227,2020-08-15,Walker_2022,Colleen_T2_43,1,45,,45,tp,45,43
70.22263859558217,-148.4720347,2020-08-15,Walker_2022,Colleen_T2_44,1,41,,41,tp,41,44
70.22263060909988,-148.4720468,2020-08-15,Walker_2022,Colleen_T2_45,1,44,,44,tp,44,45
70.22262262,-148.4720588,2020-08-15,Walker_2022,Colleen_T2_46,1,33,,33,tp,33,46
70.22261464,-148.4720708,2020-08-15,Walker_2022,Colleen_T2_47,1,36,,36,tp,36,47
70.22260664964821,-148.4720828,2020-08-15,Walker_2022,Colleen_T2_48,1,38,,38,tp,38,48
70.22259866,-148.4720948,2020-08-15,Walker_2022,Colleen_T2_49,1,56,,56,tp,56,49
70.22259067667636,-148.4721069,2020-08-15,Walker_2022,Colleen_T2_50,1,45,,45,tp,45,50
70.22258269018923,-148.4721189,2020-08-15,Walker_2022,Colleen_T2_51,1,42,,42,tp,42,51
70.22257470370128,-148.4721309,2020-08-15,Walker_2022,Colleen_T2_52,1,54,,54,tp,54,52
70.22256671721253,-148.4721429,2020-08-15,Walker_2022,Colleen_T2_53,1,55,,55,tp,55,53
70.22255873072297,-148.4721549,2020-08-15,Walker_2022,Colleen_T2_54,1,57,,57,tp,57,54
70.22255074423259,-148.4721669,2020-08-15,Walker_2022,Colleen_T2_55,1,53,,53,tp,53,55
70.22254275774141,-148.472179,2020-08-15,Walker_2022,Colleen_T2_56,1,55,,55,tp,55,56
70.22253477124941,-148.472191,2020-08-15,Walker_2022,Colleen_T2_57,1,48,,48,tp,48,57
70.22252678,-148.472203,2020-08-15,Walker_2022,Colleen_T2_58,1,53,,53,tp,53,58
70.22251879826298,-148.472215,2020-08-15,Walker_2022,Colleen_T2_59,1,54,,54,tp,54,59
70.22251081176856,-148.472227,2020-08-15,Walker_2022,Colleen_T2_60,1,56,,56,tp,56,60
70.22250282527332,-148.472239,2020-08-15,Walker_2022,Colleen_T2_61,1,53,,53,tp,53,61
70.22249483877727,-148.4722511,2020-08-15,Walker_2022,Colleen_T2_62,1,44,,44,tp,44,62
70.22248685228041,-148.4722631,2020-08-15,Walker_2022,Colleen_T2_63,1,45,,45,tp,45,63
70.22247886578275,-148.4722751,2020-08-15,Walker_2022,Colleen_T2_64,1,45,,45,tp,45,64
70.22247087928426,-148.4722871,2020-08-15,Walker_2022,Colleen_T2_65,1,42,,42,tp,42,65
70.22246289278497,-148.4722991,2020-08-15,Walker_2022,Colleen_T2_66,1,41,,41,tp,41,66
70.22245490628488,-148.4723111,2020-08-15,Walker_2022,Colleen_T2_67,1,50,,50,tp,50,67
70.22244691978398,-148.4723232,2020-08-15,Walker_2022,Colleen_T2_68,1,63,,63,tp,63,68
70.22243893328225,-148.4723352,2020-08-15,Walker_2022,Colleen_T2_69,1,51,,51,tp,51,69
70.22243094677972,-148.4723472,2020-08-15,Walker_2022,Colleen_T2_70,1,49,,49,tp,49,70
70.22242296027638,-148.4723592,2020-08-15,Walker_2022,Colleen_T2_71,1,56,,56,tp,56,71
70.22241497377223,-148.4723712,2020-08-15,Walker_2022,Colleen_T2_72,1,54,,54,tp,54,72
70.22240698726728,-148.4723832,2020-08-15,Walker_2022,Colleen_T2_73,1,55,,55,tp,55,73
70.222399,-148.4723953,2020-08-15,Walker_2022,Colleen_T2_74,1,50,,50,tp,50,74
70.22239101425492,-148.4724073,2020-08-15,Walker_2022,Colleen_T2_75,1,45,,45,tp,45,75
70.22238302774753,-148.4724193,2020-08-15,Walker_2022,Colleen_T2_76,1,42,,42,tp,42,76
70.22237504123933,-148.4724313,2020-08-15,Walker_2022,Colleen_T2_77,1,47,,47,tp,47,77
70.22236705473031,-148.4724433,2020-08-15,Walker_2022,Colleen_T2_78,1,45,,45,tp,45,78
70.22235907,-148.4724553,2020-08-15,Walker_2022,Colleen_T2_79,1,47,,47,tp,47,79
70.22235108170986,-148.4724673,2020-08-15,Walker_2022,Colleen_T2_80,1,41,,41,tp,41,80
70.22234309519841,-148.4724794,2020-08-15,Walker_2022,Colleen_T2_81,1,42,,42,tp,42,81
70.22233510868617,-148.4724914,2020-08-15,Walker_2022,Colleen_T2_82,1,46,,46,tp,46,82
70.22232712,-148.4725034,2020-08-15,Walker_2022,Colleen_T2_83,1,64,,64,tp,64,83
70.22231913565923,-148.4725154,2020-08-15,Walker_2022,Colleen_T2_84,1,86,,86,tp,86,84
70.22231114914455,-148.4725274,2020-08-15,Walker_2022,Colleen_T2_85,1,55,,55,tp,55,85
70.22230316262906,-148.4725394,2020-08-15,Walker_2022,Colleen_T2_86,1,38,,38,tp,38,86
70.22229517611275,-148.4725515,2020-08-15,Walker_2022,Colleen_T2_87,1,43,,43,tp,43,87
70.22228718959563,-148.4725635,2020-08-15,Walker_2022,Colleen_T2_88,1,55,,55,tp,55,88
70.22227920307772,-148.4725755,2020-08-15,Walker_2022,Colleen_T2_89,1,58,,58,tp,58,89
70.22227121655898,-148.4725875,2020-08-15,Walker_2022,Colleen_T2_90,1,71,,71,tp,71,90
70.22226323003943,-148.4725995,2020-08-15,Walker_2022,Colleen_T2_91,1,72,,72,tp,72,91
70.22225524351907,-148.4726115,2020-08-15,Walker_2022,Colleen_T2_92,1,67,,67,tp,67,92
70.22224725699792,-148.4726236,2020-08-15,Walker_2022,Colleen_T2_93,1,71,,71,tp,71,93
70.22223927047594,-148.4726356,2020-08-15,Walker_2022,Colleen_T2_94,1,67,,67,tp,67,94
70.22223128395315,-148.4726476,2020-08-15,Walker_2022,Colleen_T2_95,1,47,,47,tp,47,95
70.22222329742955,-148.4726596,2020-08-15,Walker_2022,Colleen_T2_96,1,50,,50,tp,50,96
70.22221531090514,-148.4726716,2020-08-15,Walker_2022,Colleen_T2_97,1,55,,55,tp,55,97
70.22220732437994,-148.4726836,2020-08-15,Walker_2022,Colleen_T2_98,1,52,,52,tp,52,98
70.22219933785391,-148.4726957,2020-08-15,Walker_2022,Colleen_T2_99,1,51,,51,tp,51,99
70.22219135132707,-148.4727077,2020-08-15,Walker_2022,Colleen_T2_100,1,53,,53,tp,53,100
70.22215141868074,-148.4727678,2020-08-15,Walker_2022,Colleen_T2_105,1,63,,63,tp,63,105
70.22211148601414,-148.4728278,2020-08-15,Walker_2022,Colleen_T2_110,1,68,,68,tp,68,110
70.22207155,-148.4728879,2020-08-15,Walker_2022,Colleen_T2_115,1,47,,47,tp,47,115
70.22203162062019,-148.472948,2020-08-15,Walker_2022,Colleen_T2_120,1,65,,65,tp,65,120
70.22199168789284,-148.4730081,2020-08-15,Walker_2022,Colleen_T2_125,1,78,,78,tp,78,125
70.22195175514523,-148.4730682,2020-08-15,Walker_2022,Colleen_T2_130,1,53,,53,tp,53,130
70.22191182237735,-148.4731282,2020-08-15,Walker_2022,Colleen_T2_135,1,50,,50,tp,50,135
70.22187188958924,-148.4731883,2020-08-15,Walker_2022,Colleen_T2_140,1,48,,48,tp,48,140
70.22183195678086,-148.4732484,2020-08-15,Walker_2022,Colleen_T2_145,1,47,,47,tp,47,145
70.22179202395223,-148.4733085,2020-08-15,Walker_2022,Colleen_T2_150,1,54,,54,tp,54,150
70.22175209110334,-148.4733686,2020-08-15,Walker_2022,Colleen_T2_155,1,57,,57,tp,57,155
70.22171216,-148.4734286,2020-08-15,Walker_2022,Colleen_T2_160,1,56,,56,tp,56,160
70.22167223,-148.4734887,2020-08-15,Walker_2022,Colleen_T2_165,1,58,,58,tp,58,165
70.22163229243516,-148.4735488,2020-08-15,Walker_2022,Colleen_T2_170,1,59,,59,tp,59,170
70.22159235950527,-148.4736089,2020-08-15,Walker_2022,Colleen_T2_175,1,48,,48,tp,48,175
70.22155243,-148.473669,2020-08-15,Walker_2022,Colleen_T2_180,1,41,,41,tp,41,180
70.22151249,-148.473729,2020-08-15,Walker_2022,Colleen_T2_185,1,53,,53,tp,53,185
70.22147256059404,-148.4737891,2020-08-15,Walker_2022,Colleen_T2_190,1,51,,51,tp,51,190
70.22143262758313,-148.4738492,2020-08-15,Walker_2022,Colleen_T2_195,1,50,,50,tp,50,195
70.22139269455195,-148.4739093,2020-08-15,Walker_2022,Colleen_T2_200,1,48,,48,tp,48,200
70.19660453446045,-148.423908,2020-08-16,Walker_2022,Airport_T3_4,1,65,,65,tp,65,4
70.19659766807152,-148.423891,2020-08-16,Walker_2022,Airport_T3_5,1,57,,57,tp,57,5
70.19659080168098,-148.423874,2020-08-16,Walker_2022,Airport_T3_6,1,59,,59,tp,59,6
70.19658393528884,-148.423857,2020-08-16,Walker_2022,Airport_T3_7,1,50,,50,tp,50,7
70.19657706889508,-148.4238401,2020-08-16,Walker_2022,Airport_T3_8,1,45,,45,tp,45,8
70.19657020249971,-148.4238231,2020-08-16,Walker_2022,Airport_T3_9,1,44,,44,tp,44,9
70.19656333610273,-148.4238061,2020-08-16,Walker_2022,Airport_T3_10,1,61,,61,tp,61,10
70.19655646970413,-148.4237891,2020-08-16,Walker_2022,Airport_T3_11,1,49,,49,tp,49,11
70.19654960330391,-148.4237721,2020-08-16,Walker_2022,Airport_T3_12,1,49,,49,tp,49,12
70.19654274,-148.4237551,2020-08-16,Walker_2022,Airport_T3_13,1,58,,58,tp,58,13
70.19653587049865,-148.4237381,2020-08-16,Walker_2022,Airport_T3_14,1,55,,55,tp,55,14
70.196529,-148.4237211,2020-08-16,Walker_2022,Airport_T3_15,1,55,,55,tp,55,15
70.19652213768694,-148.4237041,2020-08-16,Walker_2022,Airport_T3_16,1,63,,63,tp,63,16
70.19651527127867,-148.4236871,2020-08-16,Walker_2022,Airport_T3_17,1,53,,53,tp,53,17
70.19650840486878,-148.4236701,2020-08-16,Walker_2022,Airport_T3_18,1,57,,57,tp,57,18
70.19650153845727,-148.4236531,2020-08-16,Walker_2022,Airport_T3_19,1,57,,57,tp,57,19
70.19649467204415,-148.4236361,2020-08-16,Walker_2022,Airport_T3_20,1,59,,59,tp,59,20
70.19648780562943,-148.4236191,2020-08-16,Walker_2022,Airport_T3_21,1,64,,64,tp,64,21
70.19648093921309,-148.4236022,2020-08-16,Walker_2022,Airport_T3_22,1,58,,58,tp,58,22
70.19647407279513,-148.4235852,2020-08-16,Walker_2022,Airport_T3_23,1,57,,57,tp,57,23
70.19646720637556,-148.4235682,2020-08-16,Walker_2022,Airport_T3_24,1,57,,57,tp,57,24
70.19646033995438,-148.4235512,2020-08-16,Walker_2022,Airport_T3_25,1,58,,58,tp,58,25
70.19645347353159,-148.4235342,2020-08-16,Walker_2022,Airport_T3_26,1,49,,49,tp,49,26
70.19644660710719,-148.4235172,2020-08-16,Walker_2022,Airport_T3_27,1,49,,49,tp,49,27
70.19643974068117,-148.4235002,2020-08-16,Walker_2022,Airport_T3_28,1,48,,48,tp,48,28
70.19643287425353,-148.4234832,2020-08-16,Walker_2022,Airport_T3_29,1,51,,51,tp,51,29
70.19642600782429,-148.4234662,2020-08-16,Walker_2022,Airport_T3_30,1,49,,49,tp,49,30
70.19641914139343,-148.4234492,2020-08-16,Walker_2022,Airport_T3_31,1,51,,51,tp,51,31
70.19641227496096,-148.4234322,2020-08-16,Walker_2022,Airport_T3_32,1,56,,56,tp,56,32
70.19640540852689,-148.4234152,2020-08-16,Walker_2022,Airport_T3_33,1,69,,69,tp,69,33
70.19639854209117,-148.4233982,2020-08-16,Walker_2022,Airport_T3_34,1,38,,38,tp,38,34
70.19639167565387,-148.4233813,2020-08-16,Walker_2022,Airport_T3_35,1,49,,49,tp,49,35
70.19638480921495,-148.4233643,2020-08-16,Walker_2022,Airport_T3_36,1,52,,52,tp,52,36
70.19637794,-148.4233473,2020-08-16,Walker_2022,Airport_T3_37,1,57,,57,tp,57,37
70.19637107633227,-148.4233303,2020-08-16,Walker_2022,Airport_T3_38,1,49,,49,tp,49,38
70.19636421,-148.4233133,2020-08-16,Walker_2022,Airport_T3_39,1,54,,54,tp,54,39
70.19635734344313,-148.4232963,2020-08-16,Walker_2022,Airport_T3_40,1,57,,57,tp,57,40
70.19635047699613,-148.4232793,2020-08-16,Walker_2022,Airport_T3_41,1,50,,50,tp,50,41
70.19634361054753,-148.4232623,2020-08-16,Walker_2022,Airport_T3_42,1,47,,47,tp,47,42
70.19633674409732,-148.4232453,2020-08-16,Walker_2022,Airport_T3_43,1,48,,48,tp,48,43
70.19632988,-148.4232283,2020-08-16,Walker_2022,Airport_T3_44,1,51,,51,tp,51,44
70.19632301119205,-148.4232113,2020-08-16,Walker_2022,Airport_T3_45,1,60,,60,tp,60,45
70.19631614,-148.4231943,2020-08-16,Walker_2022,Airport_T3_46,1,43,,43,tp,43,46
70.19630927828034,-148.4231773,2020-08-16,Walker_2022,Airport_T3_47,1,81,,81,tp,81,47
70.19630241182206,-148.4231603,2020-08-16,Walker_2022,Airport_T3_48,1,55,,55,tp,55,48
70.19629554536216,-148.4231434,2020-08-16,Walker_2022,Airport_T3_49,1,56,,56,tp,56,49
70.19628867890066,-148.4231264,2020-08-16,Walker_2022,Airport_T3_50,1,66,,66,tp,66,50
70.19628181243755,-148.4231094,2020-08-16,Walker_2022,Airport_T3_51,1,61,,61,tp,61,51
70.19627494597282,-148.4230924,2020-08-16,Walker_2022,Airport_T3_52,1,53,,53,tp,53,52
70.19626807950647,-148.4230754,2020-08-16,Walker_2022,Airport_T3_53,1,50,,50,tp,50,53
70.19626121303851,-148.4230584,2020-08-16,Walker_2022,Airport_T3_54,1,56,,56,tp,56,54
70.19625434656894,-148.4230414,2020-08-16,Walker_2022,Airport_T3_55,1,59,,59,tp,59,55
70.19624748009775,-148.4230244,2020-08-16,Walker_2022,Airport_T3_56,1,61,,61,tp,61,56
70.19624061362497,-148.4230074,2020-08-16,Walker_2022,Airport_T3_57,1,60,,60,tp,60,57
70.19623374715056,-148.4229904,2020-08-16,Walker_2022,Airport_T3_58,1,60,,60,tp,60,58
70.19622688067453,-148.4229734,2020-08-16,Walker_2022,Airport_T3_59,1,58,,58,tp,58,59
70.19622001,-148.4229564,2020-08-16,Walker_2022,Airport_T3_60,1,63,,63,tp,63,60
70.19621314771764,-148.4229394,2020-08-16,Walker_2022,Airport_T3_61,1,56,,56,tp,56,61
70.19620628,-148.4229225,2020-08-16,Walker_2022,Airport_T3_62,1,53,,53,tp,53,62
70.19619941475432,-148.4229055,2020-08-16,Walker_2022,Airport_T3_63,1,56,,56,tp,56,63
70.19619254827023,-148.4228885,2020-08-16,Walker_2022,Airport_T3_64,1,51,,51,tp,51,64
70.19618568178453,-148.4228715,2020-08-16,Walker_2022,Airport_T3_65,1,44,,44,tp,44,65
70.19617881529723,-148.4228545,2020-08-16,Walker_2022,Airport_T3_66,1,42,,42,tp,42,66
70.19617195,-148.4228375,2020-08-16,Walker_2022,Airport_T3_67,1,51,,51,tp,51,67
70.19616508231776,-148.4228205,2020-08-16,Walker_2022,Airport_T3_68,1,77,,77,tp,77,68
70.19615822,-148.4228035,2020-08-16,Walker_2022,Airport_T3_69,1,51,,51,tp,51,69
70.19615134933184,-148.4227865,2020-08-16,Walker_2022,Airport_T3_70,1,52,,52,tp,52,70
70.19614448283647,-148.4227695,2020-08-16,Walker_2022,Airport_T3_71,1,44,,44,tp,44,71
70.19613761633948,-148.4227525,2020-08-16,Walker_2022,Airport_T3_72,1,79,,79,tp,79,72
70.19613074984088,-148.4227355,2020-08-16,Walker_2022,Airport_T3_73,1,48,,48,tp,48,73
70.19612388334066,-148.4227185,2020-08-16,Walker_2022,Airport_T3_74,1,55,,55,tp,55,74
70.19611701683883,-148.4227016,2020-08-16,Walker_2022,Airport_T3_75,1,61,,61,tp,61,75
70.19611015033539,-148.4226846,2020-08-16,Walker_2022,Airport_T3_76,1,59,,59,tp,59,76
70.19610328383034,-148.4226676,2020-08-16,Walker_2022,Airport_T3_77,1,55,,55,tp,55,77
70.19609641732367,-148.4226506,2020-08-16,Walker_2022,Airport_T3_78,1,56,,56,tp,56,78
70.19608955081539,-148.4226336,2020-08-16,Walker_2022,Airport_T3_79,1,56,,56,tp,56,79
70.19608268,-148.4226166,2020-08-16,Walker_2022,Airport_T3_80,1,59,,59,tp,59,80
70.19607582,-148.4225996,2020-08-16,Walker_2022,Airport_T3_81,1,55,,55,tp,55,81
70.19606895128086,-148.4225826,2020-08-16,Walker_2022,Airport_T3_82,1,52,,52,tp,52,82
70.19606208476614,-148.4225656,2020-08-16,Walker_2022,Airport_T3_83,1,69,,69,tp,69,83
70.19605522,-148.4225486,2020-08-16,Walker_2022,Airport_T3_84,1,64,,64,tp,64,84
70.19604835173185,-148.4225316,2020-08-16,Walker_2022,Airport_T3_85,1,60,,60,tp,60,85
70.19604148521228,-148.4225146,2020-08-16,Walker_2022,Airport_T3_86,1,59,,59,tp,59,86
70.19603461869109,-148.4224976,2020-08-16,Walker_2022,Airport_T3_87,1,65,,65,tp,65,87
70.19602775216829,-148.4224807,2020-08-16,Walker_2022,Airport_T3_88,1,53,,53,tp,53,88
70.19602088564389,-148.4224637,2020-08-16,Walker_2022,Airport_T3_89,1,51,,51,tp,51,89
70.19601401911785,-148.4224467,2020-08-16,Walker_2022,Airport_T3_90,1,59,,59,tp,59,90
70.19600715259023,-148.4224297,2020-08-16,Walker_2022,Airport_T3_91,1,55,,55,tp,55,91
70.19600028606098,-148.4224127,2020-08-16,Walker_2022,Airport_T3_92,1,61,,61,tp,61,92
70.19599341953011,-148.4223957,2020-08-16,Walker_2022,Airport_T3_93,1,59,,59,tp,59,93
70.19598655299765,-148.4223787,2020-08-16,Walker_2022,Airport_T3_94,1,65,,65,tp,65,94
70.19597968646356,-148.4223617,2020-08-16,Walker_2022,Airport_T3_95,1,65,,65,tp,65,95
70.19597281992786,-148.4223447,2020-08-16,Walker_2022,Airport_T3_96,1,54,,54,tp,54,96
70.19596595339056,-148.4223277,2020-08-16,Walker_2022,Airport_T3_97,1,54,,54,tp,54,97
70.19595908685162,-148.4223107,2020-08-16,Walker_2022,Airport_T3_98,1,61,,61,tp,61,98
70.19595222031109,-148.4222937,2020-08-16,Walker_2022,Airport_T3_99,1,60,,60,tp,60,99
70.19594535376893,-148.4222768,2020-08-16,Walker_2022,Airport_T3_100,1,67,,67,tp,67,100
70.196737,-148.424274,2020-08-16,Walker_2022,Airport_T4_0,0,,106,,tp,>106,0
70.19674386638077,-148.424291,2020-08-16,Walker_2022,Airport_T4_1,1,94,,94,tp,94,1
70.19675073275994,-148.424308,2020-08-16,Walker_2022,Airport_T4_2,1,74,,74,tp,74,2
70.19675759913748,-148.424325,2020-08-16,Walker_2022,Airport_T4_3,1,59,,59,tp,59,3
70.19676446551341,-148.424342,2020-08-16,Walker_2022,Airport_T4_4,1,57,,57,tp,57,4
70.19677133188773,-148.424359,2020-08-16,Walker_2022,Airport_T4_5,1,59,,59,tp,59,5
70.19677819826045,-148.424376,2020-08-16,Walker_2022,Airport_T4_6,1,67,,67,tp,67,6
70.19678506463154,-148.424393,2020-08-16,Walker_2022,Airport_T4_7,1,81,,81,tp,81,7
70.19679193100103,-148.4244099,2020-08-16,Walker_2022,Airport_T4_8,1,63,,63,tp,63,8
70.1967988,-148.4244269,2020-08-16,Walker_2022,Airport_T4_9,1,56,,56,tp,56,9
70.19680566373515,-148.4244439,2020-08-16,Walker_2022,Airport_T4_10,1,60,,60,tp,60,10
70.19681253,-148.4244609,2020-08-16,Walker_2022,Airport_T4_11,1,61,,61,tp,61,11
70.19681939646283,-148.4244779,2020-08-16,Walker_2022,Airport_T4_12,1,61,,61,tp,61,12
70.19682626282425,-148.4244949,2020-08-16,Walker_2022,Airport_T4_13,1,64,,64,tp,64,13
70.19683312918404,-148.4245119,2020-08-16,Walker_2022,Airport_T4_14,1,71,,71,tp,71,14
70.19683999554223,-148.4245289,2020-08-16,Walker_2022,Airport_T4_15,1,81,,81,tp,81,15
70.19684686189882,-148.4245459,2020-08-16,Walker_2022,Airport_T4_16,1,96,,96,tp,96,16
70.19685372825379,-148.4245629,2020-08-16,Walker_2022,Airport_T4_17,1,105,,105,tp,105,17
70.19686059460713,-148.4245799,2020-08-16,Walker_2022,Airport_T4_18,1,104,,104,tp,104,18
70.19686746095887,-148.4245969,2020-08-16,Walker_2022,Airport_T4_19,0,,130,,tp,>130,19
70.19687432730899,-148.4246139,2020-08-16,Walker_2022,Airport_T4_20,0,,50,,tp,>50,20
70.19688119,-148.4246309,2020-08-16,Walker_2022,Airport_T4_21,0,,113,,tp,>113,21
70.19688806000441,-148.4246479,2020-08-16,Walker_2022,Airport_T4_22,0,,116,,tp,>116,22
70.19689493,-148.4246648,2020-08-16,Walker_2022,Airport_T4_23,1,120,,120,tp,120,23
70.19690179269338,-148.4246818,2020-08-16,Walker_2022,Airport_T4_24,1,111,,111,tp,111,24
70.19690865903543,-148.4246988,2020-08-16,Walker_2022,Airport_T4_25,1,117,,117,tp,117,25
70.19691552537589,-148.4247158,2020-08-16,Walker_2022,Airport_T4_26,1,113,,113,tp,113,26
70.19692239171471,-148.4247328,2020-08-16,Walker_2022,Airport_T4_27,1,110,,110,tp,110,27
70.19692925805194,-148.4247498,2020-08-16,Walker_2022,Airport_T4_28,0,,104,,tp,>104,28
70.19694985705392,-148.4248008,2020-08-16,Walker_2022,Airport_T4_31,1,101,,101,tp,101,31
70.19695672338469,-148.4248178,2020-08-16,Walker_2022,Airport_T4_32,1,96,,96,tp,96,32
70.19696358971385,-148.4248348,2020-08-16,Walker_2022,Airport_T4_33,1,71,,71,tp,71,33
70.19697045604138,-148.4248518,2020-08-16,Walker_2022,Airport_T4_34,1,82,,82,tp,82,34
70.19697732236732,-148.4248688,2020-08-16,Walker_2022,Airport_T4_35,1,73,,73,tp,73,35
70.19698418869163,-148.4248858,2020-08-16,Walker_2022,Airport_T4_36,1,64,,64,tp,64,36
70.19699105501434,-148.4249028,2020-08-16,Walker_2022,Airport_T4_37,1,69,,69,tp,69,37
70.19699792133542,-148.4249197,2020-08-16,Walker_2022,Airport_T4_38,1,51,,51,tp,51,38
70.19700479,-148.4249367,2020-08-16,Walker_2022,Airport_T4_39,1,67,,67,tp,67,39
70.19701165397277,-148.4249537,2020-08-16,Walker_2022,Airport_T4_40,1,57,,57,tp,57,40
70.19701852028902,-148.4249707,2020-08-16,Walker_2022,Airport_T4_41,1,46,,46,tp,46,41
70.19702538660366,-148.4249877,2020-08-16,Walker_2022,Airport_T4_42,1,51,,51,tp,51,42
70.19703225291667,-148.4250047,2020-08-16,Walker_2022,Airport_T4_43,1,63,,63,tp,63,43
70.19703912,-148.4250217,2020-08-16,Walker_2022,Airport_T4_44,1,54,,54,tp,54,44
70.19704598553788,-148.4250387,2020-08-16,Walker_2022,Airport_T4_45,1,59,,59,tp,59,45
70.19705285184608,-148.4250557,2020-08-16,Walker_2022,Airport_T4_46,1,50,,50,tp,50,46
70.19705971815264,-148.4250727,2020-08-16,Walker_2022,Airport_T4_47,1,60,,60,tp,60,47
70.19706658,-148.4250897,2020-08-16,Walker_2022,Airport_T4_48,1,52,,52,tp,52,48
70.19707345076095,-148.4251067,2020-08-16,Walker_2022,Airport_T4_49,1,70,,70,tp,70,49
70.19708031706269,-148.4251237,2020-08-16,Walker_2022,Airport_T4_50,1,60,,60,tp,60,50
70.19708718336281,-148.4251407,2020-08-16,Walker_2022,Airport_T4_51,1,53,,53,tp,53,51
70.19709405,-148.4251577,2020-08-16,Walker_2022,Airport_T4_52,1,59,,59,tp,59,52
70.19710092,-148.4251747,2020-08-16,Walker_2022,Airport_T4_53,1,59,,59,tp,59,53
70.19710778225348,-148.4251916,2020-08-16,Walker_2022,Airport_T4_54,1,49,,49,tp,49,54
70.19711464854714,-148.4252086,2020-08-16,Walker_2022,Airport_T4_55,1,48,,48,tp,48,55
70.19712151483921,-148.4252256,2020-08-16,Walker_2022,Airport_T4_56,1,50,,50,tp,50,56
70.19712838112964,-148.4252426,2020-08-16,Walker_2022,Airport_T4_57,1,48,,48,tp,48,57
70.19713524741847,-148.4252596,2020-08-16,Walker_2022,Airport_T4_58,1,47,,47,tp,47,58
70.19714211370568,-148.4252766,2020-08-16,Walker_2022,Airport_T4_59,1,54,,54,tp,54,59
70.19714897999128,-148.4252936,2020-08-16,Walker_2022,Airport_T4_60,1,46,,46,tp,46,60
70.19715584627528,-148.4253106,2020-08-16,Walker_2022,Airport_T4_61,1,46,,46,tp,46,61
70.19716271255766,-148.4253276,2020-08-16,Walker_2022,Airport_T4_62,1,46,,46,tp,46,62
70.19716957883841,-148.4253446,2020-08-16,Walker_2022,Airport_T4_63,1,52,,52,tp,52,63
70.19717644511755,-148.4253616,2020-08-16,Walker_2022,Airport_T4_64,1,42,,42,tp,42,64
70.19718331,-148.4253786,2020-08-16,Walker_2022,Airport_T4_65,1,38,,38,tp,38,65
70.19719017767102,-148.4253956,2020-08-16,Walker_2022,Airport_T4_66,1,45,,45,tp,45,66
70.19719704394532,-148.4254126,2020-08-16,Walker_2022,Airport_T4_67,1,55,,55,tp,55,67
70.19720391021802,-148.4254296,2020-08-16,Walker_2022,Airport_T4_68,1,53,,53,tp,53,68
70.19721078,-148.4254466,2020-08-16,Walker_2022,Airport_T4_69,1,38,,38,tp,38,69
70.19721764275857,-148.4254635,2020-08-16,Walker_2022,Airport_T4_70,1,45,,45,tp,45,70
70.19722450902643,-148.4254805,2020-08-16,Walker_2022,Airport_T4_71,1,44,,44,tp,44,71
70.19723137529267,-148.4254975,2020-08-16,Walker_2022,Airport_T4_72,1,39,,39,tp,39,72
70.19723824,-148.4255145,2020-08-16,Walker_2022,Airport_T4_73,1,48,,48,tp,48,73
70.19724510782032,-148.4255315,2020-08-16,Walker_2022,Airport_T4_74,1,42,,42,tp,42,74
70.19725197408172,-148.4255485,2020-08-16,Walker_2022,Airport_T4_75,1,54,,54,tp,54,75
70.19725884034152,-148.4255655,2020-08-16,Walker_2022,Airport_T4_76,1,44,,44,tp,44,76
70.19726571,-148.4255825,2020-08-16,Walker_2022,Airport_T4_77,1,46,,46,tp,46,77
70.19727257285626,-148.4255995,2020-08-16,Walker_2022,Airport_T4_78,1,49,,49,tp,49,78
70.19727943911121,-148.4256165,2020-08-16,Walker_2022,Airport_T4_79,1,47,,47,tp,47,79
70.19728630536454,-148.4256335,2020-08-16,Walker_2022,Airport_T4_80,1,57,,57,tp,57,80
70.19729317161628,-148.4256505,2020-08-16,Walker_2022,Airport_T4_81,1,72,,72,tp,72,81
70.19730003786638,-148.4256675,2020-08-16,Walker_2022,Airport_T4_82,1,73,,73,tp,73,82
70.1973069,-148.4256845,2020-08-16,Walker_2022,Airport_T4_83,1,76,,76,tp,76,83
70.19731377036177,-148.4257015,2020-08-16,Walker_2022,Airport_T4_84,1,77,,77,tp,77,84
70.19732063660705,-148.4257185,2020-08-16,Walker_2022,Airport_T4_85,1,72,,72,tp,72,85
70.1973275,-148.4257355,2020-08-16,Walker_2022,Airport_T4_86,1,61,,61,tp,61,86
70.19733436909274,-148.4257524,2020-08-16,Walker_2022,Airport_T4_87,1,45,,45,tp,45,87
70.19734123533317,-148.4257694,2020-08-16,Walker_2022,Airport_T4_88,1,47,,47,tp,47,88
70.1973481,-148.4257864,2020-08-16,Walker_2022,Airport_T4_89,1,44,,44,tp,44,89
70.19735497,-148.4258034,2020-08-16,Walker_2022,Airport_T4_90,1,44,,44,tp,44,90
70.19736183,-148.4258204,2020-08-16,Walker_2022,Airport_T4_91,1,51,,51,tp,51,91
70.19736870027877,-148.4258374,2020-08-16,Walker_2022,Airport_T4_92,1,45,,45,tp,45,92
70.19737556651114,-148.4258544,2020-08-16,Walker_2022,Airport_T4_93,1,39,,39,tp,39,93
70.19738243,-148.4258714,2020-08-16,Walker_2022,Airport_T4_94,1,43,,43,tp,43,94
70.19738929897103,-148.4258884,2020-08-16,Walker_2022,Airport_T4_95,1,38,,38,tp,38,95
70.19739616519857,-148.4259054,2020-08-16,Walker_2022,Airport_T4_96,1,43,,43,tp,43,96
70.19740303142447,-148.4259224,2020-08-16,Walker_2022,Airport_T4_97,1,41,,41,tp,41,97
70.19740989764878,-148.4259394,2020-08-16,Walker_2022,Airport_T4_98,1,44,,44,tp,44,98
70.19741676387147,-148.4259564,2020-08-16,Walker_2022,Airport_T4_99,1,39,,39,tp,39,99
70.19742363009254,-148.4259734,2020-08-16,Walker_2022,Airport_T4_100,1,41,,41,tp,41,100
70.19578976150737,-148.4264752,2020-08-16,Walker_2022,Airport_T5_20,1,71,,71,tp,71,20
70.19579354954917,-148.4264991,2020-08-16,Walker_2022,Airport_T5_21,1,55,,55,tp,55,21
70.19579733758775,-148.4265231,2020-08-16,Walker_2022,Airport_T5_22,1,50,,50,tp,50,22
70.19580112562315,-148.426547,2020-08-16,Walker_2022,Airport_T5_23,1,47,,47,tp,47,23
70.19580491365535,-148.426571,2020-08-16,Walker_2022,Airport_T5_24,1,36,,36,tp,36,24
70.19580870168436,-148.426595,2020-08-16,Walker_2022,Airport_T5_25,1,61,,61,tp,61,25
70.19581248971016,-148.4266189,2020-08-16,Walker_2022,Airport_T5_26,1,53,,53,tp,53,26
70.19581627773277,-148.4266429,2020-08-16,Walker_2022,Airport_T5_27,1,54,,54,tp,54,27
70.19582006575217,-148.4266668,2020-08-16,Walker_2022,Airport_T5_28,1,53,,53,tp,53,28
70.19582385376839,-148.4266908,2020-08-16,Walker_2022,Airport_T5_29,1,64,,64,tp,64,29
70.19582764,-148.4267148,2020-08-16,Walker_2022,Airport_T5_30,1,60,,60,tp,60,30
70.19583142979121,-148.4267387,2020-08-16,Walker_2022,Airport_T5_31,1,64,,64,tp,64,31
70.19583521779784,-148.4267627,2020-08-16,Walker_2022,Airport_T5_32,1,65,,65,tp,65,32
70.19583900580126,-148.4267866,2020-08-16,Walker_2022,Airport_T5_33,1,50,,50,tp,50,33
70.19584279380149,-148.4268106,2020-08-16,Walker_2022,Airport_T5_34,1,45,,45,tp,45,34
70.19584658,-148.4268346,2020-08-16,Walker_2022,Airport_T5_35,1,40,,40,tp,40,35
70.19585036979234,-148.4268585,2020-08-16,Walker_2022,Airport_T5_36,1,49,,49,tp,49,36
70.19585415778297,-148.4268825,2020-08-16,Walker_2022,Airport_T5_37,1,52,,52,tp,52,37
70.19585795,-148.4269064,2020-08-16,Walker_2022,Airport_T5_38,1,49,,49,tp,49,38
70.19586173375463,-148.4269304,2020-08-16,Walker_2022,Airport_T5_39,1,40,,40,tp,40,39
70.19586552173567,-148.4269543,2020-08-16,Walker_2022,Airport_T5_40,1,51,,51,tp,51,40
70.19586930971352,-148.4269783,2020-08-16,Walker_2022,Airport_T5_41,1,59,,59,tp,59,41
70.19587309768815,-148.4270023,2020-08-16,Walker_2022,Airport_T5_42,1,55,,55,tp,55,42
70.19587689,-148.4270262,2020-08-16,Walker_2022,Airport_T5_43,1,59,,59,tp,59,43
70.19588067362784,-148.4270502,2020-08-16,Walker_2022,Airport_T5_44,1,59,,59,tp,59,44
70.19588446159288,-148.4270741,2020-08-16,Walker_2022,Airport_T5_45,1,62,,62,tp,62,45
70.19588824955474,-148.4270981,2020-08-16,Walker_2022,Airport_T5_46,1,63,,63,tp,63,46
70.19589203751339,-148.4271221,2020-08-16,Walker_2022,Airport_T5_47,1,60,,60,tp,60,47
70.19589582546885,-148.427146,2020-08-16,Walker_2022,Airport_T5_48,1,55,,55,tp,55,48
70.19589961,-148.42717,2020-08-16,Walker_2022,Airport_T5_49,1,49,,49,tp,49,49
70.19590340137016,-148.4271939,2020-08-16,Walker_2022,Airport_T5_50,1,46,,46,tp,46,50
70.19590718931602,-148.4272179,2020-08-16,Walker_2022,Airport_T5_51,1,44,,44,tp,44,51
70.19591097725869,-148.4272419,2020-08-16,Walker_2022,Airport_T5_52,1,41,,41,tp,41,52
70.19591476519815,-148.4272658,2020-08-16,Walker_2022,Airport_T5_53,1,45,,45,tp,45,53
70.19591855313443,-148.4272898,2020-08-16,Walker_2022,Airport_T5_54,1,45,,45,tp,45,54
70.19592234,-148.4273137,2020-08-16,Walker_2022,Airport_T5_55,1,45,,45,tp,45,55
70.19592612899737,-148.4273377,2020-08-16,Walker_2022,Airport_T5_56,1,45,,45,tp,45,56
70.19592991692406,-148.4273616,2020-08-16,Walker_2022,Airport_T5_57,1,47,,47,tp,47,57
70.19593370484753,-148.4273856,2020-08-16,Walker_2022,Airport_T5_58,1,42,,42,tp,42,58
70.19593749276781,-148.4274096,2020-08-16,Walker_2022,Airport_T5_59,1,46,,46,tp,46,59
70.19594128068488,-148.4274335,2020-08-16,Walker_2022,Airport_T5_60,1,49,,49,tp,49,60
70.19594506859877,-148.4274575,2020-08-16,Walker_2022,Airport_T5_61,1,49,,49,tp,49,61
70.19594885650946,-148.4274814,2020-08-16,Walker_2022,Airport_T5_62,1,52,,52,tp,52,62
70.19595264441695,-148.4275054,2020-08-16,Walker_2022,Airport_T5_63,1,59,,59,tp,59,63
70.19595643232125,-148.4275294,2020-08-16,Walker_2022,Airport_T5_64,1,59,,59,tp,59,64
70.19596022022233,-148.4275533,2020-08-16,Walker_2022,Airport_T5_65,1,60,,60,tp,60,65
70.19596400812023,-148.4275773,2020-08-16,Walker_2022,Airport_T5_66,1,59,,59,tp,59,66
70.19596779601493,-148.4276012,2020-08-16,Walker_2022,Airport_T5_67,1,53,,53,tp,53,67
70.19597158390644,-148.4276252,2020-08-16,Walker_2022,Airport_T5_68,1,42,,42,tp,42,68
70.19597537179473,-148.4276492,2020-08-16,Walker_2022,Airport_T5_69,1,53,,53,tp,53,69
70.19597915967984,-148.4276731,2020-08-16,Walker_2022,Airport_T5_70,1,42,,42,tp,42,70
70.19598294756175,-148.4276971,2020-08-16,Walker_2022,Airport_T5_71,1,48,,48,tp,48,71
70.19598673544046,-148.427721,2020-08-16,Walker_2022,Airport_T5_72,1,50,,50,tp,50,72
70.19599052331597,-148.427745,2020-08-16,Walker_2022,Airport_T5_73,1,55,,55,tp,55,73
70.19599431118829,-148.427769,2020-08-16,Walker_2022,Airport_T5_74,1,50,,50,tp,50,74
70.19599809905739,-148.4277929,2020-08-16,Walker_2022,Airport_T5_75,1,51,,51,tp,51,75
70.19600188692331,-148.4278169,2020-08-16,Walker_2022,Airport_T5_76,1,54,,54,tp,54,76
70.19600567478604,-148.4278408,2020-08-16,Walker_2022,Airport_T5_77,1,49,,49,tp,49,77
70.19600946264556,-148.4278648,2020-08-16,Walker_2022,Airport_T5_78,1,51,,51,tp,51,78
70.19601325050188,-148.4278887,2020-08-16,Walker_2022,Airport_T5_79,1,53,,53,tp,53,79
70.19601703835501,-148.4279127,2020-08-16,Walker_2022,Airport_T5_80,1,51,,51,tp,51,80
70.19602082620494,-148.4279367,2020-08-16,Walker_2022,Airport_T5_81,1,52,,52,tp,52,81
70.19602461405168,-148.4279606,2020-08-16,Walker_2022,Airport_T5_82,1,52,,52,tp,52,82
70.1960284,-148.4279846,2020-08-16,Walker_2022,Airport_T5_83,1,50,,50,tp,50,83
70.19603218973555,-148.4280085,2020-08-16,Walker_2022,Airport_T5_84,1,47,,47,tp,47,84
70.19603597757268,-148.4280325,2020-08-16,Walker_2022,Airport_T5_85,1,42,,42,tp,42,85
70.19603976540662,-148.4280565,2020-08-16,Walker_2022,Airport_T5_86,1,51,,51,tp,51,86
70.19604355323736,-148.4280804,2020-08-16,Walker_2022,Airport_T5_87,1,49,,49,tp,49,87
70.19604734106491,-148.4281044,2020-08-16,Walker_2022,Airport_T5_88,1,47,,47,tp,47,88
70.19605112888927,-148.4281283,2020-08-16,Walker_2022,Airport_T5_89,1,49,,49,tp,49,89
70.19605491671041,-148.4281523,2020-08-16,Walker_2022,Airport_T5_90,1,45,,45,tp,45,90
70.19605870452835,-148.4281763,2020-08-16,Walker_2022,Airport_T5_91,1,44,,44,tp,44,91
70.19606249234312,-148.4282002,2020-08-16,Walker_2022,Airport_T5_92,1,45,,45,tp,45,92
70.19606628015467,-148.4282242,2020-08-16,Walker_2022,Airport_T5_93,1,30,,30,tp,30,93
70.19607006796302,-148.4282481,2020-08-16,Walker_2022,Airport_T5_94,1,49,,49,tp,49,94
70.19607385576819,-148.4282721,2020-08-16,Walker_2022,Airport_T5_95,1,43,,43,tp,43,95
70.19607764357015,-148.4282961,2020-08-16,Walker_2022,Airport_T5_96,1,49,,49,tp,49,96
70.19608143136891,-148.42832,2020-08-16,Walker_2022,Airport_T5_97,1,53,,53,tp,53,97
70.19608521916449,-148.428344,2020-08-16,Walker_2022,Airport_T5_98,1,48,,48,tp,48,98
70.19608900695685,-148.4283679,2020-08-16,Walker_2022,Airport_T5_99,1,51,,51,tp,51,99
70.19609279474602,-148.4283919,2020-08-16,Walker_2022,Airport_T5_100,1,49,,49,tp,49,100
70.19659766807152,-148.423891,2020-08-16,Walker_2022,Airport_T3_5,1,65,,65,tp,65,5
70.19659080168098,-148.423874,2020-08-16,Walker_2022,Airport_T3_6,1,69,,69,tp,69,6
70.19658393528884,-148.423857,2020-08-16,Walker_2022,Airport_T3_7,1,51,,51,tp,51,7
70.19657706889508,-148.4238401,2020-08-16,Walker_2022,Airport_T3_8,1,55,,55,tp,55,8
70.19657020249971,-148.4238231,2020-08-16,Walker_2022,Airport_T3_9,1,54,,54,tp,54,9
70.19656333610273,-148.4238061,2020-08-16,Walker_2022,Airport_T3_10,1,66,,66,tp,66,10
70.19655646970413,-148.4237891,2020-08-16,Walker_2022,Airport_T3_11,1,64,,64,tp,64,11
70.19654960330391,-148.4237721,2020-08-16,Walker_2022,Airport_T3_12,1,58,,58,tp,58,12
70.19654274,-148.4237551,2020-08-16,Walker_2022,Airport_T3_13,1,60,,60,tp,60,13
70.19653587049865,-148.4237381,2020-08-16,Walker_2022,Airport_T3_14,1,63,,63,tp,63,14
70.196529,-148.4237211,2020-08-16,Walker_2022,Airport_T3_15,1,63,,63,tp,63,15
70.19652213768694,-148.4237041,2020-08-16,Walker_2022,Airport_T3_16,1,62,,62,tp,62,16
70.19651527127867,-148.4236871,2020-08-16,Walker_2022,Airport_T3_17,1,53,,53,tp,53,17
70.19650840486878,-148.4236701,2020-08-16,Walker_2022,Airport_T3_18,1,65,,65,tp,65,18
70.19650153845727,-148.4236531,2020-08-16,Walker_2022,Airport_T3_19,1,65,,65,tp,65,19
70.19649467204415,-148.4236361,2020-08-16,Walker_2022,Airport_T3_20,1,63,,63,tp,63,20
70.19648780562943,-148.4236191,2020-08-16,Walker_2022,Airport_T3_21,1,62,,62,tp,62,21
70.19648093921309,-148.4236022,2020-08-16,Walker_2022,Airport_T3_22,1,61,,61,tp,61,22
70.19647407279513,-148.4235852,2020-08-16,Walker_2022,Airport_T3_23,1,60,,60,tp,60,23
70.19646720637556,-148.4235682,2020-08-16,Walker_2022,Airport_T3_24,1,61,,61,tp,61,24
70.19646033995438,-148.4235512,2020-08-16,Walker_2022,Airport_T3_25,1,60,,60,tp,60,25
70.19645347353159,-148.4235342,2020-08-16,Walker_2022,Airport_T3_26,1,54,,54,tp,54,26
70.19644660710719,-148.4235172,2020-08-16,Walker_2022,Airport_T3_27,1,58,,58,tp,58,27
70.19643974068117,-148.4235002,2020-08-16,Walker_2022,Airport_T3_28,1,55,,55,tp,55,28
70.19643287425353,-148.4234832,2020-08-16,Walker_2022,Airport_T3_29,1,60,,60,tp,60,29
70.19642600782429,-148.4234662,2020-08-16,Walker_2022,Airport_T3_30,1,59,,59,tp,59,30
70.19641914139343,-148.4234492,2020-08-16,Walker_2022,Airport_T3_31,1,49,,49,tp,49,31
70.19641227496096,-148.4234322,2020-08-16,Walker_2022,Airport_T3_32,1,63,,63,tp,63,32
70.19640540852689,-148.4234152,2020-08-16,Walker_2022,Airport_T3_33,1,71,,71,tp,71,33
70.19639854209117,-148.4233982,2020-08-16,Walker_2022,Airport_T3_34,1,40,,40,tp,40,34
70.19639167565387,-148.4233813,2020-08-16,Walker_2022,Airport_T3_35,1,63,,63,tp,63,35
70.19638480921495,-148.4233643,2020-08-16,Walker_2022,Airport_T3_36,1,54,,54,tp,54,36
70.19637794,-148.4233473,2020-08-16,Walker_2022,Airport_T3_37,1,60,,60,tp,60,37
70.19637107633227,-148.4233303,2020-08-16,Walker_2022,Airport_T3_38,1,54,,54,tp,54,38
70.19636421,-148.4233133,2020-08-16,Walker_2022,Airport_T3_39,1,60,,60,tp,60,39
70.19635734344313,-148.4232963,2020-08-16,Walker_2022,Airport_T3_40,1,59,,59,tp,59,40
70.19635047699613,-148.4232793,2020-08-16,Walker_2022,Airport_T3_41,1,58,,58,tp,58,41
70.19634361054753,-148.4232623,2020-08-16,Walker_2022,Airport_T3_42,1,55,,55,tp,55,42
70.19633674409732,-148.4232453,2020-08-16,Walker_2022,Airport_T3_43,1,54,,54,tp,54,43
70.19632988,-148.4232283,2020-08-16,Walker_2022,Airport_T3_44,1,58,,58,tp,58,44
70.19632301119205,-148.4232113,2020-08-16,Walker_2022,Airport_T3_45,1,68,,68,tp,68,45
70.19631614,-148.4231943,2020-08-16,Walker_2022,Airport_T3_46,1,58,,58,tp,58,46
70.19630927828034,-148.4231773,2020-08-16,Walker_2022,Airport_T3_47,1,85,,85,tp,85,47
70.19630241182206,-148.4231603,2020-08-16,Walker_2022,Airport_T3_48,1,55,,55,tp,55,48
70.19629554536216,-148.4231434,2020-08-16,Walker_2022,Airport_T3_49,1,61,,61,tp,61,49
70.19628867890066,-148.4231264,2020-08-16,Walker_2022,Airport_T3_50,1,70,,70,tp,70,50
70.19628181243755,-148.4231094,2020-08-16,Walker_2022,Airport_T3_51,1,70,,70,tp,70,51
70.19627494597282,-148.4230924,2020-08-16,Walker_2022,Airport_T3_52,1,57,,57,tp,57,52
70.19626807950647,-148.4230754,2020-08-16,Walker_2022,Airport_T3_53,1,57,,57,tp,57,53
70.19626121303851,-148.4230584,2020-08-16,Walker_2022,Airport_T3_54,1,59,,59,tp,59,54
70.19625434656894,-148.4230414,2020-08-16,Walker_2022,Airport_T3_55,1,60,,60,tp,60,55
70.19624748009775,-148.4230244,2020-08-16,Walker_2022,Airport_T3_56,1,62,,62,tp,62,56
70.19624061362497,-148.4230074,2020-08-16,Walker_2022,Airport_T3_57,1,62,,62,tp,62,57
70.19623374715056,-148.4229904,2020-08-16,Walker_2022,Airport_T3_58,1,62,,62,tp,62,58
70.19622688067453,-148.4229734,2020-08-16,Walker_2022,Airport_T3_59,1,61,,61,tp,61,59
70.19622001,-148.4229564,2020-08-16,Walker_2022,Airport_T3_60,1,66,,66,tp,66,60
70.19621314771764,-148.4229394,2020-08-16,Walker_2022,Airport_T3_61,1,61,,61,tp,61,61
70.19620628,-148.4229225,2020-08-16,Walker_2022,Airport_T3_62,1,59,,59,tp,59,62
70.19619941475432,-148.4229055,2020-08-16,Walker_2022,Airport_T3_63,1,59,,59,tp,59,63
70.19619254827023,-148.4228885,2020-08-16,Walker_2022,Airport_T3_64,1,57,,57,tp,57,64
70.19618568178453,-148.4228715,2020-08-16,Walker_2022,Airport_T3_65,1,52,,52,tp,52,65
70.19617881529723,-148.4228545,2020-08-16,Walker_2022,Airport_T3_66,1,48,,48,tp,48,66
70.19617195,-148.4228375,2020-08-16,Walker_2022,Airport_T3_67,1,63,,63,tp,63,67
70.19616508231776,-148.4228205,2020-08-16,Walker_2022,Airport_T3_68,1,68,,68,tp,68,68
70.19615822,-148.4228035,2020-08-16,Walker_2022,Airport_T3_69,1,54,,54,tp,54,69
70.19615134933184,-148.4227865,2020-08-16,Walker_2022,Airport_T3_70,1,53,,53,tp,53,70
70.19614448283647,-148.4227695,2020-08-16,Walker_2022,Airport_T3_71,1,53,,53,tp,53,71
70.19613761633948,-148.4227525,2020-08-16,Walker_2022,Airport_T3_72,1,86,,86,tp,86,72
70.19613074984088,-148.4227355,2020-08-16,Walker_2022,Airport_T3_73,1,57,,57,tp,57,73
70.19612388334066,-148.4227185,2020-08-16,Walker_2022,Airport_T3_74,1,59,,59,tp,59,74
70.19611701683883,-148.4227016,2020-08-16,Walker_2022,Airport_T3_75,1,63,,63,tp,63,75
70.19611015033539,-148.4226846,2020-08-16,Walker_2022,Airport_T3_76,1,60,,60,tp,60,76
70.19610328383034,-148.4226676,2020-08-16,Walker_2022,Airport_T3_77,1,60,,60,tp,60,77
70.19609641732367,-148.4226506,2020-08-16,Walker_2022,Airport_T3_78,1,60,,60,tp,60,78
70.19608955081539,-148.4226336,2020-08-16,Walker_2022,Airport_T3_79,1,59,,59,tp,59,79
70.19608268,-148.4226166,2020-08-16,Walker_2022,Airport_T3_80,1,60,,60,tp,60,80
70.19607582,-148.4225996,2020-08-16,Walker_2022,Airport_T3_81,1,60,,60,tp,60,81
70.19606895128086,-148.4225826,2020-08-16,Walker_2022,Airport_T3_82,1,60,,60,tp,60,82
70.19606208476614,-148.4225656,2020-08-16,Walker_2022,Airport_T3_83,1,75,,75,tp,75,83
70.19605522,-148.4225486,2020-08-16,Walker_2022,Airport_T3_84,1,63,,63,tp,63,84
70.19604835173185,-148.4225316,2020-08-16,Walker_2022,Airport_T3_85,1,63,,63,tp,63,85
70.19604148521228,-148.4225146,2020-08-16,Walker_2022,Airport_T3_86,1,64,,64,tp,64,86
70.19603461869109,-148.4224976,2020-08-16,Walker_2022,Airport_T3_87,1,73,,73,tp,73,87
70.19602775216829,-148.4224807,2020-08-16,Walker_2022,Airport_T3_88,1,59,,59,tp,59,88
70.19602088564389,-148.4224637,2020-08-16,Walker_2022,Airport_T3_89,1,56,,56,tp,56,89
70.19601401911785,-148.4224467,2020-08-16,Walker_2022,Airport_T3_90,1,61,,61,tp,61,90
70.19600715259023,-148.4224297,2020-08-16,Walker_2022,Airport_T3_91,1,60,,60,tp,60,91
70.19600028606098,-148.4224127,2020-08-16,Walker_2022,Airport_T3_92,1,61,,61,tp,61,92
70.19599341953011,-148.4223957,2020-08-16,Walker_2022,Airport_T3_93,1,66,,66,tp,66,93
70.19598655299765,-148.4223787,2020-08-16,Walker_2022,Airport_T3_94,1,68,,68,tp,68,94
70.19597968646356,-148.4223617,2020-08-16,Walker_2022,Airport_T3_95,1,72,,72,tp,72,95
70.19597281992786,-148.4223447,2020-08-16,Walker_2022,Airport_T3_96,1,63,,63,tp,63,96
70.19596595339056,-148.4223277,2020-08-16,Walker_2022,Airport_T3_97,1,60,,60,tp,60,97
70.19595908685162,-148.4223107,2020-08-16,Walker_2022,Airport_T3_98,1,63,,63,tp,63,98
70.19595222031109,-148.4222937,2020-08-16,Walker_2022,Airport_T3_99,1,64,,64,tp,64,99
70.19594535376893,-148.4222768,2020-08-16,Walker_2022,Airport_T3_100,1,70,,70,tp,70,100
70.196737,-148.424274,2020-08-16,Walker_2022,Airport_T4_0,1,100,,100,tp,100,0
70.19674386638077,-148.424291,2020-08-16,Walker_2022,Airport_T4_1,1,100,,100,tp,100,1
70.19675073275994,-148.424308,2020-08-16,Walker_2022,Airport_T4_2,1,73,,73,tp,73,2
70.19675759913748,-148.424325,2020-08-16,Walker_2022,Airport_T4_3,1,67,,67,tp,67,3
70.19676446551341,-148.424342,2020-08-16,Walker_2022,Airport_T4_4,1,64,,64,tp,64,4
70.19677133188773,-148.424359,2020-08-16,Walker_2022,Airport_T4_5,1,62,,62,tp,62,5
70.19677819826045,-148.424376,2020-08-16,Walker_2022,Airport_T4_6,1,68,,68,tp,68,6
70.19678506463154,-148.424393,2020-08-16,Walker_2022,Airport_T4_7,1,60,,60,tp,60,7
70.19679193100103,-148.4244099,2020-08-16,Walker_2022,Airport_T4_8,1,62,,62,tp,62,8
70.1967988,-148.4244269,2020-08-16,Walker_2022,Airport_T4_9,1,58,,58,tp,58,9
70.19680566373515,-148.4244439,2020-08-16,Walker_2022,Airport_T4_10,1,61,,61,tp,61,10
70.19681253,-148.4244609,2020-08-16,Walker_2022,Airport_T4_11,1,63,,63,tp,63,11
70.19681939646283,-148.4244779,2020-08-16,Walker_2022,Airport_T4_12,1,66,,66,tp,66,12
70.19682626282425,-148.4244949,2020-08-16,Walker_2022,Airport_T4_13,1,72,,72,tp,72,13
70.19683312918404,-148.4245119,2020-08-16,Walker_2022,Airport_T4_14,0,,100,,tp,>100,14
70.19683999554223,-148.4245289,2020-08-16,Walker_2022,Airport_T4_15,1,108,,108,tp,108,15
70.19684686189882,-148.4245459,2020-08-16,Walker_2022,Airport_T4_16,0,,100,,tp,>100,16
70.19685372825379,-148.4245629,2020-08-16,Walker_2022,Airport_T4_17,1,83,,83,tp,83,17
70.19686059460713,-148.4245799,2020-08-16,Walker_2022,Airport_T4_18,0,,100,,tp,>100,18
70.19686746095887,-148.4245969,2020-08-16,Walker_2022,Airport_T4_19,1,100,,100,tp,100,19
70.19687432730899,-148.4246139,2020-08-16,Walker_2022,Airport_T4_20,0,,100,,tp,>100,20
70.19688119,-148.4246309,2020-08-16,Walker_2022,Airport_T4_21,0,,100,,tp,>100,21
70.19688806000441,-148.4246479,2020-08-16,Walker_2022,Airport_T4_22,0,,100,,tp,>100,22
70.19689493,-148.4246648,2020-08-16,Walker_2022,Airport_T4_23,0,,100,,tp,>100,23
70.19690179269338,-148.4246818,2020-08-16,Walker_2022,Airport_T4_24,0,,100,,tp,>100,24
70.19690865903543,-148.4246988,2020-08-16,Walker_2022,Airport_T4_25,0,,100,,tp,>100,25
70.19691552537589,-148.4247158,2020-08-16,Walker_2022,Airport_T4_26,0,,100,,tp,>100,26
70.19692239171471,-148.4247328,2020-08-16,Walker_2022,Airport_T4_27,0,,100,,tp,>100,27
70.19692925805194,-148.4247498,2020-08-16,Walker_2022,Airport_T4_28,0,,100,,tp,>100,28
70.19693612438755,-148.4247668,2020-08-16,Walker_2022,Airport_T4_29,0,,100,,tp,>100,29
70.19694299072154,-148.4247838,2020-08-16,Walker_2022,Airport_T4_30,0,,100,,tp,>100,30
70.19694985705392,-148.4248008,2020-08-16,Walker_2022,Airport_T4_31,0,,100,,tp,>100,31
70.19695672338469,-148.4248178,2020-08-16,Walker_2022,Airport_T4_32,0,,100,,tp,>100,32
70.19696358971385,-148.4248348,2020-08-16,Walker_2022,Airport_T4_33,1,65,,65,tp,65,33
70.19697045604138,-148.4248518,2020-08-16,Walker_2022,Airport_T4_34,1,83,,83,tp,83,34
70.19697732236732,-148.4248688,2020-08-16,Walker_2022,Airport_T4_35,1,66,,66,tp,66,35
70.19698418869163,-148.4248858,2020-08-16,Walker_2022,Airport_T4_36,1,72,,72,tp,72,36
70.19699105501434,-148.4249028,2020-08-16,Walker_2022,Airport_T4_37,1,66,,66,tp,66,37
70.19699792133542,-148.4249197,2020-08-16,Walker_2022,Airport_T4_38,1,56,,56,tp,56,38
70.19700479,-148.4249367,2020-08-16,Walker_2022,Airport_T4_39,1,80,,80,tp,80,39
70.19701165397277,-148.4249537,2020-08-16,Walker_2022,Airport_T4_40,1,52,,52,tp,52,40
70.19701852028902,-148.4249707,2020-08-16,Walker_2022,Airport_T4_41,1,59,,59,tp,59,41
70.19702538660366,-148.4249877,2020-08-16,Walker_2022,Airport_T4_42,1,53,,53,tp,53,42
70.19703225291667,-148.4250047,2020-08-16,Walker_2022,Airport_T4_43,1,59,,59,tp,59,43
70.19703912,-148.4250217,2020-08-16,Walker_2022,Airport_T4_44,1,64,,64,tp,64,44
70.19704598553788,-148.4250387,2020-08-16,Walker_2022,Airport_T4_45,1,52,,52,tp,52,45
70.19705285184608,-148.4250557,2020-08-16,Walker_2022,Airport_T4_46,1,60,,60,tp,60,46
70.19705971815264,-148.4250727,2020-08-16,Walker_2022,Airport_T4_47,1,55,,55,tp,55,47
70.19706658,-148.4250897,2020-08-16,Walker_2022,Airport_T4_48,1,48,,48,tp,48,48
70.19707345076095,-148.4251067,2020-08-16,Walker_2022,Airport_T4_49,1,65,,65,tp,65,49
70.19708031706269,-148.4251237,2020-08-16,Walker_2022,Airport_T4_50,1,65,,65,tp,65,50
70.19708718336281,-148.4251407,2020-08-16,Walker_2022,Airport_T4_51,1,60,,60,tp,60,51
70.19709405,-148.4251577,2020-08-16,Walker_2022,Airport_T4_52,1,64,,64,tp,64,52
70.19710092,-148.4251747,2020-08-16,Walker_2022,Airport_T4_53,1,58,,58,tp,58,53
70.19710778225348,-148.4251916,2020-08-16,Walker_2022,Airport_T4_54,1,57,,57,tp,57,54
70.19711464854714,-148.4252086,2020-08-16,Walker_2022,Airport_T4_55,1,53,,53,tp,53,55
70.19712151483921,-148.4252256,2020-08-16,Walker_2022,Airport_T4_56,1,54,,54,tp,54,56
70.19712838112964,-148.4252426,2020-08-16,Walker_2022,Airport_T4_57,1,56,,56,tp,56,57
70.19713524741847,-148.4252596,2020-08-16,Walker_2022,Airport_T4_58,1,54,,54,tp,54,58
70.19714211370568,-148.4252766,2020-08-16,Walker_2022,Airport_T4_59,1,55,,55,tp,55,59
70.19714897999128,-148.4252936,2020-08-16,Walker_2022,Airport_T4_60,1,57,,57,tp,57,60
70.19715584627528,-148.4253106,2020-08-16,Walker_2022,Airport_T4_61,1,52,,52,tp,52,61
70.19716271255766,-148.4253276,2020-08-16,Walker_2022,Airport_T4_62,1,54,,54,tp,54,62
70.19716957883841,-148.4253446,2020-08-16,Walker_2022,Airport_T4_63,1,52,,52,tp,52,63
70.19717644511755,-148.4253616,2020-08-16,Walker_2022,Airport_T4_64,1,56,,56,tp,56,64
70.19718331,-148.4253786,2020-08-16,Walker_2022,Airport_T4_65,1,46,,46,tp,46,65
70.19719017767102,-148.4253956,2020-08-16,Walker_2022,Airport_T4_66,1,53,,53,tp,53,66
70.19719704394532,-148.4254126,2020-08-16,Walker_2022,Airport_T4_67,1,53,,53,tp,53,67
70.19720391021802,-148.4254296,2020-08-16,Walker_2022,Airport_T4_68,1,56,,56,tp,56,68
70.19721078,-148.4254466,2020-08-16,Walker_2022,Airport_T4_69,1,51,,51,tp,51,69
70.19721764275857,-148.4254635,2020-08-16,Walker_2022,Airport_T4_70,1,50,,50,tp,50,70
70.19722450902643,-148.4254805,2020-08-16,Walker_2022,Airport_T4_71,1,41,,41,tp,41,71
70.19723137529267,-148.4254975,2020-08-16,Walker_2022,Airport_T4_72,1,35,,35,tp,35,72
70.19723824,-148.4255145,2020-08-16,Walker_2022,Airport_T4_73,1,38,,38,tp,38,73
70.19724510782032,-148.4255315,2020-08-16,Walker_2022,Airport_T4_74,1,43,,43,tp,43,74
70.19725197408172,-148.4255485,2020-08-16,Walker_2022,Airport_T4_75,1,55,,55,tp,55,75
70.19725884034152,-148.4255655,2020-08-16,Walker_2022,Airport_T4_76,1,52,,52,tp,52,76
70.19726571,-148.4255825,2020-08-16,Walker_2022,Airport_T4_77,1,50,,50,tp,50,77
70.19727257285626,-148.4255995,2020-08-16,Walker_2022,Airport_T4_78,1,52,,52,tp,52,78
70.19727943911121,-148.4256165,2020-08-16,Walker_2022,Airport_T4_79,1,54,,54,tp,54,79
70.19728630536454,-148.4256335,2020-08-16,Walker_2022,Airport_T4_80,1,58,,58,tp,58,80
70.19729317161628,-148.4256505,2020-08-16,Walker_2022,Airport_T4_81,1,70,,70,tp,70,81
70.19730003786638,-148.4256675,2020-08-16,Walker_2022,Airport_T4_82,1,74,,74,tp,74,82
70.1973069,-148.4256845,2020-08-16,Walker_2022,Airport_T4_83,1,80,,80,tp,80,83
70.19731377036177,-148.4257015,2020-08-16,Walker_2022,Airport_T4_84,1,77,,77,tp,77,84
70.19732063660705,-148.4257185,2020-08-16,Walker_2022,Airport_T4_85,1,77,,77,tp,77,85
70.1973275,-148.4257355,2020-08-16,Walker_2022,Airport_T4_86,1,63,,63,tp,63,86
70.19733436909274,-148.4257524,2020-08-16,Walker_2022,Airport_T4_87,1,55,,55,tp,55,87
70.19734123533317,-148.4257694,2020-08-16,Walker_2022,Airport_T4_88,1,52,,52,tp,52,88
70.1973481,-148.4257864,2020-08-16,Walker_2022,Airport_T4_89,1,47,,47,tp,47,89
70.19735497,-148.4258034,2020-08-16,Walker_2022,Airport_T4_90,1,49,,49,tp,49,90
70.19736183,-148.4258204,2020-08-16,Walker_2022,Airport_T4_91,1,56,,56,tp,56,91
70.19736870027877,-148.4258374,2020-08-16,Walker_2022,Airport_T4_92,1,48,,48,tp,48,92
70.19737556651114,-148.4258544,2020-08-16,Walker_2022,Airport_T4_93,1,45,,45,tp,45,93
70.19738243,-148.4258714,2020-08-16,Walker_2022,Airport_T4_94,1,46,,46,tp,46,94
70.19738929897103,-148.4258884,2020-08-16,Walker_2022,Airport_T4_95,1,50,,50,tp,50,95
70.19739616519857,-148.4259054,2020-08-16,Walker_2022,Airport_T4_96,1,45,,45,tp,45,96
70.19740303142447,-148.4259224,2020-08-16,Walker_2022,Airport_T4_97,1,48,,48,tp,48,97
70.19740989764878,-148.4259394,2020-08-16,Walker_2022,Airport_T4_98,1,47,,47,tp,47,98
70.19741676387147,-148.4259564,2020-08-16,Walker_2022,Airport_T4_99,1,51,,51,tp,51,99
70.19742363009254,-148.4259734,2020-08-16,Walker_2022,Airport_T4_100,1,48,,48,tp,48,100
70.23201444352193,-148.4479591,2021-08-23,Walker_2022,NIRPO_T6_1,1,48,,48,tp,48,1
70.23201288704009,-148.4479852,2021-08-23,Walker_2022,NIRPO_T6_2,1,45,,45,tp,45,2
70.23201133055446,-148.4480112,2021-08-23,Walker_2022,NIRPO_T6_3,1,51,,51,tp,51,3
70.23200977406505,-148.4480373,2021-08-23,Walker_2022,NIRPO_T6_4,1,42,,42,tp,42,4
70.23200821757186,-148.4480634,2021-08-23,Walker_2022,NIRPO_T6_5,1,41,,41,tp,41,5
70.23200666107489,-148.4480895,2021-08-23,Walker_2022,NIRPO_T6_6,1,43,,43,tp,43,6
70.23200510457413,-148.4481156,2021-08-23,Walker_2022,NIRPO_T6_7,1,40,,40,tp,40,7
70.23200355,-148.4481416,2021-08-23,Walker_2022,NIRPO_T6_8,1,43,,43,tp,43,8
70.23200199156128,-148.4481677,2021-08-23,Walker_2022,NIRPO_T6_9,1,35,,35,tp,35,9
70.23200043504919,-148.4481938,2021-08-23,Walker_2022,NIRPO_T6_10,1,33,,33,tp,33,10
70.23199888,-148.4482199,2021-08-23,Walker_2022,NIRPO_T6_11,1,30,,30,tp,30,11
70.23199732201364,-148.448246,2021-08-23,Walker_2022,NIRPO_T6_12,1,35,,35,tp,35,12
70.23199577,-148.448272,2021-08-23,Walker_2022,NIRPO_T6_13,1,40,,40,tp,40,13
70.23199420896297,-148.4482981,2021-08-23,Walker_2022,NIRPO_T6_14,1,45,,45,tp,45,14
70.23199265243197,-148.4483242,2021-08-23,Walker_2022,NIRPO_T6_15,1,46,,46,tp,46,15
70.23199109589719,-148.4483503,2021-08-23,Walker_2022,NIRPO_T6_16,1,37,,37,tp,37,16
70.23198953935862,-148.4483764,2021-08-23,Walker_2022,NIRPO_T6_17,1,48,,48,tp,48,17
70.23198798281626,-148.4484024,2021-08-23,Walker_2022,NIRPO_T6_18,1,60,,60,tp,60,18
70.23198642627014,-148.4484285,2021-08-23,Walker_2022,NIRPO_T6_19,1,57,,57,tp,57,19
70.23198486972024,-148.4484546,2021-08-23,Walker_2022,NIRPO_T6_20,1,49,,49,tp,49,20
70.23198331316652,-148.4484807,2021-08-23,Walker_2022,NIRPO_T6_21,1,37,,37,tp,37,21
70.23198175660906,-148.4485067,2021-08-23,Walker_2022,NIRPO_T6_22,1,45,,45,tp,45,22
70.2319802,-148.4485328,2021-08-23,Walker_2022,NIRPO_T6_23,1,53,,53,tp,53,23
70.23197864348276,-148.4485589,2021-08-23,Walker_2022,NIRPO_T6_24,1,45,,45,tp,45,24
70.23197708691394,-148.448585,2021-08-23,Walker_2022,NIRPO_T6_25,1,48,,48,tp,48,25
70.23197553034134,-148.4486111,2021-08-23,Walker_2022,NIRPO_T6_26,1,47,,47,tp,47,26
70.23197397376497,-148.4486371,2021-08-23,Walker_2022,NIRPO_T6_27,1,50,,50,tp,50,27
70.23197242,-148.4486632,2021-08-23,Walker_2022,NIRPO_T6_28,1,50,,50,tp,50,28
70.23197086060085,-148.4486893,2021-08-23,Walker_2022,NIRPO_T6_29,1,45,,45,tp,45,29
70.23196930401313,-148.4487154,2021-08-23,Walker_2022,NIRPO_T6_30,1,39,,39,tp,39,30
70.23196774742162,-148.4487415,2021-08-23,Walker_2022,NIRPO_T6_31,1,40,,40,tp,40,31
70.23196619082634,-148.4487675,2021-08-23,Walker_2022,NIRPO_T6_32,1,40,,40,tp,40,32
70.23196463422727,-148.4487936,2021-08-23,Walker_2022,NIRPO_T6_33,1,44,,44,tp,44,33
70.23196307762441,-148.4488197,2021-08-23,Walker_2022,NIRPO_T6_34,1,60,,60,tp,60,34
70.23196152101778,-148.4488458,2021-08-23,Walker_2022,NIRPO_T6_35,1,55,,55,tp,55,35
70.23195996440737,-148.4488719,2021-08-23,Walker_2022,NIRPO_T6_36,1,48,,48,tp,48,36
70.23195840779317,-148.4488979,2021-08-23,Walker_2022,NIRPO_T6_37,1,50,,50,tp,50,37
70.23195685,-148.448924,2021-08-23,Walker_2022,NIRPO_T6_38,1,50,,50,tp,50,38
70.23195529455344,-148.4489501,2021-08-23,Walker_2022,NIRPO_T6_39,1,65,,65,tp,65,39
70.23195373792791,-148.4489762,2021-08-23,Walker_2022,NIRPO_T6_40,1,62,,62,tp,62,40
70.23195218129858,-148.4490023,2021-08-23,Walker_2022,NIRPO_T6_41,1,43,,43,tp,43,41
70.23195062466547,-148.4490283,2021-08-23,Walker_2022,NIRPO_T6_42,1,40,,40,tp,40,42
70.23194907,-148.4490544,2021-08-23,Walker_2022,NIRPO_T6_43,1,44,,44,tp,44,43
70.23194751138793,-148.4490805,2021-08-23,Walker_2022,NIRPO_T6_44,1,45,,45,tp,45,44
70.23194595474348,-148.4491066,2021-08-23,Walker_2022,NIRPO_T6_45,1,50,,50,tp,50,45
70.23194439809525,-148.4491327,2021-08-23,Walker_2022,NIRPO_T6_46,1,50,,50,tp,50,46
70.23194284144324,-148.4491587,2021-08-23,Walker_2022,NIRPO_T6_47,1,43,,43,tp,43,47
70.23194128478745,-148.4491848,2021-08-23,Walker_2022,NIRPO_T6_48,1,42,,42,tp,42,48
70.23193972812788,-148.4492109,2021-08-23,Walker_2022,NIRPO_T6_49,1,47,,47,tp,47,49
70.23193817146453,-148.449237,2021-08-23,Walker_2022,NIRPO_T6_50,1,44,,44,tp,44,50
70.23193661479739,-148.4492631,2021-08-23,Walker_2022,NIRPO_T6_51,1,45,,45,tp,45,51
70.23193505812648,-148.4492891,2021-08-23,Walker_2022,NIRPO_T6_52,1,44,,44,tp,44,52
70.23193350145178,-148.4493152,2021-08-23,Walker_2022,NIRPO_T6_53,1,63,,63,tp,63,53
70.23193194,-148.4493413,2021-08-23,Walker_2022,NIRPO_T6_54,1,61,,61,tp,61,54
70.23193038809103,-148.4493674,2021-08-23,Walker_2022,NIRPO_T6_55,1,56,,56,tp,56,55
70.23192883,-148.4493934,2021-08-23,Walker_2022,NIRPO_T6_56,1,61,,61,tp,61,56
70.23192727471518,-148.4494195,2021-08-23,Walker_2022,NIRPO_T6_57,1,54,,54,tp,54,57
70.23192571802157,-148.4494456,2021-08-23,Walker_2022,NIRPO_T6_58,1,57,,57,tp,57,58
70.23192416132419,-148.4494717,2021-08-23,Walker_2022,NIRPO_T6_59,1,62,,62,tp,62,59
70.23192260462302,-148.4494978,2021-08-23,Walker_2022,NIRPO_T6_60,1,55,,55,tp,55,60
70.23192104791806,-148.4495238,2021-08-23,Walker_2022,NIRPO_T6_61,1,56,,56,tp,56,61
70.23191949120934,-148.4495499,2021-08-23,Walker_2022,NIRPO_T6_62,1,52,,52,tp,52,62
70.23191793449683,-148.449576,2021-08-23,Walker_2022,NIRPO_T6_63,1,52,,52,tp,52,63
70.23191637778054,-148.4496021,2021-08-23,Walker_2022,NIRPO_T6_64,1,53,,53,tp,53,64
70.23191482106046,-148.4496282,2021-08-23,Walker_2022,NIRPO_T6_65,1,49,,49,tp,49,65
70.23191326433661,-148.4496542,2021-08-23,Walker_2022,NIRPO_T6_66,1,48,,48,tp,48,66
70.23191170760897,-148.4496803,2021-08-23,Walker_2022,NIRPO_T6_67,1,39,,39,tp,39,67
70.23191015087755,-148.4497064,2021-08-23,Walker_2022,NIRPO_T6_68,1,35,,35,tp,35,68
70.23190859414235,-148.4497325,2021-08-23,Walker_2022,NIRPO_T6_69,1,46,,46,tp,46,69
70.23190703740337,-148.4497586,2021-08-23,Walker_2022,NIRPO_T6_70,1,54,,54,tp,54,70
70.23190548066061,-148.4497846,2021-08-23,Walker_2022,NIRPO_T6_71,1,50,,50,tp,50,71
70.23190392391407,-148.4498107,2021-08-23,Walker_2022,NIRPO_T6_72,1,45,,45,tp,45,72
70.23190236716374,-148.4498368,2021-08-23,Walker_2022,NIRPO_T6_73,1,43,,43,tp,43,73
70.23190081040964,-148.4498629,2021-08-23,Walker_2022,NIRPO_T6_74,1,48,,48,tp,48,74
70.23189925365176,-148.449889,2021-08-23,Walker_2022,NIRPO_T6_75,1,35,,35,tp,35,75
70.23189769689009,-148.449915,2021-08-23,Walker_2022,NIRPO_T6_76,1,52,,52,tp,52,76
70.23189614012463,-148.4499411,2021-08-23,Walker_2022,NIRPO_T6_77,1,40,,40,tp,40,77
70.23189458,-148.4499672,2021-08-23,Walker_2022,NIRPO_T6_78,1,52,,52,tp,52,78
70.23189303,-148.4499933,2021-08-23,Walker_2022,NIRPO_T6_79,1,44,,44,tp,44,79
70.23189147,-148.4500194,2021-08-23,Walker_2022,NIRPO_T6_80,1,38,,38,tp,38,80
70.23188991302501,-148.4500454,2021-08-23,Walker_2022,NIRPO_T6_81,1,40,,40,tp,40,81
70.23188835624066,-148.4500715,2021-08-23,Walker_2022,NIRPO_T6_82,1,40,,40,tp,40,82
70.23188679945252,-148.4500976,2021-08-23,Walker_2022,NIRPO_T6_83,1,49,,49,tp,49,83
70.23188524266061,-148.4501237,2021-08-23,Walker_2022,NIRPO_T6_84,1,47,,47,tp,47,84
70.23188369,-148.4501497,2021-08-23,Walker_2022,NIRPO_T6_85,1,43,,43,tp,43,85
70.23188212906543,-148.4501758,2021-08-23,Walker_2022,NIRPO_T6_86,1,49,,49,tp,49,86
70.23188057226216,-148.4502019,2021-08-23,Walker_2022,NIRPO_T6_87,1,44,,44,tp,44,87
70.23187901545512,-148.450228,2021-08-23,Walker_2022,NIRPO_T6_88,1,52,,52,tp,52,88
70.23187745864429,-148.4502541,2021-08-23,Walker_2022,NIRPO_T6_89,1,47,,47,tp,47,89
70.23187590182968,-148.4502801,2021-08-23,Walker_2022,NIRPO_T6_90,1,41,,41,tp,41,90
70.23187434501129,-148.4503062,2021-08-23,Walker_2022,NIRPO_T6_91,1,43,,43,tp,43,91
70.23187278818912,-148.4503323,2021-08-23,Walker_2022,NIRPO_T6_92,1,33,,33,tp,33,92
70.23187123136317,-148.4503584,2021-08-23,Walker_2022,NIRPO_T6_93,1,33,,33,tp,33,93
70.23186967453344,-148.4503845,2021-08-23,Walker_2022,NIRPO_T6_94,1,46,,46,tp,46,94
70.23186811769993,-148.4504105,2021-08-23,Walker_2022,NIRPO_T6_95,1,49,,49,tp,49,95
70.23186656086264,-148.4504366,2021-08-23,Walker_2022,NIRPO_T6_96,1,44,,44,tp,44,96
70.23186500402156,-148.4504627,2021-08-23,Walker_2022,NIRPO_T6_97,1,44,,44,tp,44,97
70.23186344717669,-148.4504888,2021-08-23,Walker_2022,NIRPO_T6_98,1,44,,44,tp,44,98
70.23186189032806,-148.4505149,2021-08-23,Walker_2022,NIRPO_T6_99,1,45,,45,tp,45,99
70.23186033347564,-148.4505409,2021-08-23,Walker_2022,NIRPO_T6_100,1,24,,24,tp,24,100
70.23185877661943,-148.450567,2021-08-23,Walker_2022,NIRPO_T6_101,1,34,,34,tp,34,101
70.23185721975946,-148.4505931,2021-08-23,Walker_2022,NIRPO_T6_102,1,37,,37,tp,37,102
70.23185566,-148.4506192,2021-08-23,Walker_2022,NIRPO_T6_103,1,41,,41,tp,41,103
70.23185410602814,-148.4506453,2021-08-23,Walker_2022,NIRPO_T6_104,1,28,,28,tp,28,104
70.23185254915681,-148.4506713,2021-08-23,Walker_2022,NIRPO_T6_105,1,32,,32,tp,32,105
70.23185099228171,-148.4506974,2021-08-23,Walker_2022,NIRPO_T6_106,1,39,,39,tp,39,106
70.23184943540281,-148.4507235,2021-08-23,Walker_2022,NIRPO_T6_107,1,55,,55,tp,55,107
70.23184787852014,-148.4507496,2021-08-23,Walker_2022,NIRPO_T6_108,1,59,,59,tp,59,108
70.23184632,-148.4507756,2021-08-23,Walker_2022,NIRPO_T6_109,1,41,,41,tp,41,109
70.23184476474346,-148.4508017,2021-08-23,Walker_2022,NIRPO_T6_110,1,51,,51,tp,51,110
70.23184320784944,-148.4508278,2021-08-23,Walker_2022,NIRPO_T6_111,1,49,,49,tp,49,111
70.23184165095165,-148.4508539,2021-08-23,Walker_2022,NIRPO_T6_112,1,46,,46,tp,46,112
70.23184009405007,-148.45088,2021-08-23,Walker_2022,NIRPO_T6_113,1,49,,49,tp,49,113
70.23183853714471,-148.450906,2021-08-23,Walker_2022,NIRPO_T6_114,1,44,,44,tp,44,114
70.23183698023557,-148.4509321,2021-08-23,Walker_2022,NIRPO_T6_115,1,47,,47,tp,47,115
70.23183542332265,-148.4509582,2021-08-23,Walker_2022,NIRPO_T6_116,1,46,,46,tp,46,116
70.23183386640595,-148.4509843,2021-08-23,Walker_2022,NIRPO_T6_117,1,48,,48,tp,48,117
70.23183230948547,-148.4510104,2021-08-23,Walker_2022,NIRPO_T6_118,1,53,,53,tp,53,118
70.23183075,-148.4510364,2021-08-23,Walker_2022,NIRPO_T6_119,1,55,,55,tp,55,119
70.23182919563315,-148.4510625,2021-08-23,Walker_2022,NIRPO_T6_120,1,50,,50,tp,50,120
70.23182763870132,-148.4510886,2021-08-23,Walker_2022,NIRPO_T6_121,1,47,,47,tp,47,121
70.23182608176572,-148.4511147,2021-08-23,Walker_2022,NIRPO_T6_122,1,49,,49,tp,49,122
70.23182452482632,-148.4511408,2021-08-23,Walker_2022,NIRPO_T6_123,1,42,,42,tp,42,123
70.23182296788315,-148.4511668,2021-08-23,Walker_2022,NIRPO_T6_124,1,43,,43,tp,43,124
70.23182141093619,-148.4511929,2021-08-23,Walker_2022,NIRPO_T6_125,1,48,,48,tp,48,125
70.23181985398546,-148.451219,2021-08-23,Walker_2022,NIRPO_T6_126,1,52,,52,tp,52,126
70.23181829703094,-148.4512451,2021-08-23,Walker_2022,NIRPO_T6_127,1,42,,42,tp,42,127
70.23181674007265,-148.4512711,2021-08-23,Walker_2022,NIRPO_T6_128,1,41,,41,tp,41,128
70.23181518311057,-148.4512972,2021-08-23,Walker_2022,NIRPO_T6_129,1,42,,42,tp,42,129
70.23181362614471,-148.4513233,2021-08-23,Walker_2022,NIRPO_T6_130,1,39,,39,tp,39,130
70.23181206917506,-148.4513494,2021-08-23,Walker_2022,NIRPO_T6_131,1,41,,41,tp,41,131
70.23181051220163,-148.4513755,2021-08-23,Walker_2022,NIRPO_T6_132,1,43,,43,tp,43,132
70.23180895522444,-148.4514015,2021-08-23,Walker_2022,NIRPO_T6_133,1,41,,41,tp,41,133
70.23180739824346,-148.4514276,2021-08-23,Walker_2022,NIRPO_T6_134,1,42,,42,tp,42,134
70.23180584125869,-148.4514537,2021-08-23,Walker_2022,NIRPO_T6_135,1,46,,46,tp,46,135
70.23180428427014,-148.4514798,2021-08-23,Walker_2022,NIRPO_T6_136,1,35,,35,tp,35,136
70.23180272727781,-148.4515059,2021-08-23,Walker_2022,NIRPO_T6_137,1,34,,34,tp,34,137
70.23180117,-148.4515319,2021-08-23,Walker_2022,NIRPO_T6_138,1,42,,42,tp,42,138
70.23179961328181,-148.451558,2021-08-23,Walker_2022,NIRPO_T6_139,1,40,,40,tp,40,139
70.23179805627814,-148.4515841,2021-08-23,Walker_2022,NIRPO_T6_140,1,38,,38,tp,38,140
70.23179649927069,-148.4516102,2021-08-23,Walker_2022,NIRPO_T6_141,1,38,,38,tp,38,141
70.23179494225946,-148.4516363,2021-08-23,Walker_2022,NIRPO_T6_142,1,40,,40,tp,40,142
70.23179338524443,-148.4516623,2021-08-23,Walker_2022,NIRPO_T6_143,1,38,,38,tp,38,143
70.23179182822564,-148.4516884,2021-08-23,Walker_2022,NIRPO_T6_144,1,28,,28,tp,28,144
70.23179027120305,-148.4517145,2021-08-23,Walker_2022,NIRPO_T6_145,1,45,,45,tp,45,145
70.23178871,-148.4517406,2021-08-23,Walker_2022,NIRPO_T6_146,1,40,,40,tp,40,146
70.23178715714656,-148.4517666,2021-08-23,Walker_2022,NIRPO_T6_147,1,47,,47,tp,47,147
70.23178560011263,-148.4517927,2021-08-23,Walker_2022,NIRPO_T6_148,1,45,,45,tp,45,148
70.23178404307492,-148.4518188,2021-08-23,Walker_2022,NIRPO_T6_149,1,47,,47,tp,47,149
70.23178248603344,-148.4518449,2021-08-23,Walker_2022,NIRPO_T6_150,1,43,,43,tp,43,150
70.23178092898817,-148.451871,2021-08-23,Walker_2022,NIRPO_T6_151,1,42,,42,tp,42,151
70.23177937193913,-148.451897,2021-08-23,Walker_2022,NIRPO_T6_152,1,41,,41,tp,41,152
70.23177781,-148.4519231,2021-08-23,Walker_2022,NIRPO_T6_153,1,58,,58,tp,58,153
70.23177625782968,-148.4519492,2021-08-23,Walker_2022,NIRPO_T6_154,1,45,,45,tp,45,154
70.2317747,-148.4519753,2021-08-23,Walker_2022,NIRPO_T6_155,1,47,,47,tp,47,155
70.23177314370511,-148.4520014,2021-08-23,Walker_2022,NIRPO_T6_156,1,44,,44,tp,44,156
70.23177158663717,-148.4520274,2021-08-23,Walker_2022,NIRPO_T6_157,1,41,,41,tp,41,157
70.23177002956542,-148.4520535,2021-08-23,Walker_2022,NIRPO_T6_158,1,40,,40,tp,40,158
70.23176847,-148.4520796,2021-08-23,Walker_2022,NIRPO_T6_159,1,33,,33,tp,33,159
70.23176691541062,-148.4521057,2021-08-23,Walker_2022,NIRPO_T6_160,1,43,,43,tp,43,160
70.23176535832754,-148.4521318,2021-08-23,Walker_2022,NIRPO_T6_161,1,55,,55,tp,55,161
70.23176380124067,-148.4521578,2021-08-23,Walker_2022,NIRPO_T6_162,1,51,,51,tp,51,162
70.23176224415002,-148.4521839,2021-08-23,Walker_2022,NIRPO_T6_163,1,51,,51,tp,51,163
70.23176068705561,-148.45221,2021-08-23,Walker_2022,NIRPO_T6_164,1,48,,48,tp,48,164
70.23175913,-148.4522361,2021-08-23,Walker_2022,NIRPO_T6_165,1,42,,42,tp,42,165
70.23175757285541,-148.4522621,2021-08-23,Walker_2022,NIRPO_T6_166,1,50,,50,tp,50,166
70.23175601574965,-148.4522882,2021-08-23,Walker_2022,NIRPO_T6_167,1,51,,51,tp,51,167
70.23175446,-148.4523143,2021-08-23,Walker_2022,NIRPO_T6_168,1,42,,42,tp,42,168
70.23175290152678,-148.4523404,2021-08-23,Walker_2022,NIRPO_T6_169,1,35,,35,tp,35,169
70.23175134440966,-148.4523665,2021-08-23,Walker_2022,NIRPO_T6_170,1,38,,38,tp,38,170
70.23174978728876,-148.4523925,2021-08-23,Walker_2022,NIRPO_T6_171,1,40,,40,tp,40,171
70.23174823,-148.4524186,2021-08-23,Walker_2022,NIRPO_T6_172,1,39,,39,tp,39,172
70.23174667303564,-148.4524447,2021-08-23,Walker_2022,NIRPO_T6_173,1,38,,38,tp,38,173
70.23174511590341,-148.4524708,2021-08-23,Walker_2022,NIRPO_T6_174,1,34,,34,tp,34,174
70.23174355876739,-148.4524969,2021-08-23,Walker_2022,NIRPO_T6_175,1,49,,49,tp,49,175
70.231742,-148.4525229,2021-08-23,Walker_2022,NIRPO_T6_176,1,45,,45,tp,45,176
70.23174044,-148.452549,2021-08-23,Walker_2022,NIRPO_T6_177,1,36,,36,tp,36,177
70.23173888733665,-148.4525751,2021-08-23,Walker_2022,NIRPO_T6_178,1,47,,47,tp,47,178
70.23173733,-148.4526012,2021-08-23,Walker_2022,NIRPO_T6_179,1,44,,44,tp,44,179
70.23173577303058,-148.4526273,2021-08-23,Walker_2022,NIRPO_T6_180,1,50,,50,tp,50,180
70.23173421587188,-148.4526533,2021-08-23,Walker_2022,NIRPO_T6_181,1,50,,50,tp,50,181
70.23173265870939,-148.4526794,2021-08-23,Walker_2022,NIRPO_T6_182,1,45,,45,tp,45,182
70.23173110154312,-148.4527055,2021-08-23,Walker_2022,NIRPO_T6_183,1,48,,48,tp,48,183
70.23172954437307,-148.4527316,2021-08-23,Walker_2022,NIRPO_T6_184,1,49,,49,tp,49,184
70.23172798719924,-148.4527576,2021-08-23,Walker_2022,NIRPO_T6_185,1,44,,44,tp,44,185
70.23172643002162,-148.4527837,2021-08-23,Walker_2022,NIRPO_T6_186,1,46,,46,tp,46,186
70.23172487284023,-148.4528098,2021-08-23,Walker_2022,NIRPO_T6_187,1,46,,46,tp,46,187
70.23172331565507,-148.4528359,2021-08-23,Walker_2022,NIRPO_T6_188,1,45,,45,tp,45,188
70.23172175846611,-148.452862,2021-08-23,Walker_2022,NIRPO_T6_189,1,51,,51,tp,51,189
70.23172020127338,-148.452888,2021-08-23,Walker_2022,NIRPO_T6_190,1,53,,53,tp,53,190
70.23171864407686,-148.4529141,2021-08-23,Walker_2022,NIRPO_T6_191,1,57,,57,tp,57,191
70.23171708687656,-148.4529402,2021-08-23,Walker_2022,NIRPO_T6_192,1,54,,54,tp,54,192
70.23171552967247,-148.4529663,2021-08-23,Walker_2022,NIRPO_T6_193,1,52,,52,tp,52,193
70.23171397246462,-148.4529924,2021-08-23,Walker_2022,NIRPO_T6_194,1,50,,50,tp,50,194
70.23171241525297,-148.4530184,2021-08-23,Walker_2022,NIRPO_T6_195,1,46,,46,tp,46,195
70.23171085803756,-148.4530445,2021-08-23,Walker_2022,NIRPO_T6_196,1,43,,43,tp,43,196
70.23170930081835,-148.4530706,2021-08-23,Walker_2022,NIRPO_T6_197,1,45,,45,tp,45,197
70.23170774359536,-148.4530967,2021-08-23,Walker_2022,NIRPO_T6_198,1,64,,64,tp,64,198
70.23170619,-148.4531227,2021-08-23,Walker_2022,NIRPO_T6_199,1,51,,51,tp,51,199
70.23170462913805,-148.4531488,2021-08-23,Walker_2022,NIRPO_T6_200,1,50,,50,tp,50,200
70.230822,-148.442528,2021-08-23,Walker_2022,NIRPO_T7_0,1,42,,42,tp,42,0
70.23081893433826,-148.4425529,2021-08-23,Walker_2022,NIRPO_T7_1,1,42,,42,tp,42,1
70.23081586867308,-148.4425778,2021-08-23,Walker_2022,NIRPO_T7_2,1,40,,40,tp,40,2
70.23081280300445,-148.4426027,2021-08-23,Walker_2022,NIRPO_T7_3,1,46,,46,tp,46,3
70.23080973733238,-148.4426275,2021-08-23,Walker_2022,NIRPO_T7_4,1,45,,45,tp,45,4
70.23080667165686,-148.4426524,2021-08-23,Walker_2022,NIRPO_T7_5,1,37,,37,tp,37,5
70.23080360597791,-148.4426773,2021-08-23,Walker_2022,NIRPO_T7_6,1,33,,33,tp,33,6
70.23080054,-148.4427022,2021-08-23,Walker_2022,NIRPO_T7_7,1,36,,36,tp,36,7
70.23079747460966,-148.4427271,2021-08-23,Walker_2022,NIRPO_T7_8,1,42,,42,tp,42,8
70.23079440892037,-148.4427519,2021-08-23,Walker_2022,NIRPO_T7_9,1,39,,39,tp,39,9
70.23079134322765,-148.4427768,2021-08-23,Walker_2022,NIRPO_T7_10,1,42,,42,tp,42,10
70.23078827753147,-148.4428017,2021-08-23,Walker_2022,NIRPO_T7_11,1,45,,45,tp,45,11
70.23078521183184,-148.4428266,2021-08-23,Walker_2022,NIRPO_T7_12,1,42,,42,tp,42,12
70.23078214612879,-148.4428515,2021-08-23,Walker_2022,NIRPO_T7_13,1,45,,45,tp,45,13
70.23077908042228,-148.4428764,2021-08-23,Walker_2022,NIRPO_T7_14,1,43,,43,tp,43,14
70.23077601471232,-148.4429012,2021-08-23,Walker_2022,NIRPO_T7_15,1,44,,44,tp,44,15
70.23077294899895,-148.4429261,2021-08-23,Walker_2022,NIRPO_T7_16,1,39,,39,tp,39,16
70.23076988328211,-148.442951,2021-08-23,Walker_2022,NIRPO_T7_17,1,41,,41,tp,41,17
70.23076681756183,-148.4429759,2021-08-23,Walker_2022,NIRPO_T7_18,1,45,,45,tp,45,18
70.23076375,-148.4430008,2021-08-23,Walker_2022,NIRPO_T7_19,1,47,,47,tp,47,19
70.23076068611093,-148.4430257,2021-08-23,Walker_2022,NIRPO_T7_20,1,55,,55,tp,55,20
70.23075762038033,-148.4430505,2021-08-23,Walker_2022,NIRPO_T7_21,1,48,,48,tp,48,21
70.23075455464627,-148.4430754,2021-08-23,Walker_2022,NIRPO_T7_22,1,37,,37,tp,37,22
70.23075148890878,-148.4431003,2021-08-23,Walker_2022,NIRPO_T7_23,1,41,,41,tp,41,23
70.23074842316784,-148.4431252,2021-08-23,Walker_2022,NIRPO_T7_24,1,31,,31,tp,31,24
70.23074535742344,-148.4431501,2021-08-23,Walker_2022,NIRPO_T7_25,1,34,,34,tp,34,25
70.23074229167563,-148.443175,2021-08-23,Walker_2022,NIRPO_T7_26,1,39,,39,tp,39,26
70.23073922592435,-148.4431998,2021-08-23,Walker_2022,NIRPO_T7_27,1,42,,42,tp,42,27
70.23073616016964,-148.4432247,2021-08-23,Walker_2022,NIRPO_T7_28,1,59,,59,tp,59,28
70.23073309441148,-148.4432496,2021-08-23,Walker_2022,NIRPO_T7_29,1,66,,66,tp,66,29
70.23073002864989,-148.4432745,2021-08-23,Walker_2022,NIRPO_T7_30,1,71,,71,tp,71,30
70.23072696288484,-148.4432994,2021-08-23,Walker_2022,NIRPO_T7_31,1,55,,55,tp,55,31
70.23072389711635,-148.4433243,2021-08-23,Walker_2022,NIRPO_T7_32,1,44,,44,tp,44,32
70.23072083134443,-148.4433491,2021-08-23,Walker_2022,NIRPO_T7_33,1,37,,37,tp,37,33
70.23071776556905,-148.443374,2021-08-23,Walker_2022,NIRPO_T7_34,1,49,,49,tp,49,34
70.23071469979023,-148.4433989,2021-08-23,Walker_2022,NIRPO_T7_35,1,48,,48,tp,48,35
70.23071163400797,-148.4434238,2021-08-23,Walker_2022,NIRPO_T7_36,1,51,,51,tp,51,36
70.23070856822227,-148.4434487,2021-08-23,Walker_2022,NIRPO_T7_37,1,50,,50,tp,50,37
70.23070550243312,-148.4434736,2021-08-23,Walker_2022,NIRPO_T7_38,1,53,,53,tp,53,38
70.23070243664053,-148.4434984,2021-08-23,Walker_2022,NIRPO_T7_39,1,52,,52,tp,52,39
70.23069937084449,-148.4435233,2021-08-23,Walker_2022,NIRPO_T7_40,1,50,,50,tp,50,40
70.23069630504502,-148.4435482,2021-08-23,Walker_2022,NIRPO_T7_41,1,50,,50,tp,50,41
70.23069324,-148.4435731,2021-08-23,Walker_2022,NIRPO_T7_42,1,50,,50,tp,50,42
70.23069017343573,-148.443598,2021-08-23,Walker_2022,NIRPO_T7_43,1,53,,53,tp,53,43
70.23068710762593,-148.4436229,2021-08-23,Walker_2022,NIRPO_T7_44,1,48,,48,tp,48,44
70.23068404181267,-148.4436477,2021-08-23,Walker_2022,NIRPO_T7_45,1,47,,47,tp,47,45
70.23068097599597,-148.4436726,2021-08-23,Walker_2022,NIRPO_T7_46,1,40,,40,tp,40,46
70.23067791017583,-148.4436975,2021-08-23,Walker_2022,NIRPO_T7_47,1,57,,57,tp,57,47
70.23067484435225,-148.4437224,2021-08-23,Walker_2022,NIRPO_T7_48,1,49,,49,tp,49,48
70.23067177852522,-148.4437473,2021-08-23,Walker_2022,NIRPO_T7_49,1,55,,55,tp,55,49
70.23066871269477,-148.4437722,2021-08-23,Walker_2022,NIRPO_T7_50,1,46,,46,tp,46,50
70.23066564686084,-148.443797,2021-08-23,Walker_2022,NIRPO_T7_51,1,52,,52,tp,52,51
70.23066258,-148.4438219,2021-08-23,Walker_2022,NIRPO_T7_52,1,52,,52,tp,52,52
70.23065952,-148.4438468,2021-08-23,Walker_2022,NIRPO_T7_53,1,52,,52,tp,52,53
70.23065644933845,-148.4438717,2021-08-23,Walker_2022,NIRPO_T7_54,1,51,,51,tp,51,54
70.23065338349076,-148.4438966,2021-08-23,Walker_2022,NIRPO_T7_55,1,53,,53,tp,53,55
70.23065031763964,-148.4439215,2021-08-23,Walker_2022,NIRPO_T7_56,1,45,,45,tp,45,56
70.23064725178506,-148.4439463,2021-08-23,Walker_2022,NIRPO_T7_57,1,45,,45,tp,45,57
70.23064418592705,-148.4439712,2021-08-23,Walker_2022,NIRPO_T7_58,1,45,,45,tp,45,58
70.23064112006558,-148.4439961,2021-08-23,Walker_2022,NIRPO_T7_59,1,48,,48,tp,48,59
70.23063805420068,-148.444021,2021-08-23,Walker_2022,NIRPO_T7_60,1,45,,45,tp,45,60
70.23063498833234,-148.4440459,2021-08-23,Walker_2022,NIRPO_T7_61,1,46,,46,tp,46,61
70.23063192246056,-148.4440708,2021-08-23,Walker_2022,NIRPO_T7_62,1,45,,45,tp,45,62
70.23062885658533,-148.4440956,2021-08-23,Walker_2022,NIRPO_T7_63,1,44,,44,tp,44,63
70.23062579070665,-148.4441205,2021-08-23,Walker_2022,NIRPO_T7_64,1,44,,44,tp,44,64
70.23062272482451,-148.4441454,2021-08-23,Walker_2022,NIRPO_T7_65,1,45,,45,tp,45,65
70.23061965893896,-148.4441703,2021-08-23,Walker_2022,NIRPO_T7_66,1,42,,42,tp,42,66
70.23061659304996,-148.4441952,2021-08-23,Walker_2022,NIRPO_T7_67,1,50,,50,tp,50,67
70.23061353,-148.4442201,2021-08-23,Walker_2022,NIRPO_T7_68,1,44,,44,tp,44,68
70.23061046126162,-148.4442449,2021-08-23,Walker_2022,NIRPO_T7_69,1,52,,52,tp,52,69
70.23060739536228,-148.4442698,2021-08-23,Walker_2022,NIRPO_T7_70,1,48,,48,tp,48,70
70.23060433,-148.4442947,2021-08-23,Walker_2022,NIRPO_T7_71,1,48,,48,tp,48,71
70.23060126355327,-148.4443196,2021-08-23,Walker_2022,NIRPO_T7_72,1,52,,52,tp,52,72
70.23059819764362,-148.4443445,2021-08-23,Walker_2022,NIRPO_T7_73,1,52,,52,tp,52,73
70.23059513,-148.4443693,2021-08-23,Walker_2022,NIRPO_T7_74,1,52,,52,tp,52,74
70.23059206581394,-148.4443942,2021-08-23,Walker_2022,NIRPO_T7_75,1,48,,48,tp,48,75
70.23058899989395,-148.4444191,2021-08-23,Walker_2022,NIRPO_T7_76,1,49,,49,tp,49,76
70.23058593397052,-148.444444,2021-08-23,Walker_2022,NIRPO_T7_77,1,48,,48,tp,48,77
70.23058286804363,-148.4444689,2021-08-23,Walker_2022,NIRPO_T7_78,1,48,,48,tp,48,78
70.2305798,-148.4444938,2021-08-23,Walker_2022,NIRPO_T7_79,1,48,,48,tp,48,79
70.23057673617953,-148.4445186,2021-08-23,Walker_2022,NIRPO_T7_80,1,49,,49,tp,49,80
70.23057367024232,-148.4445435,2021-08-23,Walker_2022,NIRPO_T7_81,1,48,,48,tp,48,81
70.23057060430166,-148.4445684,2021-08-23,Walker_2022,NIRPO_T7_82,1,42,,42,tp,42,82
70.23056753835756,-148.4445933,2021-08-23,Walker_2022,NIRPO_T7_83,1,51,,51,tp,51,83
70.23056447241002,-148.4446182,2021-08-23,Walker_2022,NIRPO_T7_84,1,50,,50,tp,50,84
70.23056140645903,-148.4446431,2021-08-23,Walker_2022,NIRPO_T7_85,1,50,,50,tp,50,85
70.23055834,-148.4446679,2021-08-23,Walker_2022,NIRPO_T7_86,1,48,,48,tp,48,86
70.23055527454673,-148.4446928,2021-08-23,Walker_2022,NIRPO_T7_87,1,48,,48,tp,48,87
70.23055220858541,-148.4447177,2021-08-23,Walker_2022,NIRPO_T7_88,1,47,,47,tp,47,88
70.23054914262066,-148.4447426,2021-08-23,Walker_2022,NIRPO_T7_89,1,47,,47,tp,47,89
70.23054607665246,-148.4447675,2021-08-23,Walker_2022,NIRPO_T7_90,1,42,,42,tp,42,90
70.23054301,-148.4447924,2021-08-23,Walker_2022,NIRPO_T7_91,1,41,,41,tp,41,91
70.23053994470573,-148.4448172,2021-08-23,Walker_2022,NIRPO_T7_92,1,38,,38,tp,38,92
70.23053687872718,-148.4448421,2021-08-23,Walker_2022,NIRPO_T7_93,1,47,,47,tp,47,93
70.23053381274521,-148.444867,2021-08-23,Walker_2022,NIRPO_T7_94,1,40,,40,tp,40,94
70.23053074675978,-148.4448919,2021-08-23,Walker_2022,NIRPO_T7_95,1,45,,45,tp,45,95
70.23052768077093,-148.4449168,2021-08-23,Walker_2022,NIRPO_T7_96,1,47,,47,tp,47,96
70.23052461477862,-148.4449417,2021-08-23,Walker_2022,NIRPO_T7_97,1,45,,45,tp,45,97
70.23052154878287,-148.4449665,2021-08-23,Walker_2022,NIRPO_T7_98,1,44,,44,tp,44,98
70.23051848278368,-148.4449914,2021-08-23,Walker_2022,NIRPO_T7_99,1,40,,40,tp,40,99
70.23051541678103,-148.4450163,2021-08-23,Walker_2022,NIRPO_T7_100,1,42,,42,tp,42,100
70.23051235077496,-148.4450412,2021-08-23,Walker_2022,NIRPO_T7_101,1,46,,46,tp,46,101
70.23050928476545,-148.4450661,2021-08-23,Walker_2022,NIRPO_T7_102,1,40,,40,tp,40,102
70.23050621875247,-148.4450909,2021-08-23,Walker_2022,NIRPO_T7_103,1,41,,41,tp,41,103
70.23050315273606,-148.4451158,2021-08-23,Walker_2022,NIRPO_T7_104,1,37,,37,tp,37,104
70.23050009,-148.4451407,2021-08-23,Walker_2022,NIRPO_T7_105,1,45,,45,tp,45,105
70.23049702069292,-148.4451656,2021-08-23,Walker_2022,NIRPO_T7_106,1,35,,35,tp,35,106
70.23049395466617,-148.4451905,2021-08-23,Walker_2022,NIRPO_T7_107,1,48,,48,tp,48,107
70.23049089,-148.4452154,2021-08-23,Walker_2022,NIRPO_T7_108,1,50,,50,tp,50,108
70.23048782260237,-148.4452402,2021-08-23,Walker_2022,NIRPO_T7_109,1,59,,59,tp,59,109
70.23048476,-148.4452651,2021-08-23,Walker_2022,NIRPO_T7_110,1,60,,60,tp,60,110
70.23048169052478,-148.44529,2021-08-23,Walker_2022,NIRPO_T7_111,1,57,,57,tp,57,111
70.23047862448082,-148.4453149,2021-08-23,Walker_2022,NIRPO_T7_112,1,52,,52,tp,52,112
70.23047555843343,-148.4453398,2021-08-23,Walker_2022,NIRPO_T7_113,1,56,,56,tp,56,113
70.23047249238259,-148.4453647,2021-08-23,Walker_2022,NIRPO_T7_114,1,54,,54,tp,54,114
70.23046942632831,-148.4453895,2021-08-23,Walker_2022,NIRPO_T7_115,1,57,,57,tp,57,115
70.23046636027057,-148.4454144,2021-08-23,Walker_2022,NIRPO_T7_116,1,57,,57,tp,57,116
70.23046329,-148.4454393,2021-08-23,Walker_2022,NIRPO_T7_117,1,56,,56,tp,56,117
70.23046022814478,-148.4454642,2021-08-23,Walker_2022,NIRPO_T7_118,1,54,,54,tp,54,118
70.23045716207673,-148.4454891,2021-08-23,Walker_2022,NIRPO_T7_119,1,54,,54,tp,54,119
70.23045409600523,-148.445514,2021-08-23,Walker_2022,NIRPO_T7_120,1,52,,52,tp,52,120
70.23045102993028,-148.4455388,2021-08-23,Walker_2022,NIRPO_T7_121,1,54,,54,tp,54,121
70.23044796385189,-148.4455637,2021-08-23,Walker_2022,NIRPO_T7_122,1,53,,53,tp,53,122
70.23044489777006,-148.4455886,2021-08-23,Walker_2022,NIRPO_T7_123,1,51,,51,tp,51,123
70.23044183168479,-148.4456135,2021-08-23,Walker_2022,NIRPO_T7_124,1,48,,48,tp,48,124
70.23043876559606,-148.4456384,2021-08-23,Walker_2022,NIRPO_T7_125,1,52,,52,tp,52,125
70.23043569950391,-148.4456632,2021-08-23,Walker_2022,NIRPO_T7_126,1,39,,39,tp,39,126
70.23043263,-148.4456881,2021-08-23,Walker_2022,NIRPO_T7_127,1,48,,48,tp,48,127
70.23042956730926,-148.445713,2021-08-23,Walker_2022,NIRPO_T7_128,1,48,,48,tp,48,128
70.23042650120676,-148.4457379,2021-08-23,Walker_2022,NIRPO_T7_129,1,54,,54,tp,54,129
70.23042343510083,-148.4457628,2021-08-23,Walker_2022,NIRPO_T7_130,1,50,,50,tp,50,130
70.23042036899145,-148.4457877,2021-08-23,Walker_2022,NIRPO_T7_131,1,49,,49,tp,49,131
70.23041730287862,-148.4458125,2021-08-23,Walker_2022,NIRPO_T7_132,1,51,,51,tp,51,132
70.23041423676236,-148.4458374,2021-08-23,Walker_2022,NIRPO_T7_133,1,49,,49,tp,49,133
70.23041117064265,-148.4458623,2021-08-23,Walker_2022,NIRPO_T7_134,1,47,,47,tp,47,134
70.2304081,-148.4458872,2021-08-23,Walker_2022,NIRPO_T7_135,1,47,,47,tp,47,135
70.23040503839292,-148.4459121,2021-08-23,Walker_2022,NIRPO_T7_136,1,48,,48,tp,48,136
70.23040197226288,-148.445937,2021-08-23,Walker_2022,NIRPO_T7_137,1,50,,50,tp,50,137
70.23039891,-148.4459618,2021-08-23,Walker_2022,NIRPO_T7_138,1,48,,48,tp,48,138
70.23039583999247,-148.4459867,2021-08-23,Walker_2022,NIRPO_T7_139,1,49,,49,tp,49,139
70.23039277,-148.4460116,2021-08-23,Walker_2022,NIRPO_T7_140,1,47,,47,tp,47,140
70.23038970770828,-148.4460365,2021-08-23,Walker_2022,NIRPO_T7_141,1,51,,51,tp,51,141
70.23038664156104,-148.4460614,2021-08-23,Walker_2022,NIRPO_T7_142,1,48,,48,tp,48,142
70.23038357541034,-148.4460862,2021-08-23,Walker_2022,NIRPO_T7_143,1,51,,51,tp,51,143
70.23038050925621,-148.4461111,2021-08-23,Walker_2022,NIRPO_T7_144,1,53,,53,tp,53,144
70.23037744309862,-148.446136,2021-08-23,Walker_2022,NIRPO_T7_145,1,51,,51,tp,51,145
70.23037437693759,-148.4461609,2021-08-23,Walker_2022,NIRPO_T7_146,1,53,,53,tp,53,146
70.23037131077311,-148.4461858,2021-08-23,Walker_2022,NIRPO_T7_147,1,61,,61,tp,61,147
70.23036824,-148.4462107,2021-08-23,Walker_2022,NIRPO_T7_148,1,54,,54,tp,54,148
70.23036517843386,-148.4462355,2021-08-23,Walker_2022,NIRPO_T7_149,1,52,,52,tp,52,149
70.23036211225906,-148.4462604,2021-08-23,Walker_2022,NIRPO_T7_150,1,54,,54,tp,54,150
70.23035905,-148.4462853,2021-08-23,Walker_2022,NIRPO_T7_151,1,50,,50,tp,50,151
70.23035597989912,-148.4463102,2021-08-23,Walker_2022,NIRPO_T7_152,1,57,,57,tp,57,152
70.23035291,-148.4463351,2021-08-23,Walker_2022,NIRPO_T7_153,1,55,,55,tp,55,153
70.23034984752542,-148.44636,2021-08-23,Walker_2022,NIRPO_T7_154,1,56,,56,tp,56,154
70.23034678,-148.4463848,2021-08-23,Walker_2022,NIRPO_T7_155,1,58,,58,tp,58,155
70.23034371513795,-148.4464097,2021-08-23,Walker_2022,NIRPO_T7_156,1,52,,52,tp,52,156
70.23034064893903,-148.4464346,2021-08-23,Walker_2022,NIRPO_T7_157,1,53,,53,tp,53,157
70.23033758,-148.4464595,2021-08-23,Walker_2022,NIRPO_T7_158,1,50,,50,tp,50,158
70.23033451653092,-148.4464844,2021-08-23,Walker_2022,NIRPO_T7_159,1,54,,54,tp,54,159
70.23033145032167,-148.4465092,2021-08-23,Walker_2022,NIRPO_T7_160,1,53,,53,tp,53,160
70.23032838,-148.4465341,2021-08-23,Walker_2022,NIRPO_T7_161,1,55,,55,tp,55,161
70.23032531789288,-148.446559,2021-08-23,Walker_2022,NIRPO_T7_162,1,51,,51,tp,51,162
70.23032225167333,-148.4465839,2021-08-23,Walker_2022,NIRPO_T7_163,1,50,,50,tp,50,163
70.23031918545031,-148.4466088,2021-08-23,Walker_2022,NIRPO_T7_164,1,50,,50,tp,50,164
70.23031611922387,-148.4466337,2021-08-23,Walker_2022,NIRPO_T7_165,1,52,,52,tp,52,165
70.23031305299398,-148.4466585,2021-08-23,Walker_2022,NIRPO_T7_166,1,50,,50,tp,50,166
70.23030998676064,-148.4466834,2021-08-23,Walker_2022,NIRPO_T7_167,1,55,,55,tp,55,167
70.23030692052387,-148.4467083,2021-08-23,Walker_2022,NIRPO_T7_168,1,50,,50,tp,50,168
70.23030385428365,-148.4467332,2021-08-23,Walker_2022,NIRPO_T7_169,1,48,,48,tp,48,169
70.23030078803998,-148.4467581,2021-08-23,Walker_2022,NIRPO_T7_170,1,36,,36,tp,36,170
70.23029772179288,-148.4467829,2021-08-23,Walker_2022,NIRPO_T7_171,1,55,,55,tp,55,171
70.23029465554232,-148.4468078,2021-08-23,Walker_2022,NIRPO_T7_172,1,48,,48,tp,48,172
70.23029158928833,-148.4468327,2021-08-23,Walker_2022,NIRPO_T7_173,1,58,,58,tp,58,173
70.23028852,-148.4468576,2021-08-23,Walker_2022,NIRPO_T7_174,1,50,,50,tp,50,174
70.23028545677002,-148.4468825,2021-08-23,Walker_2022,NIRPO_T7_175,1,57,,57,tp,57,175
70.23028239050569,-148.4469074,2021-08-23,Walker_2022,NIRPO_T7_176,1,51,,51,tp,51,176
70.23027932423793,-148.4469322,2021-08-23,Walker_2022,NIRPO_T7_177,1,51,,51,tp,51,177
70.23027625796672,-148.4469571,2021-08-23,Walker_2022,NIRPO_T7_178,1,54,,54,tp,54,178
70.23027319169206,-148.446982,2021-08-23,Walker_2022,NIRPO_T7_179,1,53,,53,tp,53,179
70.23027012541397,-148.4470069,2021-08-23,Walker_2022,NIRPO_T7_180,1,57,,57,tp,57,180
70.23026705913243,-148.4470318,2021-08-23,Walker_2022,NIRPO_T7_181,1,52,,52,tp,52,181
70.23026399284744,-148.4470566,2021-08-23,Walker_2022,NIRPO_T7_182,1,52,,52,tp,52,182
70.23026092655903,-148.4470815,2021-08-23,Walker_2022,NIRPO_T7_183,1,56,,56,tp,56,183
70.23025786026716,-148.4471064,2021-08-23,Walker_2022,NIRPO_T7_184,1,52,,52,tp,52,184
70.23025479397184,-148.4471313,2021-08-23,Walker_2022,NIRPO_T7_185,1,53,,53,tp,53,185
70.23025172767308,-148.4471562,2021-08-23,Walker_2022,NIRPO_T7_186,1,48,,48,tp,48,186
70.23024866,-148.4471811,2021-08-23,Walker_2022,NIRPO_T7_187,1,50,,50,tp,50,187
70.23024559506524,-148.4472059,2021-08-23,Walker_2022,NIRPO_T7_188,1,44,,44,tp,44,188
70.23024252875615,-148.4472308,2021-08-23,Walker_2022,NIRPO_T7_189,1,53,,53,tp,53,189
70.23023946244363,-148.4472557,2021-08-23,Walker_2022,NIRPO_T7_190,1,44,,44,tp,44,190
70.23023639612765,-148.4472806,2021-08-23,Walker_2022,NIRPO_T7_191,1,44,,44,tp,44,191
70.23023332980824,-148.4473055,2021-08-23,Walker_2022,NIRPO_T7_192,1,39,,39,tp,39,192
70.23023026,-148.4473304,2021-08-23,Walker_2022,NIRPO_T7_193,1,43,,43,tp,43,193
70.2302272,-148.4473552,2021-08-23,Walker_2022,NIRPO_T7_194,1,45,,45,tp,45,194
70.23022413082936,-148.4473801,2021-08-23,Walker_2022,NIRPO_T7_195,1,44,,44,tp,44,195
70.23022106449616,-148.447405,2021-08-23,Walker_2022,NIRPO_T7_196,1,40,,40,tp,40,196
70.23021799815953,-148.4474299,2021-08-23,Walker_2022,NIRPO_T7_197,1,44,,44,tp,44,197
70.23021493181946,-148.4474548,2021-08-23,Walker_2022,NIRPO_T7_198,1,42,,42,tp,42,198
70.23021186547594,-148.4474796,2021-08-23,Walker_2022,NIRPO_T7_199,1,43,,43,tp,43,199
70.23020879912899,-148.4475045,2021-08-23,Walker_2022,NIRPO_T7_200,1,30,,30,tp,30,200
70.23172179194208,-148.4568014,2021-08-23,Walker_2022,NIRPO_T8_1,1,31,,31,tp,31,1
70.23171758,-148.4568248,2021-08-23,Walker_2022,NIRPO_T8_2,1,31,,31,tp,31,2
70.23171338,-148.4568481,2021-08-23,Walker_2022,NIRPO_T8_3,1,40,,40,tp,40,3
70.23170916775005,-148.4568715,2021-08-23,Walker_2022,NIRPO_T8_4,1,42,,42,tp,42,4
70.23170495967996,-148.4568949,2021-08-23,Walker_2022,NIRPO_T8_5,1,38,,38,tp,38,5
70.23170075160684,-148.4569183,2021-08-23,Walker_2022,NIRPO_T8_6,1,45,,45,tp,45,6
70.23169654353066,-148.4569417,2021-08-23,Walker_2022,NIRPO_T8_7,1,43,,43,tp,43,7
70.23169233545144,-148.4569651,2021-08-23,Walker_2022,NIRPO_T8_8,1,43,,43,tp,43,8
70.23168813,-148.4569884,2021-08-23,Walker_2022,NIRPO_T8_9,1,44,,44,tp,44,9
70.23168392,-148.4570118,2021-08-23,Walker_2022,NIRPO_T8_10,1,47,,47,tp,47,10
70.23167971119557,-148.4570352,2021-08-23,Walker_2022,NIRPO_T8_11,1,45,,45,tp,45,11
70.23167550310419,-148.4570586,2021-08-23,Walker_2022,NIRPO_T8_12,1,54,,54,tp,54,12
70.23167129500976,-148.457082,2021-08-23,Walker_2022,NIRPO_T8_13,1,34,,34,tp,34,13
70.23166708691231,-148.4571053,2021-08-23,Walker_2022,NIRPO_T8_14,1,41,,41,tp,41,14
70.23166288,-148.4571287,2021-08-23,Walker_2022,NIRPO_T8_15,1,40,,40,tp,40,15
70.23165867070826,-148.4571521,2021-08-23,Walker_2022,NIRPO_T8_16,1,41,,41,tp,41,16
70.23165446260167,-148.4571755,2021-08-23,Walker_2022,NIRPO_T8_17,1,42,,42,tp,42,17
70.23165025449205,-148.4571989,2021-08-23,Walker_2022,NIRPO_T8_18,1,44,,44,tp,44,18
70.23164604637938,-148.4572223,2021-08-23,Walker_2022,NIRPO_T8_19,1,45,,45,tp,45,19
70.23164183826367,-148.4572456,2021-08-23,Walker_2022,NIRPO_T8_20,1,45,,45,tp,45,20
70.23163763014492,-148.457269,2021-08-23,Walker_2022,NIRPO_T8_21,1,47,,47,tp,47,21
70.23163342202312,-148.4572924,2021-08-23,Walker_2022,NIRPO_T8_22,1,47,,47,tp,47,22
70.23162921389829,-148.4573158,2021-08-23,Walker_2022,NIRPO_T8_23,1,45,,45,tp,45,23
70.23162500577043,-148.4573392,2021-08-23,Walker_2022,NIRPO_T8_24,1,44,,44,tp,44,24
70.23162079763951,-148.4573625,2021-08-23,Walker_2022,NIRPO_T8_25,1,45,,45,tp,45,25
70.23161658950555,-148.4573859,2021-08-23,Walker_2022,NIRPO_T8_26,1,46,,46,tp,46,26
70.23161238136856,-148.4574093,2021-08-23,Walker_2022,NIRPO_T8_27,1,43,,43,tp,43,27
70.23160817322852,-148.4574327,2021-08-23,Walker_2022,NIRPO_T8_28,1,46,,46,tp,46,28
70.23160396508543,-148.4574561,2021-08-23,Walker_2022,NIRPO_T8_29,1,41,,41,tp,41,29
70.23159975693932,-148.4574794,2021-08-23,Walker_2022,NIRPO_T8_30,1,41,,41,tp,41,30
70.23159554879015,-148.4575028,2021-08-23,Walker_2022,NIRPO_T8_31,1,40,,40,tp,40,31
70.23159134063795,-148.4575262,2021-08-23,Walker_2022,NIRPO_T8_32,1,44,,44,tp,44,32
70.23158713,-148.4575496,2021-08-23,Walker_2022,NIRPO_T8_33,1,44,,44,tp,44,33
70.23158292432441,-148.457573,2021-08-23,Walker_2022,NIRPO_T8_34,1,41,,41,tp,41,34
70.23157871616309,-148.4575964,2021-08-23,Walker_2022,NIRPO_T8_35,1,41,,41,tp,41,35
70.23157450799872,-148.4576197,2021-08-23,Walker_2022,NIRPO_T8_36,1,44,,44,tp,44,36
70.2315703,-148.4576431,2021-08-23,Walker_2022,NIRPO_T8_37,1,45,,45,tp,45,37
70.23156609166085,-148.4576665,2021-08-23,Walker_2022,NIRPO_T8_38,1,45,,45,tp,45,38
70.23156188348736,-148.4576899,2021-08-23,Walker_2022,NIRPO_T8_39,1,47,,47,tp,47,39
70.23155767531082,-148.4577133,2021-08-23,Walker_2022,NIRPO_T8_40,1,46,,46,tp,46,40
70.23155346713125,-148.4577366,2021-08-23,Walker_2022,NIRPO_T8_41,1,46,,46,tp,46,41
70.23154925894863,-148.45776,2021-08-23,Walker_2022,NIRPO_T8_42,1,45,,45,tp,45,42
70.23154505076297,-148.4577834,2021-08-23,Walker_2022,NIRPO_T8_43,1,42,,42,tp,42,43
70.23154084257428,-148.4578068,2021-08-23,Walker_2022,NIRPO_T8_44,1,46,,46,tp,46,44
70.23153663438254,-148.4578302,2021-08-23,Walker_2022,NIRPO_T8_45,1,42,,42,tp,42,45
70.23153242618775,-148.4578536,2021-08-23,Walker_2022,NIRPO_T8_46,1,45,,45,tp,45,46
70.23152821798993,-148.4578769,2021-08-23,Walker_2022,NIRPO_T8_47,1,44,,44,tp,44,47
70.23152400978906,-148.4579003,2021-08-23,Walker_2022,NIRPO_T8_48,1,46,,46,tp,46,48
70.23151980158515,-148.4579237,2021-08-23,Walker_2022,NIRPO_T8_49,1,44,,44,tp,44,49
70.23151559,-148.4579471,2021-08-23,Walker_2022,NIRPO_T8_50,1,42,,42,tp,42,50
70.23151138516822,-148.4579705,2021-08-23,Walker_2022,NIRPO_T8_51,1,46,,46,tp,46,51
70.23150717695519,-148.4579938,2021-08-23,Walker_2022,NIRPO_T8_52,1,43,,43,tp,43,52
70.23150296873912,-148.4580172,2021-08-23,Walker_2022,NIRPO_T8_53,1,45,,45,tp,45,53
70.23149876,-148.4580406,2021-08-23,Walker_2022,NIRPO_T8_54,1,50,,50,tp,50,54
70.23149455229785,-148.458064,2021-08-23,Walker_2022,NIRPO_T8_55,1,45,,45,tp,45,55
70.23149034407265,-148.4580874,2021-08-23,Walker_2022,NIRPO_T8_56,1,45,,45,tp,45,56
70.23148613584442,-148.4581107,2021-08-23,Walker_2022,NIRPO_T8_57,1,47,,47,tp,47,57
70.23148192761315,-148.4581341,2021-08-23,Walker_2022,NIRPO_T8_58,1,48,,48,tp,48,58
70.23147771937883,-148.4581575,2021-08-23,Walker_2022,NIRPO_T8_59,1,46,,46,tp,46,59
70.23147351114147,-148.4581809,2021-08-23,Walker_2022,NIRPO_T8_60,1,44,,44,tp,44,60
70.23146930290106,-148.4582043,2021-08-23,Walker_2022,NIRPO_T8_61,1,41,,41,tp,41,61
70.23146509465762,-148.4582277,2021-08-23,Walker_2022,NIRPO_T8_62,1,41,,41,tp,41,62
70.23146088641113,-148.458251,2021-08-23,Walker_2022,NIRPO_T8_63,1,40,,40,tp,40,63
70.23145667816162,-148.4582744,2021-08-23,Walker_2022,NIRPO_T8_64,1,40,,40,tp,40,64
70.23145246990904,-148.4582978,2021-08-23,Walker_2022,NIRPO_T8_65,1,37,,37,tp,37,65
70.23144826165344,-148.4583212,2021-08-23,Walker_2022,NIRPO_T8_66,1,43,,43,tp,43,66
70.23144405,-148.4583446,2021-08-23,Walker_2022,NIRPO_T8_67,1,43,,43,tp,43,67
70.23143984513311,-148.4583679,2021-08-23,Walker_2022,NIRPO_T8_68,1,45,,45,tp,45,68
70.23143563686837,-148.4583913,2021-08-23,Walker_2022,NIRPO_T8_69,1,43,,43,tp,43,69
70.23143143,-148.4584147,2021-08-23,Walker_2022,NIRPO_T8_70,1,47,,47,tp,47,70
70.23142722032979,-148.4584381,2021-08-23,Walker_2022,NIRPO_T8_71,1,46,,46,tp,46,71
70.23142301205593,-148.4584615,2021-08-23,Walker_2022,NIRPO_T8_72,1,45,,45,tp,45,72
70.23141880377904,-148.4584848,2021-08-23,Walker_2022,NIRPO_T8_73,1,40,,40,tp,40,73
70.2314146,-148.4585082,2021-08-23,Walker_2022,NIRPO_T8_74,1,46,,46,tp,46,74
70.23141038721612,-148.4585316,2021-08-23,Walker_2022,NIRPO_T8_75,1,50,,50,tp,50,75
70.23140618,-148.458555,2021-08-23,Walker_2022,NIRPO_T8_76,1,46,,46,tp,46,76
70.23140197064104,-148.4585784,2021-08-23,Walker_2022,NIRPO_T8_77,1,43,,43,tp,43,77
70.23139776234893,-148.4586017,2021-08-23,Walker_2022,NIRPO_T8_78,1,44,,44,tp,44,78
70.23139355,-148.4586251,2021-08-23,Walker_2022,NIRPO_T8_79,1,37,,37,tp,37,79
70.23138934575562,-148.4586485,2021-08-23,Walker_2022,NIRPO_T8_80,1,43,,43,tp,43,80
70.23138513745438,-148.4586719,2021-08-23,Walker_2022,NIRPO_T8_81,1,43,,43,tp,43,81
70.23138092915012,-148.4586953,2021-08-23,Walker_2022,NIRPO_T8_82,1,45,,45,tp,45,82
70.23137672084282,-148.4587187,2021-08-23,Walker_2022,NIRPO_T8_83,1,44,,44,tp,44,83
70.23137251253246,-148.458742,2021-08-23,Walker_2022,NIRPO_T8_84,1,44,,44,tp,44,84
70.23136830421907,-148.4587654,2021-08-23,Walker_2022,NIRPO_T8_85,1,43,,43,tp,43,85
70.23136409590265,-148.4587888,2021-08-23,Walker_2022,NIRPO_T8_86,1,41,,41,tp,41,86
70.23135988758317,-148.4588122,2021-08-23,Walker_2022,NIRPO_T8_87,1,41,,41,tp,41,87
70.23135567926066,-148.4588356,2021-08-23,Walker_2022,NIRPO_T8_88,1,44,,44,tp,44,88
70.23135147,-148.4588589,2021-08-23,Walker_2022,NIRPO_T8_89,1,40,,40,tp,40,89
70.23134726,-148.4588823,2021-08-23,Walker_2022,NIRPO_T8_90,1,38,,38,tp,38,90
70.23134305427487,-148.4589057,2021-08-23,Walker_2022,NIRPO_T8_91,1,37,,37,tp,37,91
70.23133885,-148.4589291,2021-08-23,Walker_2022,NIRPO_T8_92,1,35,,35,tp,35,92
70.23133463760247,-148.4589525,2021-08-23,Walker_2022,NIRPO_T8_93,1,31,,31,tp,31,93
70.23133043,-148.4589758,2021-08-23,Walker_2022,NIRPO_T8_94,1,36,,36,tp,36,94
70.23132622091791,-148.4589992,2021-08-23,Walker_2022,NIRPO_T8_95,1,34,,34,tp,34,95
70.23132201257107,-148.4590226,2021-08-23,Walker_2022,NIRPO_T8_96,1,37,,37,tp,37,96
70.23131780422119,-148.459046,2021-08-23,Walker_2022,NIRPO_T8_97,1,32,,32,tp,32,97
70.23131359586826,-148.4590694,2021-08-23,Walker_2022,NIRPO_T8_98,1,32,,32,tp,32,98
70.23130939,-148.4590927,2021-08-23,Walker_2022,NIRPO_T8_99,1,33,,33,tp,33,99
70.23130517915328,-148.4591161,2021-08-23,Walker_2022,NIRPO_T8_100,1,35,,35,tp,35,100
70.23130097079124,-148.4591395,2021-08-23,Walker_2022,NIRPO_T8_101,1,37,,37,tp,37,101
70.23129676242614,-148.4591629,2021-08-23,Walker_2022,NIRPO_T8_102,1,39,,39,tp,39,102
70.23129255405802,-148.4591863,2021-08-23,Walker_2022,NIRPO_T8_103,1,42,,42,tp,42,103
70.23128834568683,-148.4592097,2021-08-23,Walker_2022,NIRPO_T8_104,1,43,,43,tp,43,104
70.23128413731263,-148.459233,2021-08-23,Walker_2022,NIRPO_T8_105,1,43,,43,tp,43,105
70.23127992893538,-148.4592564,2021-08-23,Walker_2022,NIRPO_T8_106,1,44,,44,tp,44,106
70.23127572055508,-148.4592798,2021-08-23,Walker_2022,NIRPO_T8_107,1,41,,41,tp,41,107
70.23127151217174,-148.4593032,2021-08-23,Walker_2022,NIRPO_T8_108,1,39,,39,tp,39,108
70.23126730378536,-148.4593266,2021-08-23,Walker_2022,NIRPO_T8_109,1,40,,40,tp,40,109
70.23126309539595,-148.4593499,2021-08-23,Walker_2022,NIRPO_T8_110,1,38,,38,tp,38,110
70.23125888700348,-148.4593733,2021-08-23,Walker_2022,NIRPO_T8_111,1,39,,39,tp,39,111
70.23125467860798,-148.4593967,2021-08-23,Walker_2022,NIRPO_T8_112,1,40,,40,tp,40,112
70.23125047020943,-148.4594201,2021-08-23,Walker_2022,NIRPO_T8_113,1,40,,40,tp,40,113
70.23124626180785,-148.4594435,2021-08-23,Walker_2022,NIRPO_T8_114,1,42,,42,tp,42,114
70.23124205340324,-148.4594668,2021-08-23,Walker_2022,NIRPO_T8_115,1,40,,40,tp,40,115
70.23123784499556,-148.4594902,2021-08-23,Walker_2022,NIRPO_T8_116,1,43,,43,tp,43,116
70.23123363658486,-148.4595136,2021-08-23,Walker_2022,NIRPO_T8_117,1,41,,41,tp,41,117
70.23122943,-148.459537,2021-08-23,Walker_2022,NIRPO_T8_118,1,43,,43,tp,43,118
70.23122521975432,-148.4595604,2021-08-23,Walker_2022,NIRPO_T8_119,1,39,,39,tp,39,119
70.23122101,-148.4595837,2021-08-23,Walker_2022,NIRPO_T8_120,1,45,,45,tp,45,120
70.23121680291162,-148.4596071,2021-08-23,Walker_2022,NIRPO_T8_121,1,41,,41,tp,41,121
70.23121259448571,-148.4596305,2021-08-23,Walker_2022,NIRPO_T8_122,1,40,,40,tp,40,122
70.23120838605675,-148.4596539,2021-08-23,Walker_2022,NIRPO_T8_123,1,42,,42,tp,42,123
70.23120417762476,-148.4596773,2021-08-23,Walker_2022,NIRPO_T8_124,1,41,,41,tp,41,124
70.23119996918972,-148.4597006,2021-08-23,Walker_2022,NIRPO_T8_125,1,40,,40,tp,40,125
70.23119576075165,-148.459724,2021-08-23,Walker_2022,NIRPO_T8_126,1,41,,41,tp,41,126
70.23119155231052,-148.4597474,2021-08-23,Walker_2022,NIRPO_T8_127,1,40,,40,tp,40,127
70.23118734386637,-148.4597708,2021-08-23,Walker_2022,NIRPO_T8_128,1,41,,41,tp,41,128
70.23118313541916,-148.4597942,2021-08-23,Walker_2022,NIRPO_T8_129,1,41,,41,tp,41,129
70.23117892696892,-148.4598175,2021-08-23,Walker_2022,NIRPO_T8_130,1,42,,42,tp,42,130
70.23117471851565,-148.4598409,2021-08-23,Walker_2022,NIRPO_T8_131,1,41,,41,tp,41,131
70.23117051005931,-148.4598643,2021-08-23,Walker_2022,NIRPO_T8_132,1,43,,43,tp,43,132
70.23116630159996,-148.4598877,2021-08-23,Walker_2022,NIRPO_T8_133,1,43,,43,tp,43,133
70.23116209313754,-148.4599111,2021-08-23,Walker_2022,NIRPO_T8_134,1,40,,40,tp,40,134
70.23115788,-148.4599345,2021-08-23,Walker_2022,NIRPO_T8_135,1,35,,35,tp,35,135
70.23115368,-148.4599578,2021-08-23,Walker_2022,NIRPO_T8_136,1,41,,41,tp,41,136
70.23114946773208,-148.4599812,2021-08-23,Walker_2022,NIRPO_T8_137,1,42,,42,tp,42,137
70.23114525925752,-148.4600046,2021-08-23,Walker_2022,NIRPO_T8_138,1,46,,46,tp,46,138
70.23114105,-148.460028,2021-08-23,Walker_2022,NIRPO_T8_139,1,42,,42,tp,42,139
70.23113684229925,-148.4600514,2021-08-23,Walker_2022,NIRPO_T8_140,1,42,,42,tp,42,140
70.23113263381555,-148.4600747,2021-08-23,Walker_2022,NIRPO_T8_141,1,43,,43,tp,43,141
70.23112842532882,-148.4600981,2021-08-23,Walker_2022,NIRPO_T8_142,1,42,,42,tp,42,142
70.23112421683904,-148.4601215,2021-08-23,Walker_2022,NIRPO_T8_143,1,42,,42,tp,42,143
70.23112000834622,-148.4601449,2021-08-23,Walker_2022,NIRPO_T8_144,1,44,,44,tp,44,144
70.23111579985037,-148.4601683,2021-08-23,Walker_2022,NIRPO_T8_145,1,40,,40,tp,40,145
70.23111159135146,-148.4601916,2021-08-23,Walker_2022,NIRPO_T8_146,1,40,,40,tp,40,146
70.23110738284953,-148.460215,2021-08-23,Walker_2022,NIRPO_T8_147,1,42,,42,tp,42,147
70.23110317434455,-148.4602384,2021-08-23,Walker_2022,NIRPO_T8_148,1,41,,41,tp,41,148
70.23109896583652,-148.4602618,2021-08-23,Walker_2022,NIRPO_T8_149,1,42,,42,tp,42,149
70.23109475732547,-148.4602852,2021-08-23,Walker_2022,NIRPO_T8_150,1,40,,40,tp,40,150
70.23109054881135,-148.4603085,2021-08-23,Walker_2022,NIRPO_T8_151,1,40,,40,tp,40,151
70.23108634029421,-148.4603319,2021-08-23,Walker_2022,NIRPO_T8_152,1,41,,41,tp,41,152
70.23108213177403,-148.4603553,2021-08-23,Walker_2022,NIRPO_T8_153,1,40,,40,tp,40,153
70.23107792325081,-148.4603787,2021-08-23,Walker_2022,NIRPO_T8_154,1,42,,42,tp,42,154
70.23107371472453,-148.4604021,2021-08-23,Walker_2022,NIRPO_T8_155,1,38,,38,tp,38,155
70.23106950619523,-148.4604254,2021-08-23,Walker_2022,NIRPO_T8_156,1,41,,41,tp,41,156
70.23106529766287,-148.4604488,2021-08-23,Walker_2022,NIRPO_T8_157,1,42,,42,tp,42,157
70.23106108912748,-148.4604722,2021-08-23,Walker_2022,NIRPO_T8_158,1,43,,43,tp,43,158
70.23105688058905,-148.4604956,2021-08-23,Walker_2022,NIRPO_T8_159,1,43,,43,tp,43,159
70.23105267204758,-148.460519,2021-08-23,Walker_2022,NIRPO_T8_160,1,43,,43,tp,43,160
70.23104846350306,-148.4605423,2021-08-23,Walker_2022,NIRPO_T8_161,1,41,,41,tp,41,161
70.23104425495549,-148.4605657,2021-08-23,Walker_2022,NIRPO_T8_162,1,43,,43,tp,43,162
70.23104005,-148.4605891,2021-08-23,Walker_2022,NIRPO_T8_163,1,41,,41,tp,41,163
70.23103583785127,-148.4606125,2021-08-23,Walker_2022,NIRPO_T8_164,1,42,,42,tp,42,164
70.23103162929459,-148.4606359,2021-08-23,Walker_2022,NIRPO_T8_165,1,43,,43,tp,43,165
70.23102742073486,-148.4606592,2021-08-23,Walker_2022,NIRPO_T8_166,1,41,,41,tp,41,166
70.23102321,-148.4606826,2021-08-23,Walker_2022,NIRPO_T8_167,1,40,,40,tp,40,167
70.231019,-148.460706,2021-08-23,Walker_2022,NIRPO_T8_168,1,43,,43,tp,43,168
70.23101479503747,-148.4607294,2021-08-23,Walker_2022,NIRPO_T8_169,1,40,,40,tp,40,169
70.23101058646557,-148.4607528,2021-08-23,Walker_2022,NIRPO_T8_170,1,41,,41,tp,41,170
70.23100637789065,-148.4607761,2021-08-23,Walker_2022,NIRPO_T8_171,1,43,,43,tp,43,171
70.23100216931269,-148.4607995,2021-08-23,Walker_2022,NIRPO_T8_172,1,41,,41,tp,41,172
70.23099796073168,-148.4608229,2021-08-23,Walker_2022,NIRPO_T8_173,1,42,,42,tp,42,173
70.23099375214764,-148.4608463,2021-08-23,Walker_2022,NIRPO_T8_174,1,44,,44,tp,44,174
70.23098954356054,-148.4608697,2021-08-23,Walker_2022,NIRPO_T8_175,1,44,,44,tp,44,175
70.23098533497041,-148.460893,2021-08-23,Walker_2022,NIRPO_T8_176,1,40,,40,tp,40,176
70.23098112637723,-148.4609164,2021-08-23,Walker_2022,NIRPO_T8_177,1,42,,42,tp,42,177
70.23097691778102,-148.4609398,2021-08-23,Walker_2022,NIRPO_T8_178,1,39,,39,tp,39,178
70.23097270918177,-148.4609632,2021-08-23,Walker_2022,NIRPO_T8_179,1,45,,45,tp,45,179
70.23096850057948,-148.4609866,2021-08-23,Walker_2022,NIRPO_T8_180,1,44,,44,tp,44,180
70.23096429197415,-148.4610099,2021-08-23,Walker_2022,NIRPO_T8_181,1,42,,42,tp,42,181
70.23096008336577,-148.4610333,2021-08-23,Walker_2022,NIRPO_T8_182,1,41,,41,tp,41,182
70.23095587475436,-148.4610567,2021-08-23,Walker_2022,NIRPO_T8_183,1,40,,40,tp,40,183
70.23095166613989,-148.4610801,2021-08-23,Walker_2022,NIRPO_T8_184,1,43,,43,tp,43,184
70.23094745752239,-148.4611035,2021-08-23,Walker_2022,NIRPO_T8_185,1,42,,42,tp,42,185
70.23094324890185,-148.4611268,2021-08-23,Walker_2022,NIRPO_T8_186,1,44,,44,tp,44,186
70.23093904027827,-148.4611502,2021-08-23,Walker_2022,NIRPO_T8_187,1,42,,42,tp,42,187
70.23093483165165,-148.4611736,2021-08-23,Walker_2022,NIRPO_T8_188,1,44,,44,tp,44,188
70.23093062302199,-148.461197,2021-08-23,Walker_2022,NIRPO_T8_189,1,38,,38,tp,38,189
70.23092641438927,-148.4612204,2021-08-23,Walker_2022,NIRPO_T8_190,1,37,,37,tp,37,190
70.23092220575353,-148.4612437,2021-08-23,Walker_2022,NIRPO_T8_191,1,42,,42,tp,42,191
70.23091799711474,-148.4612671,2021-08-23,Walker_2022,NIRPO_T8_192,1,43,,43,tp,43,192
70.23091378847292,-148.4612905,2021-08-23,Walker_2022,NIRPO_T8_193,1,43,,43,tp,43,193
70.23090957982805,-148.4613139,2021-08-23,Walker_2022,NIRPO_T8_194,1,46,,46,tp,46,194
70.23090537118014,-148.4613373,2021-08-23,Walker_2022,NIRPO_T8_195,1,42,,42,tp,42,195
70.23090116,-148.4613606,2021-08-23,Walker_2022,NIRPO_T8_196,1,44,,44,tp,44,196
70.23089695,-148.461384,2021-08-23,Walker_2022,NIRPO_T8_197,1,42,,42,tp,42,197
70.23089274521817,-148.4614074,2021-08-23,Walker_2022,NIRPO_T8_198,1,42,,42,tp,42,198
70.23088854,-148.4614308,2021-08-23,Walker_2022,NIRPO_T8_199,1,41,,41,tp,41,199
70.23088432789498,-148.4614542,2021-08-23,Walker_2022,NIRPO_T8_200,1,31,,31,tp,31,200
