site_id,date,lat,lon,thaw_depth,pf_observed,pf_depth,obs_limit,method,source,site_name,transect_name,transect_point,natali_source_thaw_depth_cm,natali_notes,natali_coordinate_source,quality_flag_coord_lookup_or_interpolated,quality_flag_source_unit_or_code_recoded,quality_flag_refusal_or_obstruction_note
Natali_2023_HCU_T1_L0,2016-08-09,65.567191,-148.925705,33.0,1,33.0,,tp,Natali_2023,Hess Creek Unburned,1,0,33.0,,source_endpoint,False,False,False
Natali_2023_HCU_T1_L1,2016-08-09,65.56720056666666,-148.9257083,56.0,1,56.0,,tp,Natali_2023,Hess Creek Unburned,1,1,56.0,,interpolated_transect,True,False,False
Natali_2023_HCU_T1_L2,2016-08-09,65.56721013333333,-148.9257116,33.0,1,33.0,,tp,Natali_2023,Hess Creek Unburned,1,2,33.0,,interpolated_transect,True,False,False
Natali_2023_HCU_T1_L3,2016-08-09,65.5672197,-148.9257149,48.0,1,48.0,,tp,Natali_2023,Hess Creek Unburned,1,3,48.0,,interpolated_transect,True,False,False
Natali_2023_HCU_T1_L4,2016-08-09,65.56722926666666,-148.9257182,36.0,1,36.0,,tp,Natali_2023,Hess Creek Unburned,1,4,36.0,,interpolated_transect,True,False,False
Natali_2023_HCU_T1_L5,2016-08-09,65.56723883333333,-148.9257215,48.0,1,48.0,,tp,Natali_2023,Hess Creek Unburned,1,5,48.0,,interpolated_transect,True,False,False
Natali_2023_HCU_T1_L6,2016-08-09,65.5672484,-148.92572479999998,54.0,1,54.0,,tp,Natali_2023,Hess Creek Unburned,1,6,54.0,,interpolated_transect,True,False,False
Natali_2023_HCU_T1_L7,2016-08-09,65.56725796666666,-148.9257281,57.0,1,57.0,,tp,Natali_2023,Hess Creek Unburned,1,7,57.0,,interpolated_transect,True,False,False
Natali_2023_HCU_T1_L8,2016-08-09,65.56726753333332,-148.9257314,40.0,1,40.0,,tp,Natali_2023,Hess Creek Unburned,1,8,40.0,,interpolated_transect,True,False,False
Natali_2023_HCU_T1_L9,2016-08-09,65.5672771,-148.9257347,36.0,1,36.0,,tp,Natali_2023,Hess Creek Unburned,1,9,36.0,,interpolated_transect,True,False,False
Natali_2023_HCU_T1_L10,2016-08-09,65.56728666666666,-148.925738,32.0,1,32.0,,tp,Natali_2023,Hess Creek Unburned,1,10,32.0,,interpolated_transect,True,False,False
Natali_2023_HCU_T1_L11,2016-08-09,65.56729623333332,-148.9257413,43.0,1,43.0,,tp,Natali_2023,Hess Creek Unburned,1,11,43.0,,interpolated_transect,True,False,False
Natali_2023_HCU_T1_L12,2016-08-09,65.5673058,-148.9257446,33.0,1,33.0,,tp,Natali_2023,Hess Creek Unburned,1,12,33.0,,interpolated_transect,True,False,False
Natali_2023_HCU_T1_L13,2016-08-09,65.56731536666666,-148.9257479,36.0,1,36.0,,tp,Natali_2023,Hess Creek Unburned,1,13,36.0,,interpolated_transect,True,False,False
Natali_2023_HCU_T1_L14,2016-08-09,65.56732493333332,-148.9257512,45.0,1,45.0,,tp,Natali_2023,Hess Creek Unburned,1,14,45.0,,interpolated_transect,True,False,False
Natali_2023_HCU_T1_L15,2016-08-09,65.56733449999999,-148.92575449999998,43.0,1,43.0,,tp,Natali_2023,Hess Creek Unburned,1,15,43.0,,interpolated_transect,True,False,False
Natali_2023_HCU_T1_L16,2016-08-09,65.56734406666666,-148.92575779999999,34.0,1,34.0,,tp,Natali_2023,Hess Creek Unburned,1,16,34.0,,interpolated_transect,True,False,False
Natali_2023_HCU_T1_L17,2016-08-09,65.56735363333333,-148.9257611,45.0,1,45.0,,tp,Natali_2023,Hess Creek Unburned,1,17,45.0,,interpolated_transect,True,False,False
Natali_2023_HCU_T1_L18,2016-08-09,65.56736319999999,-148.9257644,40.0,1,40.0,,tp,Natali_2023,Hess Creek Unburned,1,18,40.0,,interpolated_transect,True,False,False
Natali_2023_HCU_T1_L19,2016-08-09,65.56737276666667,-148.9257677,35.0,1,35.0,,tp,Natali_2023,Hess Creek Unburned,1,19,35.0,,interpolated_transect,True,False,False
Natali_2023_HCU_T1_L20,2016-08-09,65.56738233333333,-148.925771,47.0,1,47.0,,tp,Natali_2023,Hess Creek Unburned,1,20,47.0,,interpolated_transect,True,False,False
Natali_2023_HCU_T1_L21,2016-08-09,65.56739189999999,-148.9257743,37.0,1,37.0,,tp,Natali_2023,Hess Creek Unburned,1,21,37.0,,interpolated_transect,True,False,False
Natali_2023_HCU_T1_L22,2016-08-09,65.56740146666667,-148.9257776,32.0,1,32.0,,tp,Natali_2023,Hess Creek Unburned,1,22,32.0,,interpolated_transect,True,False,False
Natali_2023_HCU_T1_L23,2016-08-09,65.56741103333333,-148.9257809,28.0,1,28.0,,tp,Natali_2023,Hess Creek Unburned,1,23,28.0,,interpolated_transect,True,False,False
Natali_2023_HCU_T1_L24,2016-08-09,65.56742059999999,-148.9257842,41.0,1,41.0,,tp,Natali_2023,Hess Creek Unburned,1,24,41.0,,interpolated_transect,True,False,False
Natali_2023_HCU_T1_L25,2016-08-09,65.56743016666665,-148.9257875,39.0,1,39.0,,tp,Natali_2023,Hess Creek Unburned,1,25,39.0,,interpolated_transect,True,False,False
Natali_2023_HCU_T1_L26,2016-08-09,65.56743973333333,-148.9257908,47.0,1,47.0,,tp,Natali_2023,Hess Creek Unburned,1,26,47.0,,interpolated_transect,True,False,False
Natali_2023_HCU_T1_L27,2016-08-09,65.56744929999999,-148.9257941,44.0,1,44.0,,tp,Natali_2023,Hess Creek Unburned,1,27,44.0,,interpolated_transect,True,False,False
Natali_2023_HCU_T1_L28,2016-08-09,65.56745886666666,-148.9257974,43.0,1,43.0,,tp,Natali_2023,Hess Creek Unburned,1,28,43.0,,interpolated_transect,True,False,False
Natali_2023_HCU_T1_L29,2016-08-09,65.56746843333333,-148.9258007,49.0,1,49.0,,tp,Natali_2023,Hess Creek Unburned,1,29,49.0,,interpolated_transect,True,False,False
Natali_2023_HCU_T1_L30,2016-08-09,65.567478,-148.925804,38.0,1,38.0,,tp,Natali_2023,Hess Creek Unburned,1,30,38.0,,source_endpoint,False,False,False
Natali_2023_HCU_T2_L0,2016-08-09,65.567228,-148.925424,51.0,1,51.0,,tp,Natali_2023,Hess Creek Unburned,2,0,51.0,,source_endpoint,False,False,False
Natali_2023_HCU_T2_L1,2016-08-09,65.5672356,-148.9254296,47.0,1,47.0,,tp,Natali_2023,Hess Creek Unburned,2,1,47.0,,interpolated_transect,True,False,False
Natali_2023_HCU_T2_L2,2016-08-09,65.56724320000001,-148.92543519999998,41.0,1,41.0,,tp,Natali_2023,Hess Creek Unburned,2,2,41.0,,interpolated_transect,True,False,False
Natali_2023_HCU_T2_L3,2016-08-09,65.5672508,-148.9254408,40.0,1,40.0,,tp,Natali_2023,Hess Creek Unburned,2,3,40.0,,interpolated_transect,True,False,False
Natali_2023_HCU_T2_L4,2016-08-09,65.5672584,-148.9254464,50.0,1,50.0,,tp,Natali_2023,Hess Creek Unburned,2,4,50.0,,interpolated_transect,True,False,False
Natali_2023_HCU_T2_L5,2016-08-09,65.567266,-148.925452,42.0,1,42.0,,tp,Natali_2023,Hess Creek Unburned,2,5,42.0,,interpolated_transect,True,False,False
Natali_2023_HCU_T2_L6,2016-08-09,65.56727360000001,-148.9254576,38.0,1,38.0,,tp,Natali_2023,Hess Creek Unburned,2,6,38.0,,interpolated_transect,True,False,False
Natali_2023_HCU_T2_L7,2016-08-09,65.5672812,-148.9254632,21.0,1,21.0,,tp,Natali_2023,Hess Creek Unburned,2,7,21.0,Rock,interpolated_transect,True,False,True
Natali_2023_HCU_T2_L8,2016-08-09,65.5672888,-148.9254688,48.0,1,48.0,,tp,Natali_2023,Hess Creek Unburned,2,8,48.0,,interpolated_transect,True,False,False
Natali_2023_HCU_T2_L9,2016-08-09,65.5672964,-148.92547439999998,50.0,1,50.0,,tp,Natali_2023,Hess Creek Unburned,2,9,50.0,,interpolated_transect,True,False,False
Natali_2023_HCU_T2_L10,2016-08-09,65.56730400000001,-148.92548,37.0,1,37.0,,tp,Natali_2023,Hess Creek Unburned,2,10,37.0,,interpolated_transect,True,False,False
Natali_2023_HCU_T2_L11,2016-08-09,65.5673116,-148.9254856,37.0,1,37.0,,tp,Natali_2023,Hess Creek Unburned,2,11,37.0,,interpolated_transect,True,False,False
Natali_2023_HCU_T2_L12,2016-08-09,65.5673192,-148.92549119999998,55.0,1,55.0,,tp,Natali_2023,Hess Creek Unburned,2,12,55.0,,interpolated_transect,True,False,False
Natali_2023_HCU_T2_L13,2016-08-09,65.5673268,-148.9254968,35.0,1,35.0,,tp,Natali_2023,Hess Creek Unburned,2,13,35.0,,interpolated_transect,True,False,False
Natali_2023_HCU_T2_L14,2016-08-09,65.56733440000001,-148.9255024,46.0,1,46.0,,tp,Natali_2023,Hess Creek Unburned,2,14,46.0,,interpolated_transect,True,False,False
Natali_2023_HCU_T2_L15,2016-08-09,65.567342,-148.92550799999998,40.0,1,40.0,,tp,Natali_2023,Hess Creek Unburned,2,15,40.0,,interpolated_transect,True,False,False
Natali_2023_HCU_T2_L16,2016-08-09,65.5673496,-148.9255136,34.0,1,34.0,,tp,Natali_2023,Hess Creek Unburned,2,16,34.0,,interpolated_transect,True,False,False
Natali_2023_HCU_T2_L17,2016-08-09,65.5673572,-148.9255192,35.0,1,35.0,,tp,Natali_2023,Hess Creek Unburned,2,17,35.0,,interpolated_transect,True,False,False
Natali_2023_HCU_T2_L18,2016-08-09,65.56736480000001,-148.9255248,43.0,1,43.0,,tp,Natali_2023,Hess Creek Unburned,2,18,43.0,,interpolated_transect,True,False,False
Natali_2023_HCU_T2_L19,2016-08-09,65.56737240000001,-148.92553039999999,34.0,1,34.0,,tp,Natali_2023,Hess Creek Unburned,2,19,34.0,,interpolated_transect,True,False,False
Natali_2023_HCU_T2_L20,2016-08-09,65.56738,-148.925536,32.0,1,32.0,,tp,Natali_2023,Hess Creek Unburned,2,20,32.0,,interpolated_transect,True,False,False
Natali_2023_HCU_T2_L21,2016-08-09,65.5673876,-148.9255416,52.0,1,52.0,,tp,Natali_2023,Hess Creek Unburned,2,21,52.0,,interpolated_transect,True,False,False
Natali_2023_HCU_T2_L22,2016-08-09,65.5673952,-148.92554719999998,30.0,1,30.0,,tp,Natali_2023,Hess Creek Unburned,2,22,30.0,,interpolated_transect,True,False,False
Natali_2023_HCU_T2_L23,2016-08-09,65.56740280000001,-148.9255528,32.0,1,32.0,,tp,Natali_2023,Hess Creek Unburned,2,23,32.0,,interpolated_transect,True,False,False
Natali_2023_HCU_T2_L24,2016-08-09,65.5674104,-148.9255584,49.0,1,49.0,,tp,Natali_2023,Hess Creek Unburned,2,24,49.0,,interpolated_transect,True,False,False
Natali_2023_HCU_T2_L25,2016-08-09,65.567418,-148.925564,29.0,1,29.0,,tp,Natali_2023,Hess Creek Unburned,2,25,29.0,,interpolated_transect,True,False,False
Natali_2023_HCU_T2_L26,2016-08-09,65.5674256,-148.9255696,40.0,1,40.0,,tp,Natali_2023,Hess Creek Unburned,2,26,40.0,,interpolated_transect,True,False,False
Natali_2023_HCU_T2_L27,2016-08-09,65.56743320000001,-148.9255752,40.0,1,40.0,,tp,Natali_2023,Hess Creek Unburned,2,27,40.0,,interpolated_transect,True,False,False
Natali_2023_HCU_T2_L28,2016-08-09,65.5674408,-148.9255808,45.0,1,45.0,,tp,Natali_2023,Hess Creek Unburned,2,28,45.0,,interpolated_transect,True,False,False
Natali_2023_HCU_T2_L29,2016-08-09,65.5674484,-148.9255864,50.0,1,50.0,,tp,Natali_2023,Hess Creek Unburned,2,29,50.0,,interpolated_transect,True,False,False
Natali_2023_HCU_T2_L30,2016-08-09,65.567456,-148.925592,57.0,1,57.0,,tp,Natali_2023,Hess Creek Unburned,2,30,57.0,,source_endpoint,False,False,False
Natali_2023_HCU_T3_L0,2016-08-09,65.567277,-148.925009,52.0,1,52.0,,tp,Natali_2023,Hess Creek Unburned,3,0,52.0,,source_endpoint,False,False,False
Natali_2023_HCU_T3_L1,2016-08-09,65.56728650000001,-148.9250108,61.0,1,61.0,,tp,Natali_2023,Hess Creek Unburned,3,1,61.0,,interpolated_transect,True,False,False
Natali_2023_HCU_T3_L2,2016-08-09,65.567296,-148.9250126,42.0,1,42.0,,tp,Natali_2023,Hess Creek Unburned,3,2,42.0,,interpolated_transect,True,False,False
Natali_2023_HCU_T3_L3,2016-08-09,65.5673055,-148.92501439999998,45.0,1,45.0,,tp,Natali_2023,Hess Creek Unburned,3,3,45.0,,interpolated_transect,True,False,False
Natali_2023_HCU_T3_L4,2016-08-09,65.56731500000001,-148.9250162,43.0,1,43.0,,tp,Natali_2023,Hess Creek Unburned,3,4,43.0,,interpolated_transect,True,False,False
Natali_2023_HCU_T3_L5,2016-08-09,65.5673245,-148.925018,30.0,1,30.0,,tp,Natali_2023,Hess Creek Unburned,3,5,30.0,,interpolated_transect,True,False,False
Natali_2023_HCU_T3_L6,2016-08-09,65.567334,-148.9250198,37.0,1,37.0,,tp,Natali_2023,Hess Creek Unburned,3,6,37.0,,interpolated_transect,True,False,False
Natali_2023_HCU_T3_L7,2016-08-09,65.5673435,-148.92502159999998,33.0,1,33.0,,tp,Natali_2023,Hess Creek Unburned,3,7,33.0,,interpolated_transect,True,False,False
Natali_2023_HCU_T3_L8,2016-08-09,65.567353,-148.9250234,34.0,1,34.0,,tp,Natali_2023,Hess Creek Unburned,3,8,34.0,,interpolated_transect,True,False,False
Natali_2023_HCU_T3_L9,2016-08-09,65.5673625,-148.9250252,37.0,1,37.0,,tp,Natali_2023,Hess Creek Unburned,3,9,37.0,,interpolated_transect,True,False,False
Natali_2023_HCU_T3_L10,2016-08-09,65.567372,-148.925027,36.0,1,36.0,,tp,Natali_2023,Hess Creek Unburned,3,10,36.0,,interpolated_transect,True,False,False
Natali_2023_HCU_T3_L11,2016-08-09,65.5673815,-148.92502879999998,48.0,1,48.0,,tp,Natali_2023,Hess Creek Unburned,3,11,48.0,,interpolated_transect,True,False,False
Natali_2023_HCU_T3_L12,2016-08-09,65.567391,-148.92503059999999,43.0,1,43.0,,tp,Natali_2023,Hess Creek Unburned,3,12,43.0,,interpolated_transect,True,False,False
Natali_2023_HCU_T3_L13,2016-08-09,65.5674005,-148.9250324,57.0,1,57.0,,tp,Natali_2023,Hess Creek Unburned,3,13,57.0,,interpolated_transect,True,False,False
Natali_2023_HCU_T3_L14,2016-08-09,65.56741,-148.9250342,40.0,1,40.0,,tp,Natali_2023,Hess Creek Unburned,3,14,40.0,,interpolated_transect,True,False,False
Natali_2023_HCU_T3_L15,2016-08-09,65.5674195,-148.92503599999998,54.0,1,54.0,,tp,Natali_2023,Hess Creek Unburned,3,15,54.0,,interpolated_transect,True,False,False
Natali_2023_HCU_T3_L16,2016-08-09,65.567429,-148.92503779999998,41.0,1,41.0,,tp,Natali_2023,Hess Creek Unburned,3,16,41.0,,interpolated_transect,True,False,False
Natali_2023_HCU_T3_L17,2016-08-09,65.5674385,-148.9250396,47.0,1,47.0,,tp,Natali_2023,Hess Creek Unburned,3,17,47.0,,interpolated_transect,True,False,False
Natali_2023_HCU_T3_L18,2016-08-09,65.567448,-148.9250414,44.0,1,44.0,,tp,Natali_2023,Hess Creek Unburned,3,18,44.0,,interpolated_transect,True,False,False
Natali_2023_HCU_T3_L19,2016-08-09,65.5674575,-148.9250432,42.0,1,42.0,,tp,Natali_2023,Hess Creek Unburned,3,19,42.0,,interpolated_transect,True,False,False
Natali_2023_HCU_T3_L20,2016-08-09,65.567467,-148.92504499999998,42.0,1,42.0,,tp,Natali_2023,Hess Creek Unburned,3,20,42.0,,interpolated_transect,True,False,False
Natali_2023_HCU_T3_L21,2016-08-09,65.5674765,-148.9250468,41.0,1,41.0,,tp,Natali_2023,Hess Creek Unburned,3,21,41.0,,interpolated_transect,True,False,False
Natali_2023_HCU_T3_L22,2016-08-09,65.567486,-148.9250486,43.0,1,43.0,,tp,Natali_2023,Hess Creek Unburned,3,22,43.0,,interpolated_transect,True,False,False
Natali_2023_HCU_T3_L23,2016-08-09,65.56749549999999,-148.9250504,41.0,1,41.0,,tp,Natali_2023,Hess Creek Unburned,3,23,41.0,,interpolated_transect,True,False,False
Natali_2023_HCU_T3_L24,2016-08-09,65.567505,-148.92505219999998,51.0,1,51.0,,tp,Natali_2023,Hess Creek Unburned,3,24,51.0,,interpolated_transect,True,False,False
Natali_2023_HCU_T3_L25,2016-08-09,65.5675145,-148.925054,40.0,1,40.0,,tp,Natali_2023,Hess Creek Unburned,3,25,40.0,,interpolated_transect,True,False,False
Natali_2023_HCU_T3_L26,2016-08-09,65.56752399999999,-148.9250558,35.0,1,35.0,,tp,Natali_2023,Hess Creek Unburned,3,26,35.0,,interpolated_transect,True,False,False
Natali_2023_HCU_T3_L27,2016-08-09,65.5675335,-148.9250576,57.0,1,57.0,,tp,Natali_2023,Hess Creek Unburned,3,27,57.0,,interpolated_transect,True,False,False
Natali_2023_HCU_T3_L28,2016-08-09,65.567543,-148.92505939999998,46.0,1,46.0,,tp,Natali_2023,Hess Creek Unburned,3,28,46.0,,interpolated_transect,True,False,False
Natali_2023_HCU_T3_L29,2016-08-09,65.56755249999999,-148.9250612,42.0,1,42.0,,tp,Natali_2023,Hess Creek Unburned,3,29,42.0,,interpolated_transect,True,False,False
Natali_2023_HCU_T3_L30,2016-08-09,65.567562,-148.925063,57.0,1,57.0,,tp,Natali_2023,Hess Creek Unburned,3,30,57.0,,source_endpoint,False,False,False
Natali_2023_NCU_OLD_T1_L0,2016-08-10,65.340136,-146.9202,37.0,1,37.0,,tp,Natali_2023,Nome Creek Unburned - Old,1,0,37.0,,source_endpoint,False,False,False
Natali_2023_NCU_OLD_T1_L1,2016-08-10,65.34014453333333,-146.92020536666666,51.0,1,51.0,,tp,Natali_2023,Nome Creek Unburned - Old,1,1,51.0,,interpolated_transect,True,False,False
Natali_2023_NCU_OLD_T1_L2,2016-08-10,65.34015306666667,-146.92021073333333,35.0,1,35.0,,tp,Natali_2023,Nome Creek Unburned - Old,1,2,35.0,,interpolated_transect,True,False,False
Natali_2023_NCU_OLD_T1_L3,2016-08-10,65.3401616,-146.9202161,38.0,1,38.0,,tp,Natali_2023,Nome Creek Unburned - Old,1,3,38.0,,interpolated_transect,True,False,False
Natali_2023_NCU_OLD_T1_L4,2016-08-10,65.34017013333333,-146.92022146666667,42.0,1,42.0,,tp,Natali_2023,Nome Creek Unburned - Old,1,4,42.0,,interpolated_transect,True,False,False
Natali_2023_NCU_OLD_T1_L5,2016-08-10,65.34017866666667,-146.92022683333334,31.0,1,31.0,,tp,Natali_2023,Nome Creek Unburned - Old,1,5,31.0,,interpolated_transect,True,False,False
Natali_2023_NCU_OLD_T1_L6,2016-08-10,65.3401872,-146.9202322,38.0,1,38.0,,tp,Natali_2023,Nome Creek Unburned - Old,1,6,38.0,,interpolated_transect,True,False,False
Natali_2023_NCU_OLD_T1_L7,2016-08-10,65.34019573333333,-146.92023756666666,42.0,1,42.0,,tp,Natali_2023,Nome Creek Unburned - Old,1,7,42.0,,interpolated_transect,True,False,False
Natali_2023_NCU_OLD_T1_L8,2016-08-10,65.34020426666666,-146.92024293333333,40.0,1,40.0,,tp,Natali_2023,Nome Creek Unburned - Old,1,8,40.0,,interpolated_transect,True,False,False
Natali_2023_NCU_OLD_T1_L9,2016-08-10,65.3402128,-146.9202483,38.0,1,38.0,,tp,Natali_2023,Nome Creek Unburned - Old,1,9,38.0,,interpolated_transect,True,False,False
Natali_2023_NCU_OLD_T1_L10,2016-08-10,65.34022133333333,-146.92025366666667,51.0,1,51.0,,tp,Natali_2023,Nome Creek Unburned - Old,1,10,51.0,,interpolated_transect,True,False,False
Natali_2023_NCU_OLD_T1_L11,2016-08-10,65.34022986666666,-146.92025903333334,43.0,1,43.0,,tp,Natali_2023,Nome Creek Unburned - Old,1,11,43.0,,interpolated_transect,True,False,False
Natali_2023_NCU_OLD_T1_L12,2016-08-10,65.3402384,-146.9202644,41.0,1,41.0,,tp,Natali_2023,Nome Creek Unburned - Old,1,12,41.0,,interpolated_transect,True,False,False
Natali_2023_NCU_OLD_T1_L13,2016-08-10,65.34024693333333,-146.92026976666668,32.0,1,32.0,,tp,Natali_2023,Nome Creek Unburned - Old,1,13,32.0,,interpolated_transect,True,False,False
Natali_2023_NCU_OLD_T1_L14,2016-08-10,65.34025546666666,-146.92027513333335,31.0,1,31.0,,tp,Natali_2023,Nome Creek Unburned - Old,1,14,31.0,,interpolated_transect,True,False,False
Natali_2023_NCU_OLD_T1_L15,2016-08-10,65.34026399999999,-146.9202805,37.0,1,37.0,,tp,Natali_2023,Nome Creek Unburned - Old,1,15,37.0,,interpolated_transect,True,False,False
Natali_2023_NCU_OLD_T1_L16,2016-08-10,65.34027253333333,-146.92028586666666,34.0,1,34.0,,tp,Natali_2023,Nome Creek Unburned - Old,1,16,34.0,,interpolated_transect,True,False,False
Natali_2023_NCU_OLD_T1_L17,2016-08-10,65.34028106666666,-146.92029123333333,47.0,1,47.0,,tp,Natali_2023,Nome Creek Unburned - Old,1,17,47.0,,interpolated_transect,True,False,False
Natali_2023_NCU_OLD_T1_L18,2016-08-10,65.34028959999999,-146.9202966,39.0,1,39.0,,tp,Natali_2023,Nome Creek Unburned - Old,1,18,39.0,,interpolated_transect,True,False,False
Natali_2023_NCU_OLD_T1_L19,2016-08-10,65.34029813333333,-146.92030196666667,46.0,1,46.0,,tp,Natali_2023,Nome Creek Unburned - Old,1,19,46.0,,interpolated_transect,True,False,False
Natali_2023_NCU_OLD_T1_L20,2016-08-10,65.34030666666666,-146.92030733333334,49.0,1,49.0,,tp,Natali_2023,Nome Creek Unburned - Old,1,20,49.0,,interpolated_transect,True,False,False
Natali_2023_NCU_OLD_T1_L21,2016-08-10,65.34031519999999,-146.9203127,33.0,1,33.0,,tp,Natali_2023,Nome Creek Unburned - Old,1,21,33.0,,interpolated_transect,True,False,False
Natali_2023_NCU_OLD_T1_L22,2016-08-10,65.34032373333334,-146.92031806666668,52.0,1,52.0,,tp,Natali_2023,Nome Creek Unburned - Old,1,22,52.0,,interpolated_transect,True,False,False
Natali_2023_NCU_OLD_T1_L23,2016-08-10,65.34033226666666,-146.92032343333335,44.0,1,44.0,,tp,Natali_2023,Nome Creek Unburned - Old,1,23,44.0,,interpolated_transect,True,False,False
Natali_2023_NCU_OLD_T1_L24,2016-08-10,65.34034079999999,-146.92032880000002,35.0,1,35.0,,tp,Natali_2023,Nome Creek Unburned - Old,1,24,35.0,,interpolated_transect,True,False,False
Natali_2023_NCU_OLD_T1_L25,2016-08-10,65.34034933333332,-146.9203341666667,48.0,1,48.0,,tp,Natali_2023,Nome Creek Unburned - Old,1,25,48.0,,interpolated_transect,True,False,False
Natali_2023_NCU_OLD_T1_L26,2016-08-10,65.34035786666666,-146.92033953333333,42.0,1,42.0,,tp,Natali_2023,Nome Creek Unburned - Old,1,26,42.0,,interpolated_transect,True,False,False
Natali_2023_NCU_OLD_T1_L27,2016-08-10,65.3403664,-146.9203449,36.0,1,36.0,,tp,Natali_2023,Nome Creek Unburned - Old,1,27,36.0,,interpolated_transect,True,False,False
Natali_2023_NCU_OLD_T1_L28,2016-08-10,65.34037493333332,-146.92035026666667,38.0,1,38.0,,tp,Natali_2023,Nome Creek Unburned - Old,1,28,38.0,,interpolated_transect,True,False,False
Natali_2023_NCU_OLD_T1_L29,2016-08-10,65.34038346666667,-146.92035563333334,42.0,1,42.0,,tp,Natali_2023,Nome Creek Unburned - Old,1,29,42.0,,interpolated_transect,True,False,False
Natali_2023_NCU_OLD_T1_L30,2016-08-10,65.340392,-146.920361,45.0,1,45.0,,tp,Natali_2023,Nome Creek Unburned - Old,1,30,45.0,,source_endpoint,False,False,False
Natali_2023_NCU_OLD_T2_L0,2016-08-10,65.34021,-146.91988,50.0,1,50.0,,tp,Natali_2023,Nome Creek Unburned - Old,2,0,50.0,,source_endpoint,False,False,False
Natali_2023_NCU_OLD_T2_L1,2016-08-10,65.34021963333333,-146.9198878,37.0,1,37.0,,tp,Natali_2023,Nome Creek Unburned - Old,2,1,37.0,,interpolated_transect,True,False,False
Natali_2023_NCU_OLD_T2_L2,2016-08-10,65.34022926666667,-146.91989560000002,39.0,1,39.0,,tp,Natali_2023,Nome Creek Unburned - Old,2,2,39.0,,interpolated_transect,True,False,False
Natali_2023_NCU_OLD_T2_L3,2016-08-10,65.3402389,-146.9199034,44.0,1,44.0,,tp,Natali_2023,Nome Creek Unburned - Old,2,3,44.0,,interpolated_transect,True,False,False
Natali_2023_NCU_OLD_T2_L4,2016-08-10,65.34024853333334,-146.9199112,37.0,1,37.0,,tp,Natali_2023,Nome Creek Unburned - Old,2,4,37.0,,interpolated_transect,True,False,False
Natali_2023_NCU_OLD_T2_L5,2016-08-10,65.34025816666667,-146.919919,27.0,1,27.0,,tp,Natali_2023,Nome Creek Unburned - Old,2,5,27.0,,interpolated_transect,True,False,False
Natali_2023_NCU_OLD_T2_L6,2016-08-10,65.34026779999999,-146.9199268,45.0,1,45.0,,tp,Natali_2023,Nome Creek Unburned - Old,2,6,45.0,,interpolated_transect,True,False,False
Natali_2023_NCU_OLD_T2_L7,2016-08-10,65.34027743333333,-146.9199346,45.0,1,45.0,,tp,Natali_2023,Nome Creek Unburned - Old,2,7,45.0,,interpolated_transect,True,False,False
Natali_2023_NCU_OLD_T2_L8,2016-08-10,65.34028706666666,-146.9199424,47.0,1,47.0,,tp,Natali_2023,Nome Creek Unburned - Old,2,8,47.0,,interpolated_transect,True,False,False
Natali_2023_NCU_OLD_T2_L9,2016-08-10,65.3402967,-146.91995020000002,49.0,1,49.0,,tp,Natali_2023,Nome Creek Unburned - Old,2,9,49.0,,interpolated_transect,True,False,False
Natali_2023_NCU_OLD_T2_L10,2016-08-10,65.34030633333333,-146.919958,54.0,1,54.0,,tp,Natali_2023,Nome Creek Unburned - Old,2,10,54.0,,interpolated_transect,True,False,False
Natali_2023_NCU_OLD_T2_L11,2016-08-10,65.34031596666667,-146.9199658,39.0,1,39.0,,tp,Natali_2023,Nome Creek Unburned - Old,2,11,39.0,,interpolated_transect,True,False,False
Natali_2023_NCU_OLD_T2_L12,2016-08-10,65.3403256,-146.91997360000002,35.0,1,35.0,,tp,Natali_2023,Nome Creek Unburned - Old,2,12,35.0,,interpolated_transect,True,False,False
Natali_2023_NCU_OLD_T2_L13,2016-08-10,65.34033523333333,-146.9199814,41.0,1,41.0,,tp,Natali_2023,Nome Creek Unburned - Old,2,13,41.0,,interpolated_transect,True,False,False
Natali_2023_NCU_OLD_T2_L14,2016-08-10,65.34034486666667,-146.9199892,50.0,1,50.0,,tp,Natali_2023,Nome Creek Unburned - Old,2,14,50.0,,interpolated_transect,True,False,False
Natali_2023_NCU_OLD_T2_L15,2016-08-10,65.34035449999999,-146.91999700000002,48.0,1,48.0,,tp,Natali_2023,Nome Creek Unburned - Old,2,15,48.0,,interpolated_transect,True,False,False
Natali_2023_NCU_OLD_T2_L16,2016-08-10,65.34036413333332,-146.92000480000002,50.0,1,50.0,,tp,Natali_2023,Nome Creek Unburned - Old,2,16,50.0,,interpolated_transect,True,False,False
Natali_2023_NCU_OLD_T2_L17,2016-08-10,65.34037376666666,-146.9200126,37.0,1,37.0,,tp,Natali_2023,Nome Creek Unburned - Old,2,17,37.0,,interpolated_transect,True,False,False
Natali_2023_NCU_OLD_T2_L18,2016-08-10,65.3403834,-146.9200204,41.0,1,41.0,,tp,Natali_2023,Nome Creek Unburned - Old,2,18,41.0,,interpolated_transect,True,False,False
Natali_2023_NCU_OLD_T2_L19,2016-08-10,65.34039303333333,-146.92002820000002,46.0,1,46.0,,tp,Natali_2023,Nome Creek Unburned - Old,2,19,46.0,,interpolated_transect,True,False,False
Natali_2023_NCU_OLD_T2_L20,2016-08-10,65.34040266666666,-146.920036,31.0,1,31.0,,tp,Natali_2023,Nome Creek Unburned - Old,2,20,31.0,,interpolated_transect,True,False,False
Natali_2023_NCU_OLD_T2_L21,2016-08-10,65.3404123,-146.9200438,39.0,1,39.0,,tp,Natali_2023,Nome Creek Unburned - Old,2,21,39.0,,interpolated_transect,True,False,False
Natali_2023_NCU_OLD_T2_L22,2016-08-10,65.34042193333333,-146.92005160000002,42.0,1,42.0,,tp,Natali_2023,Nome Creek Unburned - Old,2,22,42.0,,interpolated_transect,True,False,False
Natali_2023_NCU_OLD_T2_L23,2016-08-10,65.34043156666667,-146.9200594,31.0,1,31.0,,tp,Natali_2023,Nome Creek Unburned - Old,2,23,31.0,,interpolated_transect,True,False,False
Natali_2023_NCU_OLD_T2_L24,2016-08-10,65.3404412,-146.9200672,43.0,1,43.0,,tp,Natali_2023,Nome Creek Unburned - Old,2,24,43.0,,interpolated_transect,True,False,False
Natali_2023_NCU_OLD_T2_L25,2016-08-10,65.34045083333334,-146.920075,40.0,1,40.0,,tp,Natali_2023,Nome Creek Unburned - Old,2,25,40.0,,interpolated_transect,True,False,False
Natali_2023_NCU_OLD_T2_L26,2016-08-10,65.34046046666666,-146.92008280000002,33.0,1,33.0,,tp,Natali_2023,Nome Creek Unburned - Old,2,26,33.0,,interpolated_transect,True,False,False
Natali_2023_NCU_OLD_T2_L27,2016-08-10,65.34047009999999,-146.9200906,42.0,1,42.0,,tp,Natali_2023,Nome Creek Unburned - Old,2,27,42.0,,interpolated_transect,True,False,False
Natali_2023_NCU_OLD_T2_L28,2016-08-10,65.34047973333332,-146.9200984,43.0,1,43.0,,tp,Natali_2023,Nome Creek Unburned - Old,2,28,43.0,,interpolated_transect,True,False,False
Natali_2023_NCU_OLD_T2_L29,2016-08-10,65.34048936666666,-146.92010620000002,56.0,1,56.0,,tp,Natali_2023,Nome Creek Unburned - Old,2,29,56.0,,interpolated_transect,True,False,False
Natali_2023_NCU_OLD_T2_L30,2016-08-10,65.340499,-146.920114,34.0,1,34.0,,tp,Natali_2023,Nome Creek Unburned - Old,2,30,34.0,,source_endpoint,False,False,False
Natali_2023_NCU_OLD_T3_L0,2016-08-10,65.340303,-146.919401,47.0,1,47.0,,tp,Natali_2023,Nome Creek Unburned - Old,3,0,47.0,,source_endpoint,False,False,False
Natali_2023_NCU_OLD_T3_L1,2016-08-10,65.34031113333334,-146.91940929999998,46.0,1,46.0,,tp,Natali_2023,Nome Creek Unburned - Old,3,1,46.0,,interpolated_transect,True,False,False
Natali_2023_NCU_OLD_T3_L2,2016-08-10,65.34031926666667,-146.9194176,52.0,1,52.0,,tp,Natali_2023,Nome Creek Unburned - Old,3,2,52.0,,interpolated_transect,True,False,False
Natali_2023_NCU_OLD_T3_L3,2016-08-10,65.3403274,-146.9194259,49.0,1,49.0,,tp,Natali_2023,Nome Creek Unburned - Old,3,3,49.0,,interpolated_transect,True,False,False
Natali_2023_NCU_OLD_T3_L4,2016-08-10,65.34033553333335,-146.91943419999998,31.0,1,31.0,,tp,Natali_2023,Nome Creek Unburned - Old,3,4,31.0,,interpolated_transect,True,False,False
Natali_2023_NCU_OLD_T3_L5,2016-08-10,65.34034366666667,-146.9194425,56.0,1,56.0,,tp,Natali_2023,Nome Creek Unburned - Old,3,5,56.0,,interpolated_transect,True,False,False
Natali_2023_NCU_OLD_T3_L6,2016-08-10,65.34035180000001,-146.9194508,39.0,1,39.0,,tp,Natali_2023,Nome Creek Unburned - Old,3,6,39.0,,interpolated_transect,True,False,False
Natali_2023_NCU_OLD_T3_L7,2016-08-10,65.34035993333333,-146.91945909999998,47.0,1,47.0,,tp,Natali_2023,Nome Creek Unburned - Old,3,7,47.0,,interpolated_transect,True,False,False
Natali_2023_NCU_OLD_T3_L8,2016-08-10,65.34036806666667,-146.9194674,47.0,1,47.0,,tp,Natali_2023,Nome Creek Unburned - Old,3,8,47.0,,interpolated_transect,True,False,False
Natali_2023_NCU_OLD_T3_L9,2016-08-10,65.34037620000001,-146.9194757,52.0,1,52.0,,tp,Natali_2023,Nome Creek Unburned - Old,3,9,52.0,,interpolated_transect,True,False,False
Natali_2023_NCU_OLD_T3_L10,2016-08-10,65.34038433333333,-146.91948399999998,48.0,1,48.0,,tp,Natali_2023,Nome Creek Unburned - Old,3,10,48.0,,interpolated_transect,True,False,False
Natali_2023_NCU_OLD_T3_L11,2016-08-10,65.34039246666667,-146.9194923,39.0,1,39.0,,tp,Natali_2023,Nome Creek Unburned - Old,3,11,39.0,,interpolated_transect,True,False,False
Natali_2023_NCU_OLD_T3_L12,2016-08-10,65.34040060000001,-146.9195006,39.0,1,39.0,,tp,Natali_2023,Nome Creek Unburned - Old,3,12,39.0,,interpolated_transect,True,False,False
Natali_2023_NCU_OLD_T3_L13,2016-08-10,65.34040873333333,-146.91950889999998,58.0,1,58.0,,tp,Natali_2023,Nome Creek Unburned - Old,3,13,58.0,,interpolated_transect,True,False,False
Natali_2023_NCU_OLD_T3_L14,2016-08-10,65.34041686666667,-146.9195172,56.0,1,56.0,,tp,Natali_2023,Nome Creek Unburned - Old,3,14,56.0,,interpolated_transect,True,False,False
Natali_2023_NCU_OLD_T3_L15,2016-08-10,65.34042500000001,-146.9195255,45.0,1,45.0,,tp,Natali_2023,Nome Creek Unburned - Old,3,15,45.0,,interpolated_transect,True,False,False
Natali_2023_NCU_OLD_T3_L16,2016-08-10,65.34043313333333,-146.91953379999998,51.0,1,51.0,,tp,Natali_2023,Nome Creek Unburned - Old,3,16,51.0,,interpolated_transect,True,False,False
Natali_2023_NCU_OLD_T3_L17,2016-08-10,65.34044126666667,-146.9195421,51.0,1,51.0,,tp,Natali_2023,Nome Creek Unburned - Old,3,17,51.0,,interpolated_transect,True,False,False
Natali_2023_NCU_OLD_T3_L18,2016-08-10,65.3404494,-146.9195504,37.0,1,37.0,,tp,Natali_2023,Nome Creek Unburned - Old,3,18,37.0,,interpolated_transect,True,False,False
Natali_2023_NCU_OLD_T3_L19,2016-08-10,65.34045753333334,-146.91955869999998,59.0,1,59.0,,tp,Natali_2023,Nome Creek Unburned - Old,3,19,59.0,,interpolated_transect,True,False,False
Natali_2023_NCU_OLD_T3_L20,2016-08-10,65.34046566666667,-146.919567,39.0,1,39.0,,tp,Natali_2023,Nome Creek Unburned - Old,3,20,39.0,,interpolated_transect,True,False,False
Natali_2023_NCU_OLD_T3_L21,2016-08-10,65.3404738,-146.9195753,47.0,1,47.0,,tp,Natali_2023,Nome Creek Unburned - Old,3,21,47.0,,interpolated_transect,True,False,False
Natali_2023_NCU_OLD_T3_L22,2016-08-10,65.34048193333334,-146.91958359999998,41.0,1,41.0,,tp,Natali_2023,Nome Creek Unburned - Old,3,22,41.0,,interpolated_transect,True,False,False
Natali_2023_NCU_OLD_T3_L23,2016-08-10,65.34049006666667,-146.9195919,42.0,1,42.0,,tp,Natali_2023,Nome Creek Unburned - Old,3,23,42.0,,interpolated_transect,True,False,False
Natali_2023_NCU_OLD_T3_L24,2016-08-10,65.3404982,-146.9196002,36.0,1,36.0,,tp,Natali_2023,Nome Creek Unburned - Old,3,24,36.0,,interpolated_transect,True,False,False
Natali_2023_NCU_OLD_T3_L25,2016-08-10,65.34050633333334,-146.91960849999998,38.0,1,38.0,,tp,Natali_2023,Nome Creek Unburned - Old,3,25,38.0,,interpolated_transect,True,False,False
Natali_2023_NCU_OLD_T3_L26,2016-08-10,65.34051446666666,-146.9196168,37.0,1,37.0,,tp,Natali_2023,Nome Creek Unburned - Old,3,26,37.0,,interpolated_transect,True,False,False
Natali_2023_NCU_OLD_T3_L27,2016-08-10,65.3405226,-146.9196251,39.0,1,39.0,,tp,Natali_2023,Nome Creek Unburned - Old,3,27,39.0,,interpolated_transect,True,False,False
Natali_2023_NCU_OLD_T3_L28,2016-08-10,65.34053073333334,-146.91963339999998,41.0,1,41.0,,tp,Natali_2023,Nome Creek Unburned - Old,3,28,41.0,,interpolated_transect,True,False,False
Natali_2023_NCU_OLD_T3_L29,2016-08-10,65.34053886666666,-146.9196417,31.0,1,31.0,,tp,Natali_2023,Nome Creek Unburned - Old,3,29,31.0,,interpolated_transect,True,False,False
Natali_2023_NCU_OLD_T3_L30,2016-08-10,65.340547,-146.91965,50.0,1,50.0,,tp,Natali_2023,Nome Creek Unburned - Old,3,30,50.0,,source_endpoint,False,False,False
Natali_2023_EML_T1_L0,2016-08-11,63.880063,-149.256049,60.0,1,60.0,,tp,Natali_2023,Eight Mile Lake,1,0,60.0,,source_endpoint,False,False,False
Natali_2023_EML_T1_L1,2016-08-11,63.88006646666667,-149.25606756666664,58.0,1,58.0,,tp,Natali_2023,Eight Mile Lake,1,1,58.0,,interpolated_transect,True,False,False
Natali_2023_EML_T1_L2,2016-08-11,63.88006993333333,-149.25608613333333,48.0,1,48.0,,tp,Natali_2023,Eight Mile Lake,1,2,48.0,,interpolated_transect,True,False,False
Natali_2023_EML_T1_L3,2016-08-11,63.8800734,-149.25610469999998,53.0,1,53.0,,tp,Natali_2023,Eight Mile Lake,1,3,53.0,,interpolated_transect,True,False,False
Natali_2023_EML_T1_L4,2016-08-11,63.88007686666667,-149.25612326666666,51.0,1,51.0,,tp,Natali_2023,Eight Mile Lake,1,4,51.0,,interpolated_transect,True,False,False
Natali_2023_EML_T1_L5,2016-08-11,63.88008033333333,-149.25614183333332,50.0,1,50.0,,tp,Natali_2023,Eight Mile Lake,1,5,50.0,,interpolated_transect,True,False,False
Natali_2023_EML_T1_L6,2016-08-11,63.8800838,-149.2561604,47.0,1,47.0,,tp,Natali_2023,Eight Mile Lake,1,6,47.0,,interpolated_transect,True,False,False
Natali_2023_EML_T1_L7,2016-08-11,63.88008726666666,-149.25617896666665,61.0,1,61.0,,tp,Natali_2023,Eight Mile Lake,1,7,61.0,,interpolated_transect,True,False,False
Natali_2023_EML_T1_L8,2016-08-11,63.88009073333333,-149.25619753333334,51.0,1,51.0,,tp,Natali_2023,Eight Mile Lake,1,8,51.0,,interpolated_transect,True,False,False
Natali_2023_EML_T1_L9,2016-08-11,63.8800942,-149.2562161,51.0,1,51.0,,tp,Natali_2023,Eight Mile Lake,1,9,51.0,,interpolated_transect,True,False,False
Natali_2023_EML_T1_L10,2016-08-11,63.880097666666664,-149.25623466666667,55.0,1,55.0,,tp,Natali_2023,Eight Mile Lake,1,10,55.0,,interpolated_transect,True,False,False
Natali_2023_EML_T1_L11,2016-08-11,63.88010113333333,-149.25625323333333,51.0,1,51.0,,tp,Natali_2023,Eight Mile Lake,1,11,51.0,,interpolated_transect,True,False,False
Natali_2023_EML_T1_L12,2016-08-11,63.8801046,-149.2562718,52.0,1,52.0,,tp,Natali_2023,Eight Mile Lake,1,12,52.0,,interpolated_transect,True,False,False
Natali_2023_EML_T1_L13,2016-08-11,63.880108066666665,-149.25629036666666,46.0,1,46.0,,tp,Natali_2023,Eight Mile Lake,1,13,46.0,,interpolated_transect,True,False,False
Natali_2023_EML_T1_L14,2016-08-11,63.880111533333334,-149.25630893333334,61.0,1,61.0,,tp,Natali_2023,Eight Mile Lake,1,14,61.0,,interpolated_transect,True,False,False
Natali_2023_EML_T1_L15,2016-08-11,63.880115,-149.2563275,58.0,1,58.0,,tp,Natali_2023,Eight Mile Lake,1,15,58.0,,interpolated_transect,True,False,False
Natali_2023_EML_T1_L16,2016-08-11,63.880118466666666,-149.25634606666665,50.0,1,50.0,,tp,Natali_2023,Eight Mile Lake,1,16,50.0,,interpolated_transect,True,False,False
Natali_2023_EML_T1_L17,2016-08-11,63.880121933333335,-149.25636463333333,50.0,1,50.0,,tp,Natali_2023,Eight Mile Lake,1,17,50.0,,interpolated_transect,True,False,False
Natali_2023_EML_T1_L18,2016-08-11,63.8801254,-149.2563832,50.0,1,50.0,,tp,Natali_2023,Eight Mile Lake,1,18,50.0,,interpolated_transect,True,False,False
Natali_2023_EML_T1_L19,2016-08-11,63.88012886666667,-149.25640176666667,47.0,1,47.0,,tp,Natali_2023,Eight Mile Lake,1,19,47.0,,interpolated_transect,True,False,False
Natali_2023_EML_T1_L20,2016-08-11,63.880132333333336,-149.25642033333332,47.0,1,47.0,,tp,Natali_2023,Eight Mile Lake,1,20,47.0,,interpolated_transect,True,False,False
Natali_2023_EML_T1_L21,2016-08-11,63.8801358,-149.2564389,49.0,1,49.0,,tp,Natali_2023,Eight Mile Lake,1,21,49.0,,interpolated_transect,True,False,False
Natali_2023_EML_T1_L22,2016-08-11,63.88013926666667,-149.25645746666666,50.0,1,50.0,,tp,Natali_2023,Eight Mile Lake,1,22,50.0,,interpolated_transect,True,False,False
Natali_2023_EML_T1_L23,2016-08-11,63.88014273333334,-149.25647603333334,44.0,1,44.0,,tp,Natali_2023,Eight Mile Lake,1,23,44.0,,interpolated_transect,True,False,False
Natali_2023_EML_T1_L24,2016-08-11,63.8801462,-149.2564946,42.0,1,42.0,,tp,Natali_2023,Eight Mile Lake,1,24,42.0,,interpolated_transect,True,False,False
Natali_2023_EML_T1_L25,2016-08-11,63.88014966666667,-149.25651316666668,48.0,1,48.0,,tp,Natali_2023,Eight Mile Lake,1,25,48.0,,interpolated_transect,True,False,False
Natali_2023_EML_T1_L26,2016-08-11,63.88015313333333,-149.25653173333333,39.0,1,39.0,,tp,Natali_2023,Eight Mile Lake,1,26,39.0,,interpolated_transect,True,False,False
Natali_2023_EML_T1_L27,2016-08-11,63.8801566,-149.25655030000001,51.0,1,51.0,,tp,Natali_2023,Eight Mile Lake,1,27,51.0,,interpolated_transect,True,False,False
Natali_2023_EML_T1_L28,2016-08-11,63.88016006666667,-149.25656886666667,38.0,1,38.0,,tp,Natali_2023,Eight Mile Lake,1,28,38.0,,interpolated_transect,True,False,False
Natali_2023_EML_T1_L29,2016-08-11,63.88016353333333,-149.25658743333335,43.0,1,43.0,,tp,Natali_2023,Eight Mile Lake,1,29,43.0,,interpolated_transect,True,False,False
Natali_2023_EML_T1_L30,2016-08-11,63.880167,-149.256606,42.0,1,42.0,,tp,Natali_2023,Eight Mile Lake,1,30,42.0,,source_endpoint,False,False,False
Natali_2023_EML_T2_L0,2016-08-11,63.880225,-149.255864,52.0,1,52.0,,tp,Natali_2023,Eight Mile Lake,2,0,52.0,,source_endpoint,False,False,False
Natali_2023_EML_T2_L1,2016-08-11,63.880228800000005,-149.25588166666668,56.0,1,56.0,,tp,Natali_2023,Eight Mile Lake,2,1,56.0,,interpolated_transect,True,False,False
Natali_2023_EML_T2_L2,2016-08-11,63.8802326,-149.25589933333333,52.0,1,52.0,,tp,Natali_2023,Eight Mile Lake,2,2,52.0,,interpolated_transect,True,False,False
Natali_2023_EML_T2_L3,2016-08-11,63.8802364,-149.255917,50.0,1,50.0,,tp,Natali_2023,Eight Mile Lake,2,3,50.0,,interpolated_transect,True,False,False
Natali_2023_EML_T2_L4,2016-08-11,63.8802402,-149.25593466666666,47.0,1,47.0,,tp,Natali_2023,Eight Mile Lake,2,4,47.0,,interpolated_transect,True,False,False
Natali_2023_EML_T2_L5,2016-08-11,63.880244000000005,-149.25595233333334,48.0,1,48.0,,tp,Natali_2023,Eight Mile Lake,2,5,48.0,,interpolated_transect,True,False,False
Natali_2023_EML_T2_L6,2016-08-11,63.8802478,-149.25597,45.0,1,45.0,,tp,Natali_2023,Eight Mile Lake,2,6,45.0,,interpolated_transect,True,False,False
Natali_2023_EML_T2_L7,2016-08-11,63.8802516,-149.25598766666667,51.0,1,51.0,,tp,Natali_2023,Eight Mile Lake,2,7,51.0,,interpolated_transect,True,False,False
Natali_2023_EML_T2_L8,2016-08-11,63.8802554,-149.25600533333335,63.0,1,63.0,,tp,Natali_2023,Eight Mile Lake,2,8,63.0,,interpolated_transect,True,False,False
Natali_2023_EML_T2_L9,2016-08-11,63.880259200000005,-149.256023,55.0,1,55.0,,tp,Natali_2023,Eight Mile Lake,2,9,55.0,,interpolated_transect,True,False,False
Natali_2023_EML_T2_L10,2016-08-11,63.880263,-149.25604066666668,49.0,1,49.0,,tp,Natali_2023,Eight Mile Lake,2,10,49.0,,interpolated_transect,True,False,False
Natali_2023_EML_T2_L11,2016-08-11,63.8802668,-149.25605833333333,54.0,1,54.0,,tp,Natali_2023,Eight Mile Lake,2,11,54.0,,interpolated_transect,True,False,False
Natali_2023_EML_T2_L12,2016-08-11,63.8802706,-149.256076,50.0,1,50.0,,tp,Natali_2023,Eight Mile Lake,2,12,50.0,,interpolated_transect,True,False,False
Natali_2023_EML_T2_L13,2016-08-11,63.880274400000005,-149.25609366666666,47.0,1,47.0,,tp,Natali_2023,Eight Mile Lake,2,13,47.0,,interpolated_transect,True,False,False
Natali_2023_EML_T2_L14,2016-08-11,63.8802782,-149.25611133333334,47.0,1,47.0,,tp,Natali_2023,Eight Mile Lake,2,14,47.0,,interpolated_transect,True,False,False
Natali_2023_EML_T2_L15,2016-08-11,63.880282,-149.256129,53.0,1,53.0,,tp,Natali_2023,Eight Mile Lake,2,15,53.0,,interpolated_transect,True,False,False
Natali_2023_EML_T2_L16,2016-08-11,63.8802858,-149.25614666666667,44.0,1,44.0,,tp,Natali_2023,Eight Mile Lake,2,16,44.0,,interpolated_transect,True,False,False
Natali_2023_EML_T2_L17,2016-08-11,63.8802896,-149.25616433333334,53.0,1,53.0,,tp,Natali_2023,Eight Mile Lake,2,17,53.0,,interpolated_transect,True,False,False
Natali_2023_EML_T2_L18,2016-08-11,63.8802934,-149.256182,53.0,1,53.0,,tp,Natali_2023,Eight Mile Lake,2,18,53.0,,interpolated_transect,True,False,False
Natali_2023_EML_T2_L19,2016-08-11,63.8802972,-149.25619966666667,55.0,1,55.0,,tp,Natali_2023,Eight Mile Lake,2,19,55.0,,interpolated_transect,True,False,False
Natali_2023_EML_T2_L20,2016-08-11,63.880301,-149.25621733333332,50.0,1,50.0,,tp,Natali_2023,Eight Mile Lake,2,20,50.0,,interpolated_transect,True,False,False
Natali_2023_EML_T2_L21,2016-08-11,63.8803048,-149.256235,45.0,1,45.0,,tp,Natali_2023,Eight Mile Lake,2,21,45.0,,interpolated_transect,True,False,False
Natali_2023_EML_T2_L22,2016-08-11,63.8803086,-149.25625266666665,48.0,1,48.0,,tp,Natali_2023,Eight Mile Lake,2,22,48.0,,interpolated_transect,True,False,False
Natali_2023_EML_T2_L23,2016-08-11,63.8803124,-149.25627033333333,49.0,1,49.0,,tp,Natali_2023,Eight Mile Lake,2,23,49.0,,interpolated_transect,True,False,False
Natali_2023_EML_T2_L24,2016-08-11,63.8803162,-149.256288,52.0,1,52.0,,tp,Natali_2023,Eight Mile Lake,2,24,52.0,,interpolated_transect,True,False,False
Natali_2023_EML_T2_L25,2016-08-11,63.88032,-149.25630566666666,53.0,1,53.0,,tp,Natali_2023,Eight Mile Lake,2,25,53.0,,interpolated_transect,True,False,False
Natali_2023_EML_T2_L26,2016-08-11,63.8803238,-149.25632333333334,54.0,1,54.0,,tp,Natali_2023,Eight Mile Lake,2,26,54.0,,interpolated_transect,True,False,False
Natali_2023_EML_T2_L27,2016-08-11,63.8803276,-149.256341,48.0,1,48.0,,tp,Natali_2023,Eight Mile Lake,2,27,48.0,,interpolated_transect,True,False,False
Natali_2023_EML_T2_L28,2016-08-11,63.8803314,-149.25635866666667,56.0,1,56.0,,tp,Natali_2023,Eight Mile Lake,2,28,56.0,,interpolated_transect,True,False,False
Natali_2023_EML_T2_L29,2016-08-11,63.8803352,-149.25637633333332,53.0,1,53.0,,tp,Natali_2023,Eight Mile Lake,2,29,53.0,,interpolated_transect,True,False,False
Natali_2023_EML_T2_L30,2016-08-11,63.880339,-149.256394,43.0,1,43.0,,tp,Natali_2023,Eight Mile Lake,2,30,43.0,,source_endpoint,False,False,False
Natali_2023_EML_T3_L0,2016-08-11,63.880332,-149.255684,63.0,1,63.0,,tp,Natali_2023,Eight Mile Lake,3,0,63.0,,source_endpoint,False,False,False
Natali_2023_EML_T3_L1,2016-08-11,63.8803368,-149.25570163333333,41.0,1,41.0,,tp,Natali_2023,Eight Mile Lake,3,1,41.0,,interpolated_transect,True,False,False
Natali_2023_EML_T3_L2,2016-08-11,63.8803416,-149.25571926666666,53.0,1,53.0,,tp,Natali_2023,Eight Mile Lake,3,2,53.0,,interpolated_transect,True,False,False
Natali_2023_EML_T3_L3,2016-08-11,63.8803464,-149.2557369,56.0,1,56.0,,tp,Natali_2023,Eight Mile Lake,3,3,56.0,,interpolated_transect,True,False,False
Natali_2023_EML_T3_L4,2016-08-11,63.8803512,-149.25575453333335,52.0,1,52.0,,tp,Natali_2023,Eight Mile Lake,3,4,52.0,,interpolated_transect,True,False,False
Natali_2023_EML_T3_L5,2016-08-11,63.880356000000006,-149.25577216666667,58.0,1,58.0,,tp,Natali_2023,Eight Mile Lake,3,5,58.0,,interpolated_transect,True,False,False
Natali_2023_EML_T3_L6,2016-08-11,63.880360800000005,-149.2557898,55.0,1,55.0,,tp,Natali_2023,Eight Mile Lake,3,6,55.0,,interpolated_transect,True,False,False
Natali_2023_EML_T3_L7,2016-08-11,63.880365600000005,-149.25580743333333,55.0,1,55.0,,tp,Natali_2023,Eight Mile Lake,3,7,55.0,,interpolated_transect,True,False,False
Natali_2023_EML_T3_L8,2016-08-11,63.880370400000004,-149.25582506666666,52.0,1,52.0,,tp,Natali_2023,Eight Mile Lake,3,8,52.0,,interpolated_transect,True,False,False
Natali_2023_EML_T3_L9,2016-08-11,63.8803752,-149.25584270000002,53.0,1,53.0,,tp,Natali_2023,Eight Mile Lake,3,9,53.0,,interpolated_transect,True,False,False
Natali_2023_EML_T3_L10,2016-08-11,63.88038,-149.25586033333335,50.0,1,50.0,,tp,Natali_2023,Eight Mile Lake,3,10,50.0,,interpolated_transect,True,False,False
Natali_2023_EML_T3_L11,2016-08-11,63.8803848,-149.25587796666667,46.0,1,46.0,,tp,Natali_2023,Eight Mile Lake,3,11,46.0,,interpolated_transect,True,False,False
Natali_2023_EML_T3_L12,2016-08-11,63.8803896,-149.2558956,53.0,1,53.0,,tp,Natali_2023,Eight Mile Lake,3,12,53.0,,interpolated_transect,True,False,False
Natali_2023_EML_T3_L13,2016-08-11,63.8803944,-149.25591323333333,49.0,1,49.0,,tp,Natali_2023,Eight Mile Lake,3,13,49.0,,interpolated_transect,True,False,False
Natali_2023_EML_T3_L14,2016-08-11,63.8803992,-149.25593086666666,50.0,1,50.0,,tp,Natali_2023,Eight Mile Lake,3,14,50.0,,interpolated_transect,True,False,False
Natali_2023_EML_T3_L15,2016-08-11,63.880404,-149.2559485,41.0,1,41.0,,tp,Natali_2023,Eight Mile Lake,3,15,41.0,,interpolated_transect,True,False,False
Natali_2023_EML_T3_L16,2016-08-11,63.880408800000005,-149.25596613333335,43.0,1,43.0,,tp,Natali_2023,Eight Mile Lake,3,16,43.0,,interpolated_transect,True,False,False
Natali_2023_EML_T3_L17,2016-08-11,63.880413600000004,-149.25598376666667,44.0,1,44.0,,tp,Natali_2023,Eight Mile Lake,3,17,44.0,,interpolated_transect,True,False,False
Natali_2023_EML_T3_L18,2016-08-11,63.8804184,-149.2560014,41.0,1,41.0,,tp,Natali_2023,Eight Mile Lake,3,18,41.0,,interpolated_transect,True,False,False
Natali_2023_EML_T3_L19,2016-08-11,63.8804232,-149.25601903333333,42.0,1,42.0,,tp,Natali_2023,Eight Mile Lake,3,19,42.0,,interpolated_transect,True,False,False
Natali_2023_EML_T3_L20,2016-08-11,63.880428,-149.25603666666666,48.0,1,48.0,,tp,Natali_2023,Eight Mile Lake,3,20,48.0,,interpolated_transect,True,False,False
Natali_2023_EML_T3_L21,2016-08-11,63.8804328,-149.25605430000002,49.0,1,49.0,,tp,Natali_2023,Eight Mile Lake,3,21,49.0,,interpolated_transect,True,False,False
Natali_2023_EML_T3_L22,2016-08-11,63.8804376,-149.25607193333335,42.0,1,42.0,,tp,Natali_2023,Eight Mile Lake,3,22,42.0,,interpolated_transect,True,False,False
Natali_2023_EML_T3_L23,2016-08-11,63.8804424,-149.25608956666667,50.0,1,50.0,,tp,Natali_2023,Eight Mile Lake,3,23,50.0,,interpolated_transect,True,False,False
Natali_2023_EML_T3_L24,2016-08-11,63.8804472,-149.2561072,53.0,1,53.0,,tp,Natali_2023,Eight Mile Lake,3,24,53.0,,interpolated_transect,True,False,False
Natali_2023_EML_T3_L25,2016-08-11,63.880452000000005,-149.25612483333333,50.0,1,50.0,,tp,Natali_2023,Eight Mile Lake,3,25,50.0,,interpolated_transect,True,False,False
Natali_2023_EML_T3_L26,2016-08-11,63.880456800000005,-149.25614246666666,60.0,1,60.0,,tp,Natali_2023,Eight Mile Lake,3,26,60.0,,interpolated_transect,True,False,False
Natali_2023_EML_T3_L27,2016-08-11,63.880461600000004,-149.2561601,46.0,1,46.0,,tp,Natali_2023,Eight Mile Lake,3,27,46.0,,interpolated_transect,True,False,False
Natali_2023_EML_T3_L28,2016-08-11,63.8804664,-149.25617773333335,38.0,1,38.0,,tp,Natali_2023,Eight Mile Lake,3,28,38.0,,interpolated_transect,True,False,False
Natali_2023_EML_T3_L29,2016-08-11,63.8804712,-149.25619536666667,52.0,1,52.0,,tp,Natali_2023,Eight Mile Lake,3,29,52.0,,interpolated_transect,True,False,False
Natali_2023_EML_T3_L30,2016-08-11,63.880476,-149.256213,49.0,1,49.0,,tp,Natali_2023,Eight Mile Lake,3,30,49.0,,source_endpoint,False,False,False
Natali_2023_BNZ_T1_L0,2016-08-23,64.695864,-148.32514,43.0,1,43.0,,tp,Natali_2023,Bonanza Creek,1,0,43.0,,source_endpoint,False,False,False
Natali_2023_BNZ_T1_L1,2016-08-23,64.69587286666666,-148.32514893333334,43.0,1,43.0,,tp,Natali_2023,Bonanza Creek,1,1,43.0,,interpolated_transect,True,False,False
Natali_2023_BNZ_T1_L2,2016-08-23,64.69588173333334,-148.32515786666667,49.0,1,49.0,,tp,Natali_2023,Bonanza Creek,1,2,49.0,,interpolated_transect,True,False,False
Natali_2023_BNZ_T1_L3,2016-08-23,64.6958906,-148.3251668,53.0,1,53.0,,tp,Natali_2023,Bonanza Creek,1,3,53.0,,interpolated_transect,True,False,False
Natali_2023_BNZ_T1_L4,2016-08-23,64.69589946666666,-148.32517573333334,50.0,1,50.0,,tp,Natali_2023,Bonanza Creek,1,4,50.0,,interpolated_transect,True,False,False
Natali_2023_BNZ_T1_L5,2016-08-23,64.69590833333334,-148.32518466666667,50.0,1,50.0,,tp,Natali_2023,Bonanza Creek,1,5,50.0,,interpolated_transect,True,False,False
Natali_2023_BNZ_T1_L6,2016-08-23,64.6959172,-148.3251936,50.0,1,50.0,,tp,Natali_2023,Bonanza Creek,1,6,50.0,,interpolated_transect,True,False,False
Natali_2023_BNZ_T1_L7,2016-08-23,64.69592606666667,-148.32520253333334,55.0,1,55.0,,tp,Natali_2023,Bonanza Creek,1,7,55.0,,interpolated_transect,True,False,False
Natali_2023_BNZ_T1_L8,2016-08-23,64.69593493333333,-148.32521146666667,55.0,1,55.0,,tp,Natali_2023,Bonanza Creek,1,8,55.0,,interpolated_transect,True,False,False
Natali_2023_BNZ_T1_L9,2016-08-23,64.6959438,-148.3252204,67.0,1,67.0,,tp,Natali_2023,Bonanza Creek,1,9,67.0,,interpolated_transect,True,False,False
Natali_2023_BNZ_T1_L10,2016-08-23,64.69595266666667,-148.32522933333334,60.0,1,60.0,,tp,Natali_2023,Bonanza Creek,1,10,60.0,,interpolated_transect,True,False,False
Natali_2023_BNZ_T1_L11,2016-08-23,64.69596153333333,-148.32523826666667,53.0,1,53.0,,tp,Natali_2023,Bonanza Creek,1,11,53.0,,interpolated_transect,True,False,False
Natali_2023_BNZ_T1_L12,2016-08-23,64.6959704,-148.3252472,61.0,1,61.0,,tp,Natali_2023,Bonanza Creek,1,12,61.0,,interpolated_transect,True,False,False
Natali_2023_BNZ_T1_L13,2016-08-23,64.69597926666667,-148.32525613333334,52.0,1,52.0,,tp,Natali_2023,Bonanza Creek,1,13,52.0,,interpolated_transect,True,False,False
Natali_2023_BNZ_T1_L14,2016-08-23,64.69598813333333,-148.32526506666667,64.0,1,64.0,,tp,Natali_2023,Bonanza Creek,1,14,64.0,,interpolated_transect,True,False,False
Natali_2023_BNZ_T1_L15,2016-08-23,64.695997,-148.325274,70.0,1,70.0,,tp,Natali_2023,Bonanza Creek,1,15,70.0,,interpolated_transect,True,False,False
Natali_2023_BNZ_T1_L16,2016-08-23,64.69600586666667,-148.32528293333334,54.0,1,54.0,,tp,Natali_2023,Bonanza Creek,1,16,54.0,,interpolated_transect,True,False,False
Natali_2023_BNZ_T1_L17,2016-08-23,64.69601473333333,-148.32529186666667,51.0,1,51.0,,tp,Natali_2023,Bonanza Creek,1,17,51.0,,interpolated_transect,True,False,False
Natali_2023_BNZ_T1_L18,2016-08-23,64.6960236,-148.3253008,53.0,1,53.0,,tp,Natali_2023,Bonanza Creek,1,18,53.0,,interpolated_transect,True,False,False
Natali_2023_BNZ_T1_L19,2016-08-23,64.69603246666667,-148.32530973333334,58.0,1,58.0,,tp,Natali_2023,Bonanza Creek,1,19,58.0,,interpolated_transect,True,False,False
Natali_2023_BNZ_T1_L20,2016-08-23,64.69604133333333,-148.32531866666667,48.0,1,48.0,,tp,Natali_2023,Bonanza Creek,1,20,48.0,,interpolated_transect,True,False,False
Natali_2023_BNZ_T1_L21,2016-08-23,64.6960502,-148.3253276,45.0,1,45.0,,tp,Natali_2023,Bonanza Creek,1,21,45.0,,interpolated_transect,True,False,False
Natali_2023_BNZ_T1_L22,2016-08-23,64.69605906666666,-148.32533653333334,60.0,1,60.0,,tp,Natali_2023,Bonanza Creek,1,22,60.0,,interpolated_transect,True,False,False
Natali_2023_BNZ_T1_L23,2016-08-23,64.69606793333332,-148.32534546666668,57.0,1,57.0,,tp,Natali_2023,Bonanza Creek,1,23,57.0,,interpolated_transect,True,False,False
Natali_2023_BNZ_T1_L24,2016-08-23,64.6960768,-148.3253544,57.0,1,57.0,,tp,Natali_2023,Bonanza Creek,1,24,57.0,,interpolated_transect,True,False,False
Natali_2023_BNZ_T1_L25,2016-08-23,64.69608566666666,-148.32536333333334,67.0,1,67.0,,tp,Natali_2023,Bonanza Creek,1,25,67.0,,interpolated_transect,True,False,False
Natali_2023_BNZ_T1_L26,2016-08-23,64.69609453333334,-148.32537226666668,68.0,1,68.0,,tp,Natali_2023,Bonanza Creek,1,26,68.0,,interpolated_transect,True,False,False
Natali_2023_BNZ_T1_L27,2016-08-23,64.6961034,-148.3253812,55.0,1,55.0,,tp,Natali_2023,Bonanza Creek,1,27,55.0,,interpolated_transect,True,False,False
Natali_2023_BNZ_T1_L28,2016-08-23,64.69611226666666,-148.32539013333334,55.0,1,55.0,,tp,Natali_2023,Bonanza Creek,1,28,55.0,,interpolated_transect,True,False,False
Natali_2023_BNZ_T1_L29,2016-08-23,64.69612113333334,-148.32539906666668,64.0,1,64.0,,tp,Natali_2023,Bonanza Creek,1,29,64.0,,interpolated_transect,True,False,False
Natali_2023_BNZ_T1_L30,2016-08-23,64.69613,-148.325408,60.0,1,60.0,,tp,Natali_2023,Bonanza Creek,1,30,60.0,,source_endpoint,False,False,False
Natali_2023_BNZ_T2_L0,2016-08-23,64.695761,-148.325296,50.0,1,50.0,,tp,Natali_2023,Bonanza Creek,2,0,50.0,,source_endpoint,False,False,False
Natali_2023_BNZ_T2_L1,2016-08-23,64.69576893333334,-148.32530870000002,57.0,1,57.0,,tp,Natali_2023,Bonanza Creek,2,1,57.0,,interpolated_transect,True,False,False
Natali_2023_BNZ_T2_L2,2016-08-23,64.69577686666668,-148.3253214,57.0,1,57.0,,tp,Natali_2023,Bonanza Creek,2,2,57.0,,interpolated_transect,True,False,False
Natali_2023_BNZ_T2_L3,2016-08-23,64.6957848,-148.32533410000002,48.0,1,48.0,,tp,Natali_2023,Bonanza Creek,2,3,48.0,,interpolated_transect,True,False,False
Natali_2023_BNZ_T2_L4,2016-08-23,64.69579273333333,-148.3253468,62.0,1,62.0,,tp,Natali_2023,Bonanza Creek,2,4,62.0,,interpolated_transect,True,False,False
Natali_2023_BNZ_T2_L5,2016-08-23,64.69580066666667,-148.32535950000002,63.0,1,63.0,,tp,Natali_2023,Bonanza Creek,2,5,63.0,,interpolated_transect,True,False,False
Natali_2023_BNZ_T2_L6,2016-08-23,64.6958086,-148.3253722,48.0,1,48.0,,tp,Natali_2023,Bonanza Creek,2,6,48.0,,interpolated_transect,True,False,False
Natali_2023_BNZ_T2_L7,2016-08-23,64.69581653333334,-148.32538490000002,60.0,1,60.0,,tp,Natali_2023,Bonanza Creek,2,7,60.0,,interpolated_transect,True,False,False
Natali_2023_BNZ_T2_L8,2016-08-23,64.69582446666666,-148.3253976,57.0,1,57.0,,tp,Natali_2023,Bonanza Creek,2,8,57.0,,interpolated_transect,True,False,False
Natali_2023_BNZ_T2_L9,2016-08-23,64.6958324,-148.32541030000002,58.0,1,58.0,,tp,Natali_2023,Bonanza Creek,2,9,58.0,,interpolated_transect,True,False,False
Natali_2023_BNZ_T2_L10,2016-08-23,64.69584033333334,-148.325423,61.0,1,61.0,,tp,Natali_2023,Bonanza Creek,2,10,61.0,,interpolated_transect,True,False,False
Natali_2023_BNZ_T2_L11,2016-08-23,64.69584826666667,-148.3254357,54.0,1,54.0,,tp,Natali_2023,Bonanza Creek,2,11,54.0,,interpolated_transect,True,False,False
Natali_2023_BNZ_T2_L12,2016-08-23,64.69585620000001,-148.3254484,49.0,1,49.0,,tp,Natali_2023,Bonanza Creek,2,12,49.0,,interpolated_transect,True,False,False
Natali_2023_BNZ_T2_L13,2016-08-23,64.69586413333333,-148.3254611,55.0,1,55.0,,tp,Natali_2023,Bonanza Creek,2,13,55.0,,interpolated_transect,True,False,False
Natali_2023_BNZ_T2_L14,2016-08-23,64.69587206666667,-148.3254738,52.0,1,52.0,,tp,Natali_2023,Bonanza Creek,2,14,52.0,,interpolated_transect,True,False,False
Natali_2023_BNZ_T2_L15,2016-08-23,64.69588,-148.3254865,55.0,1,55.0,,tp,Natali_2023,Bonanza Creek,2,15,55.0,,interpolated_transect,True,False,False
Natali_2023_BNZ_T2_L16,2016-08-23,64.69588793333334,-148.32549920000002,51.0,1,51.0,,tp,Natali_2023,Bonanza Creek,2,16,51.0,,interpolated_transect,True,False,False
Natali_2023_BNZ_T2_L17,2016-08-23,64.69589586666667,-148.3255119,53.0,1,53.0,,tp,Natali_2023,Bonanza Creek,2,17,53.0,,interpolated_transect,True,False,False
Natali_2023_BNZ_T2_L18,2016-08-23,64.6959038,-148.32552460000002,50.0,1,50.0,,tp,Natali_2023,Bonanza Creek,2,18,50.0,,interpolated_transect,True,False,False
Natali_2023_BNZ_T2_L19,2016-08-23,64.69591173333333,-148.3255373,57.0,1,57.0,,tp,Natali_2023,Bonanza Creek,2,19,57.0,,interpolated_transect,True,False,False
Natali_2023_BNZ_T2_L20,2016-08-23,64.69591966666667,-148.32555000000002,57.0,1,57.0,,tp,Natali_2023,Bonanza Creek,2,20,57.0,,interpolated_transect,True,False,False
Natali_2023_BNZ_T2_L21,2016-08-23,64.6959276,-148.3255627,52.0,1,52.0,,tp,Natali_2023,Bonanza Creek,2,21,52.0,,interpolated_transect,True,False,False
Natali_2023_BNZ_T2_L22,2016-08-23,64.69593553333334,-148.32557540000002,60.0,1,60.0,,tp,Natali_2023,Bonanza Creek,2,22,60.0,,interpolated_transect,True,False,False
Natali_2023_BNZ_T2_L23,2016-08-23,64.69594346666666,-148.3255881,54.0,1,54.0,,tp,Natali_2023,Bonanza Creek,2,23,54.0,,interpolated_transect,True,False,False
Natali_2023_BNZ_T2_L24,2016-08-23,64.6959514,-148.32560080000002,59.0,1,59.0,,tp,Natali_2023,Bonanza Creek,2,24,59.0,,interpolated_transect,True,False,False
Natali_2023_BNZ_T2_L25,2016-08-23,64.69595933333333,-148.3256135,60.0,1,60.0,,tp,Natali_2023,Bonanza Creek,2,25,60.0,,interpolated_transect,True,False,False
Natali_2023_BNZ_T2_L26,2016-08-23,64.69596726666667,-148.32562620000002,49.0,1,49.0,,tp,Natali_2023,Bonanza Creek,2,26,49.0,,interpolated_transect,True,False,False
Natali_2023_BNZ_T2_L27,2016-08-23,64.6959752,-148.3256389,68.0,1,68.0,,tp,Natali_2023,Bonanza Creek,2,27,68.0,,interpolated_transect,True,False,False
Natali_2023_BNZ_T2_L28,2016-08-23,64.69598313333333,-148.32565160000001,69.0,1,69.0,,tp,Natali_2023,Bonanza Creek,2,28,69.0,,interpolated_transect,True,False,False
Natali_2023_BNZ_T2_L29,2016-08-23,64.69599106666666,-148.3256643,78.0,1,78.0,,tp,Natali_2023,Bonanza Creek,2,29,78.0,,interpolated_transect,True,False,False
Natali_2023_BNZ_T2_L30,2016-08-23,64.695999,-148.325677,71.0,1,71.0,,tp,Natali_2023,Bonanza Creek,2,30,71.0,,source_endpoint,False,False,False
Natali_2023_BNZ_T3_L0,2016-08-23,64.695689,-148.325588,48.0,1,48.0,,tp,Natali_2023,Bonanza Creek,3,0,48.0,,source_endpoint,False,False,False
Natali_2023_BNZ_T3_L1,2016-08-23,64.6956938,-148.32560546666667,45.0,1,45.0,,tp,Natali_2023,Bonanza Creek,3,1,45.0,,interpolated_transect,True,False,False
Natali_2023_BNZ_T3_L2,2016-08-23,64.6956986,-148.32562293333334,53.0,1,53.0,,tp,Natali_2023,Bonanza Creek,3,2,53.0,,interpolated_transect,True,False,False
Natali_2023_BNZ_T3_L3,2016-08-23,64.6957034,-148.3256404,44.0,1,44.0,,tp,Natali_2023,Bonanza Creek,3,3,44.0,,interpolated_transect,True,False,False
Natali_2023_BNZ_T3_L4,2016-08-23,64.6957082,-148.3256578666667,46.0,1,46.0,,tp,Natali_2023,Bonanza Creek,3,4,46.0,,interpolated_transect,True,False,False
Natali_2023_BNZ_T3_L5,2016-08-23,64.695713,-148.32567533333335,54.0,1,54.0,,tp,Natali_2023,Bonanza Creek,3,5,54.0,,interpolated_transect,True,False,False
Natali_2023_BNZ_T3_L6,2016-08-23,64.6957178,-148.3256928,53.0,1,53.0,,tp,Natali_2023,Bonanza Creek,3,6,53.0,,interpolated_transect,True,False,False
Natali_2023_BNZ_T3_L7,2016-08-23,64.6957226,-148.32571026666668,43.0,1,43.0,,tp,Natali_2023,Bonanza Creek,3,7,43.0,,interpolated_transect,True,False,False
Natali_2023_BNZ_T3_L8,2016-08-23,64.6957274,-148.32572773333334,45.0,1,45.0,,tp,Natali_2023,Bonanza Creek,3,8,45.0,,interpolated_transect,True,False,False
Natali_2023_BNZ_T3_L9,2016-08-23,64.6957322,-148.3257452,55.0,1,55.0,,tp,Natali_2023,Bonanza Creek,3,9,55.0,,interpolated_transect,True,False,False
Natali_2023_BNZ_T3_L10,2016-08-23,64.695737,-148.32576266666666,60.0,1,60.0,,tp,Natali_2023,Bonanza Creek,3,10,60.0,,interpolated_transect,True,False,False
Natali_2023_BNZ_T3_L11,2016-08-23,64.6957418,-148.32578013333332,59.0,1,59.0,,tp,Natali_2023,Bonanza Creek,3,11,59.0,,interpolated_transect,True,False,False
Natali_2023_BNZ_T3_L12,2016-08-23,64.69574659999999,-148.32579760000002,63.0,1,63.0,,tp,Natali_2023,Bonanza Creek,3,12,63.0,,interpolated_transect,True,False,False
Natali_2023_BNZ_T3_L13,2016-08-23,64.69575139999999,-148.32581506666668,58.0,1,58.0,,tp,Natali_2023,Bonanza Creek,3,13,58.0,,interpolated_transect,True,False,False
Natali_2023_BNZ_T3_L14,2016-08-23,64.69575619999999,-148.32583253333334,54.0,1,54.0,,tp,Natali_2023,Bonanza Creek,3,14,54.0,,interpolated_transect,True,False,False
Natali_2023_BNZ_T3_L15,2016-08-23,64.695761,-148.32585,40.0,1,40.0,,tp,Natali_2023,Bonanza Creek,3,15,40.0,,interpolated_transect,True,False,False
Natali_2023_BNZ_T3_L16,2016-08-23,64.6957658,-148.32586746666666,54.0,1,54.0,,tp,Natali_2023,Bonanza Creek,3,16,54.0,,interpolated_transect,True,False,False
Natali_2023_BNZ_T3_L17,2016-08-23,64.6957706,-148.32588493333333,48.0,1,48.0,,tp,Natali_2023,Bonanza Creek,3,17,48.0,,interpolated_transect,True,False,False
Natali_2023_BNZ_T3_L18,2016-08-23,64.6957754,-148.3259024,54.0,1,54.0,,tp,Natali_2023,Bonanza Creek,3,18,54.0,,interpolated_transect,True,False,False
Natali_2023_BNZ_T3_L19,2016-08-23,64.6957802,-148.32591986666668,54.0,1,54.0,,tp,Natali_2023,Bonanza Creek,3,19,54.0,,interpolated_transect,True,False,False
Natali_2023_BNZ_T3_L20,2016-08-23,64.695785,-148.32593733333334,57.0,1,57.0,,tp,Natali_2023,Bonanza Creek,3,20,57.0,,interpolated_transect,True,False,False
Natali_2023_BNZ_T3_L21,2016-08-23,64.6957898,-148.3259548,52.0,1,52.0,,tp,Natali_2023,Bonanza Creek,3,21,52.0,,interpolated_transect,True,False,False
Natali_2023_BNZ_T3_L22,2016-08-23,64.6957946,-148.32597226666667,48.0,1,48.0,,tp,Natali_2023,Bonanza Creek,3,22,48.0,,interpolated_transect,True,False,False
Natali_2023_BNZ_T3_L23,2016-08-23,64.6957994,-148.32598973333333,51.0,1,51.0,,tp,Natali_2023,Bonanza Creek,3,23,51.0,,interpolated_transect,True,False,False
Natali_2023_BNZ_T3_L24,2016-08-23,64.6958042,-148.3260072,53.0,1,53.0,,tp,Natali_2023,Bonanza Creek,3,24,53.0,,interpolated_transect,True,False,False
Natali_2023_BNZ_T3_L25,2016-08-23,64.695809,-148.32602466666665,56.0,1,56.0,,tp,Natali_2023,Bonanza Creek,3,25,56.0,,interpolated_transect,True,False,False
Natali_2023_BNZ_T3_L26,2016-08-23,64.6958138,-148.32604213333332,42.0,1,42.0,,tp,Natali_2023,Bonanza Creek,3,26,42.0,,interpolated_transect,True,False,False
Natali_2023_BNZ_T3_L27,2016-08-23,64.6958186,-148.3260596,50.0,1,50.0,,tp,Natali_2023,Bonanza Creek,3,27,50.0,,interpolated_transect,True,False,False
Natali_2023_BNZ_T3_L28,2016-08-23,64.6958234,-148.32607706666667,50.0,1,50.0,,tp,Natali_2023,Bonanza Creek,3,28,50.0,,interpolated_transect,True,False,False
Natali_2023_BNZ_T3_L29,2016-08-23,64.6958282,-148.32609453333333,63.0,1,63.0,,tp,Natali_2023,Bonanza Creek,3,29,63.0,,interpolated_transect,True,False,False
Natali_2023_BNZ_T3_L30,2016-08-23,64.695833,-148.326112,63.0,1,63.0,,tp,Natali_2023,Bonanza Creek,3,30,63.0,,source_endpoint,False,False,False
Natali_2023_IMNL_T1_L1,2016-08-21,68.5592635,-149.51591136666667,34.0,1,34.0,,tp,Natali_2023,I-Minus Low,1,1,34.0,,interpolated_transect,True,False,False
Natali_2023_IMNL_T1_L2,2016-08-21,68.55927100000001,-149.51589873333336,44.0,1,44.0,,tp,Natali_2023,I-Minus Low,1,2,44.0,,interpolated_transect,True,False,False
Natali_2023_IMNL_T1_L3,2016-08-21,68.5592785,-149.51588610000002,39.0,1,39.0,,tp,Natali_2023,I-Minus Low,1,3,39.0,,interpolated_transect,True,False,False
Natali_2023_IMNL_T1_L4,2016-08-21,68.559286,-149.51587346666668,43.0,1,43.0,,tp,Natali_2023,I-Minus Low,1,4,43.0,,interpolated_transect,True,False,False
Natali_2023_IMNL_T1_L5,2016-08-21,68.55929350000001,-149.51586083333333,44.0,1,44.0,,tp,Natali_2023,I-Minus Low,1,5,44.0,,interpolated_transect,True,False,False
Natali_2023_IMNL_T1_L6,2016-08-21,68.559301,-149.51584820000002,39.0,1,39.0,,tp,Natali_2023,I-Minus Low,1,6,39.0,,interpolated_transect,True,False,False
Natali_2023_IMNL_T1_L7,2016-08-21,68.5593085,-149.51583556666668,34.0,1,34.0,,tp,Natali_2023,I-Minus Low,1,7,34.0,,interpolated_transect,True,False,False
Natali_2023_IMNL_T1_L8,2016-08-21,68.55931600000001,-149.51582293333334,36.0,1,36.0,,tp,Natali_2023,I-Minus Low,1,8,36.0,,interpolated_transect,True,False,False
Natali_2023_IMNL_T1_L9,2016-08-21,68.5593235,-149.5158103,40.0,1,40.0,,tp,Natali_2023,I-Minus Low,1,9,40.0,,interpolated_transect,True,False,False
Natali_2023_IMNL_T1_L10,2016-08-21,68.559331,-149.51579766666669,39.0,1,39.0,,tp,Natali_2023,I-Minus Low,1,10,39.0,,interpolated_transect,True,False,False
Natali_2023_IMNL_T1_L11,2016-08-21,68.55933850000001,-149.51578503333334,35.0,1,35.0,,tp,Natali_2023,I-Minus Low,1,11,35.0,,interpolated_transect,True,False,False
Natali_2023_IMNL_T1_L12,2016-08-21,68.559346,-149.5157724,37.0,1,37.0,,tp,Natali_2023,I-Minus Low,1,12,37.0,,interpolated_transect,True,False,False
Natali_2023_IMNL_T1_L13,2016-08-21,68.5593535,-149.51575976666666,38.0,1,38.0,,tp,Natali_2023,I-Minus Low,1,13,38.0,,interpolated_transect,True,False,False
Natali_2023_IMNL_T1_L14,2016-08-21,68.55936100000001,-149.51574713333335,36.0,1,36.0,,tp,Natali_2023,I-Minus Low,1,14,36.0,,interpolated_transect,True,False,False
Natali_2023_IMNL_T1_L15,2016-08-21,68.5593685,-149.5157345,33.0,1,33.0,,tp,Natali_2023,I-Minus Low,1,15,33.0,,interpolated_transect,True,False,False
Natali_2023_IMNL_T1_L16,2016-08-21,68.559376,-149.51572186666667,33.0,1,33.0,,tp,Natali_2023,I-Minus Low,1,16,33.0,,interpolated_transect,True,False,False
Natali_2023_IMNL_T1_L17,2016-08-21,68.55938350000001,-149.51570923333335,31.0,1,31.0,,tp,Natali_2023,I-Minus Low,1,17,31.0,,interpolated_transect,True,False,False
Natali_2023_IMNL_T1_L18,2016-08-21,68.559391,-149.5156966,60.0,1,60.0,,tp,Natali_2023,I-Minus Low,1,18,60.0,,interpolated_transect,True,False,False
Natali_2023_IMNL_T1_L19,2016-08-21,68.5593985,-149.51568396666667,81.0,1,81.0,,tp,Natali_2023,I-Minus Low,1,19,81.0,,interpolated_transect,True,False,False
Natali_2023_IMNL_T1_L20,2016-08-21,68.55940600000001,-149.51567133333333,75.0,1,75.0,,tp,Natali_2023,I-Minus Low,1,20,75.0,,interpolated_transect,True,False,False
Natali_2023_IMNL_T1_L21,2016-08-21,68.5594135,-149.51565870000002,45.0,1,45.0,,tp,Natali_2023,I-Minus Low,1,21,45.0,,interpolated_transect,True,False,False
Natali_2023_IMNL_T1_L22,2016-08-21,68.559421,-149.51564606666668,50.0,1,50.0,,tp,Natali_2023,I-Minus Low,1,22,50.0,,interpolated_transect,True,False,False
Natali_2023_IMNL_T1_L23,2016-08-21,68.55942850000001,-149.51563343333333,61.0,1,61.0,,tp,Natali_2023,I-Minus Low,1,23,61.0,,interpolated_transect,True,False,False
Natali_2023_IMNL_T1_L24,2016-08-21,68.559436,-149.5156208,53.0,1,53.0,,tp,Natali_2023,I-Minus Low,1,24,53.0,,interpolated_transect,True,False,False
Natali_2023_IMNL_T1_L25,2016-08-21,68.5594435,-149.51560816666668,37.0,1,37.0,,tp,Natali_2023,I-Minus Low,1,25,37.0,,interpolated_transect,True,False,False
Natali_2023_IMNL_T2_L0,2016-08-21,68.559285,-149.51616,32.0,1,32.0,,tp,Natali_2023,I-Minus Low,2,0,32.0,,source_endpoint,False,False,False
Natali_2023_IMNL_T2_L1,2016-08-21,68.55929286666667,-149.5161462,43.0,1,43.0,,tp,Natali_2023,I-Minus Low,2,1,43.0,,interpolated_transect,True,False,False
Natali_2023_IMNL_T2_L2,2016-08-21,68.55930073333333,-149.5161324,38.0,1,38.0,,tp,Natali_2023,I-Minus Low,2,2,38.0,,interpolated_transect,True,False,False
Natali_2023_IMNL_T2_L3,2016-08-21,68.55930860000001,-149.51611860000003,38.0,1,38.0,,tp,Natali_2023,I-Minus Low,2,3,38.0,,interpolated_transect,True,False,False
Natali_2023_IMNL_T2_L4,2016-08-21,68.55931646666667,-149.51610480000002,34.0,1,34.0,,tp,Natali_2023,I-Minus Low,2,4,34.0,,interpolated_transect,True,False,False
Natali_2023_IMNL_T2_L5,2016-08-21,68.55932433333334,-149.51609100000002,34.0,1,34.0,,tp,Natali_2023,I-Minus Low,2,5,34.0,,interpolated_transect,True,False,False
Natali_2023_IMNL_T2_L6,2016-08-21,68.5593322,-149.5160772,36.0,1,36.0,,tp,Natali_2023,I-Minus Low,2,6,36.0,,interpolated_transect,True,False,False
Natali_2023_IMNL_T2_L7,2016-08-21,68.55934006666666,-149.5160634,36.0,1,36.0,,tp,Natali_2023,I-Minus Low,2,7,36.0,,interpolated_transect,True,False,False
Natali_2023_IMNL_T2_L8,2016-08-21,68.55934793333334,-149.5160496,28.0,1,28.0,,tp,Natali_2023,I-Minus Low,2,8,28.0,,interpolated_transect,True,False,False
Natali_2023_IMNL_T2_L9,2016-08-21,68.5593558,-149.5160358,26.0,1,26.0,,tp,Natali_2023,I-Minus Low,2,9,26.0,,interpolated_transect,True,False,False
Natali_2023_IMNL_T2_L10,2016-08-21,68.55936366666667,-149.51602200000002,29.0,1,29.0,,tp,Natali_2023,I-Minus Low,2,10,29.0,,interpolated_transect,True,False,False
Natali_2023_IMNL_T2_L11,2016-08-21,68.55937153333333,-149.51600820000002,32.0,1,32.0,,tp,Natali_2023,I-Minus Low,2,11,32.0,,interpolated_transect,True,False,False
Natali_2023_IMNL_T2_L12,2016-08-21,68.5593794,-149.5159944,33.0,1,33.0,,tp,Natali_2023,I-Minus Low,2,12,33.0,,interpolated_transect,True,False,False
Natali_2023_IMNL_T2_L13,2016-08-21,68.55938726666668,-149.5159806,40.0,1,40.0,,tp,Natali_2023,I-Minus Low,2,13,40.0,,interpolated_transect,True,False,False
Natali_2023_IMNL_T2_L14,2016-08-21,68.55939513333334,-149.5159668,36.0,1,36.0,,tp,Natali_2023,I-Minus Low,2,14,36.0,,interpolated_transect,True,False,False
Natali_2023_IMNL_T2_L15,2016-08-21,68.559403,-149.51595300000002,30.0,1,30.0,,tp,Natali_2023,I-Minus Low,2,15,30.0,,interpolated_transect,True,False,False
Natali_2023_IMNL_T2_L16,2016-08-21,68.55941086666667,-149.51593920000002,43.0,1,43.0,,tp,Natali_2023,I-Minus Low,2,16,43.0,,interpolated_transect,True,False,False
Natali_2023_IMNL_T2_L17,2016-08-21,68.55941873333333,-149.51592540000001,49.0,1,49.0,,tp,Natali_2023,I-Minus Low,2,17,49.0,,interpolated_transect,True,False,False
Natali_2023_IMNL_T2_L18,2016-08-21,68.55942660000001,-149.5159116,45.0,1,45.0,,tp,Natali_2023,I-Minus Low,2,18,45.0,,interpolated_transect,True,False,False
Natali_2023_IMNL_T2_L19,2016-08-21,68.55943446666667,-149.5158978,36.0,1,36.0,,tp,Natali_2023,I-Minus Low,2,19,36.0,,interpolated_transect,True,False,False
Natali_2023_IMNL_T2_L20,2016-08-21,68.55944233333334,-149.515884,38.0,1,38.0,,tp,Natali_2023,I-Minus Low,2,20,38.0,,interpolated_transect,True,False,False
Natali_2023_IMNL_T2_L21,2016-08-21,68.5594502,-149.5158702,35.0,1,35.0,,tp,Natali_2023,I-Minus Low,2,21,35.0,,interpolated_transect,True,False,False
Natali_2023_IMNL_T2_L23,2016-08-21,68.55946593333334,-149.5158426,41.0,1,41.0,,tp,Natali_2023,I-Minus Low,2,23,41.0,,interpolated_transect,True,False,False
Natali_2023_IMNL_T2_L24,2016-08-21,68.5594738,-149.5158288,39.0,1,39.0,,tp,Natali_2023,I-Minus Low,2,24,39.0,,interpolated_transect,True,False,False
Natali_2023_IMNL_T2_L25,2016-08-21,68.55948166666667,-149.515815,43.0,1,43.0,,tp,Natali_2023,I-Minus Low,2,25,43.0,,interpolated_transect,True,False,False
Natali_2023_IMNL_T2_L26,2016-08-21,68.55948953333333,-149.5158012,41.0,1,41.0,,tp,Natali_2023,I-Minus Low,2,26,41.0,,interpolated_transect,True,False,False
Natali_2023_IMNL_T2_L27,2016-08-21,68.5594974,-149.51578740000002,43.0,1,43.0,,tp,Natali_2023,I-Minus Low,2,27,43.0,,interpolated_transect,True,False,False
Natali_2023_IMNL_T2_L28,2016-08-21,68.55950526666668,-149.51577360000002,43.0,1,43.0,,tp,Natali_2023,I-Minus Low,2,28,43.0,,interpolated_transect,True,False,False
Natali_2023_IMNL_T2_L29,2016-08-21,68.55951313333334,-149.5157598,42.0,1,42.0,,tp,Natali_2023,I-Minus Low,2,29,42.0,,interpolated_transect,True,False,False
Natali_2023_IMNL_T2_L30,2016-08-21,68.559521,-149.515746,40.0,1,40.0,,tp,Natali_2023,I-Minus Low,2,30,40.0,,source_endpoint,False,False,False
Natali_2023_IMNL_T3_L0,2016-08-21,68.559357,-149.516373,46.0,1,46.0,,tp,Natali_2023,I-Minus Low,3,0,46.0,,source_endpoint,False,False,False
Natali_2023_IMNL_T3_L1,2016-08-21,68.55936436666667,-149.51635983333333,34.0,1,34.0,,tp,Natali_2023,I-Minus Low,3,1,34.0,,interpolated_transect,True,False,False
Natali_2023_IMNL_T3_L2,2016-08-21,68.55937173333334,-149.51634666666666,42.0,1,42.0,,tp,Natali_2023,I-Minus Low,3,2,42.0,,interpolated_transect,True,False,False
Natali_2023_IMNL_T3_L3,2016-08-21,68.5593791,-149.51633349999997,40.0,1,40.0,,tp,Natali_2023,I-Minus Low,3,3,40.0,,interpolated_transect,True,False,False
Natali_2023_IMNL_T3_L4,2016-08-21,68.55938646666667,-149.5163203333333,27.0,1,27.0,,tp,Natali_2023,I-Minus Low,3,4,27.0,,interpolated_transect,True,False,False
Natali_2023_IMNL_T3_L5,2016-08-21,68.55939383333333,-149.51630716666665,41.0,1,41.0,,tp,Natali_2023,I-Minus Low,3,5,41.0,,interpolated_transect,True,False,False
Natali_2023_IMNL_T3_L6,2016-08-21,68.55940120000001,-149.516294,39.0,1,39.0,,tp,Natali_2023,I-Minus Low,3,6,39.0,,interpolated_transect,True,False,False
Natali_2023_IMNL_T3_L7,2016-08-21,68.55940856666668,-149.51628083333333,31.0,1,31.0,,tp,Natali_2023,I-Minus Low,3,7,31.0,,interpolated_transect,True,False,False
Natali_2023_IMNL_T3_L8,2016-08-21,68.55941593333334,-149.51626766666666,42.0,1,42.0,,tp,Natali_2023,I-Minus Low,3,8,42.0,,interpolated_transect,True,False,False
Natali_2023_IMNL_T3_L9,2016-08-21,68.5594233,-149.5162545,35.0,1,35.0,,tp,Natali_2023,I-Minus Low,3,9,35.0,,interpolated_transect,True,False,False
Natali_2023_IMNL_T3_L10,2016-08-21,68.55943066666667,-149.5162413333333,36.0,1,36.0,,tp,Natali_2023,I-Minus Low,3,10,36.0,,interpolated_transect,True,False,False
Natali_2023_IMNL_T3_L11,2016-08-21,68.55943803333334,-149.51622816666665,40.0,1,40.0,,tp,Natali_2023,I-Minus Low,3,11,40.0,,interpolated_transect,True,False,False
Natali_2023_IMNL_T3_L12,2016-08-21,68.5594454,-149.516215,38.0,1,38.0,,tp,Natali_2023,I-Minus Low,3,12,38.0,,interpolated_transect,True,False,False
Natali_2023_IMNL_T3_L13,2016-08-21,68.55945276666667,-149.51620183333333,38.0,1,38.0,,tp,Natali_2023,I-Minus Low,3,13,38.0,,interpolated_transect,True,False,False
Natali_2023_IMNL_T3_L14,2016-08-21,68.55946013333333,-149.51618866666666,39.0,1,39.0,,tp,Natali_2023,I-Minus Low,3,14,39.0,,interpolated_transect,True,False,False
Natali_2023_IMNL_T3_L15,2016-08-21,68.55946750000001,-149.51617549999997,36.0,1,36.0,,tp,Natali_2023,I-Minus Low,3,15,36.0,,interpolated_transect,True,False,False
Natali_2023_IMNL_T3_L16,2016-08-21,68.55947486666668,-149.5161623333333,35.0,1,35.0,,tp,Natali_2023,I-Minus Low,3,16,35.0,,interpolated_transect,True,False,False
Natali_2023_IMNL_T3_L17,2016-08-21,68.55948223333334,-149.51614916666665,38.0,1,38.0,,tp,Natali_2023,I-Minus Low,3,17,38.0,,interpolated_transect,True,False,False
Natali_2023_IMNL_T3_L18,2016-08-21,68.5594896,-149.516136,35.0,1,35.0,,tp,Natali_2023,I-Minus Low,3,18,35.0,,interpolated_transect,True,False,False
Natali_2023_IMNL_T3_L19,2016-08-21,68.55949696666667,-149.51612283333333,28.0,1,28.0,,tp,Natali_2023,I-Minus Low,3,19,28.0,,interpolated_transect,True,False,False
Natali_2023_IMNL_T3_L20,2016-08-21,68.55950433333334,-149.51610966666667,39.0,1,39.0,,tp,Natali_2023,I-Minus Low,3,20,39.0,,interpolated_transect,True,False,False
Natali_2023_IMNL_T3_L21,2016-08-21,68.5595117,-149.5160965,34.0,1,34.0,,tp,Natali_2023,I-Minus Low,3,21,34.0,,interpolated_transect,True,False,False
Natali_2023_IMNL_T3_L22,2016-08-21,68.55951906666667,-149.5160833333333,39.0,1,39.0,,tp,Natali_2023,I-Minus Low,3,22,39.0,,interpolated_transect,True,False,False
Natali_2023_IMNL_T3_L23,2016-08-21,68.55952643333333,-149.51607016666665,34.0,1,34.0,,tp,Natali_2023,I-Minus Low,3,23,34.0,,interpolated_transect,True,False,False
Natali_2023_IMNL_T3_L24,2016-08-21,68.5595338,-149.516057,34.0,1,34.0,,tp,Natali_2023,I-Minus Low,3,24,34.0,,interpolated_transect,True,False,False
Natali_2023_IMNL_T3_L25,2016-08-21,68.55954116666666,-149.51604383333333,35.0,1,35.0,,tp,Natali_2023,I-Minus Low,3,25,35.0,,interpolated_transect,True,False,False
Natali_2023_IMNL_T3_L26,2016-08-21,68.55954853333334,-149.51603066666667,39.0,1,39.0,,tp,Natali_2023,I-Minus Low,3,26,39.0,,interpolated_transect,True,False,False
Natali_2023_IMNL_T3_L27,2016-08-21,68.5595559,-149.51601749999998,37.0,1,37.0,,tp,Natali_2023,I-Minus Low,3,27,37.0,,interpolated_transect,True,False,False
Natali_2023_IMNL_T3_L28,2016-08-21,68.55956326666667,-149.5160043333333,45.0,1,45.0,,tp,Natali_2023,I-Minus Low,3,28,45.0,,interpolated_transect,True,False,False
Natali_2023_IMNL_T3_L29,2016-08-21,68.55957063333334,-149.51599116666665,47.0,1,47.0,,tp,Natali_2023,I-Minus Low,3,29,47.0,,interpolated_transect,True,False,False
Natali_2023_IMNL_T3_L30,2016-08-21,68.559578,-149.515978,56.0,1,56.0,,tp,Natali_2023,I-Minus Low,3,30,56.0,,source_endpoint,False,False,False
Natali_2023_IMNH_T1_L0,2016-08-21,68.557151,-149.532885,47.0,1,47.0,,tp,Natali_2023,I-Minus High,1,0,47.0,,source_endpoint,False,False,False
Natali_2023_IMNH_T1_L1,2016-08-21,68.55715513333334,-149.53286293333332,44.0,1,44.0,,tp,Natali_2023,I-Minus High,1,1,44.0,,interpolated_transect,True,False,False
Natali_2023_IMNH_T1_L2,2016-08-21,68.55715926666667,-149.53284086666665,64.0,1,64.0,,tp,Natali_2023,I-Minus High,1,2,64.0,,interpolated_transect,True,False,False
Natali_2023_IMNH_T1_L3,2016-08-21,68.55716340000001,-149.5328188,58.0,1,58.0,,tp,Natali_2023,I-Minus High,1,3,58.0,,interpolated_transect,True,False,False
Natali_2023_IMNH_T1_L4,2016-08-21,68.55716753333334,-149.53279673333333,50.0,1,50.0,,tp,Natali_2023,I-Minus High,1,4,50.0,,interpolated_transect,True,False,False
Natali_2023_IMNH_T1_L5,2016-08-21,68.55717166666668,-149.53277466666665,48.0,1,48.0,,tp,Natali_2023,I-Minus High,1,5,48.0,,interpolated_transect,True,False,False
Natali_2023_IMNH_T1_L6,2016-08-21,68.55717580000001,-149.53275259999998,52.0,1,52.0,,tp,Natali_2023,I-Minus High,1,6,52.0,,interpolated_transect,True,False,False
Natali_2023_IMNH_T1_L7,2016-08-21,68.55717993333334,-149.53273053333334,21.0,1,21.0,,tp,Natali_2023,I-Minus High,1,7,21.0,,interpolated_transect,True,False,False
Natali_2023_IMNH_T1_L8,2016-08-21,68.55718406666666,-149.53270846666666,26.0,1,26.0,,tp,Natali_2023,I-Minus High,1,8,26.0,,interpolated_transect,True,False,False
Natali_2023_IMNH_T1_L9,2016-08-21,68.5571882,-149.5326864,28.0,1,28.0,,tp,Natali_2023,I-Minus High,1,9,28.0,,interpolated_transect,True,False,False
Natali_2023_IMNH_T1_L10,2016-08-21,68.55719233333333,-149.53266433333332,40.0,1,40.0,,tp,Natali_2023,I-Minus High,1,10,40.0,,interpolated_transect,True,False,False
Natali_2023_IMNH_T1_L11,2016-08-21,68.55719646666667,-149.53264226666667,44.0,1,44.0,,tp,Natali_2023,I-Minus High,1,11,44.0,,interpolated_transect,True,False,False
Natali_2023_IMNH_T1_L12,2016-08-21,68.5572006,-149.5326202,32.0,1,32.0,,tp,Natali_2023,I-Minus High,1,12,32.0,,interpolated_transect,True,False,False
Natali_2023_IMNH_T1_L13,2016-08-21,68.55720473333334,-149.53259813333332,32.0,1,32.0,,tp,Natali_2023,I-Minus High,1,13,32.0,,interpolated_transect,True,False,False
Natali_2023_IMNH_T1_L14,2016-08-21,68.55720886666667,-149.53257606666665,31.0,1,31.0,,tp,Natali_2023,I-Minus High,1,14,31.0,,interpolated_transect,True,False,False
Natali_2023_IMNH_T1_L15,2016-08-21,68.557213,-149.532554,32.0,1,32.0,,tp,Natali_2023,I-Minus High,1,15,32.0,,interpolated_transect,True,False,False
Natali_2023_IMNH_T1_L16,2016-08-21,68.55721713333334,-149.53253193333333,38.0,1,38.0,,tp,Natali_2023,I-Minus High,1,16,38.0,,interpolated_transect,True,False,False
Natali_2023_IMNH_T1_L17,2016-08-21,68.55722126666667,-149.53250986666666,45.0,1,45.0,,tp,Natali_2023,I-Minus High,1,17,45.0,,interpolated_transect,True,False,False
Natali_2023_IMNH_T1_L18,2016-08-21,68.55722540000001,-149.53248779999998,27.0,1,27.0,,tp,Natali_2023,I-Minus High,1,18,27.0,,interpolated_transect,True,False,False
Natali_2023_IMNH_T1_L19,2016-08-21,68.55722953333334,-149.5324657333333,41.0,1,41.0,,tp,Natali_2023,I-Minus High,1,19,41.0,,interpolated_transect,True,False,False
Natali_2023_IMNH_T1_L20,2016-08-21,68.55723366666668,-149.53244366666667,49.0,1,49.0,,tp,Natali_2023,I-Minus High,1,20,49.0,,interpolated_transect,True,False,False
Natali_2023_IMNH_T1_L21,2016-08-21,68.55723780000001,-149.5324216,36.0,1,36.0,,tp,Natali_2023,I-Minus High,1,21,36.0,,interpolated_transect,True,False,False
Natali_2023_IMNH_T1_L22,2016-08-21,68.55724193333334,-149.53239953333332,50.0,1,50.0,,tp,Natali_2023,I-Minus High,1,22,50.0,,interpolated_transect,True,False,False
Natali_2023_IMNH_T1_L23,2016-08-21,68.55724606666666,-149.53237746666665,61.0,1,61.0,,tp,Natali_2023,I-Minus High,1,23,61.0,,interpolated_transect,True,False,False
Natali_2023_IMNH_T1_L24,2016-08-21,68.5572502,-149.5323554,71.0,1,71.0,,tp,Natali_2023,I-Minus High,1,24,71.0,,interpolated_transect,True,False,False
Natali_2023_IMNH_T1_L25,2016-08-21,68.55725433333333,-149.53233333333333,33.0,1,33.0,,tp,Natali_2023,I-Minus High,1,25,33.0,,interpolated_transect,True,False,False
Natali_2023_IMNH_T1_L26,2016-08-21,68.55725846666667,-149.53231126666665,52.0,1,52.0,,tp,Natali_2023,I-Minus High,1,26,52.0,,interpolated_transect,True,False,False
Natali_2023_IMNH_T1_L27,2016-08-21,68.5572626,-149.53228919999998,53.0,1,53.0,,tp,Natali_2023,I-Minus High,1,27,53.0,,interpolated_transect,True,False,False
Natali_2023_IMNH_T1_L28,2016-08-21,68.55726673333334,-149.53226713333333,48.0,1,48.0,,tp,Natali_2023,I-Minus High,1,28,48.0,,interpolated_transect,True,False,False
Natali_2023_IMNH_T1_L29,2016-08-21,68.55727086666667,-149.53224506666666,45.0,1,45.0,,tp,Natali_2023,I-Minus High,1,29,45.0,,interpolated_transect,True,False,False
Natali_2023_IMNH_T1_L30,2016-08-21,68.557275,-149.532223,47.0,1,47.0,,tp,Natali_2023,I-Minus High,1,30,47.0,,source_endpoint,False,False,False
Natali_2023_IMNH_T2_L0,2016-08-21,68.557297,-149.533136,57.0,1,57.0,,tp,Natali_2023,I-Minus High,2,0,57.0,,source_endpoint,False,False,False
Natali_2023_IMNH_T2_L1,2016-08-21,68.55730063333334,-149.53310923333333,57.0,1,57.0,,tp,Natali_2023,I-Minus High,2,1,57.0,,interpolated_transect,True,False,False
Natali_2023_IMNH_T2_L2,2016-08-21,68.55730426666668,-149.53308246666668,33.0,1,33.0,,tp,Natali_2023,I-Minus High,2,2,33.0,,interpolated_transect,True,False,False
Natali_2023_IMNH_T2_L3,2016-08-21,68.55730790000001,-149.5330557,34.0,1,34.0,,tp,Natali_2023,I-Minus High,2,3,34.0,,interpolated_transect,True,False,False
Natali_2023_IMNH_T2_L4,2016-08-21,68.55731153333333,-149.53302893333336,31.0,1,31.0,,tp,Natali_2023,I-Minus High,2,4,31.0,,interpolated_transect,True,False,False
Natali_2023_IMNH_T2_L5,2016-08-21,68.55731516666667,-149.53300216666668,73.0,1,73.0,,tp,Natali_2023,I-Minus High,2,5,73.0,,interpolated_transect,True,False,False
Natali_2023_IMNH_T2_L6,2016-08-21,68.5573188,-149.5329754,79.0,1,79.0,,tp,Natali_2023,I-Minus High,2,6,79.0,,interpolated_transect,True,False,False
Natali_2023_IMNH_T2_L7,2016-08-21,68.55732243333334,-149.53294863333335,70.0,1,70.0,,tp,Natali_2023,I-Minus High,2,7,70.0,,interpolated_transect,True,False,False
Natali_2023_IMNH_T2_L8,2016-08-21,68.55732606666668,-149.53292186666667,59.0,1,59.0,,tp,Natali_2023,I-Minus High,2,8,59.0,,interpolated_transect,True,False,False
Natali_2023_IMNH_T2_L9,2016-08-21,68.5573297,-149.53289510000002,40.0,1,40.0,,tp,Natali_2023,I-Minus High,2,9,40.0,,interpolated_transect,True,False,False
Natali_2023_IMNH_T2_L10,2016-08-21,68.55733333333333,-149.53286833333334,64.0,1,64.0,,tp,Natali_2023,I-Minus High,2,10,64.0,,interpolated_transect,True,False,False
Natali_2023_IMNH_T2_L11,2016-08-21,68.55733696666667,-149.53284156666666,72.0,1,72.0,,tp,Natali_2023,I-Minus High,2,11,72.0,,interpolated_transect,True,False,False
Natali_2023_IMNH_T2_L12,2016-08-21,68.5573406,-149.5328148,71.0,1,71.0,,tp,Natali_2023,I-Minus High,2,12,71.0,,interpolated_transect,True,False,False
Natali_2023_IMNH_T2_L13,2016-08-21,68.55734423333334,-149.53278803333333,74.0,1,74.0,,tp,Natali_2023,I-Minus High,2,13,74.0,,interpolated_transect,True,False,False
Natali_2023_IMNH_T2_L14,2016-08-21,68.55734786666667,-149.53276126666668,60.0,1,60.0,,tp,Natali_2023,I-Minus High,2,14,60.0,,interpolated_transect,True,False,False
Natali_2023_IMNH_T2_L15,2016-08-21,68.55735150000001,-149.5327345,59.0,1,59.0,,tp,Natali_2023,I-Minus High,2,15,59.0,,interpolated_transect,True,False,False
Natali_2023_IMNH_T2_L17,2016-08-21,68.55735876666667,-149.53268096666667,63.0,1,63.0,,tp,Natali_2023,I-Minus High,2,17,63.0,,interpolated_transect,True,False,False
Natali_2023_IMNH_T2_L18,2016-08-21,68.5573624,-149.5326542,65.0,1,65.0,,tp,Natali_2023,I-Minus High,2,18,65.0,,interpolated_transect,True,False,False
Natali_2023_IMNH_T2_L19,2016-08-21,68.55736603333334,-149.53262743333335,73.0,1,73.0,,tp,Natali_2023,I-Minus High,2,19,73.0,,interpolated_transect,True,False,False
Natali_2023_IMNH_T2_L20,2016-08-21,68.55736966666667,-149.53260066666667,79.0,1,79.0,,tp,Natali_2023,I-Minus High,2,20,79.0,,interpolated_transect,True,False,False
Natali_2023_IMNH_T2_L21,2016-08-21,68.5573733,-149.5325739,79.0,1,79.0,,tp,Natali_2023,I-Minus High,2,21,79.0,,interpolated_transect,True,False,False
Natali_2023_IMNH_T2_L22,2016-08-21,68.55737693333333,-149.53254713333334,63.0,1,63.0,,tp,Natali_2023,I-Minus High,2,22,63.0,,interpolated_transect,True,False,False
Natali_2023_IMNH_T2_L23,2016-08-21,68.55738056666667,-149.53252036666666,44.0,1,44.0,,tp,Natali_2023,I-Minus High,2,23,44.0,,interpolated_transect,True,False,False
Natali_2023_IMNH_T2_L24,2016-08-21,68.5573842,-149.5324936,31.0,1,31.0,,tp,Natali_2023,I-Minus High,2,24,31.0,,interpolated_transect,True,False,False
Natali_2023_IMNH_T2_L25,2016-08-21,68.55738783333334,-149.53246683333333,46.0,1,46.0,,tp,Natali_2023,I-Minus High,2,25,46.0,,interpolated_transect,True,False,False
Natali_2023_IMNH_T2_L26,2016-08-21,68.55739146666667,-149.53244006666665,65.0,1,65.0,,tp,Natali_2023,I-Minus High,2,26,65.0,,interpolated_transect,True,False,False
Natali_2023_IMNH_T2_L27,2016-08-21,68.55739510000001,-149.5324133,58.0,1,58.0,,tp,Natali_2023,I-Minus High,2,27,58.0,,interpolated_transect,True,False,False
Natali_2023_IMNH_T2_L28,2016-08-21,68.55739873333333,-149.53238653333332,37.0,1,37.0,,tp,Natali_2023,I-Minus High,2,28,37.0,,interpolated_transect,True,False,False
Natali_2023_IMNH_T2_L29,2016-08-21,68.55740236666666,-149.53235976666667,31.0,1,31.0,,tp,Natali_2023,I-Minus High,2,29,31.0,,interpolated_transect,True,False,False
Natali_2023_IMNH_T2_L30,2016-08-21,68.557406,-149.532333,36.0,1,36.0,,tp,Natali_2023,I-Minus High,2,30,36.0,,source_endpoint,False,False,False
Natali_2023_IMNH_T3_L0,2016-08-21,68.55744,-149.533321,86.0,1,86.0,,tp,Natali_2023,I-Minus High,3,0,86.0,,source_endpoint,False,False,False
Natali_2023_IMNH_T3_L1,2016-08-21,68.5574438,-149.53329730000002,72.0,1,72.0,,tp,Natali_2023,I-Minus High,3,1,72.0,,interpolated_transect,True,False,False
Natali_2023_IMNH_T3_L2,2016-08-21,68.5574476,-149.5332736,55.0,1,55.0,,tp,Natali_2023,I-Minus High,3,2,55.0,,interpolated_transect,True,False,False
Natali_2023_IMNH_T3_L3,2016-08-21,68.5574514,-149.5332499,45.0,1,45.0,,tp,Natali_2023,I-Minus High,3,3,45.0,,interpolated_transect,True,False,False
Natali_2023_IMNH_T3_L4,2016-08-21,68.55745519999999,-149.5332262,53.0,1,53.0,,tp,Natali_2023,I-Minus High,3,4,53.0,,interpolated_transect,True,False,False
Natali_2023_IMNH_T3_L5,2016-08-21,68.557459,-149.53320250000002,37.0,1,37.0,,tp,Natali_2023,I-Minus High,3,5,37.0,,interpolated_transect,True,False,False
Natali_2023_IMNH_T3_L6,2016-08-21,68.5574628,-149.5331788,30.0,1,30.0,,tp,Natali_2023,I-Minus High,3,6,30.0,,interpolated_transect,True,False,False
Natali_2023_IMNH_T3_L7,2016-08-21,68.5574666,-149.5331551,42.0,1,42.0,,tp,Natali_2023,I-Minus High,3,7,42.0,,interpolated_transect,True,False,False
Natali_2023_IMNH_T3_L8,2016-08-21,68.5574704,-149.5331314,46.0,1,46.0,,tp,Natali_2023,I-Minus High,3,8,46.0,,interpolated_transect,True,False,False
Natali_2023_IMNH_T3_L9,2016-08-21,68.5574742,-149.53310770000002,43.0,1,43.0,,tp,Natali_2023,I-Minus High,3,9,43.0,,interpolated_transect,True,False,False
Natali_2023_IMNH_T3_L10,2016-08-21,68.557478,-149.533084,51.0,1,51.0,,tp,Natali_2023,I-Minus High,3,10,51.0,,interpolated_transect,True,False,False
Natali_2023_IMNH_T3_L11,2016-08-21,68.5574818,-149.5330603,41.0,1,41.0,,tp,Natali_2023,I-Minus High,3,11,41.0,,interpolated_transect,True,False,False
Natali_2023_IMNH_T3_L12,2016-08-21,68.55748559999999,-149.5330366,31.0,1,31.0,,tp,Natali_2023,I-Minus High,3,12,31.0,,interpolated_transect,True,False,False
Natali_2023_IMNH_T3_L13,2016-08-21,68.5574894,-149.53301290000002,61.0,1,61.0,,tp,Natali_2023,I-Minus High,3,13,61.0,,interpolated_transect,True,False,False
Natali_2023_IMNH_T3_L14,2016-08-21,68.5574932,-149.5329892,65.0,1,65.0,,tp,Natali_2023,I-Minus High,3,14,65.0,,interpolated_transect,True,False,False
Natali_2023_IMNH_T3_L15,2016-08-21,68.557497,-149.5329655,33.0,1,33.0,,tp,Natali_2023,I-Minus High,3,15,33.0,,interpolated_transect,True,False,False
Natali_2023_IMNH_T3_L16,2016-08-21,68.5575008,-149.5329418,52.0,1,52.0,,tp,Natali_2023,I-Minus High,3,16,52.0,,interpolated_transect,True,False,False
Natali_2023_IMNH_T3_L17,2016-08-21,68.5575046,-149.53291810000002,41.0,1,41.0,,tp,Natali_2023,I-Minus High,3,17,41.0,,interpolated_transect,True,False,False
Natali_2023_IMNH_T3_L18,2016-08-21,68.5575084,-149.5328944,38.0,1,38.0,,tp,Natali_2023,I-Minus High,3,18,38.0,,interpolated_transect,True,False,False
Natali_2023_IMNH_T3_L19,2016-08-21,68.55751219999999,-149.5328707,51.0,1,51.0,,tp,Natali_2023,I-Minus High,3,19,51.0,,interpolated_transect,True,False,False
Natali_2023_IMNH_T3_L20,2016-08-21,68.55751599999999,-149.532847,46.0,1,46.0,,tp,Natali_2023,I-Minus High,3,20,46.0,,interpolated_transect,True,False,False
Natali_2023_IMNH_T3_L21,2016-08-21,68.5575198,-149.53282330000002,40.0,1,40.0,,tp,Natali_2023,I-Minus High,3,21,40.0,,interpolated_transect,True,False,False
Natali_2023_IMNH_T3_L22,2016-08-21,68.5575236,-149.5327996,35.0,1,35.0,,tp,Natali_2023,I-Minus High,3,22,35.0,,interpolated_transect,True,False,False
Natali_2023_IMNH_T3_L23,2016-08-21,68.5575274,-149.5327759,40.0,1,40.0,,tp,Natali_2023,I-Minus High,3,23,40.0,,interpolated_transect,True,False,False
Natali_2023_IMNH_T3_L24,2016-08-21,68.5575312,-149.5327522,50.0,1,50.0,,tp,Natali_2023,I-Minus High,3,24,50.0,,interpolated_transect,True,False,False
Natali_2023_IMNH_T3_L25,2016-08-21,68.557535,-149.53272850000002,33.0,1,33.0,,tp,Natali_2023,I-Minus High,3,25,33.0,,interpolated_transect,True,False,False
Natali_2023_IMNH_T3_L26,2016-08-21,68.5575388,-149.5327048,45.0,1,45.0,,tp,Natali_2023,I-Minus High,3,26,45.0,,interpolated_transect,True,False,False
Natali_2023_IMNH_T3_L27,2016-08-21,68.55754259999999,-149.5326811,37.0,1,37.0,,tp,Natali_2023,I-Minus High,3,27,37.0,,interpolated_transect,True,False,False
Natali_2023_IMNH_T3_L28,2016-08-21,68.55754639999999,-149.5326574,34.0,1,34.0,,tp,Natali_2023,I-Minus High,3,28,34.0,,interpolated_transect,True,False,False
Natali_2023_IMNH_T3_L29,2016-08-21,68.5575502,-149.53263370000002,61.0,1,61.0,,tp,Natali_2023,I-Minus High,3,29,61.0,,interpolated_transect,True,False,False
Natali_2023_IMNH_T3_L30,2016-08-21,68.557554,-149.53261,31.0,1,31.0,,tp,Natali_2023,I-Minus High,3,30,31.0,,source_endpoint,False,False,False
Natali_2023_HCU_T1_L0,2017-06-10,65.567191,-148.925705,20.0,1,20.0,,tp,Natali_2023,Hess Creek Unburned,1,0,20.0,,source_endpoint,False,False,False
Natali_2023_HCU_T1_L1,2017-06-10,65.56720056666666,-148.9257083,22.0,1,22.0,,tp,Natali_2023,Hess Creek Unburned,1,1,22.0,,interpolated_transect,True,False,False
Natali_2023_HCU_T1_L2,2017-06-10,65.56721013333333,-148.9257116,25.0,1,25.0,,tp,Natali_2023,Hess Creek Unburned,1,2,25.0,,interpolated_transect,True,False,False
Natali_2023_HCU_T1_L3,2017-06-10,65.5672197,-148.9257149,26.0,1,26.0,,tp,Natali_2023,Hess Creek Unburned,1,3,26.0,,interpolated_transect,True,False,False
Natali_2023_HCU_T1_L4,2017-06-10,65.56722926666666,-148.9257182,27.0,1,27.0,,tp,Natali_2023,Hess Creek Unburned,1,4,27.0,,interpolated_transect,True,False,False
Natali_2023_HCU_T1_L5,2017-06-10,65.56723883333333,-148.9257215,24.0,1,24.0,,tp,Natali_2023,Hess Creek Unburned,1,5,24.0,,interpolated_transect,True,False,False
Natali_2023_HCU_T1_L6,2017-06-10,65.5672484,-148.92572479999998,22.0,1,22.0,,tp,Natali_2023,Hess Creek Unburned,1,6,22.0,,interpolated_transect,True,False,False
Natali_2023_HCU_T1_L7,2017-06-10,65.56725796666666,-148.9257281,24.0,1,24.0,,tp,Natali_2023,Hess Creek Unburned,1,7,24.0,,interpolated_transect,True,False,False
Natali_2023_HCU_T1_L8,2017-06-10,65.56726753333332,-148.9257314,17.0,1,17.0,,tp,Natali_2023,Hess Creek Unburned,1,8,17.0,,interpolated_transect,True,False,False
Natali_2023_HCU_T1_L9,2017-06-10,65.5672771,-148.9257347,27.0,1,27.0,,tp,Natali_2023,Hess Creek Unburned,1,9,27.0,,interpolated_transect,True,False,False
Natali_2023_HCU_T1_L10,2017-06-10,65.56728666666666,-148.925738,23.0,1,23.0,,tp,Natali_2023,Hess Creek Unburned,1,10,23.0,,interpolated_transect,True,False,False
Natali_2023_HCU_T1_L11,2017-06-10,65.56729623333332,-148.9257413,26.0,1,26.0,,tp,Natali_2023,Hess Creek Unburned,1,11,26.0,,interpolated_transect,True,False,False
Natali_2023_HCU_T1_L12,2017-06-10,65.5673058,-148.9257446,23.0,1,23.0,,tp,Natali_2023,Hess Creek Unburned,1,12,23.0,,interpolated_transect,True,False,False
Natali_2023_HCU_T1_L13,2017-06-10,65.56731536666666,-148.9257479,23.0,1,23.0,,tp,Natali_2023,Hess Creek Unburned,1,13,23.0,,interpolated_transect,True,False,False
Natali_2023_HCU_T1_L14,2017-06-10,65.56732493333332,-148.9257512,20.0,1,20.0,,tp,Natali_2023,Hess Creek Unburned,1,14,20.0,,interpolated_transect,True,False,False
Natali_2023_HCU_T1_L15,2017-06-10,65.56733449999999,-148.92575449999998,25.0,1,25.0,,tp,Natali_2023,Hess Creek Unburned,1,15,25.0,,interpolated_transect,True,False,False
Natali_2023_HCU_T1_L16,2017-06-10,65.56734406666666,-148.92575779999999,21.0,1,21.0,,tp,Natali_2023,Hess Creek Unburned,1,16,21.0,,interpolated_transect,True,False,False
Natali_2023_HCU_T1_L17,2017-06-10,65.56735363333333,-148.9257611,26.0,1,26.0,,tp,Natali_2023,Hess Creek Unburned,1,17,26.0,,interpolated_transect,True,False,False
Natali_2023_HCU_T1_L18,2017-06-10,65.56736319999999,-148.9257644,24.0,1,24.0,,tp,Natali_2023,Hess Creek Unburned,1,18,24.0,,interpolated_transect,True,False,False
Natali_2023_HCU_T1_L19,2017-06-10,65.56737276666667,-148.9257677,18.0,1,18.0,,tp,Natali_2023,Hess Creek Unburned,1,19,18.0,,interpolated_transect,True,False,False
Natali_2023_HCU_T1_L20,2017-06-10,65.56738233333333,-148.925771,27.0,1,27.0,,tp,Natali_2023,Hess Creek Unburned,1,20,27.0,,interpolated_transect,True,False,False
Natali_2023_HCU_T1_L21,2017-06-10,65.56739189999999,-148.9257743,22.0,1,22.0,,tp,Natali_2023,Hess Creek Unburned,1,21,22.0,,interpolated_transect,True,False,False
Natali_2023_HCU_T1_L22,2017-06-10,65.56740146666667,-148.9257776,21.0,1,21.0,,tp,Natali_2023,Hess Creek Unburned,1,22,21.0,,interpolated_transect,True,False,False
Natali_2023_HCU_T1_L23,2017-06-10,65.56741103333333,-148.9257809,18.0,1,18.0,,tp,Natali_2023,Hess Creek Unburned,1,23,18.0,,interpolated_transect,True,False,False
Natali_2023_HCU_T1_L24,2017-06-10,65.56742059999999,-148.9257842,26.0,1,26.0,,tp,Natali_2023,Hess Creek Unburned,1,24,26.0,,interpolated_transect,True,False,False
Natali_2023_HCU_T1_L25,2017-06-10,65.56743016666665,-148.9257875,20.0,1,20.0,,tp,Natali_2023,Hess Creek Unburned,1,25,20.0,,interpolated_transect,True,False,False
Natali_2023_HCU_T1_L26,2017-06-10,65.56743973333333,-148.9257908,25.0,1,25.0,,tp,Natali_2023,Hess Creek Unburned,1,26,25.0,,interpolated_transect,True,False,False
Natali_2023_HCU_T1_L27,2017-06-10,65.56744929999999,-148.9257941,19.0,1,19.0,,tp,Natali_2023,Hess Creek Unburned,1,27,19.0,,interpolated_transect,True,False,False
Natali_2023_HCU_T1_L28,2017-06-10,65.56745886666666,-148.9257974,19.0,1,19.0,,tp,Natali_2023,Hess Creek Unburned,1,28,19.0,,interpolated_transect,True,False,False
Natali_2023_HCU_T1_L29,2017-06-10,65.56746843333333,-148.9258007,20.0,1,20.0,,tp,Natali_2023,Hess Creek Unburned,1,29,20.0,,interpolated_transect,True,False,False
Natali_2023_HCU_T1_L30,2017-06-10,65.567478,-148.925804,22.0,1,22.0,,tp,Natali_2023,Hess Creek Unburned,1,30,22.0,,source_endpoint,False,False,False
Natali_2023_HCU_T2_L0,2017-06-10,65.567228,-148.925424,23.0,1,23.0,,tp,Natali_2023,Hess Creek Unburned,2,0,23.0,,source_endpoint,False,False,False
Natali_2023_HCU_T2_L1,2017-06-10,65.5672356,-148.9254296,19.0,1,19.0,,tp,Natali_2023,Hess Creek Unburned,2,1,19.0,,interpolated_transect,True,False,False
Natali_2023_HCU_T2_L2,2017-06-10,65.56724320000001,-148.92543519999998,6.0,1,6.0,,tp,Natali_2023,Hess Creek Unburned,2,2,6.0,Tree well,interpolated_transect,True,False,False
Natali_2023_HCU_T2_L3,2017-06-10,65.5672508,-148.9254408,22.0,1,22.0,,tp,Natali_2023,Hess Creek Unburned,2,3,22.0,,interpolated_transect,True,False,False
Natali_2023_HCU_T2_L4,2017-06-10,65.5672584,-148.9254464,22.0,1,22.0,,tp,Natali_2023,Hess Creek Unburned,2,4,22.0,,interpolated_transect,True,False,False
Natali_2023_HCU_T2_L5,2017-06-10,65.567266,-148.925452,22.0,1,22.0,,tp,Natali_2023,Hess Creek Unburned,2,5,22.0,,interpolated_transect,True,False,False
Natali_2023_HCU_T2_L6,2017-06-10,65.56727360000001,-148.9254576,25.0,1,25.0,,tp,Natali_2023,Hess Creek Unburned,2,6,25.0,,interpolated_transect,True,False,False
Natali_2023_HCU_T2_L7,2017-06-10,65.5672812,-148.9254632,30.0,1,30.0,,tp,Natali_2023,Hess Creek Unburned,2,7,30.0,,interpolated_transect,True,False,False
Natali_2023_HCU_T2_L8,2017-06-10,65.5672888,-148.9254688,19.0,1,19.0,,tp,Natali_2023,Hess Creek Unburned,2,8,19.0,,interpolated_transect,True,False,False
Natali_2023_HCU_T2_L9,2017-06-10,65.5672964,-148.92547439999998,27.0,1,27.0,,tp,Natali_2023,Hess Creek Unburned,2,9,27.0,,interpolated_transect,True,False,False
Natali_2023_HCU_T2_L10,2017-06-10,65.56730400000001,-148.92548,27.0,1,27.0,,tp,Natali_2023,Hess Creek Unburned,2,10,27.0,,interpolated_transect,True,False,False
Natali_2023_HCU_T2_L11,2017-06-10,65.5673116,-148.9254856,21.0,1,21.0,,tp,Natali_2023,Hess Creek Unburned,2,11,21.0,,interpolated_transect,True,False,False
Natali_2023_HCU_T2_L12,2017-06-10,65.5673192,-148.92549119999998,30.0,1,30.0,,tp,Natali_2023,Hess Creek Unburned,2,12,30.0,,interpolated_transect,True,False,False
Natali_2023_HCU_T2_L13,2017-06-10,65.5673268,-148.9254968,22.0,1,22.0,,tp,Natali_2023,Hess Creek Unburned,2,13,22.0,,interpolated_transect,True,False,False
Natali_2023_HCU_T2_L14,2017-06-10,65.56733440000001,-148.9255024,25.0,1,25.0,,tp,Natali_2023,Hess Creek Unburned,2,14,25.0,,interpolated_transect,True,False,False
Natali_2023_HCU_T2_L15,2017-06-10,65.567342,-148.92550799999998,16.0,1,16.0,,tp,Natali_2023,Hess Creek Unburned,2,15,16.0,Tree well,interpolated_transect,True,False,False
Natali_2023_HCU_T2_L16,2017-06-10,65.5673496,-148.9255136,25.0,1,25.0,,tp,Natali_2023,Hess Creek Unburned,2,16,25.0,,interpolated_transect,True,False,False
Natali_2023_HCU_T2_L17,2017-06-10,65.5673572,-148.9255192,16.0,1,16.0,,tp,Natali_2023,Hess Creek Unburned,2,17,16.0,,interpolated_transect,True,False,False
Natali_2023_HCU_T2_L18,2017-06-10,65.56736480000001,-148.9255248,29.0,1,29.0,,tp,Natali_2023,Hess Creek Unburned,2,18,29.0,,interpolated_transect,True,False,False
Natali_2023_HCU_T2_L19,2017-06-10,65.56737240000001,-148.92553039999999,25.0,1,25.0,,tp,Natali_2023,Hess Creek Unburned,2,19,25.0,,interpolated_transect,True,False,False
Natali_2023_HCU_T2_L20,2017-06-10,65.56738,-148.925536,17.0,1,17.0,,tp,Natali_2023,Hess Creek Unburned,2,20,17.0,,interpolated_transect,True,False,False
Natali_2023_HCU_T2_L21,2017-06-10,65.5673876,-148.9255416,24.0,1,24.0,,tp,Natali_2023,Hess Creek Unburned,2,21,24.0,,interpolated_transect,True,False,False
Natali_2023_HCU_T2_L22,2017-06-10,65.5673952,-148.92554719999998,19.0,1,19.0,,tp,Natali_2023,Hess Creek Unburned,2,22,19.0,,interpolated_transect,True,False,False
Natali_2023_HCU_T2_L23,2017-06-10,65.56740280000001,-148.9255528,21.0,1,21.0,,tp,Natali_2023,Hess Creek Unburned,2,23,21.0,,interpolated_transect,True,False,False
Natali_2023_HCU_T2_L24,2017-06-10,65.5674104,-148.9255584,27.0,1,27.0,,tp,Natali_2023,Hess Creek Unburned,2,24,27.0,,interpolated_transect,True,False,False
Natali_2023_HCU_T2_L25,2017-06-10,65.567418,-148.925564,27.0,1,27.0,,tp,Natali_2023,Hess Creek Unburned,2,25,27.0,,interpolated_transect,True,False,False
Natali_2023_HCU_T2_L26,2017-06-10,65.5674256,-148.9255696,27.0,1,27.0,,tp,Natali_2023,Hess Creek Unburned,2,26,27.0,,interpolated_transect,True,False,False
Natali_2023_HCU_T2_L27,2017-06-10,65.56743320000001,-148.9255752,25.0,1,25.0,,tp,Natali_2023,Hess Creek Unburned,2,27,25.0,,interpolated_transect,True,False,False
Natali_2023_HCU_T2_L28,2017-06-10,65.5674408,-148.9255808,22.0,1,22.0,,tp,Natali_2023,Hess Creek Unburned,2,28,22.0,,interpolated_transect,True,False,False
Natali_2023_HCU_T2_L29,2017-06-10,65.5674484,-148.9255864,22.0,1,22.0,,tp,Natali_2023,Hess Creek Unburned,2,29,22.0,,interpolated_transect,True,False,False
Natali_2023_HCU_T2_L30,2017-06-10,65.567456,-148.925592,20.0,1,20.0,,tp,Natali_2023,Hess Creek Unburned,2,30,20.0,,source_endpoint,False,False,False
Natali_2023_HCU_T3_L0,2017-06-10,65.567277,-148.925009,27.0,1,27.0,,tp,Natali_2023,Hess Creek Unburned,3,0,27.0,,source_endpoint,False,False,False
Natali_2023_HCU_T3_L1,2017-06-10,65.56728650000001,-148.9250108,21.0,1,21.0,,tp,Natali_2023,Hess Creek Unburned,3,1,21.0,,interpolated_transect,True,False,False
Natali_2023_HCU_T3_L2,2017-06-10,65.567296,-148.9250126,25.0,1,25.0,,tp,Natali_2023,Hess Creek Unburned,3,2,25.0,,interpolated_transect,True,False,False
Natali_2023_HCU_T3_L3,2017-06-10,65.5673055,-148.92501439999998,19.0,1,19.0,,tp,Natali_2023,Hess Creek Unburned,3,3,19.0,,interpolated_transect,True,False,False
Natali_2023_HCU_T3_L4,2017-06-10,65.56731500000001,-148.9250162,28.0,1,28.0,,tp,Natali_2023,Hess Creek Unburned,3,4,28.0,,interpolated_transect,True,False,False
Natali_2023_HCU_T3_L5,2017-06-10,65.5673245,-148.925018,26.0,1,26.0,,tp,Natali_2023,Hess Creek Unburned,3,5,26.0,,interpolated_transect,True,False,False
Natali_2023_HCU_T3_L6,2017-06-10,65.567334,-148.9250198,25.0,1,25.0,,tp,Natali_2023,Hess Creek Unburned,3,6,25.0,,interpolated_transect,True,False,False
Natali_2023_HCU_T3_L7,2017-06-10,65.5673435,-148.92502159999998,23.0,1,23.0,,tp,Natali_2023,Hess Creek Unburned,3,7,23.0,,interpolated_transect,True,False,False
Natali_2023_HCU_T3_L8,2017-06-10,65.567353,-148.9250234,31.0,1,31.0,,tp,Natali_2023,Hess Creek Unburned,3,8,31.0,,interpolated_transect,True,False,False
Natali_2023_HCU_T3_L9,2017-06-10,65.5673625,-148.9250252,25.0,1,25.0,,tp,Natali_2023,Hess Creek Unburned,3,9,25.0,,interpolated_transect,True,False,False
Natali_2023_HCU_T3_L10,2017-06-10,65.567372,-148.925027,19.0,1,19.0,,tp,Natali_2023,Hess Creek Unburned,3,10,19.0,,interpolated_transect,True,False,False
Natali_2023_HCU_T3_L11,2017-06-10,65.5673815,-148.92502879999998,20.0,1,20.0,,tp,Natali_2023,Hess Creek Unburned,3,11,20.0,,interpolated_transect,True,False,False
Natali_2023_HCU_T3_L12,2017-06-10,65.567391,-148.92503059999999,22.0,1,22.0,,tp,Natali_2023,Hess Creek Unburned,3,12,22.0,,interpolated_transect,True,False,False
Natali_2023_HCU_T3_L13,2017-06-10,65.5674005,-148.9250324,33.0,1,33.0,,tp,Natali_2023,Hess Creek Unburned,3,13,33.0,,interpolated_transect,True,False,False
Natali_2023_HCU_T3_L14,2017-06-10,65.56741,-148.9250342,18.0,1,18.0,,tp,Natali_2023,Hess Creek Unburned,3,14,18.0,,interpolated_transect,True,False,False
Natali_2023_HCU_T3_L15,2017-06-10,65.5674195,-148.92503599999998,25.0,1,25.0,,tp,Natali_2023,Hess Creek Unburned,3,15,25.0,,interpolated_transect,True,False,False
Natali_2023_HCU_T3_L16,2017-06-10,65.567429,-148.92503779999998,19.0,1,19.0,,tp,Natali_2023,Hess Creek Unburned,3,16,19.0,,interpolated_transect,True,False,False
Natali_2023_HCU_T3_L17,2017-06-10,65.5674385,-148.9250396,23.0,1,23.0,,tp,Natali_2023,Hess Creek Unburned,3,17,23.0,,interpolated_transect,True,False,False
Natali_2023_HCU_T3_L18,2017-06-10,65.567448,-148.9250414,19.0,1,19.0,,tp,Natali_2023,Hess Creek Unburned,3,18,19.0,,interpolated_transect,True,False,False
Natali_2023_HCU_T3_L19,2017-06-10,65.5674575,-148.9250432,17.0,1,17.0,,tp,Natali_2023,Hess Creek Unburned,3,19,17.0,,interpolated_transect,True,False,False
Natali_2023_HCU_T3_L20,2017-06-10,65.567467,-148.92504499999998,19.0,1,19.0,,tp,Natali_2023,Hess Creek Unburned,3,20,19.0,,interpolated_transect,True,False,False
Natali_2023_HCU_T3_L21,2017-06-10,65.5674765,-148.9250468,20.0,1,20.0,,tp,Natali_2023,Hess Creek Unburned,3,21,20.0,,interpolated_transect,True,False,False
Natali_2023_HCU_T3_L22,2017-06-10,65.567486,-148.9250486,15.0,1,15.0,,tp,Natali_2023,Hess Creek Unburned,3,22,15.0,,interpolated_transect,True,False,False
Natali_2023_HCU_T3_L23,2017-06-10,65.56749549999999,-148.9250504,19.0,1,19.0,,tp,Natali_2023,Hess Creek Unburned,3,23,19.0,,interpolated_transect,True,False,False
Natali_2023_HCU_T3_L24,2017-06-10,65.567505,-148.92505219999998,15.0,1,15.0,,tp,Natali_2023,Hess Creek Unburned,3,24,15.0,,interpolated_transect,True,False,False
Natali_2023_HCU_T3_L25,2017-06-10,65.5675145,-148.925054,21.0,1,21.0,,tp,Natali_2023,Hess Creek Unburned,3,25,21.0,,interpolated_transect,True,False,False
Natali_2023_HCU_T3_L26,2017-06-10,65.56752399999999,-148.9250558,17.0,1,17.0,,tp,Natali_2023,Hess Creek Unburned,3,26,17.0,,interpolated_transect,True,False,False
Natali_2023_HCU_T3_L27,2017-06-10,65.5675335,-148.9250576,15.0,1,15.0,,tp,Natali_2023,Hess Creek Unburned,3,27,15.0,,interpolated_transect,True,False,False
Natali_2023_HCU_T3_L28,2017-06-10,65.567543,-148.92505939999998,19.0,1,19.0,,tp,Natali_2023,Hess Creek Unburned,3,28,19.0,,interpolated_transect,True,False,False
Natali_2023_HCU_T3_L29,2017-06-10,65.56755249999999,-148.9250612,27.0,1,27.0,,tp,Natali_2023,Hess Creek Unburned,3,29,27.0,,interpolated_transect,True,False,False
Natali_2023_HCU_T3_L30,2017-06-10,65.567562,-148.925063,30.0,1,30.0,,tp,Natali_2023,Hess Creek Unburned,3,30,30.0,,source_endpoint,False,False,False
Natali_2023_HCB_T1_L0,2017-06-10,65.568741,-148.924115,25.0,1,25.0,,tp,Natali_2023,Hess Creek Burned,1,0,25.0,,source_endpoint,False,False,False
Natali_2023_HCB_T1_L1,2017-06-10,65.56874923333334,-148.9241106,22.0,1,22.0,,tp,Natali_2023,Hess Creek Burned,1,1,22.0,,interpolated_transect,True,False,False
Natali_2023_HCB_T1_L2,2017-06-10,65.56875746666667,-148.9241062,24.0,1,24.0,,tp,Natali_2023,Hess Creek Burned,1,2,24.0,,interpolated_transect,True,False,False
Natali_2023_HCB_T1_L3,2017-06-10,65.5687657,-148.9241018,28.0,1,28.0,,tp,Natali_2023,Hess Creek Burned,1,3,28.0,,interpolated_transect,True,False,False
Natali_2023_HCB_T1_L4,2017-06-10,65.56877393333333,-148.9240974,25.0,1,25.0,,tp,Natali_2023,Hess Creek Burned,1,4,25.0,,interpolated_transect,True,False,False
Natali_2023_HCB_T1_L5,2017-06-10,65.56878216666667,-148.924093,34.0,1,34.0,,tp,Natali_2023,Hess Creek Burned,1,5,34.0,,interpolated_transect,True,False,False
Natali_2023_HCB_T1_L6,2017-06-10,65.5687904,-148.9240886,19.0,1,19.0,,tp,Natali_2023,Hess Creek Burned,1,6,19.0,,interpolated_transect,True,False,False
Natali_2023_HCB_T1_L7,2017-06-10,65.56879863333333,-148.9240842,24.0,1,24.0,,tp,Natali_2023,Hess Creek Burned,1,7,24.0,,interpolated_transect,True,False,False
Natali_2023_HCB_T1_L8,2017-06-10,65.56880686666668,-148.9240798,21.0,1,21.0,,tp,Natali_2023,Hess Creek Burned,1,8,21.0,,interpolated_transect,True,False,False
Natali_2023_HCB_T1_L9,2017-06-10,65.56881510000001,-148.9240754,24.0,1,24.0,,tp,Natali_2023,Hess Creek Burned,1,9,24.0,,interpolated_transect,True,False,False
Natali_2023_HCB_T1_L10,2017-06-10,65.56882333333334,-148.924071,23.0,1,23.0,,tp,Natali_2023,Hess Creek Burned,1,10,23.0,,interpolated_transect,True,False,False
Natali_2023_HCB_T1_L11,2017-06-10,65.56883156666667,-148.9240666,29.0,1,29.0,,tp,Natali_2023,Hess Creek Burned,1,11,29.0,,interpolated_transect,True,False,False
Natali_2023_HCB_T1_L12,2017-06-10,65.5688398,-148.9240622,20.0,1,20.0,,tp,Natali_2023,Hess Creek Burned,1,12,20.0,,interpolated_transect,True,False,False
Natali_2023_HCB_T1_L13,2017-06-10,65.56884803333334,-148.92405779999999,23.0,1,23.0,,tp,Natali_2023,Hess Creek Burned,1,13,23.0,,interpolated_transect,True,False,False
Natali_2023_HCB_T1_L14,2017-06-10,65.56885626666667,-148.9240534,23.0,1,23.0,,tp,Natali_2023,Hess Creek Burned,1,14,23.0,,interpolated_transect,True,False,False
Natali_2023_HCB_T1_L15,2017-06-10,65.5688645,-148.924049,29.0,1,29.0,,tp,Natali_2023,Hess Creek Burned,1,15,29.0,,interpolated_transect,True,False,False
Natali_2023_HCB_T1_L16,2017-06-10,65.56887273333334,-148.9240446,19.0,1,19.0,,tp,Natali_2023,Hess Creek Burned,1,16,19.0,,interpolated_transect,True,False,False
Natali_2023_HCB_T1_L17,2017-06-10,65.56888096666667,-148.9240402,17.0,1,17.0,,tp,Natali_2023,Hess Creek Burned,1,17,17.0,,interpolated_transect,True,False,False
Natali_2023_HCB_T1_L18,2017-06-10,65.5688892,-148.92403579999998,22.0,1,22.0,,tp,Natali_2023,Hess Creek Burned,1,18,22.0,,interpolated_transect,True,False,False
Natali_2023_HCB_T1_L19,2017-06-10,65.56889743333333,-148.9240314,28.0,1,28.0,,tp,Natali_2023,Hess Creek Burned,1,19,28.0,,interpolated_transect,True,False,False
Natali_2023_HCB_T1_L20,2017-06-10,65.56890566666667,-148.924027,19.0,1,19.0,,tp,Natali_2023,Hess Creek Burned,1,20,19.0,,interpolated_transect,True,False,False
Natali_2023_HCB_T1_L21,2017-06-10,65.5689139,-148.9240226,19.0,1,19.0,,tp,Natali_2023,Hess Creek Burned,1,21,19.0,,interpolated_transect,True,False,False
Natali_2023_HCB_T1_L22,2017-06-10,65.56892213333333,-148.9240182,23.0,1,23.0,,tp,Natali_2023,Hess Creek Burned,1,22,23.0,,interpolated_transect,True,False,False
Natali_2023_HCB_T1_L23,2017-06-10,65.56893036666668,-148.92401379999998,22.0,1,22.0,,tp,Natali_2023,Hess Creek Burned,1,23,22.0,,interpolated_transect,True,False,False
Natali_2023_HCB_T1_L24,2017-06-10,65.56893860000001,-148.9240094,29.0,1,29.0,,tp,Natali_2023,Hess Creek Burned,1,24,29.0,,interpolated_transect,True,False,False
Natali_2023_HCB_T1_L25,2017-06-10,65.56894683333334,-148.924005,34.0,1,34.0,,tp,Natali_2023,Hess Creek Burned,1,25,34.0,,interpolated_transect,True,False,False
Natali_2023_HCB_T1_L26,2017-06-10,65.56895506666667,-148.9240006,23.0,1,23.0,,tp,Natali_2023,Hess Creek Burned,1,26,23.0,,interpolated_transect,True,False,False
Natali_2023_HCB_T1_L27,2017-06-10,65.56896330000001,-148.9239962,27.0,1,27.0,,tp,Natali_2023,Hess Creek Burned,1,27,27.0,,interpolated_transect,True,False,False
Natali_2023_HCB_T1_L28,2017-06-10,65.56897153333334,-148.92399179999998,30.0,1,30.0,,tp,Natali_2023,Hess Creek Burned,1,28,30.0,,interpolated_transect,True,False,False
Natali_2023_HCB_T1_L29,2017-06-10,65.56897976666667,-148.9239874,18.0,1,18.0,,tp,Natali_2023,Hess Creek Burned,1,29,18.0,,interpolated_transect,True,False,False
Natali_2023_HCB_T1_L30,2017-06-10,65.568988,-148.923983,19.0,1,19.0,,tp,Natali_2023,Hess Creek Burned,1,30,19.0,Tussock,source_endpoint,False,False,False
Natali_2023_HCB_T2_L0,2017-06-10,65.568618,-148.923751,25.0,1,25.0,,tp,Natali_2023,Hess Creek Burned,2,0,25.0,,source_endpoint,False,False,False
Natali_2023_HCB_T2_L1,2017-06-10,65.5686274,-148.92375220000002,21.0,1,21.0,,tp,Natali_2023,Hess Creek Burned,2,1,21.0,,interpolated_transect,True,False,False
Natali_2023_HCB_T2_L2,2017-06-10,65.56863680000001,-148.9237534,20.0,1,20.0,,tp,Natali_2023,Hess Creek Burned,2,2,20.0,,interpolated_transect,True,False,False
Natali_2023_HCB_T2_L3,2017-06-10,65.5686462,-148.9237546,1.0,1,1.0,,tp,Natali_2023,Hess Creek Burned,2,3,1.0,,interpolated_transect,True,False,False
Natali_2023_HCB_T2_L4,2017-06-10,65.5686556,-148.9237558,24.0,1,24.0,,tp,Natali_2023,Hess Creek Burned,2,4,24.0,,interpolated_transect,True,False,False
Natali_2023_HCB_T2_L5,2017-06-10,65.568665,-148.92375700000002,18.0,1,18.0,,tp,Natali_2023,Hess Creek Burned,2,5,18.0,,interpolated_transect,True,False,False
Natali_2023_HCB_T2_L6,2017-06-10,65.5686744,-148.9237582,29.0,1,29.0,,tp,Natali_2023,Hess Creek Burned,2,6,29.0,,interpolated_transect,True,False,False
Natali_2023_HCB_T2_L7,2017-06-10,65.5686838,-148.9237594,33.0,1,33.0,,tp,Natali_2023,Hess Creek Burned,2,7,33.0,,interpolated_transect,True,False,False
Natali_2023_HCB_T2_L8,2017-06-10,65.5686932,-148.9237606,22.0,1,22.0,,tp,Natali_2023,Hess Creek Burned,2,8,22.0,,interpolated_transect,True,False,False
Natali_2023_HCB_T2_L9,2017-06-10,65.5687026,-148.92376180000002,25.0,1,25.0,,tp,Natali_2023,Hess Creek Burned,2,9,25.0,,interpolated_transect,True,False,False
Natali_2023_HCB_T2_L10,2017-06-10,65.568712,-148.923763,22.0,1,22.0,,tp,Natali_2023,Hess Creek Burned,2,10,22.0,,interpolated_transect,True,False,False
Natali_2023_HCB_T2_L11,2017-06-10,65.5687214,-148.9237642,25.0,1,25.0,,tp,Natali_2023,Hess Creek Burned,2,11,25.0,,interpolated_transect,True,False,False
Natali_2023_HCB_T2_L12,2017-06-10,65.5687308,-148.9237654,38.0,1,38.0,,tp,Natali_2023,Hess Creek Burned,2,12,38.0,,interpolated_transect,True,False,False
Natali_2023_HCB_T2_L13,2017-06-10,65.5687402,-148.92376660000002,22.0,1,22.0,,tp,Natali_2023,Hess Creek Burned,2,13,22.0,,interpolated_transect,True,False,False
Natali_2023_HCB_T2_L14,2017-06-10,65.5687496,-148.9237678,24.0,1,24.0,,tp,Natali_2023,Hess Creek Burned,2,14,24.0,,interpolated_transect,True,False,False
Natali_2023_HCB_T2_L15,2017-06-10,65.568759,-148.923769,29.0,1,29.0,,tp,Natali_2023,Hess Creek Burned,2,15,29.0,,interpolated_transect,True,False,False
Natali_2023_HCB_T2_L16,2017-06-10,65.5687684,-148.9237702,24.0,1,24.0,,tp,Natali_2023,Hess Creek Burned,2,16,24.0,,interpolated_transect,True,False,False
Natali_2023_HCB_T2_L17,2017-06-10,65.5687778,-148.92377140000002,21.0,1,21.0,,tp,Natali_2023,Hess Creek Burned,2,17,21.0,,interpolated_transect,True,False,False
Natali_2023_HCB_T2_L18,2017-06-10,65.5687872,-148.9237726,21.0,1,21.0,,tp,Natali_2023,Hess Creek Burned,2,18,21.0,,interpolated_transect,True,False,False
Natali_2023_HCB_T2_L19,2017-06-10,65.5687966,-148.9237738,26.0,1,26.0,,tp,Natali_2023,Hess Creek Burned,2,19,26.0,,interpolated_transect,True,False,False
Natali_2023_HCB_T2_L20,2017-06-10,65.568806,-148.923775,18.0,1,18.0,,tp,Natali_2023,Hess Creek Burned,2,20,18.0,,interpolated_transect,True,False,False
Natali_2023_HCB_T2_L21,2017-06-10,65.5688154,-148.92377620000002,24.0,1,24.0,,tp,Natali_2023,Hess Creek Burned,2,21,24.0,,interpolated_transect,True,False,False
Natali_2023_HCB_T2_L22,2017-06-10,65.5688248,-148.9237774,22.0,1,22.0,,tp,Natali_2023,Hess Creek Burned,2,22,22.0,,interpolated_transect,True,False,False
Natali_2023_HCB_T2_L23,2017-06-10,65.5688342,-148.9237786,25.0,1,25.0,,tp,Natali_2023,Hess Creek Burned,2,23,25.0,,interpolated_transect,True,False,False
Natali_2023_HCB_T2_L24,2017-06-10,65.5688436,-148.9237798,18.0,1,18.0,,tp,Natali_2023,Hess Creek Burned,2,24,18.0,,interpolated_transect,True,False,False
Natali_2023_HCB_T2_L25,2017-06-10,65.568853,-148.92378100000002,26.0,1,26.0,,tp,Natali_2023,Hess Creek Burned,2,25,26.0,,interpolated_transect,True,False,False
Natali_2023_HCB_T2_L26,2017-06-10,65.5688624,-148.9237822,22.0,1,22.0,,tp,Natali_2023,Hess Creek Burned,2,26,22.0,,interpolated_transect,True,False,False
Natali_2023_HCB_T2_L27,2017-06-10,65.5688718,-148.9237834,29.0,1,29.0,,tp,Natali_2023,Hess Creek Burned,2,27,29.0,,interpolated_transect,True,False,False
Natali_2023_HCB_T2_L28,2017-06-10,65.56888119999999,-148.9237846,25.0,1,25.0,,tp,Natali_2023,Hess Creek Burned,2,28,25.0,,interpolated_transect,True,False,False
Natali_2023_HCB_T2_L29,2017-06-10,65.5688906,-148.92378580000002,30.0,1,30.0,,tp,Natali_2023,Hess Creek Burned,2,29,30.0,,interpolated_transect,True,False,False
Natali_2023_HCB_T2_L30,2017-06-10,65.5689,-148.923787,23.0,1,23.0,,tp,Natali_2023,Hess Creek Burned,2,30,23.0,,source_endpoint,False,False,False
Natali_2023_HCB_T3_L0,2017-06-10,65.568631,-148.923241,29.0,1,29.0,,tp,Natali_2023,Hess Creek Burned,3,0,29.0,,source_endpoint,False,False,False
Natali_2023_HCB_T3_L1,2017-06-10,65.56864019999999,-148.92323886666665,21.0,1,21.0,,tp,Natali_2023,Hess Creek Burned,3,1,21.0,,interpolated_transect,True,False,False
Natali_2023_HCB_T3_L2,2017-06-10,65.5686494,-148.9232367333333,28.0,1,28.0,,tp,Natali_2023,Hess Creek Burned,3,2,28.0,,interpolated_transect,True,False,False
Natali_2023_HCB_T3_L3,2017-06-10,65.56865859999999,-148.9232346,32.0,1,32.0,,tp,Natali_2023,Hess Creek Burned,3,3,32.0,,interpolated_transect,True,False,False
Natali_2023_HCB_T3_L4,2017-06-10,65.5686678,-148.92323246666666,34.0,1,34.0,,tp,Natali_2023,Hess Creek Burned,3,4,34.0,,interpolated_transect,True,False,False
Natali_2023_HCB_T3_L5,2017-06-10,65.568677,-148.92323033333332,32.0,1,32.0,,tp,Natali_2023,Hess Creek Burned,3,5,32.0,,interpolated_transect,True,False,False
Natali_2023_HCB_T3_L6,2017-06-10,65.5686862,-148.92322819999998,27.0,1,27.0,,tp,Natali_2023,Hess Creek Burned,3,6,27.0,,interpolated_transect,True,False,False
Natali_2023_HCB_T3_L7,2017-06-10,65.5686954,-148.92322606666667,28.0,1,28.0,,tp,Natali_2023,Hess Creek Burned,3,7,28.0,,interpolated_transect,True,False,False
Natali_2023_HCB_T3_L8,2017-06-10,65.56870459999999,-148.92322393333333,22.0,1,22.0,,tp,Natali_2023,Hess Creek Burned,3,8,22.0,,interpolated_transect,True,False,False
Natali_2023_HCB_T3_L9,2017-06-10,65.5687138,-148.9232218,17.0,1,17.0,,tp,Natali_2023,Hess Creek Burned,3,9,17.0,,interpolated_transect,True,False,False
Natali_2023_HCB_T3_L10,2017-06-10,65.56872299999999,-148.92321966666665,25.0,1,25.0,,tp,Natali_2023,Hess Creek Burned,3,10,25.0,,interpolated_transect,True,False,False
Natali_2023_HCB_T3_L11,2017-06-10,65.5687322,-148.92321753333334,22.0,1,22.0,,tp,Natali_2023,Hess Creek Burned,3,11,22.0,,interpolated_transect,True,False,False
Natali_2023_HCB_T3_L12,2017-06-10,65.5687414,-148.9232154,22.0,1,22.0,,tp,Natali_2023,Hess Creek Burned,3,12,22.0,,interpolated_transect,True,False,False
Natali_2023_HCB_T3_L13,2017-06-10,65.5687506,-148.92321326666666,23.0,1,23.0,,tp,Natali_2023,Hess Creek Burned,3,13,23.0,,interpolated_transect,True,False,False
Natali_2023_HCB_T3_L14,2017-06-10,65.5687598,-148.92321113333333,20.0,1,20.0,,tp,Natali_2023,Hess Creek Burned,3,14,20.0,,interpolated_transect,True,False,False
Natali_2023_HCB_T3_L15,2017-06-10,65.568769,-148.92320899999999,23.0,1,23.0,,tp,Natali_2023,Hess Creek Burned,3,15,23.0,,interpolated_transect,True,False,False
Natali_2023_HCB_T3_L16,2017-06-10,65.5687782,-148.92320686666667,22.0,1,22.0,,tp,Natali_2023,Hess Creek Burned,3,16,22.0,,interpolated_transect,True,False,False
Natali_2023_HCB_T3_L17,2017-06-10,65.56878739999999,-148.92320473333334,25.0,1,25.0,,tp,Natali_2023,Hess Creek Burned,3,17,25.0,,interpolated_transect,True,False,False
Natali_2023_HCB_T3_L18,2017-06-10,65.5687966,-148.9232026,28.0,1,28.0,,tp,Natali_2023,Hess Creek Burned,3,18,28.0,,interpolated_transect,True,False,False
Natali_2023_HCB_T3_L19,2017-06-10,65.56880579999999,-148.92320046666666,21.0,1,21.0,,tp,Natali_2023,Hess Creek Burned,3,19,21.0,,interpolated_transect,True,False,False
Natali_2023_HCB_T3_L20,2017-06-10,65.568815,-148.92319833333335,18.0,1,18.0,,tp,Natali_2023,Hess Creek Burned,3,20,18.0,,interpolated_transect,True,False,False
Natali_2023_HCB_T3_L21,2017-06-10,65.5688242,-148.9231962,24.0,1,24.0,,tp,Natali_2023,Hess Creek Burned,3,21,24.0,,interpolated_transect,True,False,False
Natali_2023_HCB_T3_L22,2017-06-10,65.5688334,-148.92319406666667,26.0,1,26.0,,tp,Natali_2023,Hess Creek Burned,3,22,26.0,,interpolated_transect,True,False,False
Natali_2023_HCB_T3_L23,2017-06-10,65.5688426,-148.92319193333333,32.0,1,32.0,,tp,Natali_2023,Hess Creek Burned,3,23,32.0,,interpolated_transect,True,False,False
Natali_2023_HCB_T3_L24,2017-06-10,65.56885179999999,-148.92318980000002,18.0,1,18.0,,tp,Natali_2023,Hess Creek Burned,3,24,18.0,,interpolated_transect,True,False,False
Natali_2023_HCB_T3_L25,2017-06-10,65.568861,-148.92318766666668,20.0,1,20.0,,tp,Natali_2023,Hess Creek Burned,3,25,20.0,,interpolated_transect,True,False,False
Natali_2023_HCB_T3_L26,2017-06-10,65.56887019999999,-148.92318553333334,21.0,1,21.0,,tp,Natali_2023,Hess Creek Burned,3,26,21.0,,interpolated_transect,True,False,False
Natali_2023_HCB_T3_L27,2017-06-10,65.5688794,-148.9231834,25.0,1,25.0,,tp,Natali_2023,Hess Creek Burned,3,27,25.0,,interpolated_transect,True,False,False
Natali_2023_HCB_T3_L28,2017-06-10,65.5688886,-148.9231812666667,28.0,1,28.0,,tp,Natali_2023,Hess Creek Burned,3,28,28.0,,interpolated_transect,True,False,False
Natali_2023_HCB_T3_L29,2017-06-10,65.5688978,-148.92317913333335,28.0,1,28.0,,tp,Natali_2023,Hess Creek Burned,3,29,28.0,,interpolated_transect,True,False,False
Natali_2023_HCB_T3_L30,2017-06-10,65.568907,-148.923177,25.0,1,25.0,,tp,Natali_2023,Hess Creek Burned,3,30,25.0,,source_endpoint,False,False,False
Natali_2023_NCU_OLD_T1_L0,2017-06-13,65.340136,-146.9202,24.0,1,24.0,,tp,Natali_2023,Nome Creek Unburned - Old,1,0,24.0,,source_endpoint,False,False,False
Natali_2023_NCU_OLD_T1_L1,2017-06-13,65.34014453333333,-146.92020536666666,23.0,1,23.0,,tp,Natali_2023,Nome Creek Unburned - Old,1,1,23.0,,interpolated_transect,True,False,False
Natali_2023_NCU_OLD_T1_L2,2017-06-13,65.34015306666667,-146.92021073333333,16.0,1,16.0,,tp,Natali_2023,Nome Creek Unburned - Old,1,2,16.0,,interpolated_transect,True,False,False
Natali_2023_NCU_OLD_T1_L3,2017-06-13,65.3401616,-146.9202161,20.0,1,20.0,,tp,Natali_2023,Nome Creek Unburned - Old,1,3,20.0,,interpolated_transect,True,False,False
Natali_2023_NCU_OLD_T1_L4,2017-06-13,65.34017013333333,-146.92022146666667,20.0,1,20.0,,tp,Natali_2023,Nome Creek Unburned - Old,1,4,20.0,,interpolated_transect,True,False,False
Natali_2023_NCU_OLD_T1_L5,2017-06-13,65.34017866666667,-146.92022683333334,20.0,1,20.0,,tp,Natali_2023,Nome Creek Unburned - Old,1,5,20.0,,interpolated_transect,True,False,False
Natali_2023_NCU_OLD_T1_L6,2017-06-13,65.3401872,-146.9202322,25.0,1,25.0,,tp,Natali_2023,Nome Creek Unburned - Old,1,6,25.0,,interpolated_transect,True,False,False
Natali_2023_NCU_OLD_T1_L7,2017-06-13,65.34019573333333,-146.92023756666666,25.0,1,25.0,,tp,Natali_2023,Nome Creek Unburned - Old,1,7,25.0,,interpolated_transect,True,False,False
Natali_2023_NCU_OLD_T1_L8,2017-06-13,65.34020426666666,-146.92024293333333,33.0,1,33.0,,tp,Natali_2023,Nome Creek Unburned - Old,1,8,33.0,Tussock,interpolated_transect,True,False,False
Natali_2023_NCU_OLD_T1_L9,2017-06-13,65.3402128,-146.9202483,17.0,1,17.0,,tp,Natali_2023,Nome Creek Unburned - Old,1,9,17.0,,interpolated_transect,True,False,False
Natali_2023_NCU_OLD_T1_L10,2017-06-13,65.34022133333333,-146.92025366666667,22.0,1,22.0,,tp,Natali_2023,Nome Creek Unburned - Old,1,10,22.0,,interpolated_transect,True,False,False
Natali_2023_NCU_OLD_T1_L11,2017-06-13,65.34022986666666,-146.92025903333334,26.0,1,26.0,,tp,Natali_2023,Nome Creek Unburned - Old,1,11,26.0,,interpolated_transect,True,False,False
Natali_2023_NCU_OLD_T1_L12,2017-06-13,65.3402384,-146.9202644,24.0,1,24.0,,tp,Natali_2023,Nome Creek Unburned - Old,1,12,24.0,,interpolated_transect,True,False,False
Natali_2023_NCU_OLD_T1_L13,2017-06-13,65.34024693333333,-146.92026976666668,28.0,1,28.0,,tp,Natali_2023,Nome Creek Unburned - Old,1,13,28.0,,interpolated_transect,True,False,False
Natali_2023_NCU_OLD_T1_L14,2017-06-13,65.34025546666666,-146.92027513333335,28.0,1,28.0,,tp,Natali_2023,Nome Creek Unburned - Old,1,14,28.0,,interpolated_transect,True,False,False
Natali_2023_NCU_OLD_T1_L15,2017-06-13,65.34026399999999,-146.9202805,19.0,1,19.0,,tp,Natali_2023,Nome Creek Unburned - Old,1,15,19.0,,interpolated_transect,True,False,False
Natali_2023_NCU_OLD_T1_L16,2017-06-13,65.34027253333333,-146.92028586666666,26.0,1,26.0,,tp,Natali_2023,Nome Creek Unburned - Old,1,16,26.0,,interpolated_transect,True,False,False
Natali_2023_NCU_OLD_T1_L17,2017-06-13,65.34028106666666,-146.92029123333333,22.0,1,22.0,,tp,Natali_2023,Nome Creek Unburned - Old,1,17,22.0,,interpolated_transect,True,False,False
Natali_2023_NCU_OLD_T1_L18,2017-06-13,65.34028959999999,-146.9202966,24.0,1,24.0,,tp,Natali_2023,Nome Creek Unburned - Old,1,18,24.0,,interpolated_transect,True,False,False
Natali_2023_NCU_OLD_T1_L19,2017-06-13,65.34029813333333,-146.92030196666667,16.0,1,16.0,,tp,Natali_2023,Nome Creek Unburned - Old,1,19,16.0,,interpolated_transect,True,False,False
Natali_2023_NCU_OLD_T1_L20,2017-06-13,65.34030666666666,-146.92030733333334,21.0,1,21.0,,tp,Natali_2023,Nome Creek Unburned - Old,1,20,21.0,,interpolated_transect,True,False,False
Natali_2023_NCU_OLD_T1_L21,2017-06-13,65.34031519999999,-146.9203127,12.0,1,12.0,,tp,Natali_2023,Nome Creek Unburned - Old,1,21,12.0,,interpolated_transect,True,False,False
Natali_2023_NCU_OLD_T1_L22,2017-06-13,65.34032373333334,-146.92031806666668,22.0,1,22.0,,tp,Natali_2023,Nome Creek Unburned - Old,1,22,22.0,,interpolated_transect,True,False,False
Natali_2023_NCU_OLD_T1_L23,2017-06-13,65.34033226666666,-146.92032343333335,16.0,1,16.0,,tp,Natali_2023,Nome Creek Unburned - Old,1,23,16.0,,interpolated_transect,True,False,False
Natali_2023_NCU_OLD_T1_L24,2017-06-13,65.34034079999999,-146.92032880000002,23.0,1,23.0,,tp,Natali_2023,Nome Creek Unburned - Old,1,24,23.0,,interpolated_transect,True,False,False
Natali_2023_NCU_OLD_T1_L25,2017-06-13,65.34034933333332,-146.9203341666667,22.0,1,22.0,,tp,Natali_2023,Nome Creek Unburned - Old,1,25,22.0,,interpolated_transect,True,False,False
Natali_2023_NCU_OLD_T1_L26,2017-06-13,65.34035786666666,-146.92033953333333,22.0,1,22.0,,tp,Natali_2023,Nome Creek Unburned - Old,1,26,22.0,,interpolated_transect,True,False,False
Natali_2023_NCU_OLD_T1_L27,2017-06-13,65.3403664,-146.9203449,25.0,1,25.0,,tp,Natali_2023,Nome Creek Unburned - Old,1,27,25.0,,interpolated_transect,True,False,False
Natali_2023_NCU_OLD_T1_L28,2017-06-13,65.34037493333332,-146.92035026666667,15.0,1,15.0,,tp,Natali_2023,Nome Creek Unburned - Old,1,28,15.0,,interpolated_transect,True,False,False
Natali_2023_NCU_OLD_T1_L29,2017-06-13,65.34038346666667,-146.92035563333334,37.0,1,37.0,,tp,Natali_2023,Nome Creek Unburned - Old,1,29,37.0,,interpolated_transect,True,False,False
Natali_2023_NCU_OLD_T1_L30,2017-06-13,65.340392,-146.920361,8.0,1,8.0,,tp,Natali_2023,Nome Creek Unburned - Old,1,30,8.0,,source_endpoint,False,False,False
Natali_2023_NCU_OLD_T2_L0,2017-06-13,65.34021,-146.91988,26.0,1,26.0,,tp,Natali_2023,Nome Creek Unburned - Old,2,0,26.0,,source_endpoint,False,False,False
Natali_2023_NCU_OLD_T2_L1,2017-06-13,65.34021963333333,-146.9198878,20.0,1,20.0,,tp,Natali_2023,Nome Creek Unburned - Old,2,1,20.0,,interpolated_transect,True,False,False
Natali_2023_NCU_OLD_T2_L2,2017-06-13,65.34022926666667,-146.91989560000002,30.0,1,30.0,,tp,Natali_2023,Nome Creek Unburned - Old,2,2,30.0,,interpolated_transect,True,False,False
Natali_2023_NCU_OLD_T2_L3,2017-06-13,65.3402389,-146.9199034,21.0,1,21.0,,tp,Natali_2023,Nome Creek Unburned - Old,2,3,21.0,,interpolated_transect,True,False,False
Natali_2023_NCU_OLD_T2_L4,2017-06-13,65.34024853333334,-146.9199112,21.0,1,21.0,,tp,Natali_2023,Nome Creek Unburned - Old,2,4,21.0,,interpolated_transect,True,False,False
Natali_2023_NCU_OLD_T2_L5,2017-06-13,65.34025816666667,-146.919919,25.0,1,25.0,,tp,Natali_2023,Nome Creek Unburned - Old,2,5,25.0,,interpolated_transect,True,False,False
Natali_2023_NCU_OLD_T2_L6,2017-06-13,65.34026779999999,-146.9199268,22.0,1,22.0,,tp,Natali_2023,Nome Creek Unburned - Old,2,6,22.0,,interpolated_transect,True,False,False
Natali_2023_NCU_OLD_T2_L7,2017-06-13,65.34027743333333,-146.9199346,33.0,1,33.0,,tp,Natali_2023,Nome Creek Unburned - Old,2,7,33.0,,interpolated_transect,True,False,False
Natali_2023_NCU_OLD_T2_L8,2017-06-13,65.34028706666666,-146.9199424,20.0,1,20.0,,tp,Natali_2023,Nome Creek Unburned - Old,2,8,20.0,,interpolated_transect,True,False,False
Natali_2023_NCU_OLD_T2_L9,2017-06-13,65.3402967,-146.91995020000002,28.0,1,28.0,,tp,Natali_2023,Nome Creek Unburned - Old,2,9,28.0,,interpolated_transect,True,False,False
Natali_2023_NCU_OLD_T2_L10,2017-06-13,65.34030633333333,-146.919958,26.0,1,26.0,,tp,Natali_2023,Nome Creek Unburned - Old,2,10,26.0,,interpolated_transect,True,False,False
Natali_2023_NCU_OLD_T2_L11,2017-06-13,65.34031596666667,-146.9199658,28.0,1,28.0,,tp,Natali_2023,Nome Creek Unburned - Old,2,11,28.0,,interpolated_transect,True,False,False
Natali_2023_NCU_OLD_T2_L12,2017-06-13,65.3403256,-146.91997360000002,28.0,1,28.0,,tp,Natali_2023,Nome Creek Unburned - Old,2,12,28.0,Tussock,interpolated_transect,True,False,False
Natali_2023_NCU_OLD_T2_L13,2017-06-13,65.34033523333333,-146.9199814,24.0,1,24.0,,tp,Natali_2023,Nome Creek Unburned - Old,2,13,24.0,,interpolated_transect,True,False,False
Natali_2023_NCU_OLD_T2_L14,2017-06-13,65.34034486666667,-146.9199892,25.0,1,25.0,,tp,Natali_2023,Nome Creek Unburned - Old,2,14,25.0,,interpolated_transect,True,False,False
Natali_2023_NCU_OLD_T2_L15,2017-06-13,65.34035449999999,-146.91999700000002,24.0,1,24.0,,tp,Natali_2023,Nome Creek Unburned - Old,2,15,24.0,,interpolated_transect,True,False,False
Natali_2023_NCU_OLD_T2_L16,2017-06-13,65.34036413333332,-146.92000480000002,25.0,1,25.0,,tp,Natali_2023,Nome Creek Unburned - Old,2,16,25.0,,interpolated_transect,True,False,False
Natali_2023_NCU_OLD_T2_L17,2017-06-13,65.34037376666666,-146.9200126,27.0,1,27.0,,tp,Natali_2023,Nome Creek Unburned - Old,2,17,27.0,,interpolated_transect,True,False,False
Natali_2023_NCU_OLD_T2_L18,2017-06-13,65.3403834,-146.9200204,18.0,1,18.0,,tp,Natali_2023,Nome Creek Unburned - Old,2,18,18.0,,interpolated_transect,True,False,False
Natali_2023_NCU_OLD_T2_L19,2017-06-13,65.34039303333333,-146.92002820000002,26.0,1,26.0,,tp,Natali_2023,Nome Creek Unburned - Old,2,19,26.0,,interpolated_transect,True,False,False
Natali_2023_NCU_OLD_T2_L20,2017-06-13,65.34040266666666,-146.920036,25.0,1,25.0,,tp,Natali_2023,Nome Creek Unburned - Old,2,20,25.0,,interpolated_transect,True,False,False
Natali_2023_NCU_OLD_T2_L21,2017-06-13,65.3404123,-146.9200438,15.0,1,15.0,,tp,Natali_2023,Nome Creek Unburned - Old,2,21,15.0,,interpolated_transect,True,False,False
Natali_2023_NCU_OLD_T2_L22,2017-06-13,65.34042193333333,-146.92005160000002,26.0,1,26.0,,tp,Natali_2023,Nome Creek Unburned - Old,2,22,26.0,,interpolated_transect,True,False,False
Natali_2023_NCU_OLD_T2_L23,2017-06-13,65.34043156666667,-146.9200594,0.0,1,0.0,,tp,Natali_2023,Nome Creek Unburned - Old,2,23,0.0,,interpolated_transect,True,False,False
Natali_2023_NCU_OLD_T2_L24,2017-06-13,65.3404412,-146.9200672,21.0,1,21.0,,tp,Natali_2023,Nome Creek Unburned - Old,2,24,21.0,,interpolated_transect,True,False,False
Natali_2023_NCU_OLD_T2_L25,2017-06-13,65.34045083333334,-146.920075,19.0,1,19.0,,tp,Natali_2023,Nome Creek Unburned - Old,2,25,19.0,,interpolated_transect,True,False,False
Natali_2023_NCU_OLD_T2_L26,2017-06-13,65.34046046666666,-146.92008280000002,25.0,1,25.0,,tp,Natali_2023,Nome Creek Unburned - Old,2,26,25.0,,interpolated_transect,True,False,False
Natali_2023_NCU_OLD_T2_L27,2017-06-13,65.34047009999999,-146.9200906,22.0,1,22.0,,tp,Natali_2023,Nome Creek Unburned - Old,2,27,22.0,,interpolated_transect,True,False,False
Natali_2023_NCU_OLD_T2_L28,2017-06-13,65.34047973333332,-146.9200984,34.0,1,34.0,,tp,Natali_2023,Nome Creek Unburned - Old,2,28,34.0,,interpolated_transect,True,False,False
Natali_2023_NCU_OLD_T2_L29,2017-06-13,65.34048936666666,-146.92010620000002,25.0,1,25.0,,tp,Natali_2023,Nome Creek Unburned - Old,2,29,25.0,,interpolated_transect,True,False,False
Natali_2023_NCU_OLD_T2_L30,2017-06-13,65.340499,-146.920114,28.0,1,28.0,,tp,Natali_2023,Nome Creek Unburned - Old,2,30,28.0,,source_endpoint,False,False,False
Natali_2023_NCU_OLD_T3_L0,2017-06-13,65.340303,-146.919401,29.0,1,29.0,,tp,Natali_2023,Nome Creek Unburned - Old,3,0,29.0,,source_endpoint,False,False,False
Natali_2023_NCU_OLD_T3_L1,2017-06-13,65.34031113333334,-146.91940929999998,30.0,1,30.0,,tp,Natali_2023,Nome Creek Unburned - Old,3,1,30.0,,interpolated_transect,True,False,False
Natali_2023_NCU_OLD_T3_L2,2017-06-13,65.34031926666667,-146.9194176,20.0,1,20.0,,tp,Natali_2023,Nome Creek Unburned - Old,3,2,20.0,,interpolated_transect,True,False,False
Natali_2023_NCU_OLD_T3_L3,2017-06-13,65.3403274,-146.9194259,35.0,1,35.0,,tp,Natali_2023,Nome Creek Unburned - Old,3,3,35.0,Tussock,interpolated_transect,True,False,False
Natali_2023_NCU_OLD_T3_L4,2017-06-13,65.34033553333335,-146.91943419999998,21.0,1,21.0,,tp,Natali_2023,Nome Creek Unburned - Old,3,4,21.0,,interpolated_transect,True,False,False
Natali_2023_NCU_OLD_T3_L5,2017-06-13,65.34034366666667,-146.9194425,11.0,1,11.0,,tp,Natali_2023,Nome Creek Unburned - Old,3,5,11.0,,interpolated_transect,True,False,False
Natali_2023_NCU_OLD_T3_L6,2017-06-13,65.34035180000001,-146.9194508,30.0,1,30.0,,tp,Natali_2023,Nome Creek Unburned - Old,3,6,30.0,,interpolated_transect,True,False,False
Natali_2023_NCU_OLD_T3_L7,2017-06-13,65.34035993333333,-146.91945909999998,25.0,1,25.0,,tp,Natali_2023,Nome Creek Unburned - Old,3,7,25.0,,interpolated_transect,True,False,False
Natali_2023_NCU_OLD_T3_L8,2017-06-13,65.34036806666667,-146.9194674,25.0,1,25.0,,tp,Natali_2023,Nome Creek Unburned - Old,3,8,25.0,,interpolated_transect,True,False,False
Natali_2023_NCU_OLD_T3_L9,2017-06-13,65.34037620000001,-146.9194757,33.0,1,33.0,,tp,Natali_2023,Nome Creek Unburned - Old,3,9,33.0,,interpolated_transect,True,False,False
Natali_2023_NCU_OLD_T3_L10,2017-06-13,65.34038433333333,-146.91948399999998,14.0,1,14.0,,tp,Natali_2023,Nome Creek Unburned - Old,3,10,14.0,,interpolated_transect,True,False,False
Natali_2023_NCU_OLD_T3_L11,2017-06-13,65.34039246666667,-146.9194923,22.0,1,22.0,,tp,Natali_2023,Nome Creek Unburned - Old,3,11,22.0,,interpolated_transect,True,False,False
Natali_2023_NCU_OLD_T3_L12,2017-06-13,65.34040060000001,-146.9195006,23.0,1,23.0,,tp,Natali_2023,Nome Creek Unburned - Old,3,12,23.0,,interpolated_transect,True,False,False
Natali_2023_NCU_OLD_T3_L13,2017-06-13,65.34040873333333,-146.91950889999998,23.0,1,23.0,,tp,Natali_2023,Nome Creek Unburned - Old,3,13,23.0,,interpolated_transect,True,False,False
Natali_2023_NCU_OLD_T3_L14,2017-06-13,65.34041686666667,-146.9195172,24.0,1,24.0,,tp,Natali_2023,Nome Creek Unburned - Old,3,14,24.0,,interpolated_transect,True,False,False
Natali_2023_NCU_OLD_T3_L15,2017-06-13,65.34042500000001,-146.9195255,24.0,1,24.0,,tp,Natali_2023,Nome Creek Unburned - Old,3,15,24.0,,interpolated_transect,True,False,False
Natali_2023_NCU_OLD_T3_L16,2017-06-13,65.34043313333333,-146.91953379999998,24.0,1,24.0,,tp,Natali_2023,Nome Creek Unburned - Old,3,16,24.0,,interpolated_transect,True,False,False
Natali_2023_NCU_OLD_T3_L17,2017-06-13,65.34044126666667,-146.9195421,20.0,1,20.0,,tp,Natali_2023,Nome Creek Unburned - Old,3,17,20.0,,interpolated_transect,True,False,False
Natali_2023_NCU_OLD_T3_L18,2017-06-13,65.3404494,-146.9195504,23.0,1,23.0,,tp,Natali_2023,Nome Creek Unburned - Old,3,18,23.0,,interpolated_transect,True,False,False
Natali_2023_NCU_OLD_T3_L19,2017-06-13,65.34045753333334,-146.91955869999998,16.0,1,16.0,,tp,Natali_2023,Nome Creek Unburned - Old,3,19,16.0,,interpolated_transect,True,False,False
Natali_2023_NCU_OLD_T3_L20,2017-06-13,65.34046566666667,-146.919567,21.0,1,21.0,,tp,Natali_2023,Nome Creek Unburned - Old,3,20,21.0,,interpolated_transect,True,False,False
Natali_2023_NCU_OLD_T3_L21,2017-06-13,65.3404738,-146.9195753,28.0,1,28.0,,tp,Natali_2023,Nome Creek Unburned - Old,3,21,28.0,,interpolated_transect,True,False,False
Natali_2023_NCU_OLD_T3_L22,2017-06-13,65.34048193333334,-146.91958359999998,33.0,1,33.0,,tp,Natali_2023,Nome Creek Unburned - Old,3,22,33.0,,interpolated_transect,True,False,False
Natali_2023_NCU_OLD_T3_L23,2017-06-13,65.34049006666667,-146.9195919,22.0,1,22.0,,tp,Natali_2023,Nome Creek Unburned - Old,3,23,22.0,,interpolated_transect,True,False,False
Natali_2023_NCU_OLD_T3_L24,2017-06-13,65.3404982,-146.9196002,22.0,1,22.0,,tp,Natali_2023,Nome Creek Unburned - Old,3,24,22.0,,interpolated_transect,True,False,False
Natali_2023_NCU_OLD_T3_L25,2017-06-13,65.34050633333334,-146.91960849999998,20.0,1,20.0,,tp,Natali_2023,Nome Creek Unburned - Old,3,25,20.0,,interpolated_transect,True,False,False
Natali_2023_NCU_OLD_T3_L26,2017-06-13,65.34051446666666,-146.9196168,27.0,1,27.0,,tp,Natali_2023,Nome Creek Unburned - Old,3,26,27.0,,interpolated_transect,True,False,False
Natali_2023_NCU_OLD_T3_L27,2017-06-13,65.3405226,-146.9196251,16.0,1,16.0,,tp,Natali_2023,Nome Creek Unburned - Old,3,27,16.0,,interpolated_transect,True,False,False
Natali_2023_NCU_OLD_T3_L28,2017-06-13,65.34053073333334,-146.91963339999998,28.0,1,28.0,,tp,Natali_2023,Nome Creek Unburned - Old,3,28,28.0,,interpolated_transect,True,False,False
Natali_2023_NCU_OLD_T3_L29,2017-06-13,65.34053886666666,-146.9196417,25.0,1,25.0,,tp,Natali_2023,Nome Creek Unburned - Old,3,29,25.0,,interpolated_transect,True,False,False
Natali_2023_NCU_OLD_T3_L30,2017-06-13,65.340547,-146.91965,25.0,1,25.0,,tp,Natali_2023,Nome Creek Unburned - Old,3,30,25.0,,source_endpoint,False,False,False
Natali_2023_NCB_OLD_T1_L0,2017-06-13,65.340195,-146.91047,27.0,1,27.0,,tp,Natali_2023,Nome Creek Burned - Old,1,0,27.0,,source_endpoint,False,False,False
Natali_2023_NCB_OLD_T1_L1,2017-06-13,65.34018666666667,-146.9104764,11.0,1,11.0,,tp,Natali_2023,Nome Creek Burned - Old,1,1,11.0,,interpolated_transect,True,False,False
Natali_2023_NCB_OLD_T1_L2,2017-06-13,65.34017833333333,-146.9104828,20.0,1,20.0,,tp,Natali_2023,Nome Creek Burned - Old,1,2,20.0,,interpolated_transect,True,False,False
Natali_2023_NCB_OLD_T1_L3,2017-06-13,65.34017,-146.9104892,21.0,1,21.0,,tp,Natali_2023,Nome Creek Burned - Old,1,3,21.0,,interpolated_transect,True,False,False
Natali_2023_NCB_OLD_T1_L4,2017-06-13,65.34016166666666,-146.9104956,14.0,1,14.0,,tp,Natali_2023,Nome Creek Burned - Old,1,4,14.0,,interpolated_transect,True,False,False
Natali_2023_NCB_OLD_T1_L5,2017-06-13,65.34015333333333,-146.910502,17.0,1,17.0,,tp,Natali_2023,Nome Creek Burned - Old,1,5,17.0,,interpolated_transect,True,False,False
Natali_2023_NCB_OLD_T1_L6,2017-06-13,65.34014499999999,-146.9105084,22.0,1,22.0,,tp,Natali_2023,Nome Creek Burned - Old,1,6,22.0,,interpolated_transect,True,False,False
Natali_2023_NCB_OLD_T1_L7,2017-06-13,65.34013666666667,-146.91051480000002,36.0,1,36.0,,tp,Natali_2023,Nome Creek Burned - Old,1,7,36.0,,interpolated_transect,True,False,False
Natali_2023_NCB_OLD_T1_L8,2017-06-13,65.34012833333333,-146.9105212,37.0,1,37.0,,tp,Natali_2023,Nome Creek Burned - Old,1,8,37.0,Tussock,interpolated_transect,True,False,False
Natali_2023_NCB_OLD_T1_L9,2017-06-13,65.34012,-146.9105276,10.0,1,10.0,,tp,Natali_2023,Nome Creek Burned - Old,1,9,10.0,,interpolated_transect,True,False,False
Natali_2023_NCB_OLD_T1_L10,2017-06-13,65.34011166666666,-146.910534,19.0,1,19.0,,tp,Natali_2023,Nome Creek Burned - Old,1,10,19.0,,interpolated_transect,True,False,False
Natali_2023_NCB_OLD_T1_L11,2017-06-13,65.34010333333333,-146.9105404,17.0,1,17.0,,tp,Natali_2023,Nome Creek Burned - Old,1,11,17.0,,interpolated_transect,True,False,False
Natali_2023_NCB_OLD_T1_L12,2017-06-13,65.34009499999999,-146.9105468,20.0,1,20.0,,tp,Natali_2023,Nome Creek Burned - Old,1,12,20.0,,interpolated_transect,True,False,False
Natali_2023_NCB_OLD_T1_L13,2017-06-13,65.34008666666666,-146.9105532,19.0,1,19.0,,tp,Natali_2023,Nome Creek Burned - Old,1,13,19.0,,interpolated_transect,True,False,False
Natali_2023_NCB_OLD_T1_L14,2017-06-13,65.34007833333332,-146.9105596,16.0,1,16.0,,tp,Natali_2023,Nome Creek Burned - Old,1,14,16.0,,interpolated_transect,True,False,False
Natali_2023_NCB_OLD_T1_L15,2017-06-13,65.34007,-146.91056600000002,17.0,1,17.0,,tp,Natali_2023,Nome Creek Burned - Old,1,15,17.0,,interpolated_transect,True,False,False
Natali_2023_NCB_OLD_T1_L16,2017-06-13,65.34006166666667,-146.9105724,17.0,1,17.0,,tp,Natali_2023,Nome Creek Burned - Old,1,16,17.0,,interpolated_transect,True,False,False
Natali_2023_NCB_OLD_T1_L17,2017-06-13,65.34005333333333,-146.9105788,31.0,1,31.0,,tp,Natali_2023,Nome Creek Burned - Old,1,17,31.0,Tussock,interpolated_transect,True,False,False
Natali_2023_NCB_OLD_T1_L18,2017-06-13,65.340045,-146.9105852,25.0,1,25.0,,tp,Natali_2023,Nome Creek Burned - Old,1,18,25.0,Tussock,interpolated_transect,True,False,False
Natali_2023_NCB_OLD_T1_L19,2017-06-13,65.34003666666666,-146.9105916,18.0,1,18.0,,tp,Natali_2023,Nome Creek Burned - Old,1,19,18.0,,interpolated_transect,True,False,False
Natali_2023_NCB_OLD_T1_L20,2017-06-13,65.34002833333334,-146.910598,13.0,1,13.0,,tp,Natali_2023,Nome Creek Burned - Old,1,20,13.0,,interpolated_transect,True,False,False
Natali_2023_NCB_OLD_T1_L21,2017-06-13,65.34002,-146.9106044,21.0,1,21.0,,tp,Natali_2023,Nome Creek Burned - Old,1,21,21.0,,interpolated_transect,True,False,False
Natali_2023_NCB_OLD_T1_L22,2017-06-13,65.34001166666667,-146.9106108,15.0,1,15.0,,tp,Natali_2023,Nome Creek Burned - Old,1,22,15.0,,interpolated_transect,True,False,False
Natali_2023_NCB_OLD_T1_L23,2017-06-13,65.34000333333333,-146.9106172,31.0,1,31.0,,tp,Natali_2023,Nome Creek Burned - Old,1,23,31.0,,interpolated_transect,True,False,False
Natali_2023_NCB_OLD_T1_L24,2017-06-13,65.339995,-146.9106236,16.0,1,16.0,,tp,Natali_2023,Nome Creek Burned - Old,1,24,16.0,,interpolated_transect,True,False,False
Natali_2023_NCB_OLD_T1_L25,2017-06-13,65.33998666666666,-146.91063,16.0,1,16.0,,tp,Natali_2023,Nome Creek Burned - Old,1,25,16.0,,interpolated_transect,True,False,False
Natali_2023_NCB_OLD_T1_L26,2017-06-13,65.33997833333333,-146.91063640000002,15.0,1,15.0,,tp,Natali_2023,Nome Creek Burned - Old,1,26,15.0,,interpolated_transect,True,False,False
Natali_2023_NCB_OLD_T1_L27,2017-06-13,65.33997,-146.9106428,24.0,1,24.0,,tp,Natali_2023,Nome Creek Burned - Old,1,27,24.0,Tussock,interpolated_transect,True,False,False
Natali_2023_NCB_OLD_T1_L28,2017-06-13,65.33996166666667,-146.9106492,9.0,1,9.0,,tp,Natali_2023,Nome Creek Burned - Old,1,28,9.0,,interpolated_transect,True,False,False
Natali_2023_NCB_OLD_T1_L29,2017-06-13,65.33995333333333,-146.9106556,8.0,1,8.0,,tp,Natali_2023,Nome Creek Burned - Old,1,29,8.0,,interpolated_transect,True,False,False
Natali_2023_NCB_OLD_T1_L30,2017-06-13,65.339945,-146.910662,23.0,1,23.0,,tp,Natali_2023,Nome Creek Burned - Old,1,30,23.0,,source_endpoint,False,False,False
Natali_2023_NCB_OLD_T2_L0,2017-06-13,65.340183,-146.910183,31.0,1,31.0,,tp,Natali_2023,Nome Creek Burned - Old,2,0,31.0,Tussock,source_endpoint,False,False,False
Natali_2023_NCB_OLD_T2_L1,2017-06-13,65.34017413333333,-146.91018843333333,32.0,1,32.0,,tp,Natali_2023,Nome Creek Burned - Old,2,1,32.0,Tussock,interpolated_transect,True,False,False
Natali_2023_NCB_OLD_T2_L2,2017-06-13,65.34016526666666,-146.91019386666665,6.0,1,6.0,,tp,Natali_2023,Nome Creek Burned - Old,2,2,6.0,,interpolated_transect,True,False,False
Natali_2023_NCB_OLD_T2_L3,2017-06-13,65.3401564,-146.9101993,19.0,1,19.0,,tp,Natali_2023,Nome Creek Burned - Old,2,3,19.0,,interpolated_transect,True,False,False
Natali_2023_NCB_OLD_T2_L4,2017-06-13,65.34014753333334,-146.91020473333333,18.0,1,18.0,,tp,Natali_2023,Nome Creek Burned - Old,2,4,18.0,,interpolated_transect,True,False,False
Natali_2023_NCB_OLD_T2_L5,2017-06-13,65.34013866666666,-146.91021016666667,18.0,1,18.0,,tp,Natali_2023,Nome Creek Burned - Old,2,5,18.0,,interpolated_transect,True,False,False
Natali_2023_NCB_OLD_T2_L6,2017-06-13,65.3401298,-146.9102156,18.0,1,18.0,,tp,Natali_2023,Nome Creek Burned - Old,2,6,18.0,,interpolated_transect,True,False,False
Natali_2023_NCB_OLD_T2_L7,2017-06-13,65.34012093333332,-146.91022103333333,18.0,1,18.0,,tp,Natali_2023,Nome Creek Burned - Old,2,7,18.0,,interpolated_transect,True,False,False
Natali_2023_NCB_OLD_T2_L8,2017-06-13,65.34011206666666,-146.91022646666667,12.0,1,12.0,,tp,Natali_2023,Nome Creek Burned - Old,2,8,12.0,,interpolated_transect,True,False,False
Natali_2023_NCB_OLD_T2_L9,2017-06-13,65.3401032,-146.91023189999999,17.0,1,17.0,,tp,Natali_2023,Nome Creek Burned - Old,2,9,17.0,,interpolated_transect,True,False,False
Natali_2023_NCB_OLD_T2_L10,2017-06-13,65.34009433333333,-146.91023733333333,24.0,1,24.0,,tp,Natali_2023,Nome Creek Burned - Old,2,10,24.0,,interpolated_transect,True,False,False
Natali_2023_NCB_OLD_T2_L11,2017-06-13,65.34008546666666,-146.91024276666667,35.0,1,35.0,,tp,Natali_2023,Nome Creek Burned - Old,2,11,35.0,Tussock,interpolated_transect,True,False,False
Natali_2023_NCB_OLD_T2_L12,2017-06-13,65.3400766,-146.91024819999998,15.0,1,15.0,,tp,Natali_2023,Nome Creek Burned - Old,2,12,15.0,,interpolated_transect,True,False,False
Natali_2023_NCB_OLD_T2_L13,2017-06-13,65.34006773333333,-146.91025363333333,21.0,1,21.0,,tp,Natali_2023,Nome Creek Burned - Old,2,13,21.0,,interpolated_transect,True,False,False
Natali_2023_NCB_OLD_T2_L14,2017-06-13,65.34005886666667,-146.91025906666667,29.0,1,29.0,,tp,Natali_2023,Nome Creek Burned - Old,2,14,29.0,Tussock,interpolated_transect,True,False,False
Natali_2023_NCB_OLD_T2_L15,2017-06-13,65.34004999999999,-146.91026449999998,15.0,1,15.0,,tp,Natali_2023,Nome Creek Burned - Old,2,15,15.0,,interpolated_transect,True,False,False
Natali_2023_NCB_OLD_T2_L16,2017-06-13,65.34004113333333,-146.91026993333332,37.0,1,37.0,,tp,Natali_2023,Nome Creek Burned - Old,2,16,37.0,Tussock,interpolated_transect,True,False,False
Natali_2023_NCB_OLD_T2_L17,2017-06-13,65.34003226666667,-146.91027536666667,22.0,1,22.0,,tp,Natali_2023,Nome Creek Burned - Old,2,17,22.0,,interpolated_transect,True,False,False
Natali_2023_NCB_OLD_T2_L18,2017-06-13,65.34002339999999,-146.9102808,18.0,1,18.0,,tp,Natali_2023,Nome Creek Burned - Old,2,18,18.0,,interpolated_transect,True,False,False
Natali_2023_NCB_OLD_T2_L19,2017-06-13,65.34001453333333,-146.91028623333332,17.0,1,17.0,,tp,Natali_2023,Nome Creek Burned - Old,2,19,17.0,,interpolated_transect,True,False,False
Natali_2023_NCB_OLD_T2_L20,2017-06-13,65.34000566666667,-146.91029166666667,10.0,1,10.0,,tp,Natali_2023,Nome Creek Burned - Old,2,20,10.0,,interpolated_transect,True,False,False
Natali_2023_NCB_OLD_T2_L21,2017-06-13,65.3399968,-146.9102971,8.0,1,8.0,,tp,Natali_2023,Nome Creek Burned - Old,2,21,8.0,,interpolated_transect,True,False,False
Natali_2023_NCB_OLD_T2_L22,2017-06-13,65.33998793333333,-146.91030253333332,20.0,1,20.0,,tp,Natali_2023,Nome Creek Burned - Old,2,22,20.0,,interpolated_transect,True,False,False
Natali_2023_NCB_OLD_T2_L23,2017-06-13,65.33997906666667,-146.91030796666666,26.0,1,26.0,,tp,Natali_2023,Nome Creek Burned - Old,2,23,26.0,,interpolated_transect,True,False,False
Natali_2023_NCB_OLD_T2_L24,2017-06-13,65.3399702,-146.9103134,20.0,1,20.0,,tp,Natali_2023,Nome Creek Burned - Old,2,24,20.0,,interpolated_transect,True,False,False
Natali_2023_NCB_OLD_T2_L25,2017-06-13,65.33996133333333,-146.91031883333335,22.0,1,22.0,,tp,Natali_2023,Nome Creek Burned - Old,2,25,22.0,,interpolated_transect,True,False,False
Natali_2023_NCB_OLD_T2_L26,2017-06-13,65.33995246666666,-146.91032426666666,18.0,1,18.0,,tp,Natali_2023,Nome Creek Burned - Old,2,26,18.0,,interpolated_transect,True,False,False
Natali_2023_NCB_OLD_T2_L27,2017-06-13,65.3399436,-146.9103297,28.0,1,28.0,,tp,Natali_2023,Nome Creek Burned - Old,2,27,28.0,Tussock,interpolated_transect,True,False,False
Natali_2023_NCB_OLD_T2_L28,2017-06-13,65.33993473333334,-146.91033513333335,15.0,1,15.0,,tp,Natali_2023,Nome Creek Burned - Old,2,28,15.0,,interpolated_transect,True,False,False
Natali_2023_NCB_OLD_T2_L29,2017-06-13,65.33992586666666,-146.91034056666666,20.0,1,20.0,,tp,Natali_2023,Nome Creek Burned - Old,2,29,20.0,,interpolated_transect,True,False,False
Natali_2023_NCB_OLD_T2_L30,2017-06-13,65.339917,-146.910346,20.0,1,20.0,,tp,Natali_2023,Nome Creek Burned - Old,2,30,20.0,,source_endpoint,False,False,False
Natali_2023_NCB_OLD_T3_L0,2017-06-13,65.340145,-146.909819,32.0,1,32.0,,tp,Natali_2023,Nome Creek Burned - Old,3,0,32.0,Tussock,source_endpoint,False,False,False
Natali_2023_NCB_OLD_T3_L1,2017-06-13,65.34013553333334,-146.90982513333333,28.0,1,28.0,,tp,Natali_2023,Nome Creek Burned - Old,3,1,28.0,,interpolated_transect,True,False,False
Natali_2023_NCB_OLD_T3_L2,2017-06-13,65.34012606666667,-146.90983126666666,15.0,1,15.0,,tp,Natali_2023,Nome Creek Burned - Old,3,2,15.0,,interpolated_transect,True,False,False
Natali_2023_NCB_OLD_T3_L3,2017-06-13,65.3401166,-146.9098374,25.0,1,25.0,,tp,Natali_2023,Nome Creek Burned - Old,3,3,25.0,,interpolated_transect,True,False,False
Natali_2023_NCB_OLD_T3_L4,2017-06-13,65.34010713333333,-146.90984353333334,4.0,1,4.0,,tp,Natali_2023,Nome Creek Burned - Old,3,4,4.0,,interpolated_transect,True,False,False
Natali_2023_NCB_OLD_T3_L5,2017-06-13,65.34009766666668,-146.90984966666667,9.0,1,9.0,,tp,Natali_2023,Nome Creek Burned - Old,3,5,9.0,,interpolated_transect,True,False,False
Natali_2023_NCB_OLD_T3_L6,2017-06-13,65.34008820000001,-146.9098558,19.0,1,19.0,,tp,Natali_2023,Nome Creek Burned - Old,3,6,19.0,,interpolated_transect,True,False,False
Natali_2023_NCB_OLD_T3_L7,2017-06-13,65.34007873333334,-146.90986193333333,18.0,1,18.0,,tp,Natali_2023,Nome Creek Burned - Old,3,7,18.0,,interpolated_transect,True,False,False
Natali_2023_NCB_OLD_T3_L8,2017-06-13,65.34006926666667,-146.90986806666666,19.0,1,19.0,,tp,Natali_2023,Nome Creek Burned - Old,3,8,19.0,,interpolated_transect,True,False,False
Natali_2023_NCB_OLD_T3_L9,2017-06-13,65.3400598,-146.9098742,36.0,1,36.0,,tp,Natali_2023,Nome Creek Burned - Old,3,9,36.0,Tussock,interpolated_transect,True,False,False
Natali_2023_NCB_OLD_T3_L10,2017-06-13,65.34005033333334,-146.90988033333332,40.0,1,40.0,,tp,Natali_2023,Nome Creek Burned - Old,3,10,40.0,Tussock,interpolated_transect,True,False,False
Natali_2023_NCB_OLD_T3_L11,2017-06-13,65.34004086666667,-146.90988646666665,42.0,1,42.0,,tp,Natali_2023,Nome Creek Burned - Old,3,11,42.0,Tussock,interpolated_transect,True,False,False
Natali_2023_NCB_OLD_T3_L12,2017-06-13,65.3400314,-146.9098926,12.0,1,12.0,,tp,Natali_2023,Nome Creek Burned - Old,3,12,12.0,,interpolated_transect,True,False,False
Natali_2023_NCB_OLD_T3_L13,2017-06-13,65.34002193333333,-146.90989873333334,13.0,1,13.0,,tp,Natali_2023,Nome Creek Burned - Old,3,13,13.0,,interpolated_transect,True,False,False
Natali_2023_NCB_OLD_T3_L14,2017-06-13,65.34001246666666,-146.90990486666666,28.0,1,28.0,,tp,Natali_2023,Nome Creek Burned - Old,3,14,28.0,,interpolated_transect,True,False,False
Natali_2023_NCB_OLD_T3_L15,2017-06-13,65.340003,-146.909911,13.0,1,13.0,,tp,Natali_2023,Nome Creek Burned - Old,3,15,13.0,,interpolated_transect,True,False,False
Natali_2023_NCB_OLD_T3_L16,2017-06-13,65.33999353333334,-146.90991713333332,13.0,1,13.0,,tp,Natali_2023,Nome Creek Burned - Old,3,16,13.0,,interpolated_transect,True,False,False
Natali_2023_NCB_OLD_T3_L17,2017-06-13,65.33998406666667,-146.90992326666665,21.0,1,21.0,,tp,Natali_2023,Nome Creek Burned - Old,3,17,21.0,,interpolated_transect,True,False,False
Natali_2023_NCB_OLD_T3_L18,2017-06-13,65.3399746,-146.90992939999998,14.0,1,14.0,,tp,Natali_2023,Nome Creek Burned - Old,3,18,14.0,,interpolated_transect,True,False,False
Natali_2023_NCB_OLD_T3_L19,2017-06-13,65.33996513333334,-146.90993553333334,11.0,1,11.0,,tp,Natali_2023,Nome Creek Burned - Old,3,19,11.0,,interpolated_transect,True,False,False
Natali_2023_NCB_OLD_T3_L20,2017-06-13,65.33995566666667,-146.90994166666667,19.0,1,19.0,,tp,Natali_2023,Nome Creek Burned - Old,3,20,19.0,,interpolated_transect,True,False,False
Natali_2023_NCB_OLD_T3_L21,2017-06-13,65.3399462,-146.9099478,16.0,1,16.0,,tp,Natali_2023,Nome Creek Burned - Old,3,21,16.0,,interpolated_transect,True,False,False
Natali_2023_NCB_OLD_T3_L22,2017-06-13,65.33993673333333,-146.90995393333333,12.0,1,12.0,,tp,Natali_2023,Nome Creek Burned - Old,3,22,12.0,,interpolated_transect,True,False,False
Natali_2023_NCB_OLD_T3_L23,2017-06-13,65.33992726666666,-146.90996006666666,16.0,1,16.0,,tp,Natali_2023,Nome Creek Burned - Old,3,23,16.0,,interpolated_transect,True,False,False
Natali_2023_NCB_OLD_T3_L24,2017-06-13,65.3399178,-146.90996619999999,15.0,1,15.0,,tp,Natali_2023,Nome Creek Burned - Old,3,24,15.0,,interpolated_transect,True,False,False
Natali_2023_NCB_OLD_T3_L25,2017-06-13,65.33990833333334,-146.90997233333331,15.0,1,15.0,,tp,Natali_2023,Nome Creek Burned - Old,3,25,15.0,,interpolated_transect,True,False,False
Natali_2023_NCB_OLD_T3_L26,2017-06-13,65.33989886666667,-146.90997846666664,8.0,1,8.0,,tp,Natali_2023,Nome Creek Burned - Old,3,26,8.0,,interpolated_transect,True,False,False
Natali_2023_NCB_OLD_T3_L27,2017-06-13,65.3398894,-146.9099846,15.0,1,15.0,,tp,Natali_2023,Nome Creek Burned - Old,3,27,15.0,,interpolated_transect,True,False,False
Natali_2023_NCB_OLD_T3_L28,2017-06-13,65.33987993333334,-146.90999073333333,17.0,1,17.0,,tp,Natali_2023,Nome Creek Burned - Old,3,28,17.0,,interpolated_transect,True,False,False
Natali_2023_NCB_OLD_T3_L29,2017-06-13,65.33987046666667,-146.90999686666666,19.0,1,19.0,,tp,Natali_2023,Nome Creek Burned - Old,3,29,19.0,,interpolated_transect,True,False,False
Natali_2023_NCB_OLD_T3_L30,2017-06-13,65.339861,-146.910003,17.0,1,17.0,,tp,Natali_2023,Nome Creek Burned - Old,3,30,17.0,,source_endpoint,False,False,False
Natali_2023_EML_T1_L0,2017-06-09,63.880063,-149.256049,25.0,1,25.0,,tp,Natali_2023,Eight Mile Lake,1,0,25.0,,source_endpoint,False,False,False
Natali_2023_EML_T1_L1,2017-06-09,63.88006646666667,-149.25606756666664,1.0,1,1.0,,tp,Natali_2023,Eight Mile Lake,1,1,1.0,,interpolated_transect,True,False,False
Natali_2023_EML_T1_L2,2017-06-09,63.88006993333333,-149.25608613333333,17.0,1,17.0,,tp,Natali_2023,Eight Mile Lake,1,2,17.0,,interpolated_transect,True,False,False
Natali_2023_EML_T1_L3,2017-06-09,63.8800734,-149.25610469999998,19.0,1,19.0,,tp,Natali_2023,Eight Mile Lake,1,3,19.0,,interpolated_transect,True,False,False
Natali_2023_EML_T1_L4,2017-06-09,63.88007686666667,-149.25612326666666,20.0,1,20.0,,tp,Natali_2023,Eight Mile Lake,1,4,20.0,,interpolated_transect,True,False,False
Natali_2023_EML_T1_L5,2017-06-09,63.88008033333333,-149.25614183333332,22.0,1,22.0,,tp,Natali_2023,Eight Mile Lake,1,5,22.0,,interpolated_transect,True,False,False
Natali_2023_EML_T1_L6,2017-06-09,63.8800838,-149.2561604,31.0,1,31.0,,tp,Natali_2023,Eight Mile Lake,1,6,31.0,Tussock,interpolated_transect,True,False,False
Natali_2023_EML_T1_L7,2017-06-09,63.88008726666666,-149.25617896666665,26.0,1,26.0,,tp,Natali_2023,Eight Mile Lake,1,7,26.0,,interpolated_transect,True,False,False
Natali_2023_EML_T1_L8,2017-06-09,63.88009073333333,-149.25619753333334,23.0,1,23.0,,tp,Natali_2023,Eight Mile Lake,1,8,23.0,,interpolated_transect,True,False,False
Natali_2023_EML_T1_L9,2017-06-09,63.8800942,-149.2562161,20.0,1,20.0,,tp,Natali_2023,Eight Mile Lake,1,9,20.0,,interpolated_transect,True,False,False
Natali_2023_EML_T1_L10,2017-06-09,63.880097666666664,-149.25623466666667,21.0,1,21.0,,tp,Natali_2023,Eight Mile Lake,1,10,21.0,,interpolated_transect,True,False,False
Natali_2023_EML_T1_L11,2017-06-09,63.88010113333333,-149.25625323333333,19.0,1,19.0,,tp,Natali_2023,Eight Mile Lake,1,11,19.0,,interpolated_transect,True,False,False
Natali_2023_EML_T1_L12,2017-06-09,63.8801046,-149.2562718,18.0,1,18.0,,tp,Natali_2023,Eight Mile Lake,1,12,18.0,,interpolated_transect,True,False,False
Natali_2023_EML_T1_L13,2017-06-09,63.880108066666665,-149.25629036666666,23.0,1,23.0,,tp,Natali_2023,Eight Mile Lake,1,13,23.0,,interpolated_transect,True,False,False
Natali_2023_EML_T1_L14,2017-06-09,63.880111533333334,-149.25630893333334,14.0,1,14.0,,tp,Natali_2023,Eight Mile Lake,1,14,14.0,,interpolated_transect,True,False,False
Natali_2023_EML_T1_L15,2017-06-09,63.880115,-149.2563275,22.0,1,22.0,,tp,Natali_2023,Eight Mile Lake,1,15,22.0,,interpolated_transect,True,False,False
Natali_2023_EML_T1_L16,2017-06-09,63.880118466666666,-149.25634606666665,24.0,1,24.0,,tp,Natali_2023,Eight Mile Lake,1,16,24.0,,interpolated_transect,True,False,False
Natali_2023_EML_T1_L17,2017-06-09,63.880121933333335,-149.25636463333333,20.0,1,20.0,,tp,Natali_2023,Eight Mile Lake,1,17,20.0,,interpolated_transect,True,False,False
Natali_2023_EML_T1_L18,2017-06-09,63.8801254,-149.2563832,24.0,1,24.0,,tp,Natali_2023,Eight Mile Lake,1,18,24.0,,interpolated_transect,True,False,False
Natali_2023_EML_T1_L19,2017-06-09,63.88012886666667,-149.25640176666667,20.0,1,20.0,,tp,Natali_2023,Eight Mile Lake,1,19,20.0,,interpolated_transect,True,False,False
Natali_2023_EML_T1_L20,2017-06-09,63.880132333333336,-149.25642033333332,19.0,1,19.0,,tp,Natali_2023,Eight Mile Lake,1,20,19.0,,interpolated_transect,True,False,False
Natali_2023_EML_T1_L21,2017-06-09,63.8801358,-149.2564389,15.0,1,15.0,,tp,Natali_2023,Eight Mile Lake,1,21,15.0,,interpolated_transect,True,False,False
Natali_2023_EML_T1_L22,2017-06-09,63.88013926666667,-149.25645746666666,16.0,1,16.0,,tp,Natali_2023,Eight Mile Lake,1,22,16.0,,interpolated_transect,True,False,False
Natali_2023_EML_T1_L23,2017-06-09,63.88014273333334,-149.25647603333334,15.0,1,15.0,,tp,Natali_2023,Eight Mile Lake,1,23,15.0,,interpolated_transect,True,False,False
Natali_2023_EML_T1_L24,2017-06-09,63.8801462,-149.2564946,20.0,1,20.0,,tp,Natali_2023,Eight Mile Lake,1,24,20.0,,interpolated_transect,True,False,False
Natali_2023_EML_T1_L25,2017-06-09,63.88014966666667,-149.25651316666668,17.0,1,17.0,,tp,Natali_2023,Eight Mile Lake,1,25,17.0,,interpolated_transect,True,False,False
Natali_2023_EML_T1_L26,2017-06-09,63.88015313333333,-149.25653173333333,19.0,1,19.0,,tp,Natali_2023,Eight Mile Lake,1,26,19.0,,interpolated_transect,True,False,False
Natali_2023_EML_T1_L27,2017-06-09,63.8801566,-149.25655030000001,28.0,1,28.0,,tp,Natali_2023,Eight Mile Lake,1,27,28.0,Tussock,interpolated_transect,True,False,False
Natali_2023_EML_T1_L28,2017-06-09,63.88016006666667,-149.25656886666667,20.0,1,20.0,,tp,Natali_2023,Eight Mile Lake,1,28,20.0,,interpolated_transect,True,False,False
Natali_2023_EML_T1_L29,2017-06-09,63.88016353333333,-149.25658743333335,23.0,1,23.0,,tp,Natali_2023,Eight Mile Lake,1,29,23.0,,interpolated_transect,True,False,False
Natali_2023_EML_T1_L30,2017-06-09,63.880167,-149.256606,21.0,1,21.0,,tp,Natali_2023,Eight Mile Lake,1,30,21.0,,source_endpoint,False,False,False
Natali_2023_EML_T2_L0,2017-06-09,63.880225,-149.255864,19.0,1,19.0,,tp,Natali_2023,Eight Mile Lake,2,0,19.0,,source_endpoint,False,False,False
Natali_2023_EML_T2_L1,2017-06-09,63.880228800000005,-149.25588166666668,19.0,1,19.0,,tp,Natali_2023,Eight Mile Lake,2,1,19.0,,interpolated_transect,True,False,False
Natali_2023_EML_T2_L2,2017-06-09,63.8802326,-149.25589933333333,22.0,1,22.0,,tp,Natali_2023,Eight Mile Lake,2,2,22.0,,interpolated_transect,True,False,False
Natali_2023_EML_T2_L3,2017-06-09,63.8802364,-149.255917,19.0,1,19.0,,tp,Natali_2023,Eight Mile Lake,2,3,19.0,,interpolated_transect,True,False,False
Natali_2023_EML_T2_L4,2017-06-09,63.8802402,-149.25593466666666,20.0,1,20.0,,tp,Natali_2023,Eight Mile Lake,2,4,20.0,,interpolated_transect,True,False,False
Natali_2023_EML_T2_L5,2017-06-09,63.880244000000005,-149.25595233333334,34.0,1,34.0,,tp,Natali_2023,Eight Mile Lake,2,5,34.0,Tussock,interpolated_transect,True,False,False
Natali_2023_EML_T2_L6,2017-06-09,63.8802478,-149.25597,18.0,1,18.0,,tp,Natali_2023,Eight Mile Lake,2,6,18.0,,interpolated_transect,True,False,False
Natali_2023_EML_T2_L7,2017-06-09,63.8802516,-149.25598766666667,20.0,1,20.0,,tp,Natali_2023,Eight Mile Lake,2,7,20.0,,interpolated_transect,True,False,False
Natali_2023_EML_T2_L8,2017-06-09,63.8802554,-149.25600533333335,19.0,1,19.0,,tp,Natali_2023,Eight Mile Lake,2,8,19.0,,interpolated_transect,True,False,False
Natali_2023_EML_T2_L9,2017-06-09,63.880259200000005,-149.256023,20.0,1,20.0,,tp,Natali_2023,Eight Mile Lake,2,9,20.0,,interpolated_transect,True,False,False
Natali_2023_EML_T2_L10,2017-06-09,63.880263,-149.25604066666668,20.0,1,20.0,,tp,Natali_2023,Eight Mile Lake,2,10,20.0,,interpolated_transect,True,False,False
Natali_2023_EML_T2_L11,2017-06-09,63.8802668,-149.25605833333333,20.0,1,20.0,,tp,Natali_2023,Eight Mile Lake,2,11,20.0,,interpolated_transect,True,False,False
Natali_2023_EML_T2_L12,2017-06-09,63.8802706,-149.256076,27.0,1,27.0,,tp,Natali_2023,Eight Mile Lake,2,12,27.0,,interpolated_transect,True,False,False
Natali_2023_EML_T2_L13,2017-06-09,63.880274400000005,-149.25609366666666,19.0,1,19.0,,tp,Natali_2023,Eight Mile Lake,2,13,19.0,,interpolated_transect,True,False,False
Natali_2023_EML_T2_L14,2017-06-09,63.8802782,-149.25611133333334,19.0,1,19.0,,tp,Natali_2023,Eight Mile Lake,2,14,19.0,Tussock,interpolated_transect,True,False,False
Natali_2023_EML_T2_L15,2017-06-09,63.880282,-149.256129,19.0,1,19.0,,tp,Natali_2023,Eight Mile Lake,2,15,19.0,,interpolated_transect,True,False,False
Natali_2023_EML_T2_L16,2017-06-09,63.8802858,-149.25614666666667,18.0,1,18.0,,tp,Natali_2023,Eight Mile Lake,2,16,18.0,,interpolated_transect,True,False,False
Natali_2023_EML_T2_L17,2017-06-09,63.8802896,-149.25616433333334,23.0,1,23.0,,tp,Natali_2023,Eight Mile Lake,2,17,23.0,,interpolated_transect,True,False,False
Natali_2023_EML_T2_L18,2017-06-09,63.8802934,-149.256182,21.0,1,21.0,,tp,Natali_2023,Eight Mile Lake,2,18,21.0,,interpolated_transect,True,False,False
Natali_2023_EML_T2_L19,2017-06-09,63.8802972,-149.25619966666667,23.0,1,23.0,,tp,Natali_2023,Eight Mile Lake,2,19,23.0,,interpolated_transect,True,False,False
Natali_2023_EML_T2_L20,2017-06-09,63.880301,-149.25621733333332,23.0,1,23.0,,tp,Natali_2023,Eight Mile Lake,2,20,23.0,,interpolated_transect,True,False,False
Natali_2023_EML_T2_L21,2017-06-09,63.8803048,-149.256235,22.0,1,22.0,,tp,Natali_2023,Eight Mile Lake,2,21,22.0,,interpolated_transect,True,False,False
Natali_2023_EML_T2_L22,2017-06-09,63.8803086,-149.25625266666665,19.0,1,19.0,,tp,Natali_2023,Eight Mile Lake,2,22,19.0,,interpolated_transect,True,False,False
Natali_2023_EML_T2_L23,2017-06-09,63.8803124,-149.25627033333333,16.0,1,16.0,,tp,Natali_2023,Eight Mile Lake,2,23,16.0,,interpolated_transect,True,False,False
Natali_2023_EML_T2_L24,2017-06-09,63.8803162,-149.256288,15.0,1,15.0,,tp,Natali_2023,Eight Mile Lake,2,24,15.0,,interpolated_transect,True,False,False
Natali_2023_EML_T2_L25,2017-06-09,63.88032,-149.25630566666666,22.0,1,22.0,,tp,Natali_2023,Eight Mile Lake,2,25,22.0,,interpolated_transect,True,False,False
Natali_2023_EML_T2_L26,2017-06-09,63.8803238,-149.25632333333334,23.0,1,23.0,,tp,Natali_2023,Eight Mile Lake,2,26,23.0,,interpolated_transect,True,False,False
Natali_2023_EML_T2_L27,2017-06-09,63.8803276,-149.256341,16.0,1,16.0,,tp,Natali_2023,Eight Mile Lake,2,27,16.0,,interpolated_transect,True,False,False
Natali_2023_EML_T2_L28,2017-06-09,63.8803314,-149.25635866666667,24.0,1,24.0,,tp,Natali_2023,Eight Mile Lake,2,28,24.0,,interpolated_transect,True,False,False
Natali_2023_EML_T2_L29,2017-06-09,63.8803352,-149.25637633333332,21.0,1,21.0,,tp,Natali_2023,Eight Mile Lake,2,29,21.0,,interpolated_transect,True,False,False
Natali_2023_EML_T2_L30,2017-06-09,63.880339,-149.256394,26.0,1,26.0,,tp,Natali_2023,Eight Mile Lake,2,30,26.0,Tussock,source_endpoint,False,False,False
Natali_2023_EML_T3_L0,2017-06-09,63.880332,-149.255684,19.0,1,19.0,,tp,Natali_2023,Eight Mile Lake,3,0,19.0,,source_endpoint,False,False,False
Natali_2023_EML_T3_L1,2017-06-09,63.8803368,-149.25570163333333,21.0,1,21.0,,tp,Natali_2023,Eight Mile Lake,3,1,21.0,,interpolated_transect,True,False,False
Natali_2023_EML_T3_L2,2017-06-09,63.8803416,-149.25571926666666,18.0,1,18.0,,tp,Natali_2023,Eight Mile Lake,3,2,18.0,,interpolated_transect,True,False,False
Natali_2023_EML_T3_L3,2017-06-09,63.8803464,-149.2557369,19.0,1,19.0,,tp,Natali_2023,Eight Mile Lake,3,3,19.0,,interpolated_transect,True,False,False
Natali_2023_EML_T3_L4,2017-06-09,63.8803512,-149.25575453333335,19.0,1,19.0,,tp,Natali_2023,Eight Mile Lake,3,4,19.0,,interpolated_transect,True,False,False
Natali_2023_EML_T3_L5,2017-06-09,63.880356000000006,-149.25577216666667,17.0,1,17.0,,tp,Natali_2023,Eight Mile Lake,3,5,17.0,,interpolated_transect,True,False,False
Natali_2023_EML_T3_L6,2017-06-09,63.880360800000005,-149.2557898,20.0,1,20.0,,tp,Natali_2023,Eight Mile Lake,3,6,20.0,,interpolated_transect,True,False,False
Natali_2023_EML_T3_L7,2017-06-09,63.880365600000005,-149.25580743333333,17.0,1,17.0,,tp,Natali_2023,Eight Mile Lake,3,7,17.0,,interpolated_transect,True,False,False
Natali_2023_EML_T3_L8,2017-06-09,63.880370400000004,-149.25582506666666,17.0,1,17.0,,tp,Natali_2023,Eight Mile Lake,3,8,17.0,,interpolated_transect,True,False,False
Natali_2023_EML_T3_L9,2017-06-09,63.8803752,-149.25584270000002,17.0,1,17.0,,tp,Natali_2023,Eight Mile Lake,3,9,17.0,,interpolated_transect,True,False,False
Natali_2023_EML_T3_L10,2017-06-09,63.88038,-149.25586033333335,20.0,1,20.0,,tp,Natali_2023,Eight Mile Lake,3,10,20.0,,interpolated_transect,True,False,False
Natali_2023_EML_T3_L11,2017-06-09,63.8803848,-149.25587796666667,18.0,1,18.0,,tp,Natali_2023,Eight Mile Lake,3,11,18.0,,interpolated_transect,True,False,False
Natali_2023_EML_T3_L12,2017-06-09,63.8803896,-149.2558956,19.0,1,19.0,,tp,Natali_2023,Eight Mile Lake,3,12,19.0,,interpolated_transect,True,False,False
Natali_2023_EML_T3_L13,2017-06-09,63.8803944,-149.25591323333333,29.0,1,29.0,,tp,Natali_2023,Eight Mile Lake,3,13,29.0,Tussock,interpolated_transect,True,False,False
Natali_2023_EML_T3_L14,2017-06-09,63.8803992,-149.25593086666666,27.0,1,27.0,,tp,Natali_2023,Eight Mile Lake,3,14,27.0,Tussock,interpolated_transect,True,False,False
Natali_2023_EML_T3_L15,2017-06-09,63.880404,-149.2559485,19.0,1,19.0,,tp,Natali_2023,Eight Mile Lake,3,15,19.0,,interpolated_transect,True,False,False
Natali_2023_EML_T3_L16,2017-06-09,63.880408800000005,-149.25596613333335,20.0,1,20.0,,tp,Natali_2023,Eight Mile Lake,3,16,20.0,,interpolated_transect,True,False,False
Natali_2023_EML_T3_L17,2017-06-09,63.880413600000004,-149.25598376666667,17.0,1,17.0,,tp,Natali_2023,Eight Mile Lake,3,17,17.0,,interpolated_transect,True,False,False
Natali_2023_EML_T3_L18,2017-06-09,63.8804184,-149.2560014,29.0,1,29.0,,tp,Natali_2023,Eight Mile Lake,3,18,29.0,Tussock,interpolated_transect,True,False,False
Natali_2023_EML_T3_L19,2017-06-09,63.8804232,-149.25601903333333,16.0,1,16.0,,tp,Natali_2023,Eight Mile Lake,3,19,16.0,,interpolated_transect,True,False,False
Natali_2023_EML_T3_L20,2017-06-09,63.880428,-149.25603666666666,18.0,1,18.0,,tp,Natali_2023,Eight Mile Lake,3,20,18.0,,interpolated_transect,True,False,False
Natali_2023_EML_T3_L21,2017-06-09,63.8804328,-149.25605430000002,19.0,1,19.0,,tp,Natali_2023,Eight Mile Lake,3,21,19.0,,interpolated_transect,True,False,False
Natali_2023_EML_T3_L22,2017-06-09,63.8804376,-149.25607193333335,21.0,1,21.0,,tp,Natali_2023,Eight Mile Lake,3,22,21.0,,interpolated_transect,True,False,False
Natali_2023_EML_T3_L23,2017-06-09,63.8804424,-149.25608956666667,29.0,1,29.0,,tp,Natali_2023,Eight Mile Lake,3,23,29.0,Tussock,interpolated_transect,True,False,False
Natali_2023_EML_T3_L24,2017-06-09,63.8804472,-149.2561072,30.0,1,30.0,,tp,Natali_2023,Eight Mile Lake,3,24,30.0,Tussock,interpolated_transect,True,False,False
Natali_2023_EML_T3_L25,2017-06-09,63.880452000000005,-149.25612483333333,23.0,1,23.0,,tp,Natali_2023,Eight Mile Lake,3,25,23.0,,interpolated_transect,True,False,False
Natali_2023_EML_T3_L26,2017-06-09,63.880456800000005,-149.25614246666666,20.0,1,20.0,,tp,Natali_2023,Eight Mile Lake,3,26,20.0,,interpolated_transect,True,False,False
Natali_2023_EML_T3_L27,2017-06-09,63.880461600000004,-149.2561601,21.0,1,21.0,,tp,Natali_2023,Eight Mile Lake,3,27,21.0,,interpolated_transect,True,False,False
Natali_2023_EML_T3_L28,2017-06-09,63.8804664,-149.25617773333335,19.0,1,19.0,,tp,Natali_2023,Eight Mile Lake,3,28,19.0,,interpolated_transect,True,False,False
Natali_2023_EML_T3_L29,2017-06-09,63.8804712,-149.25619536666667,25.0,1,25.0,,tp,Natali_2023,Eight Mile Lake,3,29,25.0,,interpolated_transect,True,False,False
Natali_2023_EML_T3_L30,2017-06-09,63.880476,-149.256213,17.0,1,17.0,,tp,Natali_2023,Eight Mile Lake,3,30,17.0,,source_endpoint,False,False,False
Natali_2023_BNZ_T1_L0,2017-06-06,64.695864,-148.32514,27.0,1,27.0,,tp,Natali_2023,Bonanza Creek,1,0,27.0,,source_endpoint,False,False,False
Natali_2023_BNZ_T1_L1,2017-06-06,64.69587286666666,-148.32514893333334,18.0,1,18.0,,tp,Natali_2023,Bonanza Creek,1,1,18.0,,interpolated_transect,True,False,False
Natali_2023_BNZ_T1_L2,2017-06-06,64.69588173333334,-148.32515786666667,18.0,1,18.0,,tp,Natali_2023,Bonanza Creek,1,2,18.0,,interpolated_transect,True,False,False
Natali_2023_BNZ_T1_L3,2017-06-06,64.6958906,-148.3251668,18.0,1,18.0,,tp,Natali_2023,Bonanza Creek,1,3,18.0,,interpolated_transect,True,False,False
Natali_2023_BNZ_T1_L4,2017-06-06,64.69589946666666,-148.32517573333334,27.0,1,27.0,,tp,Natali_2023,Bonanza Creek,1,4,27.0,,interpolated_transect,True,False,False
Natali_2023_BNZ_T1_L5,2017-06-06,64.69590833333334,-148.32518466666667,21.0,1,21.0,,tp,Natali_2023,Bonanza Creek,1,5,21.0,,interpolated_transect,True,False,False
Natali_2023_BNZ_T1_L6,2017-06-06,64.6959172,-148.3251936,23.0,1,23.0,,tp,Natali_2023,Bonanza Creek,1,6,23.0,,interpolated_transect,True,False,False
Natali_2023_BNZ_T1_L7,2017-06-06,64.69592606666667,-148.32520253333334,22.0,1,22.0,,tp,Natali_2023,Bonanza Creek,1,7,22.0,,interpolated_transect,True,False,False
Natali_2023_BNZ_T1_L8,2017-06-06,64.69593493333333,-148.32521146666667,22.0,1,22.0,,tp,Natali_2023,Bonanza Creek,1,8,22.0,,interpolated_transect,True,False,False
Natali_2023_BNZ_T1_L9,2017-06-06,64.6959438,-148.3252204,20.0,1,20.0,,tp,Natali_2023,Bonanza Creek,1,9,20.0,,interpolated_transect,True,False,False
Natali_2023_BNZ_T1_L10,2017-06-06,64.69595266666667,-148.32522933333334,18.0,1,18.0,,tp,Natali_2023,Bonanza Creek,1,10,18.0,,interpolated_transect,True,False,False
Natali_2023_BNZ_T1_L11,2017-06-06,64.69596153333333,-148.32523826666667,18.0,1,18.0,,tp,Natali_2023,Bonanza Creek,1,11,18.0,,interpolated_transect,True,False,False
Natali_2023_BNZ_T1_L12,2017-06-06,64.6959704,-148.3252472,22.0,1,22.0,,tp,Natali_2023,Bonanza Creek,1,12,22.0,,interpolated_transect,True,False,False
Natali_2023_BNZ_T1_L13,2017-06-06,64.69597926666667,-148.32525613333334,17.0,1,17.0,,tp,Natali_2023,Bonanza Creek,1,13,17.0,,interpolated_transect,True,False,False
Natali_2023_BNZ_T1_L14,2017-06-06,64.69598813333333,-148.32526506666667,21.0,1,21.0,,tp,Natali_2023,Bonanza Creek,1,14,21.0,,interpolated_transect,True,False,False
Natali_2023_BNZ_T1_L15,2017-06-06,64.695997,-148.325274,33.0,1,33.0,,tp,Natali_2023,Bonanza Creek,1,15,33.0,,interpolated_transect,True,False,False
Natali_2023_BNZ_T1_L16,2017-06-06,64.69600586666667,-148.32528293333334,23.0,1,23.0,,tp,Natali_2023,Bonanza Creek,1,16,23.0,,interpolated_transect,True,False,False
Natali_2023_BNZ_T1_L17,2017-06-06,64.69601473333333,-148.32529186666667,21.0,1,21.0,,tp,Natali_2023,Bonanza Creek,1,17,21.0,,interpolated_transect,True,False,False
Natali_2023_BNZ_T1_L18,2017-06-06,64.6960236,-148.3253008,19.0,1,19.0,,tp,Natali_2023,Bonanza Creek,1,18,19.0,,interpolated_transect,True,False,False
Natali_2023_BNZ_T1_L19,2017-06-06,64.69603246666667,-148.32530973333334,28.0,1,28.0,,tp,Natali_2023,Bonanza Creek,1,19,28.0,,interpolated_transect,True,False,False
Natali_2023_BNZ_T1_L20,2017-06-06,64.69604133333333,-148.32531866666667,25.0,1,25.0,,tp,Natali_2023,Bonanza Creek,1,20,25.0,,interpolated_transect,True,False,False
Natali_2023_BNZ_T1_L21,2017-06-06,64.6960502,-148.3253276,17.0,1,17.0,,tp,Natali_2023,Bonanza Creek,1,21,17.0,,interpolated_transect,True,False,False
Natali_2023_BNZ_T1_L22,2017-06-06,64.69605906666666,-148.32533653333334,31.0,1,31.0,,tp,Natali_2023,Bonanza Creek,1,22,31.0,,interpolated_transect,True,False,False
Natali_2023_BNZ_T1_L23,2017-06-06,64.69606793333332,-148.32534546666668,24.0,1,24.0,,tp,Natali_2023,Bonanza Creek,1,23,24.0,,interpolated_transect,True,False,False
Natali_2023_BNZ_T1_L24,2017-06-06,64.6960768,-148.3253544,25.0,1,25.0,,tp,Natali_2023,Bonanza Creek,1,24,25.0,,interpolated_transect,True,False,False
Natali_2023_BNZ_T1_L25,2017-06-06,64.69608566666666,-148.32536333333334,23.0,1,23.0,,tp,Natali_2023,Bonanza Creek,1,25,23.0,,interpolated_transect,True,False,False
Natali_2023_BNZ_T1_L26,2017-06-06,64.69609453333334,-148.32537226666668,23.0,1,23.0,,tp,Natali_2023,Bonanza Creek,1,26,23.0,,interpolated_transect,True,False,False
Natali_2023_BNZ_T1_L27,2017-06-06,64.6961034,-148.3253812,23.0,1,23.0,,tp,Natali_2023,Bonanza Creek,1,27,23.0,,interpolated_transect,True,False,False
Natali_2023_BNZ_T1_L28,2017-06-06,64.69611226666666,-148.32539013333334,18.0,1,18.0,,tp,Natali_2023,Bonanza Creek,1,28,18.0,,interpolated_transect,True,False,False
Natali_2023_BNZ_T1_L29,2017-06-06,64.69612113333334,-148.32539906666668,19.0,1,19.0,,tp,Natali_2023,Bonanza Creek,1,29,19.0,,interpolated_transect,True,False,False
Natali_2023_BNZ_T1_L30,2017-06-06,64.69613,-148.325408,30.0,1,30.0,,tp,Natali_2023,Bonanza Creek,1,30,30.0,,source_endpoint,False,False,False
Natali_2023_BNZ_T2_L0,2017-06-06,64.695761,-148.325296,20.0,1,20.0,,tp,Natali_2023,Bonanza Creek,2,0,20.0,,source_endpoint,False,False,False
Natali_2023_BNZ_T2_L1,2017-06-06,64.69576893333334,-148.32530870000002,21.0,1,21.0,,tp,Natali_2023,Bonanza Creek,2,1,21.0,,interpolated_transect,True,False,False
Natali_2023_BNZ_T2_L2,2017-06-06,64.69577686666668,-148.3253214,17.0,1,17.0,,tp,Natali_2023,Bonanza Creek,2,2,17.0,,interpolated_transect,True,False,False
Natali_2023_BNZ_T2_L3,2017-06-06,64.6957848,-148.32533410000002,15.0,1,15.0,,tp,Natali_2023,Bonanza Creek,2,3,15.0,,interpolated_transect,True,False,False
Natali_2023_BNZ_T2_L4,2017-06-06,64.69579273333333,-148.3253468,26.0,1,26.0,,tp,Natali_2023,Bonanza Creek,2,4,26.0,,interpolated_transect,True,False,False
Natali_2023_BNZ_T2_L5,2017-06-06,64.69580066666667,-148.32535950000002,19.0,1,19.0,,tp,Natali_2023,Bonanza Creek,2,5,19.0,,interpolated_transect,True,False,False
Natali_2023_BNZ_T2_L6,2017-06-06,64.6958086,-148.3253722,27.0,1,27.0,,tp,Natali_2023,Bonanza Creek,2,6,27.0,,interpolated_transect,True,False,False
Natali_2023_BNZ_T2_L7,2017-06-06,64.69581653333334,-148.32538490000002,22.0,1,22.0,,tp,Natali_2023,Bonanza Creek,2,7,22.0,,interpolated_transect,True,False,False
Natali_2023_BNZ_T2_L8,2017-06-06,64.69582446666666,-148.3253976,14.0,1,14.0,,tp,Natali_2023,Bonanza Creek,2,8,14.0,,interpolated_transect,True,False,False
Natali_2023_BNZ_T2_L9,2017-06-06,64.6958324,-148.32541030000002,15.0,1,15.0,,tp,Natali_2023,Bonanza Creek,2,9,15.0,,interpolated_transect,True,False,False
Natali_2023_BNZ_T2_L10,2017-06-06,64.69584033333334,-148.325423,21.0,1,21.0,,tp,Natali_2023,Bonanza Creek,2,10,21.0,,interpolated_transect,True,False,False
Natali_2023_BNZ_T2_L11,2017-06-06,64.69584826666667,-148.3254357,21.0,1,21.0,,tp,Natali_2023,Bonanza Creek,2,11,21.0,,interpolated_transect,True,False,False
Natali_2023_BNZ_T2_L12,2017-06-06,64.69585620000001,-148.3254484,23.0,1,23.0,,tp,Natali_2023,Bonanza Creek,2,12,23.0,,interpolated_transect,True,False,False
Natali_2023_BNZ_T2_L13,2017-06-06,64.69586413333333,-148.3254611,26.0,1,26.0,,tp,Natali_2023,Bonanza Creek,2,13,26.0,,interpolated_transect,True,False,False
Natali_2023_BNZ_T2_L14,2017-06-06,64.69587206666667,-148.3254738,36.0,1,36.0,,tp,Natali_2023,Bonanza Creek,2,14,36.0,,interpolated_transect,True,False,False
Natali_2023_BNZ_T2_L15,2017-06-06,64.69588,-148.3254865,17.0,1,17.0,,tp,Natali_2023,Bonanza Creek,2,15,17.0,,interpolated_transect,True,False,False
Natali_2023_BNZ_T2_L16,2017-06-06,64.69588793333334,-148.32549920000002,18.0,1,18.0,,tp,Natali_2023,Bonanza Creek,2,16,18.0,,interpolated_transect,True,False,False
Natali_2023_BNZ_T2_L17,2017-06-06,64.69589586666667,-148.3255119,16.0,1,16.0,,tp,Natali_2023,Bonanza Creek,2,17,16.0,,interpolated_transect,True,False,False
Natali_2023_BNZ_T2_L18,2017-06-06,64.6959038,-148.32552460000002,23.0,1,23.0,,tp,Natali_2023,Bonanza Creek,2,18,23.0,,interpolated_transect,True,False,False
Natali_2023_BNZ_T2_L19,2017-06-06,64.69591173333333,-148.3255373,22.0,1,22.0,,tp,Natali_2023,Bonanza Creek,2,19,22.0,,interpolated_transect,True,False,False
Natali_2023_BNZ_T2_L20,2017-06-06,64.69591966666667,-148.32555000000002,20.0,1,20.0,,tp,Natali_2023,Bonanza Creek,2,20,20.0,,interpolated_transect,True,False,False
Natali_2023_BNZ_T2_L21,2017-06-06,64.6959276,-148.3255627,21.0,1,21.0,,tp,Natali_2023,Bonanza Creek,2,21,21.0,,interpolated_transect,True,False,False
Natali_2023_BNZ_T2_L22,2017-06-06,64.69593553333334,-148.32557540000002,19.0,1,19.0,,tp,Natali_2023,Bonanza Creek,2,22,19.0,,interpolated_transect,True,False,False
Natali_2023_BNZ_T2_L23,2017-06-06,64.69594346666666,-148.3255881,20.0,1,20.0,,tp,Natali_2023,Bonanza Creek,2,23,20.0,,interpolated_transect,True,False,False
Natali_2023_BNZ_T2_L24,2017-06-06,64.6959514,-148.32560080000002,17.0,1,17.0,,tp,Natali_2023,Bonanza Creek,2,24,17.0,,interpolated_transect,True,False,False
Natali_2023_BNZ_T2_L25,2017-06-06,64.69595933333333,-148.3256135,17.0,1,17.0,,tp,Natali_2023,Bonanza Creek,2,25,17.0,,interpolated_transect,True,False,False
Natali_2023_BNZ_T2_L26,2017-06-06,64.69596726666667,-148.32562620000002,25.0,1,25.0,,tp,Natali_2023,Bonanza Creek,2,26,25.0,,interpolated_transect,True,False,False
Natali_2023_BNZ_T2_L27,2017-06-06,64.6959752,-148.3256389,15.0,1,15.0,,tp,Natali_2023,Bonanza Creek,2,27,15.0,,interpolated_transect,True,False,False
Natali_2023_BNZ_T2_L28,2017-06-06,64.69598313333333,-148.32565160000001,20.0,1,20.0,,tp,Natali_2023,Bonanza Creek,2,28,20.0,,interpolated_transect,True,False,False
Natali_2023_BNZ_T2_L29,2017-06-06,64.69599106666666,-148.3256643,21.0,1,21.0,,tp,Natali_2023,Bonanza Creek,2,29,21.0,,interpolated_transect,True,False,False
Natali_2023_BNZ_T2_L30,2017-06-06,64.695999,-148.325677,17.0,1,17.0,,tp,Natali_2023,Bonanza Creek,2,30,17.0,,source_endpoint,False,False,False
Natali_2023_BNZ_T3_L0,2017-06-06,64.695689,-148.325588,26.0,1,26.0,,tp,Natali_2023,Bonanza Creek,3,0,26.0,,source_endpoint,False,False,False
Natali_2023_BNZ_T3_L1,2017-06-06,64.6956938,-148.32560546666667,20.0,1,20.0,,tp,Natali_2023,Bonanza Creek,3,1,20.0,,interpolated_transect,True,False,False
Natali_2023_BNZ_T3_L2,2017-06-06,64.6956986,-148.32562293333334,29.0,1,29.0,,tp,Natali_2023,Bonanza Creek,3,2,29.0,,interpolated_transect,True,False,False
Natali_2023_BNZ_T3_L3,2017-06-06,64.6957034,-148.3256404,30.0,1,30.0,,tp,Natali_2023,Bonanza Creek,3,3,30.0,Tussock,interpolated_transect,True,False,False
Natali_2023_BNZ_T3_L4,2017-06-06,64.6957082,-148.3256578666667,21.0,1,21.0,,tp,Natali_2023,Bonanza Creek,3,4,21.0,,interpolated_transect,True,False,False
Natali_2023_BNZ_T3_L5,2017-06-06,64.695713,-148.32567533333335,37.0,1,37.0,,tp,Natali_2023,Bonanza Creek,3,5,37.0,Tussock,interpolated_transect,True,False,False
Natali_2023_BNZ_T3_L6,2017-06-06,64.6957178,-148.3256928,32.0,1,32.0,,tp,Natali_2023,Bonanza Creek,3,6,32.0,Tussock,interpolated_transect,True,False,False
Natali_2023_BNZ_T3_L7,2017-06-06,64.6957226,-148.32571026666668,16.0,1,16.0,,tp,Natali_2023,Bonanza Creek,3,7,16.0,,interpolated_transect,True,False,False
Natali_2023_BNZ_T3_L8,2017-06-06,64.6957274,-148.32572773333334,19.0,1,19.0,,tp,Natali_2023,Bonanza Creek,3,8,19.0,,interpolated_transect,True,False,False
Natali_2023_BNZ_T3_L9,2017-06-06,64.6957322,-148.3257452,25.0,1,25.0,,tp,Natali_2023,Bonanza Creek,3,9,25.0,,interpolated_transect,True,False,False
Natali_2023_BNZ_T3_L10,2017-06-06,64.695737,-148.32576266666666,21.0,1,21.0,,tp,Natali_2023,Bonanza Creek,3,10,21.0,,interpolated_transect,True,False,False
Natali_2023_BNZ_T3_L11,2017-06-06,64.6957418,-148.32578013333332,14.0,1,14.0,,tp,Natali_2023,Bonanza Creek,3,11,14.0,,interpolated_transect,True,False,False
Natali_2023_BNZ_T3_L12,2017-06-06,64.69574659999999,-148.32579760000002,22.0,1,22.0,,tp,Natali_2023,Bonanza Creek,3,12,22.0,,interpolated_transect,True,False,False
Natali_2023_BNZ_T3_L13,2017-06-06,64.69575139999999,-148.32581506666668,28.0,1,28.0,,tp,Natali_2023,Bonanza Creek,3,13,28.0,,interpolated_transect,True,False,False
Natali_2023_BNZ_T3_L14,2017-06-06,64.69575619999999,-148.32583253333334,21.0,1,21.0,,tp,Natali_2023,Bonanza Creek,3,14,21.0,,interpolated_transect,True,False,False
Natali_2023_BNZ_T3_L15,2017-06-06,64.695761,-148.32585,29.0,1,29.0,,tp,Natali_2023,Bonanza Creek,3,15,29.0,,interpolated_transect,True,False,False
Natali_2023_BNZ_T3_L16,2017-06-06,64.6957658,-148.32586746666666,33.0,1,33.0,,tp,Natali_2023,Bonanza Creek,3,16,33.0,,interpolated_transect,True,False,False
Natali_2023_BNZ_T3_L17,2017-06-06,64.6957706,-148.32588493333333,34.0,1,34.0,,tp,Natali_2023,Bonanza Creek,3,17,34.0,,interpolated_transect,True,False,False
Natali_2023_BNZ_T3_L18,2017-06-06,64.6957754,-148.3259024,25.0,1,25.0,,tp,Natali_2023,Bonanza Creek,3,18,25.0,,interpolated_transect,True,False,False
Natali_2023_BNZ_T3_L19,2017-06-06,64.6957802,-148.32591986666668,24.0,1,24.0,,tp,Natali_2023,Bonanza Creek,3,19,24.0,,interpolated_transect,True,False,False
Natali_2023_BNZ_T3_L20,2017-06-06,64.695785,-148.32593733333334,23.0,1,23.0,,tp,Natali_2023,Bonanza Creek,3,20,23.0,,interpolated_transect,True,False,False
Natali_2023_BNZ_T3_L21,2017-06-06,64.6957898,-148.3259548,18.0,1,18.0,,tp,Natali_2023,Bonanza Creek,3,21,18.0,,interpolated_transect,True,False,False
Natali_2023_BNZ_T3_L22,2017-06-06,64.6957946,-148.32597226666667,23.0,1,23.0,,tp,Natali_2023,Bonanza Creek,3,22,23.0,,interpolated_transect,True,False,False
Natali_2023_BNZ_T3_L23,2017-06-06,64.6957994,-148.32598973333333,29.0,1,29.0,,tp,Natali_2023,Bonanza Creek,3,23,29.0,,interpolated_transect,True,False,False
Natali_2023_BNZ_T3_L24,2017-06-06,64.6958042,-148.3260072,16.0,1,16.0,,tp,Natali_2023,Bonanza Creek,3,24,16.0,,interpolated_transect,True,False,False
Natali_2023_BNZ_T3_L25,2017-06-06,64.695809,-148.32602466666665,22.0,1,22.0,,tp,Natali_2023,Bonanza Creek,3,25,22.0,,interpolated_transect,True,False,False
Natali_2023_BNZ_T3_L26,2017-06-06,64.6958138,-148.32604213333332,15.0,1,15.0,,tp,Natali_2023,Bonanza Creek,3,26,15.0,,interpolated_transect,True,False,False
Natali_2023_BNZ_T3_L27,2017-06-06,64.6958186,-148.3260596,20.0,1,20.0,,tp,Natali_2023,Bonanza Creek,3,27,20.0,,interpolated_transect,True,False,False
Natali_2023_BNZ_T3_L28,2017-06-06,64.6958234,-148.32607706666667,16.0,1,16.0,,tp,Natali_2023,Bonanza Creek,3,28,16.0,,interpolated_transect,True,False,False
Natali_2023_BNZ_T3_L29,2017-06-06,64.6958282,-148.32609453333333,32.0,1,32.0,,tp,Natali_2023,Bonanza Creek,3,29,32.0,,interpolated_transect,True,False,False
Natali_2023_BNZ_T3_L30,2017-06-06,64.695833,-148.326112,29.0,1,29.0,,tp,Natali_2023,Bonanza Creek,3,30,29.0,,source_endpoint,False,False,False
Natali_2023_IMNL_T1_L1,2017-06-15,68.5592635,-149.51591136666667,18.0,1,18.0,,tp,Natali_2023,I-Minus Low,1,1,18.0,,interpolated_transect,True,False,False
Natali_2023_IMNL_T1_L2,2017-06-15,68.55927100000001,-149.51589873333336,1.0,1,1.0,,tp,Natali_2023,I-Minus Low,1,2,1.0,,interpolated_transect,True,False,False
Natali_2023_IMNL_T1_L3,2017-06-15,68.5592785,-149.51588610000002,17.0,1,17.0,,tp,Natali_2023,I-Minus Low,1,3,17.0,,interpolated_transect,True,False,False
Natali_2023_IMNL_T1_L4,2017-06-15,68.559286,-149.51587346666668,14.0,1,14.0,,tp,Natali_2023,I-Minus Low,1,4,14.0,,interpolated_transect,True,False,False
Natali_2023_IMNL_T1_L7,2017-06-15,68.5593085,-149.51583556666668,13.0,1,13.0,,tp,Natali_2023,I-Minus Low,1,7,13.0,,interpolated_transect,True,False,False
Natali_2023_IMNL_T1_L8,2017-06-15,68.55931600000001,-149.51582293333334,18.0,1,18.0,,tp,Natali_2023,I-Minus Low,1,8,18.0,,interpolated_transect,True,False,False
Natali_2023_IMNL_T1_L9,2017-06-15,68.5593235,-149.5158103,20.0,1,20.0,,tp,Natali_2023,I-Minus Low,1,9,20.0,,interpolated_transect,True,False,False
Natali_2023_IMNL_T1_L10,2017-06-15,68.559331,-149.51579766666669,20.0,1,20.0,,tp,Natali_2023,I-Minus Low,1,10,20.0,,interpolated_transect,True,False,False
Natali_2023_IMNL_T1_L13,2017-06-15,68.5593535,-149.51575976666666,20.0,1,20.0,,tp,Natali_2023,I-Minus Low,1,13,20.0,,interpolated_transect,True,False,False
Natali_2023_IMNL_T1_L14,2017-06-15,68.55936100000001,-149.51574713333335,19.0,1,19.0,,tp,Natali_2023,I-Minus Low,1,14,19.0,,interpolated_transect,True,False,False
Natali_2023_IMNL_T1_L15,2017-06-15,68.5593685,-149.5157345,35.0,1,35.0,,tp,Natali_2023,I-Minus Low,1,15,35.0,,interpolated_transect,True,False,False
Natali_2023_IMNL_T1_L16,2017-06-15,68.559376,-149.51572186666667,38.0,1,38.0,,tp,Natali_2023,I-Minus Low,1,16,38.0,,interpolated_transect,True,False,False
Natali_2023_IMNL_T1_L17,2017-06-15,68.55938350000001,-149.51570923333335,26.0,1,26.0,,tp,Natali_2023,I-Minus Low,1,17,26.0,,interpolated_transect,True,False,False
Natali_2023_IMNL_T1_L18,2017-06-15,68.559391,-149.5156966,27.0,1,27.0,,tp,Natali_2023,I-Minus Low,1,18,27.0,,interpolated_transect,True,False,False
Natali_2023_IMNL_T1_L19,2017-06-15,68.5593985,-149.51568396666667,23.0,1,23.0,,tp,Natali_2023,I-Minus Low,1,19,23.0,,interpolated_transect,True,False,False
Natali_2023_IMNL_T1_L20,2017-06-15,68.55940600000001,-149.51567133333333,15.0,1,15.0,,tp,Natali_2023,I-Minus Low,1,20,15.0,,interpolated_transect,True,False,False
Natali_2023_IMNL_T1_L21,2017-06-15,68.5594135,-149.51565870000002,20.0,1,20.0,,tp,Natali_2023,I-Minus Low,1,21,20.0,,interpolated_transect,True,False,False
Natali_2023_IMNL_T1_L23,2017-06-15,68.55942850000001,-149.51563343333333,14.0,1,14.0,,tp,Natali_2023,I-Minus Low,1,23,14.0,,interpolated_transect,True,False,False
Natali_2023_IMNL_T1_L24,2017-06-15,68.559436,-149.5156208,31.0,1,31.0,,tp,Natali_2023,I-Minus Low,1,24,31.0,,interpolated_transect,True,False,False
Natali_2023_IMNL_T1_L26,2017-06-15,68.55945100000001,-149.51559553333334,23.0,1,23.0,,tp,Natali_2023,I-Minus Low,1,26,23.0,,interpolated_transect,True,False,False
Natali_2023_IMNL_T1_L27,2017-06-15,68.5594585,-149.5155829,19.0,1,19.0,,tp,Natali_2023,I-Minus Low,1,27,19.0,,interpolated_transect,True,False,False
Natali_2023_IMNL_T1_L28,2017-06-15,68.559466,-149.51557026666666,37.0,1,37.0,,tp,Natali_2023,I-Minus Low,1,28,37.0,,interpolated_transect,True,False,False
Natali_2023_IMNL_T1_L29,2017-06-15,68.55947350000001,-149.51555763333334,34.0,1,34.0,,tp,Natali_2023,I-Minus Low,1,29,34.0,,interpolated_transect,True,False,False
Natali_2023_IMNL_T2_L2,2017-06-15,68.55930073333333,-149.5161324,13.0,1,13.0,,tp,Natali_2023,I-Minus Low,2,2,13.0,,interpolated_transect,True,False,False
Natali_2023_IMNL_T2_L4,2017-06-15,68.55931646666667,-149.51610480000002,14.0,1,14.0,,tp,Natali_2023,I-Minus Low,2,4,14.0,,interpolated_transect,True,False,False
Natali_2023_IMNL_T2_L5,2017-06-15,68.55932433333334,-149.51609100000002,15.0,1,15.0,,tp,Natali_2023,I-Minus Low,2,5,15.0,,interpolated_transect,True,False,False
Natali_2023_IMNL_T2_L6,2017-06-15,68.5593322,-149.5160772,15.0,1,15.0,,tp,Natali_2023,I-Minus Low,2,6,15.0,,interpolated_transect,True,False,False
Natali_2023_IMNL_T2_L8,2017-06-15,68.55934793333334,-149.5160496,12.0,1,12.0,,tp,Natali_2023,I-Minus Low,2,8,12.0,,interpolated_transect,True,False,False
Natali_2023_IMNL_T2_L9,2017-06-15,68.5593558,-149.5160358,16.0,1,16.0,,tp,Natali_2023,I-Minus Low,2,9,16.0,,interpolated_transect,True,False,False
Natali_2023_IMNL_T2_L10,2017-06-15,68.55936366666667,-149.51602200000002,18.0,1,18.0,,tp,Natali_2023,I-Minus Low,2,10,18.0,,interpolated_transect,True,False,False
Natali_2023_IMNL_T2_L11,2017-06-15,68.55937153333333,-149.51600820000002,15.0,1,15.0,,tp,Natali_2023,I-Minus Low,2,11,15.0,,interpolated_transect,True,False,False
Natali_2023_IMNL_T2_L12,2017-06-15,68.5593794,-149.5159944,17.0,1,17.0,,tp,Natali_2023,I-Minus Low,2,12,17.0,,interpolated_transect,True,False,False
Natali_2023_IMNL_T2_L13,2017-06-15,68.55938726666668,-149.5159806,16.0,1,16.0,,tp,Natali_2023,I-Minus Low,2,13,16.0,,interpolated_transect,True,False,False
Natali_2023_IMNL_T2_L14,2017-06-15,68.55939513333334,-149.5159668,15.0,1,15.0,,tp,Natali_2023,I-Minus Low,2,14,15.0,,interpolated_transect,True,False,False
Natali_2023_IMNL_T2_L15,2017-06-15,68.559403,-149.51595300000002,21.0,1,21.0,,tp,Natali_2023,I-Minus Low,2,15,21.0,,interpolated_transect,True,False,False
Natali_2023_IMNL_T2_L16,2017-06-15,68.55941086666667,-149.51593920000002,18.0,1,18.0,,tp,Natali_2023,I-Minus Low,2,16,18.0,,interpolated_transect,True,False,False
Natali_2023_IMNL_T2_L18,2017-06-15,68.55942660000001,-149.5159116,22.0,1,22.0,,tp,Natali_2023,I-Minus Low,2,18,22.0,,interpolated_transect,True,False,False
Natali_2023_IMNL_T2_L19,2017-06-15,68.55943446666667,-149.5158978,17.0,1,17.0,,tp,Natali_2023,I-Minus Low,2,19,17.0,,interpolated_transect,True,False,False
Natali_2023_IMNL_T2_L21,2017-06-15,68.5594502,-149.5158702,17.0,1,17.0,,tp,Natali_2023,I-Minus Low,2,21,17.0,,interpolated_transect,True,False,False
Natali_2023_IMNL_T2_L22,2017-06-15,68.55945806666666,-149.51585640000002,18.0,1,18.0,,tp,Natali_2023,I-Minus Low,2,22,18.0,,interpolated_transect,True,False,False
Natali_2023_IMNL_T2_L24,2017-06-15,68.5594738,-149.5158288,18.0,1,18.0,,tp,Natali_2023,I-Minus Low,2,24,18.0,,interpolated_transect,True,False,False
Natali_2023_IMNL_T2_L27,2017-06-15,68.5594974,-149.51578740000002,18.0,1,18.0,,tp,Natali_2023,I-Minus Low,2,27,18.0,,interpolated_transect,True,False,False
Natali_2023_IMNL_T2_L28,2017-06-15,68.55950526666668,-149.51577360000002,18.0,1,18.0,,tp,Natali_2023,I-Minus Low,2,28,18.0,,interpolated_transect,True,False,False
Natali_2023_IMNL_T2_L29,2017-06-15,68.55951313333334,-149.5157598,16.0,1,16.0,,tp,Natali_2023,I-Minus Low,2,29,16.0,,interpolated_transect,True,False,False
Natali_2023_IMNL_T2_L30,2017-06-15,68.559521,-149.515746,18.0,1,18.0,,tp,Natali_2023,I-Minus Low,2,30,18.0,,source_endpoint,False,False,False
Natali_2023_IMNL_T3_L1,2017-06-15,68.55936436666667,-149.51635983333333,1.0,1,1.0,,tp,Natali_2023,I-Minus Low,3,1,1.0,,interpolated_transect,True,False,False
Natali_2023_IMNL_T3_L2,2017-06-15,68.55937173333334,-149.51634666666666,14.0,1,14.0,,tp,Natali_2023,I-Minus Low,3,2,14.0,,interpolated_transect,True,False,False
Natali_2023_IMNL_T3_L3,2017-06-15,68.5593791,-149.51633349999997,19.0,1,19.0,,tp,Natali_2023,I-Minus Low,3,3,19.0,,interpolated_transect,True,False,False
Natali_2023_IMNL_T3_L5,2017-06-15,68.55939383333333,-149.51630716666665,20.0,1,20.0,,tp,Natali_2023,I-Minus Low,3,5,20.0,,interpolated_transect,True,False,False
Natali_2023_IMNL_T3_L7,2017-06-15,68.55940856666668,-149.51628083333333,16.0,1,16.0,,tp,Natali_2023,I-Minus Low,3,7,16.0,,interpolated_transect,True,False,False
Natali_2023_IMNL_T3_L8,2017-06-15,68.55941593333334,-149.51626766666666,17.0,1,17.0,,tp,Natali_2023,I-Minus Low,3,8,17.0,,interpolated_transect,True,False,False
Natali_2023_IMNL_T3_L9,2017-06-15,68.5594233,-149.5162545,14.0,1,14.0,,tp,Natali_2023,I-Minus Low,3,9,14.0,,interpolated_transect,True,False,False
Natali_2023_IMNL_T3_L10,2017-06-15,68.55943066666667,-149.5162413333333,15.0,1,15.0,,tp,Natali_2023,I-Minus Low,3,10,15.0,,interpolated_transect,True,False,False
Natali_2023_IMNL_T3_L11,2017-06-15,68.55943803333334,-149.51622816666665,16.0,1,16.0,,tp,Natali_2023,I-Minus Low,3,11,16.0,,interpolated_transect,True,False,False
Natali_2023_IMNL_T3_L12,2017-06-15,68.5594454,-149.516215,14.0,1,14.0,,tp,Natali_2023,I-Minus Low,3,12,14.0,,interpolated_transect,True,False,False
Natali_2023_IMNL_T3_L15,2017-06-15,68.55946750000001,-149.51617549999997,21.0,1,21.0,,tp,Natali_2023,I-Minus Low,3,15,21.0,,interpolated_transect,True,False,False
Natali_2023_IMNL_T3_L16,2017-06-15,68.55947486666668,-149.5161623333333,18.0,1,18.0,,tp,Natali_2023,I-Minus Low,3,16,18.0,,interpolated_transect,True,False,False
Natali_2023_IMNL_T3_L17,2017-06-15,68.55948223333334,-149.51614916666665,18.0,1,18.0,,tp,Natali_2023,I-Minus Low,3,17,18.0,,interpolated_transect,True,False,False
Natali_2023_IMNL_T3_L18,2017-06-15,68.5594896,-149.516136,16.0,1,16.0,,tp,Natali_2023,I-Minus Low,3,18,16.0,,interpolated_transect,True,False,False
Natali_2023_IMNL_T3_L19,2017-06-15,68.55949696666667,-149.51612283333333,13.0,1,13.0,,tp,Natali_2023,I-Minus Low,3,19,13.0,,interpolated_transect,True,False,False
Natali_2023_IMNL_T3_L20,2017-06-15,68.55950433333334,-149.51610966666667,20.0,1,20.0,,tp,Natali_2023,I-Minus Low,3,20,20.0,,interpolated_transect,True,False,False
Natali_2023_IMNL_T3_L21,2017-06-15,68.5595117,-149.5160965,17.0,1,17.0,,tp,Natali_2023,I-Minus Low,3,21,17.0,,interpolated_transect,True,False,False
Natali_2023_IMNL_T3_L22,2017-06-15,68.55951906666667,-149.5160833333333,20.0,1,20.0,,tp,Natali_2023,I-Minus Low,3,22,20.0,,interpolated_transect,True,False,False
Natali_2023_IMNL_T3_L24,2017-06-15,68.5595338,-149.516057,1.0,1,1.0,,tp,Natali_2023,I-Minus Low,3,24,1.0,,interpolated_transect,True,False,False
Natali_2023_IMNL_T3_L25,2017-06-15,68.55954116666666,-149.51604383333333,18.0,1,18.0,,tp,Natali_2023,I-Minus Low,3,25,18.0,,interpolated_transect,True,False,False
Natali_2023_IMNL_T3_L26,2017-06-15,68.55954853333334,-149.51603066666667,18.0,1,18.0,,tp,Natali_2023,I-Minus Low,3,26,18.0,,interpolated_transect,True,False,False
Natali_2023_IMNL_T3_L27,2017-06-15,68.5595559,-149.51601749999998,21.0,1,21.0,,tp,Natali_2023,I-Minus Low,3,27,21.0,,interpolated_transect,True,False,False
Natali_2023_IMNL_T3_L28,2017-06-15,68.55956326666667,-149.5160043333333,18.0,1,18.0,,tp,Natali_2023,I-Minus Low,3,28,18.0,,interpolated_transect,True,False,False
Natali_2023_IMNL_T3_L29,2017-06-15,68.55957063333334,-149.51599116666665,17.0,1,17.0,,tp,Natali_2023,I-Minus Low,3,29,17.0,,interpolated_transect,True,False,False
Natali_2023_IMNL_T3_L30,2017-06-15,68.559578,-149.515978,25.0,1,25.0,,tp,Natali_2023,I-Minus Low,3,30,25.0,,source_endpoint,False,False,False
Natali_2023_IMNH_T1_L0,2017-06-15,68.557151,-149.532885,15.0,1,15.0,,tp,Natali_2023,I-Minus High,1,0,15.0,,source_endpoint,False,False,False
Natali_2023_IMNH_T1_L1,2017-06-15,68.55715513333334,-149.53286293333332,14.0,1,14.0,,tp,Natali_2023,I-Minus High,1,1,14.0,,interpolated_transect,True,False,False
Natali_2023_IMNH_T1_L2,2017-06-15,68.55715926666667,-149.53284086666665,18.0,1,18.0,,tp,Natali_2023,I-Minus High,1,2,18.0,,interpolated_transect,True,False,False
Natali_2023_IMNH_T1_L3,2017-06-15,68.55716340000001,-149.5328188,20.0,1,20.0,,tp,Natali_2023,I-Minus High,1,3,20.0,,interpolated_transect,True,False,False
Natali_2023_IMNH_T1_L4,2017-06-15,68.55716753333334,-149.53279673333333,14.0,1,14.0,,tp,Natali_2023,I-Minus High,1,4,14.0,,interpolated_transect,True,False,False
Natali_2023_IMNH_T1_L5,2017-06-15,68.55717166666668,-149.53277466666665,25.0,1,25.0,,tp,Natali_2023,I-Minus High,1,5,25.0,,interpolated_transect,True,False,False
Natali_2023_IMNH_T1_L6,2017-06-15,68.55717580000001,-149.53275259999998,19.0,1,19.0,,tp,Natali_2023,I-Minus High,1,6,19.0,,interpolated_transect,True,False,False
Natali_2023_IMNH_T1_L7,2017-06-15,68.55717993333334,-149.53273053333334,14.0,1,14.0,,tp,Natali_2023,I-Minus High,1,7,14.0,,interpolated_transect,True,False,False
Natali_2023_IMNH_T1_L8,2017-06-15,68.55718406666666,-149.53270846666666,22.0,1,22.0,,tp,Natali_2023,I-Minus High,1,8,22.0,,interpolated_transect,True,False,False
Natali_2023_IMNH_T1_L9,2017-06-15,68.5571882,-149.5326864,14.0,1,14.0,,tp,Natali_2023,I-Minus High,1,9,14.0,,interpolated_transect,True,False,False
Natali_2023_IMNH_T1_L10,2017-06-15,68.55719233333333,-149.53266433333332,15.0,1,15.0,,tp,Natali_2023,I-Minus High,1,10,15.0,,interpolated_transect,True,False,False
Natali_2023_IMNH_T1_L11,2017-06-15,68.55719646666667,-149.53264226666667,17.0,1,17.0,,tp,Natali_2023,I-Minus High,1,11,17.0,,interpolated_transect,True,False,False
Natali_2023_IMNH_T1_L12,2017-06-15,68.5572006,-149.5326202,15.0,1,15.0,,tp,Natali_2023,I-Minus High,1,12,15.0,,interpolated_transect,True,False,False
Natali_2023_IMNH_T1_L13,2017-06-15,68.55720473333334,-149.53259813333332,15.0,1,15.0,,tp,Natali_2023,I-Minus High,1,13,15.0,,interpolated_transect,True,False,False
Natali_2023_IMNH_T1_L14,2017-06-15,68.55720886666667,-149.53257606666665,13.0,1,13.0,,tp,Natali_2023,I-Minus High,1,14,13.0,,interpolated_transect,True,False,False
Natali_2023_IMNH_T1_L15,2017-06-15,68.557213,-149.532554,15.0,1,15.0,,tp,Natali_2023,I-Minus High,1,15,15.0,,interpolated_transect,True,False,False
Natali_2023_IMNH_T1_L16,2017-06-15,68.55721713333334,-149.53253193333333,16.0,1,16.0,,tp,Natali_2023,I-Minus High,1,16,16.0,,interpolated_transect,True,False,False
Natali_2023_IMNH_T1_L17,2017-06-15,68.55722126666667,-149.53250986666666,14.0,1,14.0,,tp,Natali_2023,I-Minus High,1,17,14.0,,interpolated_transect,True,False,False
Natali_2023_IMNH_T1_L18,2017-06-15,68.55722540000001,-149.53248779999998,18.0,1,18.0,,tp,Natali_2023,I-Minus High,1,18,18.0,,interpolated_transect,True,False,False
Natali_2023_IMNH_T1_L19,2017-06-15,68.55722953333334,-149.5324657333333,14.0,1,14.0,,tp,Natali_2023,I-Minus High,1,19,14.0,,interpolated_transect,True,False,False
Natali_2023_IMNH_T1_L20,2017-06-15,68.55723366666668,-149.53244366666667,12.0,1,12.0,,tp,Natali_2023,I-Minus High,1,20,12.0,,interpolated_transect,True,False,False
Natali_2023_IMNH_T1_L21,2017-06-15,68.55723780000001,-149.5324216,21.0,1,21.0,,tp,Natali_2023,I-Minus High,1,21,21.0,,interpolated_transect,True,False,False
Natali_2023_IMNH_T1_L22,2017-06-15,68.55724193333334,-149.53239953333332,20.0,1,20.0,,tp,Natali_2023,I-Minus High,1,22,20.0,,interpolated_transect,True,False,False
Natali_2023_IMNH_T1_L23,2017-06-15,68.55724606666666,-149.53237746666665,20.0,1,20.0,,tp,Natali_2023,I-Minus High,1,23,20.0,,interpolated_transect,True,False,False
Natali_2023_IMNH_T1_L24,2017-06-15,68.5572502,-149.5323554,29.0,1,29.0,,tp,Natali_2023,I-Minus High,1,24,29.0,,interpolated_transect,True,False,False
Natali_2023_IMNH_T1_L25,2017-06-15,68.55725433333333,-149.53233333333333,18.0,1,18.0,,tp,Natali_2023,I-Minus High,1,25,18.0,,interpolated_transect,True,False,False
Natali_2023_IMNH_T1_L26,2017-06-15,68.55725846666667,-149.53231126666665,16.0,1,16.0,,tp,Natali_2023,I-Minus High,1,26,16.0,,interpolated_transect,True,False,False
Natali_2023_IMNH_T1_L27,2017-06-15,68.5572626,-149.53228919999998,13.0,1,13.0,,tp,Natali_2023,I-Minus High,1,27,13.0,,interpolated_transect,True,False,False
Natali_2023_IMNH_T1_L28,2017-06-15,68.55726673333334,-149.53226713333333,12.0,1,12.0,,tp,Natali_2023,I-Minus High,1,28,12.0,,interpolated_transect,True,False,False
Natali_2023_IMNH_T1_L29,2017-06-15,68.55727086666667,-149.53224506666666,12.0,1,12.0,,tp,Natali_2023,I-Minus High,1,29,12.0,,interpolated_transect,True,False,False
Natali_2023_IMNH_T1_L30,2017-06-15,68.557275,-149.532223,14.0,1,14.0,,tp,Natali_2023,I-Minus High,1,30,14.0,,source_endpoint,False,False,False
Natali_2023_IMNH_T2_L0,2017-06-15,68.557297,-149.533136,15.0,1,15.0,,tp,Natali_2023,I-Minus High,2,0,15.0,,source_endpoint,False,False,False
Natali_2023_IMNH_T2_L1,2017-06-15,68.55730063333334,-149.53310923333333,12.0,1,12.0,,tp,Natali_2023,I-Minus High,2,1,12.0,,interpolated_transect,True,False,False
Natali_2023_IMNH_T2_L2,2017-06-15,68.55730426666668,-149.53308246666668,15.0,1,15.0,,tp,Natali_2023,I-Minus High,2,2,15.0,,interpolated_transect,True,False,False
Natali_2023_IMNH_T2_L3,2017-06-15,68.55730790000001,-149.5330557,14.0,1,14.0,,tp,Natali_2023,I-Minus High,2,3,14.0,,interpolated_transect,True,False,False
Natali_2023_IMNH_T2_L4,2017-06-15,68.55731153333333,-149.53302893333336,15.0,1,15.0,,tp,Natali_2023,I-Minus High,2,4,15.0,,interpolated_transect,True,False,False
Natali_2023_IMNH_T2_L5,2017-06-15,68.55731516666667,-149.53300216666668,26.0,1,26.0,,tp,Natali_2023,I-Minus High,2,5,26.0,,interpolated_transect,True,False,False
Natali_2023_IMNH_T2_L6,2017-06-15,68.5573188,-149.5329754,24.0,1,24.0,,tp,Natali_2023,I-Minus High,2,6,24.0,,interpolated_transect,True,False,False
Natali_2023_IMNH_T2_L7,2017-06-15,68.55732243333334,-149.53294863333335,18.0,1,18.0,,tp,Natali_2023,I-Minus High,2,7,18.0,,interpolated_transect,True,False,False
Natali_2023_IMNH_T2_L8,2017-06-15,68.55732606666668,-149.53292186666667,31.0,1,31.0,,tp,Natali_2023,I-Minus High,2,8,31.0,,interpolated_transect,True,False,False
Natali_2023_IMNH_T2_L9,2017-06-15,68.5573297,-149.53289510000002,12.0,1,12.0,,tp,Natali_2023,I-Minus High,2,9,12.0,,interpolated_transect,True,False,False
Natali_2023_IMNH_T2_L10,2017-06-15,68.55733333333333,-149.53286833333334,19.0,1,19.0,,tp,Natali_2023,I-Minus High,2,10,19.0,,interpolated_transect,True,False,False
Natali_2023_IMNH_T2_L11,2017-06-15,68.55733696666667,-149.53284156666666,23.0,1,23.0,,tp,Natali_2023,I-Minus High,2,11,23.0,,interpolated_transect,True,False,False
Natali_2023_IMNH_T2_L12,2017-06-15,68.5573406,-149.5328148,30.0,1,30.0,,tp,Natali_2023,I-Minus High,2,12,30.0,,interpolated_transect,True,False,False
Natali_2023_IMNH_T2_L13,2017-06-15,68.55734423333334,-149.53278803333333,40.0,1,40.0,,tp,Natali_2023,I-Minus High,2,13,40.0,,interpolated_transect,True,False,False
Natali_2023_IMNH_T2_L14,2017-06-15,68.55734786666667,-149.53276126666668,21.0,1,21.0,,tp,Natali_2023,I-Minus High,2,14,21.0,,interpolated_transect,True,False,False
Natali_2023_IMNH_T2_L15,2017-06-15,68.55735150000001,-149.5327345,12.0,1,12.0,,tp,Natali_2023,I-Minus High,2,15,12.0,,interpolated_transect,True,False,False
Natali_2023_IMNH_T2_L16,2017-06-15,68.55735513333333,-149.53270773333332,12.0,1,12.0,,tp,Natali_2023,I-Minus High,2,16,12.0,,interpolated_transect,True,False,False
Natali_2023_IMNH_T2_L17,2017-06-15,68.55735876666667,-149.53268096666667,22.0,1,22.0,,tp,Natali_2023,I-Minus High,2,17,22.0,,interpolated_transect,True,False,False
Natali_2023_IMNH_T2_L18,2017-06-15,68.5573624,-149.5326542,23.0,1,23.0,,tp,Natali_2023,I-Minus High,2,18,23.0,,interpolated_transect,True,False,False
Natali_2023_IMNH_T2_L19,2017-06-15,68.55736603333334,-149.53262743333335,19.0,1,19.0,,tp,Natali_2023,I-Minus High,2,19,19.0,,interpolated_transect,True,False,False
Natali_2023_IMNH_T2_L20,2017-06-15,68.55736966666667,-149.53260066666667,22.0,1,22.0,,tp,Natali_2023,I-Minus High,2,20,22.0,,interpolated_transect,True,False,False
Natali_2023_IMNH_T2_L21,2017-06-15,68.5573733,-149.5325739,35.0,1,35.0,,tp,Natali_2023,I-Minus High,2,21,35.0,,interpolated_transect,True,False,False
Natali_2023_IMNH_T2_L22,2017-06-15,68.55737693333333,-149.53254713333334,13.0,1,13.0,,tp,Natali_2023,I-Minus High,2,22,13.0,,interpolated_transect,True,False,False
Natali_2023_IMNH_T2_L23,2017-06-15,68.55738056666667,-149.53252036666666,15.0,1,15.0,,tp,Natali_2023,I-Minus High,2,23,15.0,,interpolated_transect,True,False,False
Natali_2023_IMNH_T2_L25,2017-06-15,68.55738783333334,-149.53246683333333,14.0,1,14.0,,tp,Natali_2023,I-Minus High,2,25,14.0,,interpolated_transect,True,False,False
Natali_2023_IMNH_T2_L26,2017-06-15,68.55739146666667,-149.53244006666665,17.0,1,17.0,,tp,Natali_2023,I-Minus High,2,26,17.0,,interpolated_transect,True,False,False
Natali_2023_IMNH_T2_L27,2017-06-15,68.55739510000001,-149.5324133,22.0,1,22.0,,tp,Natali_2023,I-Minus High,2,27,22.0,,interpolated_transect,True,False,False
Natali_2023_IMNH_T2_L28,2017-06-15,68.55739873333333,-149.53238653333332,10.0,1,10.0,,tp,Natali_2023,I-Minus High,2,28,10.0,,interpolated_transect,True,False,False
Natali_2023_IMNH_T2_L29,2017-06-15,68.55740236666666,-149.53235976666667,20.0,1,20.0,,tp,Natali_2023,I-Minus High,2,29,20.0,,interpolated_transect,True,False,False
Natali_2023_IMNH_T2_L30,2017-06-15,68.557406,-149.532333,14.0,1,14.0,,tp,Natali_2023,I-Minus High,2,30,14.0,,source_endpoint,False,False,False
Natali_2023_IMNH_T3_L0,2017-06-15,68.55744,-149.533321,21.0,1,21.0,,tp,Natali_2023,I-Minus High,3,0,21.0,,source_endpoint,False,False,False
Natali_2023_IMNH_T3_L1,2017-06-15,68.5574438,-149.53329730000002,16.0,1,16.0,,tp,Natali_2023,I-Minus High,3,1,16.0,,interpolated_transect,True,False,False
Natali_2023_IMNH_T3_L2,2017-06-15,68.5574476,-149.5332736,19.0,1,19.0,,tp,Natali_2023,I-Minus High,3,2,19.0,,interpolated_transect,True,False,False
Natali_2023_IMNH_T3_L3,2017-06-15,68.5574514,-149.5332499,16.0,1,16.0,,tp,Natali_2023,I-Minus High,3,3,16.0,,interpolated_transect,True,False,False
Natali_2023_IMNH_T3_L4,2017-06-15,68.55745519999999,-149.5332262,4.0,1,4.0,,tp,Natali_2023,I-Minus High,3,4,4.0,,interpolated_transect,True,False,False
Natali_2023_IMNH_T3_L5,2017-06-15,68.557459,-149.53320250000002,18.0,1,18.0,,tp,Natali_2023,I-Minus High,3,5,18.0,,interpolated_transect,True,False,False
Natali_2023_IMNH_T3_L6,2017-06-15,68.5574628,-149.5331788,15.0,1,15.0,,tp,Natali_2023,I-Minus High,3,6,15.0,,interpolated_transect,True,False,False
Natali_2023_IMNH_T3_L7,2017-06-15,68.5574666,-149.5331551,16.0,1,16.0,,tp,Natali_2023,I-Minus High,3,7,16.0,,interpolated_transect,True,False,False
Natali_2023_IMNH_T3_L8,2017-06-15,68.5574704,-149.5331314,18.0,1,18.0,,tp,Natali_2023,I-Minus High,3,8,18.0,,interpolated_transect,True,False,False
Natali_2023_IMNH_T3_L10,2017-06-15,68.557478,-149.533084,21.0,1,21.0,,tp,Natali_2023,I-Minus High,3,10,21.0,,interpolated_transect,True,False,False
Natali_2023_IMNH_T3_L11,2017-06-15,68.5574818,-149.5330603,21.0,1,21.0,,tp,Natali_2023,I-Minus High,3,11,21.0,,interpolated_transect,True,False,False
Natali_2023_IMNH_T3_L12,2017-06-15,68.55748559999999,-149.5330366,20.0,1,20.0,,tp,Natali_2023,I-Minus High,3,12,20.0,,interpolated_transect,True,False,False
Natali_2023_IMNH_T3_L13,2017-06-15,68.5574894,-149.53301290000002,21.0,1,21.0,,tp,Natali_2023,I-Minus High,3,13,21.0,,interpolated_transect,True,False,False
Natali_2023_IMNH_T3_L14,2017-06-15,68.5574932,-149.5329892,17.0,1,17.0,,tp,Natali_2023,I-Minus High,3,14,17.0,,interpolated_transect,True,False,False
Natali_2023_IMNH_T3_L16,2017-06-15,68.5575008,-149.5329418,16.0,1,16.0,,tp,Natali_2023,I-Minus High,3,16,16.0,,interpolated_transect,True,False,False
Natali_2023_IMNH_T3_L17,2017-06-15,68.5575046,-149.53291810000002,13.0,1,13.0,,tp,Natali_2023,I-Minus High,3,17,13.0,,interpolated_transect,True,False,False
Natali_2023_IMNH_T3_L19,2017-06-15,68.55751219999999,-149.5328707,25.0,1,25.0,,tp,Natali_2023,I-Minus High,3,19,25.0,,interpolated_transect,True,False,False
Natali_2023_IMNH_T3_L20,2017-06-15,68.55751599999999,-149.532847,17.0,1,17.0,,tp,Natali_2023,I-Minus High,3,20,17.0,,interpolated_transect,True,False,False
Natali_2023_IMNH_T3_L21,2017-06-15,68.5575198,-149.53282330000002,18.0,1,18.0,,tp,Natali_2023,I-Minus High,3,21,18.0,,interpolated_transect,True,False,False
Natali_2023_IMNH_T3_L24,2017-06-15,68.5575312,-149.5327522,20.0,1,20.0,,tp,Natali_2023,I-Minus High,3,24,20.0,,interpolated_transect,True,False,False
Natali_2023_IMNH_T3_L26,2017-06-15,68.5575388,-149.5327048,25.0,1,25.0,,tp,Natali_2023,I-Minus High,3,26,25.0,,interpolated_transect,True,False,False
Natali_2023_IMNH_T3_L28,2017-06-15,68.55754639999999,-149.5326574,20.0,1,20.0,,tp,Natali_2023,I-Minus High,3,28,20.0,,interpolated_transect,True,False,False
Natali_2023_IMNH_T3_L29,2017-06-15,68.5575502,-149.53263370000002,19.0,1,19.0,,tp,Natali_2023,I-Minus High,3,29,19.0,,interpolated_transect,True,False,False
Natali_2023_HCU_T1_L0,2017-09-10,65.567191,-148.925705,48.0,1,48.0,,tp,Natali_2023,Hess Creek Unburned,1,0,48.0,,source_endpoint,False,False,False
Natali_2023_HCU_T1_L1,2017-09-10,65.56720056666666,-148.9257083,45.0,1,45.0,,tp,Natali_2023,Hess Creek Unburned,1,1,45.0,,interpolated_transect,True,False,False
Natali_2023_HCU_T1_L2,2017-09-10,65.56721013333333,-148.9257116,39.0,1,39.0,,tp,Natali_2023,Hess Creek Unburned,1,2,39.0,,interpolated_transect,True,False,False
Natali_2023_HCU_T1_L3,2017-09-10,65.5672197,-148.9257149,36.0,1,36.0,,tp,Natali_2023,Hess Creek Unburned,1,3,36.0,,interpolated_transect,True,False,False
Natali_2023_HCU_T1_L4,2017-09-10,65.56722926666666,-148.9257182,36.0,1,36.0,,tp,Natali_2023,Hess Creek Unburned,1,4,36.0,,interpolated_transect,True,False,False
Natali_2023_HCU_T1_L5,2017-09-10,65.56723883333333,-148.9257215,53.0,1,53.0,,tp,Natali_2023,Hess Creek Unburned,1,5,53.0,,interpolated_transect,True,False,False
Natali_2023_HCU_T1_L6,2017-09-10,65.5672484,-148.92572479999998,54.0,1,54.0,,tp,Natali_2023,Hess Creek Unburned,1,6,54.0,,interpolated_transect,True,False,False
Natali_2023_HCU_T1_L7,2017-09-10,65.56725796666666,-148.9257281,49.0,1,49.0,,tp,Natali_2023,Hess Creek Unburned,1,7,49.0,,interpolated_transect,True,False,False
Natali_2023_HCU_T1_L8,2017-09-10,65.56726753333332,-148.9257314,50.0,1,50.0,,tp,Natali_2023,Hess Creek Unburned,1,8,50.0,,interpolated_transect,True,False,False
Natali_2023_HCU_T1_L9,2017-09-10,65.5672771,-148.9257347,43.0,1,43.0,,tp,Natali_2023,Hess Creek Unburned,1,9,43.0,,interpolated_transect,True,False,False
Natali_2023_HCU_T1_L10,2017-09-10,65.56728666666666,-148.925738,40.0,1,40.0,,tp,Natali_2023,Hess Creek Unburned,1,10,40.0,,interpolated_transect,True,False,False
Natali_2023_HCU_T1_L11,2017-09-10,65.56729623333332,-148.9257413,42.0,1,42.0,,tp,Natali_2023,Hess Creek Unburned,1,11,42.0,,interpolated_transect,True,False,False
Natali_2023_HCU_T1_L12,2017-09-10,65.5673058,-148.9257446,46.0,1,46.0,,tp,Natali_2023,Hess Creek Unburned,1,12,46.0,,interpolated_transect,True,False,False
Natali_2023_HCU_T1_L13,2017-09-10,65.56731536666666,-148.9257479,29.0,1,29.0,,tp,Natali_2023,Hess Creek Unburned,1,13,29.0,,interpolated_transect,True,False,False
Natali_2023_HCU_T1_L14,2017-09-10,65.56732493333332,-148.9257512,28.0,1,28.0,,tp,Natali_2023,Hess Creek Unburned,1,14,28.0,,interpolated_transect,True,False,False
Natali_2023_HCU_T1_L15,2017-09-10,65.56733449999999,-148.92575449999998,46.0,1,46.0,,tp,Natali_2023,Hess Creek Unburned,1,15,46.0,,interpolated_transect,True,False,False
Natali_2023_HCU_T1_L16,2017-09-10,65.56734406666666,-148.92575779999999,40.0,1,40.0,,tp,Natali_2023,Hess Creek Unburned,1,16,40.0,,interpolated_transect,True,False,False
Natali_2023_HCU_T1_L17,2017-09-10,65.56735363333333,-148.9257611,42.0,1,42.0,,tp,Natali_2023,Hess Creek Unburned,1,17,42.0,,interpolated_transect,True,False,False
Natali_2023_HCU_T1_L18,2017-09-10,65.56736319999999,-148.9257644,42.0,1,42.0,,tp,Natali_2023,Hess Creek Unburned,1,18,42.0,,interpolated_transect,True,False,False
Natali_2023_HCU_T1_L19,2017-09-10,65.56737276666667,-148.9257677,60.0,1,60.0,,tp,Natali_2023,Hess Creek Unburned,1,19,60.0,,interpolated_transect,True,False,False
Natali_2023_HCU_T1_L20,2017-09-10,65.56738233333333,-148.925771,55.0,1,55.0,,tp,Natali_2023,Hess Creek Unburned,1,20,55.0,,interpolated_transect,True,False,False
Natali_2023_HCU_T1_L21,2017-09-10,65.56739189999999,-148.9257743,40.0,1,40.0,,tp,Natali_2023,Hess Creek Unburned,1,21,40.0,,interpolated_transect,True,False,False
Natali_2023_HCU_T1_L22,2017-09-10,65.56740146666667,-148.9257776,42.0,1,42.0,,tp,Natali_2023,Hess Creek Unburned,1,22,42.0,,interpolated_transect,True,False,False
Natali_2023_HCU_T1_L23,2017-09-10,65.56741103333333,-148.9257809,43.0,1,43.0,,tp,Natali_2023,Hess Creek Unburned,1,23,43.0,,interpolated_transect,True,False,False
Natali_2023_HCU_T1_L24,2017-09-10,65.56742059999999,-148.9257842,49.0,1,49.0,,tp,Natali_2023,Hess Creek Unburned,1,24,49.0,,interpolated_transect,True,False,False
Natali_2023_HCU_T1_L25,2017-09-10,65.56743016666665,-148.9257875,35.0,1,35.0,,tp,Natali_2023,Hess Creek Unburned,1,25,35.0,,interpolated_transect,True,False,False
Natali_2023_HCU_T1_L26,2017-09-10,65.56743973333333,-148.9257908,40.0,1,40.0,,tp,Natali_2023,Hess Creek Unburned,1,26,40.0,,interpolated_transect,True,False,False
Natali_2023_HCU_T1_L27,2017-09-10,65.56744929999999,-148.9257941,46.0,1,46.0,,tp,Natali_2023,Hess Creek Unburned,1,27,46.0,,interpolated_transect,True,False,False
Natali_2023_HCU_T1_L28,2017-09-10,65.56745886666666,-148.9257974,37.0,1,37.0,,tp,Natali_2023,Hess Creek Unburned,1,28,37.0,,interpolated_transect,True,False,False
Natali_2023_HCU_T1_L29,2017-09-10,65.56746843333333,-148.9258007,40.0,1,40.0,,tp,Natali_2023,Hess Creek Unburned,1,29,40.0,,interpolated_transect,True,False,False
Natali_2023_HCU_T1_L30,2017-09-10,65.567478,-148.925804,33.0,1,33.0,,tp,Natali_2023,Hess Creek Unburned,1,30,33.0,,source_endpoint,False,False,False
Natali_2023_HCU_T2_L0,2017-09-15,65.567228,-148.925424,51.0,1,51.0,,tp,Natali_2023,Hess Creek Unburned,2,0,51.0,,source_endpoint,False,False,False
Natali_2023_HCU_T2_L1,2017-09-15,65.5672356,-148.9254296,51.0,1,51.0,,tp,Natali_2023,Hess Creek Unburned,2,1,51.0,,interpolated_transect,True,False,False
Natali_2023_HCU_T2_L2,2017-09-15,65.56724320000001,-148.92543519999998,37.0,1,37.0,,tp,Natali_2023,Hess Creek Unburned,2,2,37.0,,interpolated_transect,True,False,False
Natali_2023_HCU_T2_L3,2017-09-15,65.5672508,-148.9254408,42.0,1,42.0,,tp,Natali_2023,Hess Creek Unburned,2,3,42.0,,interpolated_transect,True,False,False
Natali_2023_HCU_T2_L4,2017-09-15,65.5672584,-148.9254464,43.0,1,43.0,,tp,Natali_2023,Hess Creek Unburned,2,4,43.0,,interpolated_transect,True,False,False
Natali_2023_HCU_T2_L5,2017-09-15,65.567266,-148.925452,43.0,1,43.0,,tp,Natali_2023,Hess Creek Unburned,2,5,43.0,,interpolated_transect,True,False,False
Natali_2023_HCU_T2_L6,2017-09-15,65.56727360000001,-148.9254576,28.0,1,28.0,,tp,Natali_2023,Hess Creek Unburned,2,6,28.0,,interpolated_transect,True,False,False
Natali_2023_HCU_T2_L7,2017-09-15,65.5672812,-148.9254632,29.0,1,29.0,,tp,Natali_2023,Hess Creek Unburned,2,7,29.0,,interpolated_transect,True,False,False
Natali_2023_HCU_T2_L8,2017-09-15,65.5672888,-148.9254688,28.0,1,28.0,,tp,Natali_2023,Hess Creek Unburned,2,8,28.0,,interpolated_transect,True,False,False
Natali_2023_HCU_T2_L9,2017-09-15,65.5672964,-148.92547439999998,54.0,1,54.0,,tp,Natali_2023,Hess Creek Unburned,2,9,54.0,,interpolated_transect,True,False,False
Natali_2023_HCU_T2_L10,2017-09-15,65.56730400000001,-148.92548,37.0,1,37.0,,tp,Natali_2023,Hess Creek Unburned,2,10,37.0,,interpolated_transect,True,False,False
Natali_2023_HCU_T2_L11,2017-09-15,65.5673116,-148.9254856,35.0,1,35.0,,tp,Natali_2023,Hess Creek Unburned,2,11,35.0,,interpolated_transect,True,False,False
Natali_2023_HCU_T2_L12,2017-09-15,65.5673192,-148.92549119999998,57.0,1,57.0,,tp,Natali_2023,Hess Creek Unburned,2,12,57.0,,interpolated_transect,True,False,False
Natali_2023_HCU_T2_L13,2017-09-15,65.5673268,-148.9254968,40.0,1,40.0,,tp,Natali_2023,Hess Creek Unburned,2,13,40.0,,interpolated_transect,True,False,False
Natali_2023_HCU_T2_L14,2017-09-15,65.56733440000001,-148.9255024,35.0,1,35.0,,tp,Natali_2023,Hess Creek Unburned,2,14,35.0,,interpolated_transect,True,False,False
Natali_2023_HCU_T2_L15,2017-09-15,65.567342,-148.92550799999998,40.0,1,40.0,,tp,Natali_2023,Hess Creek Unburned,2,15,40.0,,interpolated_transect,True,False,False
Natali_2023_HCU_T2_L16,2017-09-15,65.5673496,-148.9255136,30.0,1,30.0,,tp,Natali_2023,Hess Creek Unburned,2,16,30.0,,interpolated_transect,True,False,False
Natali_2023_HCU_T2_L17,2017-09-15,65.5673572,-148.9255192,66.0,1,66.0,,tp,Natali_2023,Hess Creek Unburned,2,17,66.0,,interpolated_transect,True,False,False
Natali_2023_HCU_T2_L18,2017-09-15,65.56736480000001,-148.9255248,61.0,1,61.0,,tp,Natali_2023,Hess Creek Unburned,2,18,61.0,,interpolated_transect,True,False,False
Natali_2023_HCU_T2_L19,2017-09-15,65.56737240000001,-148.92553039999999,46.0,1,46.0,,tp,Natali_2023,Hess Creek Unburned,2,19,46.0,,interpolated_transect,True,False,False
Natali_2023_HCU_T2_L20,2017-09-15,65.56738,-148.925536,45.0,1,45.0,,tp,Natali_2023,Hess Creek Unburned,2,20,45.0,,interpolated_transect,True,False,False
Natali_2023_HCU_T2_L21,2017-09-15,65.5673876,-148.9255416,49.0,1,49.0,,tp,Natali_2023,Hess Creek Unburned,2,21,49.0,,interpolated_transect,True,False,False
Natali_2023_HCU_T2_L22,2017-09-15,65.5673952,-148.92554719999998,38.0,1,38.0,,tp,Natali_2023,Hess Creek Unburned,2,22,38.0,,interpolated_transect,True,False,False
Natali_2023_HCU_T2_L23,2017-09-15,65.56740280000001,-148.9255528,55.0,1,55.0,,tp,Natali_2023,Hess Creek Unburned,2,23,55.0,,interpolated_transect,True,False,False
Natali_2023_HCU_T2_L24,2017-09-15,65.5674104,-148.9255584,61.0,1,61.0,,tp,Natali_2023,Hess Creek Unburned,2,24,61.0,,interpolated_transect,True,False,False
Natali_2023_HCU_T2_L25,2017-09-15,65.567418,-148.925564,61.0,1,61.0,,tp,Natali_2023,Hess Creek Unburned,2,25,61.0,,interpolated_transect,True,False,False
Natali_2023_HCU_T2_L26,2017-09-15,65.5674256,-148.9255696,52.0,1,52.0,,tp,Natali_2023,Hess Creek Unburned,2,26,52.0,,interpolated_transect,True,False,False
Natali_2023_HCU_T2_L27,2017-09-15,65.56743320000001,-148.9255752,55.0,1,55.0,,tp,Natali_2023,Hess Creek Unburned,2,27,55.0,,interpolated_transect,True,False,False
Natali_2023_HCU_T2_L28,2017-09-15,65.5674408,-148.9255808,55.0,1,55.0,,tp,Natali_2023,Hess Creek Unburned,2,28,55.0,,interpolated_transect,True,False,False
Natali_2023_HCU_T2_L29,2017-09-15,65.5674484,-148.9255864,39.0,1,39.0,,tp,Natali_2023,Hess Creek Unburned,2,29,39.0,,interpolated_transect,True,False,False
Natali_2023_HCU_T2_L30,2017-09-15,65.567456,-148.925592,39.0,1,39.0,,tp,Natali_2023,Hess Creek Unburned,2,30,39.0,,source_endpoint,False,False,False
Natali_2023_HCU_T3_L0,2017-09-15,65.567277,-148.925009,35.0,1,35.0,,tp,Natali_2023,Hess Creek Unburned,3,0,35.0,,source_endpoint,False,False,False
Natali_2023_HCU_T3_L1,2017-09-15,65.56728650000001,-148.9250108,47.0,1,47.0,,tp,Natali_2023,Hess Creek Unburned,3,1,47.0,,interpolated_transect,True,False,False
Natali_2023_HCU_T3_L2,2017-09-15,65.567296,-148.9250126,56.0,1,56.0,,tp,Natali_2023,Hess Creek Unburned,3,2,56.0,,interpolated_transect,True,False,False
Natali_2023_HCU_T3_L3,2017-09-15,65.5673055,-148.92501439999998,52.0,1,52.0,,tp,Natali_2023,Hess Creek Unburned,3,3,52.0,,interpolated_transect,True,False,False
Natali_2023_HCU_T3_L4,2017-09-15,65.56731500000001,-148.9250162,40.0,1,40.0,,tp,Natali_2023,Hess Creek Unburned,3,4,40.0,,interpolated_transect,True,False,False
Natali_2023_HCU_T3_L5,2017-09-15,65.5673245,-148.925018,52.0,1,52.0,,tp,Natali_2023,Hess Creek Unburned,3,5,52.0,,interpolated_transect,True,False,False
Natali_2023_HCU_T3_L6,2017-09-15,65.567334,-148.9250198,50.0,1,50.0,,tp,Natali_2023,Hess Creek Unburned,3,6,50.0,,interpolated_transect,True,False,False
Natali_2023_HCU_T3_L7,2017-09-15,65.5673435,-148.92502159999998,33.0,1,33.0,,tp,Natali_2023,Hess Creek Unburned,3,7,33.0,,interpolated_transect,True,False,False
Natali_2023_HCU_T3_L8,2017-09-15,65.567353,-148.9250234,56.0,1,56.0,,tp,Natali_2023,Hess Creek Unburned,3,8,56.0,,interpolated_transect,True,False,False
Natali_2023_HCU_T3_L9,2017-09-15,65.5673625,-148.9250252,42.0,1,42.0,,tp,Natali_2023,Hess Creek Unburned,3,9,42.0,,interpolated_transect,True,False,False
Natali_2023_HCU_T3_L10,2017-09-15,65.567372,-148.925027,34.0,1,34.0,,tp,Natali_2023,Hess Creek Unburned,3,10,34.0,,interpolated_transect,True,False,False
Natali_2023_HCU_T3_L11,2017-09-15,65.5673815,-148.92502879999998,51.0,1,51.0,,tp,Natali_2023,Hess Creek Unburned,3,11,51.0,,interpolated_transect,True,False,False
Natali_2023_HCU_T3_L12,2017-09-15,65.567391,-148.92503059999999,51.0,1,51.0,,tp,Natali_2023,Hess Creek Unburned,3,12,51.0,,interpolated_transect,True,False,False
Natali_2023_HCU_T3_L13,2017-09-15,65.5674005,-148.9250324,38.0,1,38.0,,tp,Natali_2023,Hess Creek Unburned,3,13,38.0,,interpolated_transect,True,False,False
Natali_2023_HCU_T3_L14,2017-09-15,65.56741,-148.9250342,50.0,1,50.0,,tp,Natali_2023,Hess Creek Unburned,3,14,50.0,,interpolated_transect,True,False,False
Natali_2023_HCU_T3_L15,2017-09-15,65.5674195,-148.92503599999998,47.0,1,47.0,,tp,Natali_2023,Hess Creek Unburned,3,15,47.0,,interpolated_transect,True,False,False
Natali_2023_HCU_T3_L16,2017-09-15,65.567429,-148.92503779999998,37.0,1,37.0,,tp,Natali_2023,Hess Creek Unburned,3,16,37.0,,interpolated_transect,True,False,False
Natali_2023_HCU_T3_L17,2017-09-15,65.5674385,-148.9250396,52.0,1,52.0,,tp,Natali_2023,Hess Creek Unburned,3,17,52.0,,interpolated_transect,True,False,False
Natali_2023_HCU_T3_L18,2017-09-15,65.567448,-148.9250414,33.0,1,33.0,,tp,Natali_2023,Hess Creek Unburned,3,18,33.0,,interpolated_transect,True,False,False
Natali_2023_HCU_T3_L19,2017-09-15,65.5674575,-148.9250432,48.0,1,48.0,,tp,Natali_2023,Hess Creek Unburned,3,19,48.0,,interpolated_transect,True,False,False
Natali_2023_HCU_T3_L20,2017-09-15,65.567467,-148.92504499999998,53.0,1,53.0,,tp,Natali_2023,Hess Creek Unburned,3,20,53.0,,interpolated_transect,True,False,False
Natali_2023_HCU_T3_L21,2017-09-15,65.5674765,-148.9250468,40.0,1,40.0,,tp,Natali_2023,Hess Creek Unburned,3,21,40.0,,interpolated_transect,True,False,False
Natali_2023_HCU_T3_L22,2017-09-15,65.567486,-148.9250486,42.0,1,42.0,,tp,Natali_2023,Hess Creek Unburned,3,22,42.0,,interpolated_transect,True,False,False
Natali_2023_HCU_T3_L23,2017-09-15,65.56749549999999,-148.9250504,56.0,1,56.0,,tp,Natali_2023,Hess Creek Unburned,3,23,56.0,,interpolated_transect,True,False,False
Natali_2023_HCU_T3_L24,2017-09-15,65.567505,-148.92505219999998,56.0,1,56.0,,tp,Natali_2023,Hess Creek Unburned,3,24,56.0,,interpolated_transect,True,False,False
Natali_2023_HCU_T3_L25,2017-09-15,65.5675145,-148.925054,57.0,1,57.0,,tp,Natali_2023,Hess Creek Unburned,3,25,57.0,,interpolated_transect,True,False,False
Natali_2023_HCU_T3_L26,2017-09-15,65.56752399999999,-148.9250558,53.0,1,53.0,,tp,Natali_2023,Hess Creek Unburned,3,26,53.0,,interpolated_transect,True,False,False
Natali_2023_HCU_T3_L27,2017-09-15,65.5675335,-148.9250576,37.0,1,37.0,,tp,Natali_2023,Hess Creek Unburned,3,27,37.0,,interpolated_transect,True,False,False
Natali_2023_HCU_T3_L28,2017-09-15,65.567543,-148.92505939999998,58.0,1,58.0,,tp,Natali_2023,Hess Creek Unburned,3,28,58.0,,interpolated_transect,True,False,False
Natali_2023_HCU_T3_L29,2017-09-15,65.56755249999999,-148.9250612,49.0,1,49.0,,tp,Natali_2023,Hess Creek Unburned,3,29,49.0,,interpolated_transect,True,False,False
Natali_2023_HCU_T3_L30,2017-09-15,65.567562,-148.925063,43.0,1,43.0,,tp,Natali_2023,Hess Creek Unburned,3,30,43.0,,source_endpoint,False,False,False
Natali_2023_HCB_T1_L0,2017-09-15,65.568741,-148.924115,60.0,1,60.0,,tp,Natali_2023,Hess Creek Burned,1,0,60.0,,source_endpoint,False,False,False
Natali_2023_HCB_T1_L1,2017-09-15,65.56874923333334,-148.9241106,71.0,1,71.0,,tp,Natali_2023,Hess Creek Burned,1,1,71.0,,interpolated_transect,True,False,False
Natali_2023_HCB_T1_L2,2017-09-15,65.56875746666667,-148.9241062,69.0,1,69.0,,tp,Natali_2023,Hess Creek Burned,1,2,69.0,,interpolated_transect,True,False,False
Natali_2023_HCB_T1_L3,2017-09-15,65.5687657,-148.9241018,55.0,1,55.0,,tp,Natali_2023,Hess Creek Burned,1,3,55.0,,interpolated_transect,True,False,False
Natali_2023_HCB_T1_L4,2017-09-15,65.56877393333333,-148.9240974,69.0,1,69.0,,tp,Natali_2023,Hess Creek Burned,1,4,69.0,,interpolated_transect,True,False,False
Natali_2023_HCB_T1_L5,2017-09-15,65.56878216666667,-148.924093,84.0,1,84.0,,tp,Natali_2023,Hess Creek Burned,1,5,84.0,,interpolated_transect,True,False,False
Natali_2023_HCB_T1_L6,2017-09-15,65.5687904,-148.9240886,78.0,1,78.0,,tp,Natali_2023,Hess Creek Burned,1,6,78.0,,interpolated_transect,True,False,False
Natali_2023_HCB_T1_L7,2017-09-15,65.56879863333333,-148.9240842,80.0,1,80.0,,tp,Natali_2023,Hess Creek Burned,1,7,80.0,,interpolated_transect,True,False,False
Natali_2023_HCB_T1_L8,2017-09-15,65.56880686666668,-148.9240798,83.0,1,83.0,,tp,Natali_2023,Hess Creek Burned,1,8,83.0,,interpolated_transect,True,False,False
Natali_2023_HCB_T1_L9,2017-09-15,65.56881510000001,-148.9240754,73.0,1,73.0,,tp,Natali_2023,Hess Creek Burned,1,9,73.0,,interpolated_transect,True,False,False
Natali_2023_HCB_T1_L10,2017-09-15,65.56882333333334,-148.924071,82.0,1,82.0,,tp,Natali_2023,Hess Creek Burned,1,10,82.0,,interpolated_transect,True,False,False
Natali_2023_HCB_T1_L11,2017-09-15,65.56883156666667,-148.9240666,89.0,1,89.0,,tp,Natali_2023,Hess Creek Burned,1,11,89.0,,interpolated_transect,True,False,False
Natali_2023_HCB_T1_L12,2017-09-15,65.5688398,-148.9240622,94.0,1,94.0,,tp,Natali_2023,Hess Creek Burned,1,12,94.0,,interpolated_transect,True,False,False
Natali_2023_HCB_T1_L13,2017-09-15,65.56884803333334,-148.92405779999999,89.0,1,89.0,,tp,Natali_2023,Hess Creek Burned,1,13,89.0,,interpolated_transect,True,False,False
Natali_2023_HCB_T1_L14,2017-09-15,65.56885626666667,-148.9240534,74.0,1,74.0,,tp,Natali_2023,Hess Creek Burned,1,14,74.0,,interpolated_transect,True,False,False
Natali_2023_HCB_T1_L15,2017-09-15,65.5688645,-148.924049,72.0,1,72.0,,tp,Natali_2023,Hess Creek Burned,1,15,72.0,,interpolated_transect,True,False,False
Natali_2023_HCB_T1_L16,2017-09-15,65.56887273333334,-148.9240446,87.0,1,87.0,,tp,Natali_2023,Hess Creek Burned,1,16,87.0,,interpolated_transect,True,False,False
Natali_2023_HCB_T1_L17,2017-09-15,65.56888096666667,-148.9240402,74.0,1,74.0,,tp,Natali_2023,Hess Creek Burned,1,17,74.0,,interpolated_transect,True,False,False
Natali_2023_HCB_T1_L18,2017-09-15,65.5688892,-148.92403579999998,66.0,1,66.0,,tp,Natali_2023,Hess Creek Burned,1,18,66.0,,interpolated_transect,True,False,False
Natali_2023_HCB_T1_L19,2017-09-15,65.56889743333333,-148.9240314,80.0,1,80.0,,tp,Natali_2023,Hess Creek Burned,1,19,80.0,,interpolated_transect,True,False,False
Natali_2023_HCB_T1_L20,2017-09-15,65.56890566666667,-148.924027,99.0,1,99.0,,tp,Natali_2023,Hess Creek Burned,1,20,99.0,,interpolated_transect,True,False,False
Natali_2023_HCB_T1_L21,2017-09-15,65.5689139,-148.9240226,100.0,1,100.0,,tp,Natali_2023,Hess Creek Burned,1,21,100.0,,interpolated_transect,True,False,False
Natali_2023_HCB_T1_L22,2017-09-15,65.56892213333333,-148.9240182,109.0,1,109.0,,tp,Natali_2023,Hess Creek Burned,1,22,109.0,,interpolated_transect,True,False,False
Natali_2023_HCB_T1_L23,2017-09-15,65.56893036666668,-148.92401379999998,113.0,1,113.0,,tp,Natali_2023,Hess Creek Burned,1,23,113.0,,interpolated_transect,True,False,False
Natali_2023_HCB_T1_L24,2017-09-15,65.56893860000001,-148.9240094,,0,,115.0,tp,Natali_2023,Hess Creek Burned,1,24,115.0,Depth (115+) exceeded length of probe. Value is a minimum thaw depth,interpolated_transect,True,False,False
Natali_2023_HCB_T1_L25,2017-09-15,65.56894683333334,-148.924005,90.0,1,90.0,,tp,Natali_2023,Hess Creek Burned,1,25,90.0,,interpolated_transect,True,False,False
Natali_2023_HCB_T1_L26,2017-09-15,65.56895506666667,-148.9240006,71.0,1,71.0,,tp,Natali_2023,Hess Creek Burned,1,26,71.0,,interpolated_transect,True,False,False
Natali_2023_HCB_T1_L27,2017-09-15,65.56896330000001,-148.9239962,73.0,1,73.0,,tp,Natali_2023,Hess Creek Burned,1,27,73.0,,interpolated_transect,True,False,False
Natali_2023_HCB_T1_L28,2017-09-15,65.56897153333334,-148.92399179999998,88.0,1,88.0,,tp,Natali_2023,Hess Creek Burned,1,28,88.0,,interpolated_transect,True,False,False
Natali_2023_HCB_T1_L29,2017-09-15,65.56897976666667,-148.9239874,75.0,1,75.0,,tp,Natali_2023,Hess Creek Burned,1,29,75.0,,interpolated_transect,True,False,False
Natali_2023_HCB_T1_L30,2017-09-15,65.568988,-148.923983,59.0,1,59.0,,tp,Natali_2023,Hess Creek Burned,1,30,59.0,,source_endpoint,False,False,False
Natali_2023_HCB_T2_L0,2017-09-15,65.568618,-148.923751,97.0,1,97.0,,tp,Natali_2023,Hess Creek Burned,2,0,97.0,,source_endpoint,False,False,False
Natali_2023_HCB_T2_L1,2017-09-15,65.5686274,-148.92375220000002,104.0,1,104.0,,tp,Natali_2023,Hess Creek Burned,2,1,104.0,,interpolated_transect,True,False,False
Natali_2023_HCB_T2_L2,2017-09-15,65.56863680000001,-148.9237534,83.0,1,83.0,,tp,Natali_2023,Hess Creek Burned,2,2,83.0,,interpolated_transect,True,False,False
Natali_2023_HCB_T2_L3,2017-09-15,65.5686462,-148.9237546,84.0,1,84.0,,tp,Natali_2023,Hess Creek Burned,2,3,84.0,,interpolated_transect,True,False,False
Natali_2023_HCB_T2_L4,2017-09-15,65.5686556,-148.9237558,95.0,1,95.0,,tp,Natali_2023,Hess Creek Burned,2,4,95.0,,interpolated_transect,True,False,False
Natali_2023_HCB_T2_L5,2017-09-15,65.568665,-148.92375700000002,89.0,1,89.0,,tp,Natali_2023,Hess Creek Burned,2,5,89.0,,interpolated_transect,True,False,False
Natali_2023_HCB_T2_L6,2017-09-15,65.5686744,-148.9237582,71.0,1,71.0,,tp,Natali_2023,Hess Creek Burned,2,6,71.0,,interpolated_transect,True,False,False
Natali_2023_HCB_T2_L7,2017-09-15,65.5686838,-148.9237594,100.0,1,100.0,,tp,Natali_2023,Hess Creek Burned,2,7,100.0,,interpolated_transect,True,False,False
Natali_2023_HCB_T2_L8,2017-09-15,65.5686932,-148.9237606,109.0,1,109.0,,tp,Natali_2023,Hess Creek Burned,2,8,109.0,,interpolated_transect,True,False,False
Natali_2023_HCB_T2_L9,2017-09-15,65.5687026,-148.92376180000002,88.0,1,88.0,,tp,Natali_2023,Hess Creek Burned,2,9,88.0,,interpolated_transect,True,False,False
Natali_2023_HCB_T2_L10,2017-09-15,65.568712,-148.923763,74.0,1,74.0,,tp,Natali_2023,Hess Creek Burned,2,10,74.0,,interpolated_transect,True,False,False
Natali_2023_HCB_T2_L11,2017-09-15,65.5687214,-148.9237642,77.0,1,77.0,,tp,Natali_2023,Hess Creek Burned,2,11,77.0,,interpolated_transect,True,False,False
Natali_2023_HCB_T2_L12,2017-09-15,65.5687308,-148.9237654,93.0,1,93.0,,tp,Natali_2023,Hess Creek Burned,2,12,93.0,,interpolated_transect,True,False,False
Natali_2023_HCB_T2_L13,2017-09-15,65.5687402,-148.92376660000002,101.0,1,101.0,,tp,Natali_2023,Hess Creek Burned,2,13,101.0,,interpolated_transect,True,False,False
Natali_2023_HCB_T2_L14,2017-09-15,65.5687496,-148.9237678,100.0,1,100.0,,tp,Natali_2023,Hess Creek Burned,2,14,100.0,,interpolated_transect,True,False,False
Natali_2023_HCB_T2_L15,2017-09-15,65.568759,-148.923769,107.0,1,107.0,,tp,Natali_2023,Hess Creek Burned,2,15,107.0,,interpolated_transect,True,False,False
Natali_2023_HCB_T2_L16,2017-09-15,65.5687684,-148.9237702,97.0,1,97.0,,tp,Natali_2023,Hess Creek Burned,2,16,97.0,,interpolated_transect,True,False,False
Natali_2023_HCB_T2_L17,2017-09-15,65.5687778,-148.92377140000002,71.0,1,71.0,,tp,Natali_2023,Hess Creek Burned,2,17,71.0,,interpolated_transect,True,False,False
Natali_2023_HCB_T2_L18,2017-09-15,65.5687872,-148.9237726,71.0,1,71.0,,tp,Natali_2023,Hess Creek Burned,2,18,71.0,,interpolated_transect,True,False,False
Natali_2023_HCB_T2_L19,2017-09-15,65.5687966,-148.9237738,76.0,1,76.0,,tp,Natali_2023,Hess Creek Burned,2,19,76.0,,interpolated_transect,True,False,False
Natali_2023_HCB_T2_L20,2017-09-15,65.568806,-148.923775,84.0,1,84.0,,tp,Natali_2023,Hess Creek Burned,2,20,84.0,,interpolated_transect,True,False,False
Natali_2023_HCB_T2_L21,2017-09-15,65.5688154,-148.92377620000002,72.0,1,72.0,,tp,Natali_2023,Hess Creek Burned,2,21,72.0,,interpolated_transect,True,False,False
Natali_2023_HCB_T2_L22,2017-09-15,65.5688248,-148.9237774,95.0,1,95.0,,tp,Natali_2023,Hess Creek Burned,2,22,95.0,,interpolated_transect,True,False,False
Natali_2023_HCB_T2_L23,2017-09-15,65.5688342,-148.9237786,88.0,1,88.0,,tp,Natali_2023,Hess Creek Burned,2,23,88.0,,interpolated_transect,True,False,False
Natali_2023_HCB_T2_L24,2017-09-15,65.5688436,-148.9237798,88.0,1,88.0,,tp,Natali_2023,Hess Creek Burned,2,24,88.0,,interpolated_transect,True,False,False
Natali_2023_HCB_T2_L25,2017-09-15,65.568853,-148.92378100000002,89.0,1,89.0,,tp,Natali_2023,Hess Creek Burned,2,25,89.0,,interpolated_transect,True,False,False
Natali_2023_HCB_T2_L26,2017-09-15,65.5688624,-148.9237822,81.0,1,81.0,,tp,Natali_2023,Hess Creek Burned,2,26,81.0,,interpolated_transect,True,False,False
Natali_2023_HCB_T2_L27,2017-09-15,65.5688718,-148.9237834,79.0,1,79.0,,tp,Natali_2023,Hess Creek Burned,2,27,79.0,,interpolated_transect,True,False,False
Natali_2023_HCB_T2_L28,2017-09-15,65.56888119999999,-148.9237846,59.0,1,59.0,,tp,Natali_2023,Hess Creek Burned,2,28,59.0,,interpolated_transect,True,False,False
Natali_2023_HCB_T2_L29,2017-09-15,65.5688906,-148.92378580000002,66.0,1,66.0,,tp,Natali_2023,Hess Creek Burned,2,29,66.0,,interpolated_transect,True,False,False
Natali_2023_HCB_T2_L30,2017-09-15,65.5689,-148.923787,75.0,1,75.0,,tp,Natali_2023,Hess Creek Burned,2,30,75.0,,source_endpoint,False,False,False
Natali_2023_HCB_T3_L0,2017-09-15,65.568631,-148.923241,99.0,1,99.0,,tp,Natali_2023,Hess Creek Burned,3,0,99.0,,source_endpoint,False,False,False
Natali_2023_HCB_T3_L1,2017-09-15,65.56864019999999,-148.92323886666665,98.0,1,98.0,,tp,Natali_2023,Hess Creek Burned,3,1,98.0,,interpolated_transect,True,False,False
Natali_2023_HCB_T3_L2,2017-09-15,65.5686494,-148.9232367333333,93.0,1,93.0,,tp,Natali_2023,Hess Creek Burned,3,2,93.0,,interpolated_transect,True,False,False
Natali_2023_HCB_T3_L3,2017-09-15,65.56865859999999,-148.9232346,70.0,1,70.0,,tp,Natali_2023,Hess Creek Burned,3,3,70.0,,interpolated_transect,True,False,False
Natali_2023_HCB_T3_L4,2017-09-15,65.5686678,-148.92323246666666,71.0,1,71.0,,tp,Natali_2023,Hess Creek Burned,3,4,71.0,,interpolated_transect,True,False,False
Natali_2023_HCB_T3_L5,2017-09-15,65.568677,-148.92323033333332,75.0,1,75.0,,tp,Natali_2023,Hess Creek Burned,3,5,75.0,,interpolated_transect,True,False,False
Natali_2023_HCB_T3_L6,2017-09-15,65.5686862,-148.92322819999998,86.0,1,86.0,,tp,Natali_2023,Hess Creek Burned,3,6,86.0,,interpolated_transect,True,False,False
Natali_2023_HCB_T3_L7,2017-09-15,65.5686954,-148.92322606666667,87.0,1,87.0,,tp,Natali_2023,Hess Creek Burned,3,7,87.0,,interpolated_transect,True,False,False
Natali_2023_HCB_T3_L8,2017-09-15,65.56870459999999,-148.92322393333333,90.0,1,90.0,,tp,Natali_2023,Hess Creek Burned,3,8,90.0,,interpolated_transect,True,False,False
Natali_2023_HCB_T3_L9,2017-09-15,65.5687138,-148.9232218,83.0,1,83.0,,tp,Natali_2023,Hess Creek Burned,3,9,83.0,,interpolated_transect,True,False,False
Natali_2023_HCB_T3_L10,2017-09-15,65.56872299999999,-148.92321966666665,86.0,1,86.0,,tp,Natali_2023,Hess Creek Burned,3,10,86.0,,interpolated_transect,True,False,False
Natali_2023_HCB_T3_L11,2017-09-15,65.5687322,-148.92321753333334,107.0,1,107.0,,tp,Natali_2023,Hess Creek Burned,3,11,107.0,,interpolated_transect,True,False,False
Natali_2023_HCB_T3_L12,2017-09-15,65.5687414,-148.9232154,103.0,1,103.0,,tp,Natali_2023,Hess Creek Burned,3,12,103.0,,interpolated_transect,True,False,False
Natali_2023_HCB_T3_L13,2017-09-15,65.5687506,-148.92321326666666,84.0,1,84.0,,tp,Natali_2023,Hess Creek Burned,3,13,84.0,,interpolated_transect,True,False,False
Natali_2023_HCB_T3_L14,2017-09-15,65.5687598,-148.92321113333333,71.0,1,71.0,,tp,Natali_2023,Hess Creek Burned,3,14,71.0,,interpolated_transect,True,False,False
Natali_2023_HCB_T3_L15,2017-09-15,65.568769,-148.92320899999999,71.0,1,71.0,,tp,Natali_2023,Hess Creek Burned,3,15,71.0,,interpolated_transect,True,False,False
Natali_2023_HCB_T3_L16,2017-09-15,65.5687782,-148.92320686666667,84.0,1,84.0,,tp,Natali_2023,Hess Creek Burned,3,16,84.0,,interpolated_transect,True,False,False
Natali_2023_HCB_T3_L17,2017-09-15,65.56878739999999,-148.92320473333334,101.0,1,101.0,,tp,Natali_2023,Hess Creek Burned,3,17,101.0,,interpolated_transect,True,False,False
Natali_2023_HCB_T3_L18,2017-09-15,65.5687966,-148.9232026,102.0,1,102.0,,tp,Natali_2023,Hess Creek Burned,3,18,102.0,,interpolated_transect,True,False,False
Natali_2023_HCB_T3_L19,2017-09-15,65.56880579999999,-148.92320046666666,91.0,1,91.0,,tp,Natali_2023,Hess Creek Burned,3,19,91.0,,interpolated_transect,True,False,False
Natali_2023_HCB_T3_L20,2017-09-15,65.568815,-148.92319833333335,92.0,1,92.0,,tp,Natali_2023,Hess Creek Burned,3,20,92.0,,interpolated_transect,True,False,False
Natali_2023_HCB_T3_L21,2017-09-15,65.5688242,-148.9231962,100.0,1,100.0,,tp,Natali_2023,Hess Creek Burned,3,21,100.0,,interpolated_transect,True,False,False
Natali_2023_HCB_T3_L22,2017-09-15,65.5688334,-148.92319406666667,114.0,1,114.0,,tp,Natali_2023,Hess Creek Burned,3,22,114.0,,interpolated_transect,True,False,False
Natali_2023_HCB_T3_L23,2017-09-15,65.5688426,-148.92319193333333,102.0,1,102.0,,tp,Natali_2023,Hess Creek Burned,3,23,102.0,,interpolated_transect,True,False,False
Natali_2023_HCB_T3_L24,2017-09-15,65.56885179999999,-148.92318980000002,85.0,1,85.0,,tp,Natali_2023,Hess Creek Burned,3,24,85.0,,interpolated_transect,True,False,False
Natali_2023_HCB_T3_L25,2017-09-15,65.568861,-148.92318766666668,90.0,1,90.0,,tp,Natali_2023,Hess Creek Burned,3,25,90.0,,interpolated_transect,True,False,False
Natali_2023_HCB_T3_L26,2017-09-15,65.56887019999999,-148.92318553333334,114.0,1,114.0,,tp,Natali_2023,Hess Creek Burned,3,26,114.0,,interpolated_transect,True,False,False
Natali_2023_HCB_T3_L27,2017-09-15,65.5688794,-148.9231834,,0,,115.0,tp,Natali_2023,Hess Creek Burned,3,27,115.0,Depth (115+) exceeded length of probe. Value is a minimum thaw depth,interpolated_transect,True,False,False
Natali_2023_HCB_T3_L28,2017-09-15,65.5688886,-148.9231812666667,,0,,115.0,tp,Natali_2023,Hess Creek Burned,3,28,115.0,Depth (115+) exceeded length of probe. Value is a minimum thaw depth,interpolated_transect,True,False,False
Natali_2023_HCB_T3_L29,2017-09-15,65.5688978,-148.92317913333335,92.0,1,92.0,,tp,Natali_2023,Hess Creek Burned,3,29,92.0,,interpolated_transect,True,False,False
Natali_2023_HCB_T3_L30,2017-09-15,65.568907,-148.923177,70.0,1,70.0,,tp,Natali_2023,Hess Creek Burned,3,30,70.0,,source_endpoint,False,False,False
Natali_2023_NCU_OLD_T1_L0,2017-09-18,65.340136,-146.9202,38.0,1,38.0,,tp,Natali_2023,Nome Creek Unburned - Old,1,0,38.0,,source_endpoint,False,False,False
Natali_2023_NCU_OLD_T1_L1,2017-09-18,65.34014453333333,-146.92020536666666,43.0,1,43.0,,tp,Natali_2023,Nome Creek Unburned - Old,1,1,43.0,,interpolated_transect,True,False,False
Natali_2023_NCU_OLD_T1_L2,2017-09-18,65.34015306666667,-146.92021073333333,42.0,1,42.0,,tp,Natali_2023,Nome Creek Unburned - Old,1,2,42.0,,interpolated_transect,True,False,False
Natali_2023_NCU_OLD_T1_L3,2017-09-18,65.3401616,-146.9202161,40.0,1,40.0,,tp,Natali_2023,Nome Creek Unburned - Old,1,3,40.0,,interpolated_transect,True,False,False
Natali_2023_NCU_OLD_T1_L4,2017-09-18,65.34017013333333,-146.92022146666667,40.0,1,40.0,,tp,Natali_2023,Nome Creek Unburned - Old,1,4,40.0,,interpolated_transect,True,False,False
Natali_2023_NCU_OLD_T1_L5,2017-09-18,65.34017866666667,-146.92022683333334,42.0,1,42.0,,tp,Natali_2023,Nome Creek Unburned - Old,1,5,42.0,,interpolated_transect,True,False,False
Natali_2023_NCU_OLD_T1_L6,2017-09-18,65.3401872,-146.9202322,43.0,1,43.0,,tp,Natali_2023,Nome Creek Unburned - Old,1,6,43.0,,interpolated_transect,True,False,False
Natali_2023_NCU_OLD_T1_L7,2017-09-18,65.34019573333333,-146.92023756666666,54.0,1,54.0,,tp,Natali_2023,Nome Creek Unburned - Old,1,7,54.0,,interpolated_transect,True,False,False
Natali_2023_NCU_OLD_T1_L8,2017-09-18,65.34020426666666,-146.92024293333333,47.0,1,47.0,,tp,Natali_2023,Nome Creek Unburned - Old,1,8,47.0,,interpolated_transect,True,False,False
Natali_2023_NCU_OLD_T1_L9,2017-09-18,65.3402128,-146.9202483,47.0,1,47.0,,tp,Natali_2023,Nome Creek Unburned - Old,1,9,47.0,,interpolated_transect,True,False,False
Natali_2023_NCU_OLD_T1_L10,2017-09-18,65.34022133333333,-146.92025366666667,41.0,1,41.0,,tp,Natali_2023,Nome Creek Unburned - Old,1,10,41.0,,interpolated_transect,True,False,False
Natali_2023_NCU_OLD_T1_L11,2017-09-18,65.34022986666666,-146.92025903333334,55.0,1,55.0,,tp,Natali_2023,Nome Creek Unburned - Old,1,11,55.0,,interpolated_transect,True,False,False
Natali_2023_NCU_OLD_T1_L12,2017-09-18,65.3402384,-146.9202644,52.0,1,52.0,,tp,Natali_2023,Nome Creek Unburned - Old,1,12,52.0,,interpolated_transect,True,False,False
Natali_2023_NCU_OLD_T1_L13,2017-09-18,65.34024693333333,-146.92026976666668,52.0,1,52.0,,tp,Natali_2023,Nome Creek Unburned - Old,1,13,52.0,,interpolated_transect,True,False,False
Natali_2023_NCU_OLD_T1_L14,2017-09-18,65.34025546666666,-146.92027513333335,43.0,1,43.0,,tp,Natali_2023,Nome Creek Unburned - Old,1,14,43.0,,interpolated_transect,True,False,False
Natali_2023_NCU_OLD_T1_L15,2017-09-18,65.34026399999999,-146.9202805,51.0,1,51.0,,tp,Natali_2023,Nome Creek Unburned - Old,1,15,51.0,,interpolated_transect,True,False,False
Natali_2023_NCU_OLD_T1_L16,2017-09-18,65.34027253333333,-146.92028586666666,40.0,1,40.0,,tp,Natali_2023,Nome Creek Unburned - Old,1,16,40.0,,interpolated_transect,True,False,False
Natali_2023_NCU_OLD_T1_L17,2017-09-18,65.34028106666666,-146.92029123333333,52.0,1,52.0,,tp,Natali_2023,Nome Creek Unburned - Old,1,17,52.0,,interpolated_transect,True,False,False
Natali_2023_NCU_OLD_T1_L18,2017-09-18,65.34028959999999,-146.9202966,50.0,1,50.0,,tp,Natali_2023,Nome Creek Unburned - Old,1,18,50.0,,interpolated_transect,True,False,False
Natali_2023_NCU_OLD_T1_L19,2017-09-18,65.34029813333333,-146.92030196666667,49.0,1,49.0,,tp,Natali_2023,Nome Creek Unburned - Old,1,19,49.0,,interpolated_transect,True,False,False
Natali_2023_NCU_OLD_T1_L20,2017-09-18,65.34030666666666,-146.92030733333334,42.0,1,42.0,,tp,Natali_2023,Nome Creek Unburned - Old,1,20,42.0,,interpolated_transect,True,False,False
Natali_2023_NCU_OLD_T1_L21,2017-09-18,65.34031519999999,-146.9203127,50.0,1,50.0,,tp,Natali_2023,Nome Creek Unburned - Old,1,21,50.0,,interpolated_transect,True,False,False
Natali_2023_NCU_OLD_T1_L22,2017-09-18,65.34032373333334,-146.92031806666668,41.0,1,41.0,,tp,Natali_2023,Nome Creek Unburned - Old,1,22,41.0,,interpolated_transect,True,False,False
Natali_2023_NCU_OLD_T1_L23,2017-09-18,65.34033226666666,-146.92032343333335,46.0,1,46.0,,tp,Natali_2023,Nome Creek Unburned - Old,1,23,46.0,,interpolated_transect,True,False,False
Natali_2023_NCU_OLD_T1_L24,2017-09-18,65.34034079999999,-146.92032880000002,45.0,1,45.0,,tp,Natali_2023,Nome Creek Unburned - Old,1,24,45.0,,interpolated_transect,True,False,False
Natali_2023_NCU_OLD_T1_L25,2017-09-18,65.34034933333332,-146.9203341666667,25.0,1,25.0,,tp,Natali_2023,Nome Creek Unburned - Old,1,25,25.0,,interpolated_transect,True,False,False
Natali_2023_NCU_OLD_T1_L26,2017-09-18,65.34035786666666,-146.92033953333333,47.0,1,47.0,,tp,Natali_2023,Nome Creek Unburned - Old,1,26,47.0,,interpolated_transect,True,False,False
Natali_2023_NCU_OLD_T1_L27,2017-09-18,65.3403664,-146.9203449,49.0,1,49.0,,tp,Natali_2023,Nome Creek Unburned - Old,1,27,49.0,,interpolated_transect,True,False,False
Natali_2023_NCU_OLD_T1_L28,2017-09-18,65.34037493333332,-146.92035026666667,49.0,1,49.0,,tp,Natali_2023,Nome Creek Unburned - Old,1,28,49.0,,interpolated_transect,True,False,False
Natali_2023_NCU_OLD_T1_L29,2017-09-18,65.34038346666667,-146.92035563333334,39.0,1,39.0,,tp,Natali_2023,Nome Creek Unburned - Old,1,29,39.0,,interpolated_transect,True,False,False
Natali_2023_NCU_OLD_T1_L30,2017-09-18,65.340392,-146.920361,41.0,1,41.0,,tp,Natali_2023,Nome Creek Unburned - Old,1,30,41.0,,source_endpoint,False,False,False
Natali_2023_NCU_OLD_T2_L0,2017-09-18,65.34021,-146.91988,46.0,1,46.0,,tp,Natali_2023,Nome Creek Unburned - Old,2,0,46.0,,source_endpoint,False,False,False
Natali_2023_NCU_OLD_T2_L1,2017-09-18,65.34021963333333,-146.9198878,43.0,1,43.0,,tp,Natali_2023,Nome Creek Unburned - Old,2,1,43.0,,interpolated_transect,True,False,False
Natali_2023_NCU_OLD_T2_L2,2017-09-18,65.34022926666667,-146.91989560000002,61.0,1,61.0,,tp,Natali_2023,Nome Creek Unburned - Old,2,2,61.0,,interpolated_transect,True,False,False
Natali_2023_NCU_OLD_T2_L3,2017-09-18,65.3402389,-146.9199034,44.0,1,44.0,,tp,Natali_2023,Nome Creek Unburned - Old,2,3,44.0,,interpolated_transect,True,False,False
Natali_2023_NCU_OLD_T2_L4,2017-09-18,65.34024853333334,-146.9199112,37.0,1,37.0,,tp,Natali_2023,Nome Creek Unburned - Old,2,4,37.0,,interpolated_transect,True,False,False
Natali_2023_NCU_OLD_T2_L5,2017-09-18,65.34025816666667,-146.919919,36.0,1,36.0,,tp,Natali_2023,Nome Creek Unburned - Old,2,5,36.0,,interpolated_transect,True,False,False
Natali_2023_NCU_OLD_T2_L6,2017-09-18,65.34026779999999,-146.9199268,39.0,1,39.0,,tp,Natali_2023,Nome Creek Unburned - Old,2,6,39.0,,interpolated_transect,True,False,False
Natali_2023_NCU_OLD_T2_L7,2017-09-18,65.34027743333333,-146.9199346,42.0,1,42.0,,tp,Natali_2023,Nome Creek Unburned - Old,2,7,42.0,,interpolated_transect,True,False,False
Natali_2023_NCU_OLD_T2_L8,2017-09-18,65.34028706666666,-146.9199424,52.0,1,52.0,,tp,Natali_2023,Nome Creek Unburned - Old,2,8,52.0,,interpolated_transect,True,False,False
Natali_2023_NCU_OLD_T2_L9,2017-09-18,65.3402967,-146.91995020000002,45.0,1,45.0,,tp,Natali_2023,Nome Creek Unburned - Old,2,9,45.0,,interpolated_transect,True,False,False
Natali_2023_NCU_OLD_T2_L10,2017-09-18,65.34030633333333,-146.919958,45.0,1,45.0,,tp,Natali_2023,Nome Creek Unburned - Old,2,10,45.0,,interpolated_transect,True,False,False
Natali_2023_NCU_OLD_T2_L11,2017-09-18,65.34031596666667,-146.9199658,43.0,1,43.0,,tp,Natali_2023,Nome Creek Unburned - Old,2,11,43.0,,interpolated_transect,True,False,False
Natali_2023_NCU_OLD_T2_L12,2017-09-18,65.3403256,-146.91997360000002,42.0,1,42.0,,tp,Natali_2023,Nome Creek Unburned - Old,2,12,42.0,,interpolated_transect,True,False,False
Natali_2023_NCU_OLD_T2_L13,2017-09-18,65.34033523333333,-146.9199814,36.0,1,36.0,,tp,Natali_2023,Nome Creek Unburned - Old,2,13,36.0,,interpolated_transect,True,False,False
Natali_2023_NCU_OLD_T2_L14,2017-09-18,65.34034486666667,-146.9199892,44.0,1,44.0,,tp,Natali_2023,Nome Creek Unburned - Old,2,14,44.0,,interpolated_transect,True,False,False
Natali_2023_NCU_OLD_T2_L15,2017-09-18,65.34035449999999,-146.91999700000002,51.0,1,51.0,,tp,Natali_2023,Nome Creek Unburned - Old,2,15,51.0,,interpolated_transect,True,False,False
Natali_2023_NCU_OLD_T2_L16,2017-09-18,65.34036413333332,-146.92000480000002,54.0,1,54.0,,tp,Natali_2023,Nome Creek Unburned - Old,2,16,54.0,,interpolated_transect,True,False,False
Natali_2023_NCU_OLD_T2_L17,2017-09-18,65.34037376666666,-146.9200126,45.0,1,45.0,,tp,Natali_2023,Nome Creek Unburned - Old,2,17,45.0,,interpolated_transect,True,False,False
Natali_2023_NCU_OLD_T2_L18,2017-09-18,65.3403834,-146.9200204,49.0,1,49.0,,tp,Natali_2023,Nome Creek Unburned - Old,2,18,49.0,,interpolated_transect,True,False,False
Natali_2023_NCU_OLD_T2_L19,2017-09-18,65.34039303333333,-146.92002820000002,48.0,1,48.0,,tp,Natali_2023,Nome Creek Unburned - Old,2,19,48.0,,interpolated_transect,True,False,False
Natali_2023_NCU_OLD_T2_L20,2017-09-18,65.34040266666666,-146.920036,43.0,1,43.0,,tp,Natali_2023,Nome Creek Unburned - Old,2,20,43.0,,interpolated_transect,True,False,False
Natali_2023_NCU_OLD_T2_L21,2017-09-18,65.3404123,-146.9200438,45.0,1,45.0,,tp,Natali_2023,Nome Creek Unburned - Old,2,21,45.0,,interpolated_transect,True,False,False
Natali_2023_NCU_OLD_T2_L22,2017-09-18,65.34042193333333,-146.92005160000002,50.0,1,50.0,,tp,Natali_2023,Nome Creek Unburned - Old,2,22,50.0,,interpolated_transect,True,False,False
Natali_2023_NCU_OLD_T2_L23,2017-09-18,65.34043156666667,-146.9200594,46.0,1,46.0,,tp,Natali_2023,Nome Creek Unburned - Old,2,23,46.0,,interpolated_transect,True,False,False
Natali_2023_NCU_OLD_T2_L24,2017-09-18,65.3404412,-146.9200672,46.0,1,46.0,,tp,Natali_2023,Nome Creek Unburned - Old,2,24,46.0,,interpolated_transect,True,False,False
Natali_2023_NCU_OLD_T2_L25,2017-09-18,65.34045083333334,-146.920075,49.0,1,49.0,,tp,Natali_2023,Nome Creek Unburned - Old,2,25,49.0,,interpolated_transect,True,False,False
Natali_2023_NCU_OLD_T2_L26,2017-09-18,65.34046046666666,-146.92008280000002,48.0,1,48.0,,tp,Natali_2023,Nome Creek Unburned - Old,2,26,48.0,,interpolated_transect,True,False,False
Natali_2023_NCU_OLD_T2_L27,2017-09-18,65.34047009999999,-146.9200906,48.0,1,48.0,,tp,Natali_2023,Nome Creek Unburned - Old,2,27,48.0,,interpolated_transect,True,False,False
Natali_2023_NCU_OLD_T2_L28,2017-09-18,65.34047973333332,-146.9200984,40.0,1,40.0,,tp,Natali_2023,Nome Creek Unburned - Old,2,28,40.0,,interpolated_transect,True,False,False
Natali_2023_NCU_OLD_T2_L29,2017-09-18,65.34048936666666,-146.92010620000002,47.0,1,47.0,,tp,Natali_2023,Nome Creek Unburned - Old,2,29,47.0,,interpolated_transect,True,False,False
Natali_2023_NCU_OLD_T2_L30,2017-09-18,65.340499,-146.920114,44.0,1,44.0,,tp,Natali_2023,Nome Creek Unburned - Old,2,30,44.0,,source_endpoint,False,False,False
Natali_2023_NCU_OLD_T3_L0,2017-09-18,65.340303,-146.919401,43.0,1,43.0,,tp,Natali_2023,Nome Creek Unburned - Old,3,0,43.0,,source_endpoint,False,False,False
Natali_2023_NCU_OLD_T3_L1,2017-09-18,65.34031113333334,-146.91940929999998,43.0,1,43.0,,tp,Natali_2023,Nome Creek Unburned - Old,3,1,43.0,,interpolated_transect,True,False,False
Natali_2023_NCU_OLD_T3_L2,2017-09-18,65.34031926666667,-146.9194176,41.0,1,41.0,,tp,Natali_2023,Nome Creek Unburned - Old,3,2,41.0,,interpolated_transect,True,False,False
Natali_2023_NCU_OLD_T3_L3,2017-09-18,65.3403274,-146.9194259,46.0,1,46.0,,tp,Natali_2023,Nome Creek Unburned - Old,3,3,46.0,,interpolated_transect,True,False,False
Natali_2023_NCU_OLD_T3_L4,2017-09-18,65.34033553333335,-146.91943419999998,38.0,1,38.0,,tp,Natali_2023,Nome Creek Unburned - Old,3,4,38.0,,interpolated_transect,True,False,False
Natali_2023_NCU_OLD_T3_L5,2017-09-18,65.34034366666667,-146.9194425,58.0,1,58.0,,tp,Natali_2023,Nome Creek Unburned - Old,3,5,58.0,,interpolated_transect,True,False,False
Natali_2023_NCU_OLD_T3_L6,2017-09-18,65.34035180000001,-146.9194508,40.0,1,40.0,,tp,Natali_2023,Nome Creek Unburned - Old,3,6,40.0,,interpolated_transect,True,False,False
Natali_2023_NCU_OLD_T3_L7,2017-09-18,65.34035993333333,-146.91945909999998,41.0,1,41.0,,tp,Natali_2023,Nome Creek Unburned - Old,3,7,41.0,,interpolated_transect,True,False,False
Natali_2023_NCU_OLD_T3_L8,2017-09-18,65.34036806666667,-146.9194674,57.0,1,57.0,,tp,Natali_2023,Nome Creek Unburned - Old,3,8,57.0,,interpolated_transect,True,False,False
Natali_2023_NCU_OLD_T3_L9,2017-09-18,65.34037620000001,-146.9194757,42.0,1,42.0,,tp,Natali_2023,Nome Creek Unburned - Old,3,9,42.0,,interpolated_transect,True,False,False
Natali_2023_NCU_OLD_T3_L10,2017-09-18,65.34038433333333,-146.91948399999998,56.0,1,56.0,,tp,Natali_2023,Nome Creek Unburned - Old,3,10,56.0,,interpolated_transect,True,False,False
Natali_2023_NCU_OLD_T3_L11,2017-09-18,65.34039246666667,-146.9194923,42.0,1,42.0,,tp,Natali_2023,Nome Creek Unburned - Old,3,11,42.0,,interpolated_transect,True,False,False
Natali_2023_NCU_OLD_T3_L12,2017-09-18,65.34040060000001,-146.9195006,42.0,1,42.0,,tp,Natali_2023,Nome Creek Unburned - Old,3,12,42.0,,interpolated_transect,True,False,False
Natali_2023_NCU_OLD_T3_L13,2017-09-18,65.34040873333333,-146.91950889999998,55.0,1,55.0,,tp,Natali_2023,Nome Creek Unburned - Old,3,13,55.0,,interpolated_transect,True,False,False
Natali_2023_NCU_OLD_T3_L14,2017-09-18,65.34041686666667,-146.9195172,42.0,1,42.0,,tp,Natali_2023,Nome Creek Unburned - Old,3,14,42.0,,interpolated_transect,True,False,False
Natali_2023_NCU_OLD_T3_L15,2017-09-18,65.34042500000001,-146.9195255,41.0,1,41.0,,tp,Natali_2023,Nome Creek Unburned - Old,3,15,41.0,,interpolated_transect,True,False,False
Natali_2023_NCU_OLD_T3_L16,2017-09-18,65.34043313333333,-146.91953379999998,45.0,1,45.0,,tp,Natali_2023,Nome Creek Unburned - Old,3,16,45.0,,interpolated_transect,True,False,False
Natali_2023_NCU_OLD_T3_L17,2017-09-18,65.34044126666667,-146.9195421,38.0,1,38.0,,tp,Natali_2023,Nome Creek Unburned - Old,3,17,38.0,,interpolated_transect,True,False,False
Natali_2023_NCU_OLD_T3_L18,2017-09-18,65.3404494,-146.9195504,49.0,1,49.0,,tp,Natali_2023,Nome Creek Unburned - Old,3,18,49.0,,interpolated_transect,True,False,False
Natali_2023_NCU_OLD_T3_L19,2017-09-18,65.34045753333334,-146.91955869999998,40.0,1,40.0,,tp,Natali_2023,Nome Creek Unburned - Old,3,19,40.0,,interpolated_transect,True,False,False
Natali_2023_NCU_OLD_T3_L20,2017-09-18,65.34046566666667,-146.919567,44.0,1,44.0,,tp,Natali_2023,Nome Creek Unburned - Old,3,20,44.0,,interpolated_transect,True,False,False
Natali_2023_NCU_OLD_T3_L21,2017-09-18,65.3404738,-146.9195753,45.0,1,45.0,,tp,Natali_2023,Nome Creek Unburned - Old,3,21,45.0,,interpolated_transect,True,False,False
Natali_2023_NCU_OLD_T3_L22,2017-09-18,65.34048193333334,-146.91958359999998,52.0,1,52.0,,tp,Natali_2023,Nome Creek Unburned - Old,3,22,552.0,,interpolated_transect,True,True,False
Natali_2023_NCU_OLD_T3_L23,2017-09-18,65.34049006666667,-146.9195919,63.0,1,63.0,,tp,Natali_2023,Nome Creek Unburned - Old,3,23,63.0,,interpolated_transect,True,False,False
Natali_2023_NCU_OLD_T3_L24,2017-09-18,65.3404982,-146.9196002,51.0,1,51.0,,tp,Natali_2023,Nome Creek Unburned - Old,3,24,51.0,,interpolated_transect,True,False,False
Natali_2023_NCU_OLD_T3_L25,2017-09-18,65.34050633333334,-146.91960849999998,48.0,1,48.0,,tp,Natali_2023,Nome Creek Unburned - Old,3,25,48.0,,interpolated_transect,True,False,False
Natali_2023_NCU_OLD_T3_L26,2017-09-18,65.34051446666666,-146.9196168,53.0,1,53.0,,tp,Natali_2023,Nome Creek Unburned - Old,3,26,53.0,,interpolated_transect,True,False,False
Natali_2023_NCU_OLD_T3_L27,2017-09-18,65.3405226,-146.9196251,34.0,1,34.0,,tp,Natali_2023,Nome Creek Unburned - Old,3,27,34.0,,interpolated_transect,True,False,False
Natali_2023_NCU_OLD_T3_L28,2017-09-18,65.34053073333334,-146.91963339999998,42.0,1,42.0,,tp,Natali_2023,Nome Creek Unburned - Old,3,28,42.0,,interpolated_transect,True,False,False
Natali_2023_NCU_OLD_T3_L29,2017-09-18,65.34053886666666,-146.9196417,49.0,1,49.0,,tp,Natali_2023,Nome Creek Unburned - Old,3,29,49.0,,interpolated_transect,True,False,False
Natali_2023_NCU_OLD_T3_L30,2017-09-18,65.340547,-146.91965,46.0,1,46.0,,tp,Natali_2023,Nome Creek Unburned - Old,3,30,46.0,,source_endpoint,False,False,False
Natali_2023_BNZ_T1_L0,2017-09-17,64.695864,-148.32514,46.0,1,46.0,,tp,Natali_2023,Bonanza Creek,1,0,46.0,,source_endpoint,False,False,False
Natali_2023_BNZ_T1_L1,2017-09-17,64.69587286666666,-148.32514893333334,61.0,1,61.0,,tp,Natali_2023,Bonanza Creek,1,1,61.0,,interpolated_transect,True,False,False
Natali_2023_BNZ_T1_L2,2017-09-17,64.69588173333334,-148.32515786666667,55.0,1,55.0,,tp,Natali_2023,Bonanza Creek,1,2,55.0,,interpolated_transect,True,False,False
Natali_2023_BNZ_T1_L3,2017-09-17,64.6958906,-148.3251668,53.0,1,53.0,,tp,Natali_2023,Bonanza Creek,1,3,53.0,,interpolated_transect,True,False,False
Natali_2023_BNZ_T1_L4,2017-09-17,64.69589946666666,-148.32517573333334,52.0,1,52.0,,tp,Natali_2023,Bonanza Creek,1,4,52.0,,interpolated_transect,True,False,False
Natali_2023_BNZ_T1_L5,2017-09-17,64.69590833333334,-148.32518466666667,58.0,1,58.0,,tp,Natali_2023,Bonanza Creek,1,5,58.0,,interpolated_transect,True,False,False
Natali_2023_BNZ_T1_L6,2017-09-17,64.6959172,-148.3251936,57.0,1,57.0,,tp,Natali_2023,Bonanza Creek,1,6,57.0,,interpolated_transect,True,False,False
Natali_2023_BNZ_T1_L7,2017-09-17,64.69592606666667,-148.32520253333334,63.0,1,63.0,,tp,Natali_2023,Bonanza Creek,1,7,63.0,,interpolated_transect,True,False,False
Natali_2023_BNZ_T1_L8,2017-09-17,64.69593493333333,-148.32521146666667,71.0,1,71.0,,tp,Natali_2023,Bonanza Creek,1,8,71.0,,interpolated_transect,True,False,False
Natali_2023_BNZ_T1_L9,2017-09-17,64.6959438,-148.3252204,51.0,1,51.0,,tp,Natali_2023,Bonanza Creek,1,9,51.0,,interpolated_transect,True,False,False
Natali_2023_BNZ_T1_L10,2017-09-17,64.69595266666667,-148.32522933333334,54.0,1,54.0,,tp,Natali_2023,Bonanza Creek,1,10,54.0,,interpolated_transect,True,False,False
Natali_2023_BNZ_T1_L11,2017-09-17,64.69596153333333,-148.32523826666667,53.0,1,53.0,,tp,Natali_2023,Bonanza Creek,1,11,53.0,,interpolated_transect,True,False,False
Natali_2023_BNZ_T1_L12,2017-09-17,64.6959704,-148.3252472,53.0,1,53.0,,tp,Natali_2023,Bonanza Creek,1,12,53.0,,interpolated_transect,True,False,False
Natali_2023_BNZ_T1_L13,2017-09-17,64.69597926666667,-148.32525613333334,67.0,1,67.0,,tp,Natali_2023,Bonanza Creek,1,13,67.0,,interpolated_transect,True,False,False
Natali_2023_BNZ_T1_L14,2017-09-17,64.69598813333333,-148.32526506666667,67.0,1,67.0,,tp,Natali_2023,Bonanza Creek,1,14,67.0,,interpolated_transect,True,False,False
Natali_2023_BNZ_T1_L15,2017-09-17,64.695997,-148.325274,57.0,1,57.0,,tp,Natali_2023,Bonanza Creek,1,15,57.0,,interpolated_transect,True,False,False
Natali_2023_BNZ_T1_L16,2017-09-17,64.69600586666667,-148.32528293333334,53.0,1,53.0,,tp,Natali_2023,Bonanza Creek,1,16,53.0,,interpolated_transect,True,False,False
Natali_2023_BNZ_T1_L17,2017-09-17,64.69601473333333,-148.32529186666667,50.0,1,50.0,,tp,Natali_2023,Bonanza Creek,1,17,50.0,,interpolated_transect,True,False,False
Natali_2023_BNZ_T1_L18,2017-09-17,64.6960236,-148.3253008,51.0,1,51.0,,tp,Natali_2023,Bonanza Creek,1,18,51.0,,interpolated_transect,True,False,False
Natali_2023_BNZ_T1_L19,2017-09-17,64.69603246666667,-148.32530973333334,51.0,1,51.0,,tp,Natali_2023,Bonanza Creek,1,19,51.0,,interpolated_transect,True,False,False
Natali_2023_BNZ_T1_L20,2017-09-17,64.69604133333333,-148.32531866666667,56.0,1,56.0,,tp,Natali_2023,Bonanza Creek,1,20,56.0,,interpolated_transect,True,False,False
Natali_2023_BNZ_T1_L21,2017-09-17,64.6960502,-148.3253276,41.0,1,41.0,,tp,Natali_2023,Bonanza Creek,1,21,41.0,,interpolated_transect,True,False,False
Natali_2023_BNZ_T1_L22,2017-09-17,64.69605906666666,-148.32533653333334,49.0,1,49.0,,tp,Natali_2023,Bonanza Creek,1,22,49.0,,interpolated_transect,True,False,False
Natali_2023_BNZ_T1_L23,2017-09-17,64.69606793333332,-148.32534546666668,57.0,1,57.0,,tp,Natali_2023,Bonanza Creek,1,23,57.0,,interpolated_transect,True,False,False
Natali_2023_BNZ_T1_L24,2017-09-17,64.6960768,-148.3253544,62.0,1,62.0,,tp,Natali_2023,Bonanza Creek,1,24,62.0,,interpolated_transect,True,False,False
Natali_2023_BNZ_T1_L25,2017-09-17,64.69608566666666,-148.32536333333334,66.0,1,66.0,,tp,Natali_2023,Bonanza Creek,1,25,66.0,,interpolated_transect,True,False,False
Natali_2023_BNZ_T1_L26,2017-09-17,64.69609453333334,-148.32537226666668,60.0,1,60.0,,tp,Natali_2023,Bonanza Creek,1,26,60.0,,interpolated_transect,True,False,False
Natali_2023_BNZ_T1_L27,2017-09-17,64.6961034,-148.3253812,60.0,1,60.0,,tp,Natali_2023,Bonanza Creek,1,27,60.0,,interpolated_transect,True,False,False
Natali_2023_BNZ_T1_L28,2017-09-17,64.69611226666666,-148.32539013333334,60.0,1,60.0,,tp,Natali_2023,Bonanza Creek,1,28,60.0,,interpolated_transect,True,False,False
Natali_2023_BNZ_T1_L29,2017-09-17,64.69612113333334,-148.32539906666668,55.0,1,55.0,,tp,Natali_2023,Bonanza Creek,1,29,55.0,,interpolated_transect,True,False,False
Natali_2023_BNZ_T1_L30,2017-09-17,64.69613,-148.325408,46.0,1,46.0,,tp,Natali_2023,Bonanza Creek,1,30,46.0,,source_endpoint,False,False,False
Natali_2023_BNZ_T2_L0,2017-09-17,64.695761,-148.325296,45.0,1,45.0,,tp,Natali_2023,Bonanza Creek,2,0,45.0,,source_endpoint,False,False,False
Natali_2023_BNZ_T2_L1,2017-09-17,64.69576893333334,-148.32530870000002,41.0,1,41.0,,tp,Natali_2023,Bonanza Creek,2,1,41.0,,interpolated_transect,True,False,False
Natali_2023_BNZ_T2_L2,2017-09-17,64.69577686666668,-148.3253214,42.0,1,42.0,,tp,Natali_2023,Bonanza Creek,2,2,42.0,,interpolated_transect,True,False,False
Natali_2023_BNZ_T2_L3,2017-09-17,64.6957848,-148.32533410000002,53.0,1,53.0,,tp,Natali_2023,Bonanza Creek,2,3,53.0,,interpolated_transect,True,False,False
Natali_2023_BNZ_T2_L4,2017-09-17,64.69579273333333,-148.3253468,52.0,1,52.0,,tp,Natali_2023,Bonanza Creek,2,4,52.0,,interpolated_transect,True,False,False
Natali_2023_BNZ_T2_L5,2017-09-17,64.69580066666667,-148.32535950000002,52.0,1,52.0,,tp,Natali_2023,Bonanza Creek,2,5,52.0,,interpolated_transect,True,False,False
Natali_2023_BNZ_T2_L6,2017-09-17,64.6958086,-148.3253722,50.0,1,50.0,,tp,Natali_2023,Bonanza Creek,2,6,50.0,,interpolated_transect,True,False,False
Natali_2023_BNZ_T2_L7,2017-09-17,64.69581653333334,-148.32538490000002,50.0,1,50.0,,tp,Natali_2023,Bonanza Creek,2,7,50.0,,interpolated_transect,True,False,False
Natali_2023_BNZ_T2_L8,2017-09-17,64.69582446666666,-148.3253976,64.0,1,64.0,,tp,Natali_2023,Bonanza Creek,2,8,64.0,,interpolated_transect,True,False,False
Natali_2023_BNZ_T2_L9,2017-09-17,64.6958324,-148.32541030000002,47.0,1,47.0,,tp,Natali_2023,Bonanza Creek,2,9,47.0,,interpolated_transect,True,False,False
Natali_2023_BNZ_T2_L10,2017-09-17,64.69584033333334,-148.325423,58.0,1,58.0,,tp,Natali_2023,Bonanza Creek,2,10,58.0,,interpolated_transect,True,False,False
Natali_2023_BNZ_T2_L11,2017-09-17,64.69584826666667,-148.3254357,52.0,1,52.0,,tp,Natali_2023,Bonanza Creek,2,11,52.0,,interpolated_transect,True,False,False
Natali_2023_BNZ_T2_L12,2017-09-17,64.69585620000001,-148.3254484,55.0,1,55.0,,tp,Natali_2023,Bonanza Creek,2,12,55.0,,interpolated_transect,True,False,False
Natali_2023_BNZ_T2_L13,2017-09-17,64.69586413333333,-148.3254611,54.0,1,54.0,,tp,Natali_2023,Bonanza Creek,2,13,54.0,,interpolated_transect,True,False,False
Natali_2023_BNZ_T2_L14,2017-09-17,64.69587206666667,-148.3254738,46.0,1,46.0,,tp,Natali_2023,Bonanza Creek,2,14,46.0,,interpolated_transect,True,False,False
Natali_2023_BNZ_T2_L15,2017-09-17,64.69588,-148.3254865,54.0,1,54.0,,tp,Natali_2023,Bonanza Creek,2,15,54.0,,interpolated_transect,True,False,False
Natali_2023_BNZ_T2_L16,2017-09-17,64.69588793333334,-148.32549920000002,51.0,1,51.0,,tp,Natali_2023,Bonanza Creek,2,16,51.0,,interpolated_transect,True,False,False
Natali_2023_BNZ_T2_L17,2017-09-17,64.69589586666667,-148.3255119,60.0,1,60.0,,tp,Natali_2023,Bonanza Creek,2,17,60.0,,interpolated_transect,True,False,False
Natali_2023_BNZ_T2_L18,2017-09-17,64.6959038,-148.32552460000002,46.0,1,46.0,,tp,Natali_2023,Bonanza Creek,2,18,46.0,,interpolated_transect,True,False,False
Natali_2023_BNZ_T2_L19,2017-09-17,64.69591173333333,-148.3255373,41.0,1,41.0,,tp,Natali_2023,Bonanza Creek,2,19,41.0,,interpolated_transect,True,False,False
Natali_2023_BNZ_T2_L20,2017-09-17,64.69591966666667,-148.32555000000002,47.0,1,47.0,,tp,Natali_2023,Bonanza Creek,2,20,47.0,,interpolated_transect,True,False,False
Natali_2023_BNZ_T2_L21,2017-09-17,64.6959276,-148.3255627,44.0,1,44.0,,tp,Natali_2023,Bonanza Creek,2,21,44.0,,interpolated_transect,True,False,False
Natali_2023_BNZ_T2_L22,2017-09-17,64.69593553333334,-148.32557540000002,56.0,1,56.0,,tp,Natali_2023,Bonanza Creek,2,22,56.0,,interpolated_transect,True,False,False
Natali_2023_BNZ_T2_L23,2017-09-17,64.69594346666666,-148.3255881,60.0,1,60.0,,tp,Natali_2023,Bonanza Creek,2,23,60.0,,interpolated_transect,True,False,False
Natali_2023_BNZ_T2_L24,2017-09-17,64.6959514,-148.32560080000002,54.0,1,54.0,,tp,Natali_2023,Bonanza Creek,2,24,54.0,,interpolated_transect,True,False,False
Natali_2023_BNZ_T2_L25,2017-09-17,64.69595933333333,-148.3256135,57.0,1,57.0,,tp,Natali_2023,Bonanza Creek,2,25,57.0,,interpolated_transect,True,False,False
Natali_2023_BNZ_T2_L26,2017-09-17,64.69596726666667,-148.32562620000002,59.0,1,59.0,,tp,Natali_2023,Bonanza Creek,2,26,59.0,,interpolated_transect,True,False,False
Natali_2023_BNZ_T2_L27,2017-09-17,64.6959752,-148.3256389,63.0,1,63.0,,tp,Natali_2023,Bonanza Creek,2,27,63.0,,interpolated_transect,True,False,False
Natali_2023_BNZ_T2_L28,2017-09-17,64.69598313333333,-148.32565160000001,62.0,1,62.0,,tp,Natali_2023,Bonanza Creek,2,28,62.0,,interpolated_transect,True,False,False
Natali_2023_BNZ_T2_L29,2017-09-17,64.69599106666666,-148.3256643,49.0,1,49.0,,tp,Natali_2023,Bonanza Creek,2,29,49.0,,interpolated_transect,True,False,False
Natali_2023_BNZ_T2_L30,2017-09-17,64.695999,-148.325677,56.0,1,56.0,,tp,Natali_2023,Bonanza Creek,2,30,56.0,,source_endpoint,False,False,False
Natali_2023_BNZ_T3_L0,2017-09-17,64.695689,-148.325588,36.0,1,36.0,,tp,Natali_2023,Bonanza Creek,3,0,36.0,,source_endpoint,False,False,False
Natali_2023_BNZ_T3_L1,2017-09-17,64.6956938,-148.32560546666667,48.0,1,48.0,,tp,Natali_2023,Bonanza Creek,3,1,48.0,,interpolated_transect,True,False,False
Natali_2023_BNZ_T3_L2,2017-09-17,64.6956986,-148.32562293333334,52.0,1,52.0,,tp,Natali_2023,Bonanza Creek,3,2,52.0,,interpolated_transect,True,False,False
Natali_2023_BNZ_T3_L3,2017-09-17,64.6957034,-148.3256404,51.0,1,51.0,,tp,Natali_2023,Bonanza Creek,3,3,51.0,,interpolated_transect,True,False,False
Natali_2023_BNZ_T3_L4,2017-09-17,64.6957082,-148.3256578666667,40.0,1,40.0,,tp,Natali_2023,Bonanza Creek,3,4,40.0,,interpolated_transect,True,False,False
Natali_2023_BNZ_T3_L5,2017-09-17,64.695713,-148.32567533333335,40.0,1,40.0,,tp,Natali_2023,Bonanza Creek,3,5,40.0,,interpolated_transect,True,False,False
Natali_2023_BNZ_T3_L6,2017-09-17,64.6957178,-148.3256928,49.0,1,49.0,,tp,Natali_2023,Bonanza Creek,3,6,49.0,,interpolated_transect,True,False,False
Natali_2023_BNZ_T3_L7,2017-09-17,64.6957226,-148.32571026666668,50.0,1,50.0,,tp,Natali_2023,Bonanza Creek,3,7,50.0,,interpolated_transect,True,False,False
Natali_2023_BNZ_T3_L8,2017-09-17,64.6957274,-148.32572773333334,52.0,1,52.0,,tp,Natali_2023,Bonanza Creek,3,8,52.0,,interpolated_transect,True,False,False
Natali_2023_BNZ_T3_L9,2017-09-17,64.6957322,-148.3257452,41.0,1,41.0,,tp,Natali_2023,Bonanza Creek,3,9,41.0,,interpolated_transect,True,False,False
Natali_2023_BNZ_T3_L10,2017-09-17,64.695737,-148.32576266666666,42.0,1,42.0,,tp,Natali_2023,Bonanza Creek,3,10,42.0,,interpolated_transect,True,False,False
Natali_2023_BNZ_T3_L11,2017-09-17,64.6957418,-148.32578013333332,49.0,1,49.0,,tp,Natali_2023,Bonanza Creek,3,11,49.0,,interpolated_transect,True,False,False
Natali_2023_BNZ_T3_L12,2017-09-17,64.69574659999999,-148.32579760000002,65.0,1,65.0,,tp,Natali_2023,Bonanza Creek,3,12,65.0,,interpolated_transect,True,False,False
Natali_2023_BNZ_T3_L13,2017-09-17,64.69575139999999,-148.32581506666668,54.0,1,54.0,,tp,Natali_2023,Bonanza Creek,3,13,54.0,,interpolated_transect,True,False,False
Natali_2023_BNZ_T3_L14,2017-09-17,64.69575619999999,-148.32583253333334,60.0,1,60.0,,tp,Natali_2023,Bonanza Creek,3,14,60.0,,interpolated_transect,True,False,False
Natali_2023_BNZ_T3_L15,2017-09-17,64.695761,-148.32585,51.0,1,51.0,,tp,Natali_2023,Bonanza Creek,3,15,51.0,,interpolated_transect,True,False,False
Natali_2023_BNZ_T3_L16,2017-09-17,64.6957658,-148.32586746666666,43.0,1,43.0,,tp,Natali_2023,Bonanza Creek,3,16,43.0,,interpolated_transect,True,False,False
Natali_2023_BNZ_T3_L17,2017-09-17,64.6957706,-148.32588493333333,49.0,1,49.0,,tp,Natali_2023,Bonanza Creek,3,17,49.0,,interpolated_transect,True,False,False
Natali_2023_BNZ_T3_L18,2017-09-17,64.6957754,-148.3259024,47.0,1,47.0,,tp,Natali_2023,Bonanza Creek,3,18,47.0,,interpolated_transect,True,False,False
Natali_2023_BNZ_T3_L19,2017-09-17,64.6957802,-148.32591986666668,52.0,1,52.0,,tp,Natali_2023,Bonanza Creek,3,19,52.0,,interpolated_transect,True,False,False
Natali_2023_BNZ_T3_L20,2017-09-17,64.695785,-148.32593733333334,48.0,1,48.0,,tp,Natali_2023,Bonanza Creek,3,20,48.0,,interpolated_transect,True,False,False
Natali_2023_BNZ_T3_L21,2017-09-17,64.6957898,-148.3259548,56.0,1,56.0,,tp,Natali_2023,Bonanza Creek,3,21,56.0,,interpolated_transect,True,False,False
Natali_2023_BNZ_T3_L22,2017-09-17,64.6957946,-148.32597226666667,52.0,1,52.0,,tp,Natali_2023,Bonanza Creek,3,22,52.0,,interpolated_transect,True,False,False
Natali_2023_BNZ_T3_L23,2017-09-17,64.6957994,-148.32598973333333,52.0,1,52.0,,tp,Natali_2023,Bonanza Creek,3,23,52.0,,interpolated_transect,True,False,False
Natali_2023_BNZ_T3_L24,2017-09-17,64.6958042,-148.3260072,56.0,1,56.0,,tp,Natali_2023,Bonanza Creek,3,24,56.0,,interpolated_transect,True,False,False
Natali_2023_BNZ_T3_L25,2017-09-17,64.695809,-148.32602466666665,49.0,1,49.0,,tp,Natali_2023,Bonanza Creek,3,25,49.0,,interpolated_transect,True,False,False
Natali_2023_BNZ_T3_L26,2017-09-17,64.6958138,-148.32604213333332,55.0,1,55.0,,tp,Natali_2023,Bonanza Creek,3,26,55.0,,interpolated_transect,True,False,False
Natali_2023_BNZ_T3_L27,2017-09-17,64.6958186,-148.3260596,60.0,1,60.0,,tp,Natali_2023,Bonanza Creek,3,27,60.0,,interpolated_transect,True,False,False
Natali_2023_BNZ_T3_L28,2017-09-17,64.6958234,-148.32607706666667,52.0,1,52.0,,tp,Natali_2023,Bonanza Creek,3,28,52.0,,interpolated_transect,True,False,False
Natali_2023_BNZ_T3_L29,2017-09-17,64.6958282,-148.32609453333333,55.0,1,55.0,,tp,Natali_2023,Bonanza Creek,3,29,55.0,,interpolated_transect,True,False,False
Natali_2023_BNZ_T3_L30,2017-09-17,64.695833,-148.326112,46.0,1,46.0,,tp,Natali_2023,Bonanza Creek,3,30,46.0,,source_endpoint,False,False,False
Natali_2023_IMNL_T1_L0,2017-09-11,68.559256,-149.515924,33.0,1,33.0,,tp,Natali_2023,I-Minus Low,1,0,33.0,,source_endpoint,False,False,False
Natali_2023_IMNL_T1_L1,2017-09-11,68.5592635,-149.51591136666667,43.0,1,43.0,,tp,Natali_2023,I-Minus Low,1,1,43.0,,interpolated_transect,True,False,False
Natali_2023_IMNL_T1_L2,2017-09-11,68.55927100000001,-149.51589873333336,31.0,1,31.0,,tp,Natali_2023,I-Minus Low,1,2,31.0,,interpolated_transect,True,False,False
Natali_2023_IMNL_T1_L3,2017-09-11,68.5592785,-149.51588610000002,34.0,1,34.0,,tp,Natali_2023,I-Minus Low,1,3,34.0,,interpolated_transect,True,False,False
Natali_2023_IMNL_T1_L4,2017-09-11,68.559286,-149.51587346666668,36.0,1,36.0,,tp,Natali_2023,I-Minus Low,1,4,36.0,,interpolated_transect,True,False,False
Natali_2023_IMNL_T1_L5,2017-09-11,68.55929350000001,-149.51586083333333,34.0,1,34.0,,tp,Natali_2023,I-Minus Low,1,5,34.0,,interpolated_transect,True,False,False
Natali_2023_IMNL_T1_L6,2017-09-11,68.559301,-149.51584820000002,32.0,1,32.0,,tp,Natali_2023,I-Minus Low,1,6,32.0,,interpolated_transect,True,False,False
Natali_2023_IMNL_T1_L7,2017-09-11,68.5593085,-149.51583556666668,30.0,1,30.0,,tp,Natali_2023,I-Minus Low,1,7,30.0,,interpolated_transect,True,False,False
Natali_2023_IMNL_T1_L8,2017-09-11,68.55931600000001,-149.51582293333334,33.0,1,33.0,,tp,Natali_2023,I-Minus Low,1,8,33.0,,interpolated_transect,True,False,False
Natali_2023_IMNL_T1_L9,2017-09-11,68.5593235,-149.5158103,36.0,1,36.0,,tp,Natali_2023,I-Minus Low,1,9,36.0,,interpolated_transect,True,False,False
Natali_2023_IMNL_T1_L10,2017-09-11,68.559331,-149.51579766666669,31.0,1,31.0,,tp,Natali_2023,I-Minus Low,1,10,31.0,,interpolated_transect,True,False,False
Natali_2023_IMNL_T1_L11,2017-09-11,68.55933850000001,-149.51578503333334,32.0,1,32.0,,tp,Natali_2023,I-Minus Low,1,11,32.0,,interpolated_transect,True,False,False
Natali_2023_IMNL_T1_L12,2017-09-11,68.559346,-149.5157724,33.0,1,33.0,,tp,Natali_2023,I-Minus Low,1,12,33.0,,interpolated_transect,True,False,False
Natali_2023_IMNL_T1_L13,2017-09-11,68.5593535,-149.51575976666666,30.0,1,30.0,,tp,Natali_2023,I-Minus Low,1,13,30.0,,interpolated_transect,True,False,False
Natali_2023_IMNL_T1_L14,2017-09-11,68.55936100000001,-149.51574713333335,29.0,1,29.0,,tp,Natali_2023,I-Minus Low,1,14,29.0,,interpolated_transect,True,False,False
Natali_2023_IMNL_T1_L15,2017-09-11,68.5593685,-149.5157345,27.0,1,27.0,,tp,Natali_2023,I-Minus Low,1,15,27.0,,interpolated_transect,True,False,False
Natali_2023_IMNL_T1_L16,2017-09-11,68.559376,-149.51572186666667,28.0,1,28.0,,tp,Natali_2023,I-Minus Low,1,16,28.0,,interpolated_transect,True,False,False
Natali_2023_IMNL_T1_L17,2017-09-11,68.55938350000001,-149.51570923333335,48.0,1,48.0,,tp,Natali_2023,I-Minus Low,1,17,48.0,,interpolated_transect,True,False,False
Natali_2023_IMNL_T1_L18,2017-09-11,68.559391,-149.5156966,81.0,1,81.0,,tp,Natali_2023,I-Minus Low,1,18,81.0,,interpolated_transect,True,False,False
Natali_2023_IMNL_T1_L19,2017-09-11,68.5593985,-149.51568396666667,86.0,1,86.0,,tp,Natali_2023,I-Minus Low,1,19,86.0,,interpolated_transect,True,False,False
Natali_2023_IMNL_T1_L20,2017-09-11,68.55940600000001,-149.51567133333333,49.0,1,49.0,,tp,Natali_2023,I-Minus Low,1,20,49.0,,interpolated_transect,True,False,False
Natali_2023_IMNL_T1_L21,2017-09-11,68.5594135,-149.51565870000002,44.0,1,44.0,,tp,Natali_2023,I-Minus Low,1,21,44.0,,interpolated_transect,True,False,False
Natali_2023_IMNL_T1_L22,2017-09-11,68.559421,-149.51564606666668,58.0,1,58.0,,tp,Natali_2023,I-Minus Low,1,22,58.0,,interpolated_transect,True,False,False
Natali_2023_IMNL_T1_L23,2017-09-11,68.55942850000001,-149.51563343333333,52.0,1,52.0,,tp,Natali_2023,I-Minus Low,1,23,52.0,,interpolated_transect,True,False,False
Natali_2023_IMNL_T1_L24,2017-09-11,68.559436,-149.5156208,24.0,1,24.0,,tp,Natali_2023,I-Minus Low,1,24,24.0,,interpolated_transect,True,False,False
Natali_2023_IMNL_T1_L25,2017-09-11,68.5594435,-149.51560816666668,30.0,1,30.0,,tp,Natali_2023,I-Minus Low,1,25,30.0,,interpolated_transect,True,False,False
Natali_2023_IMNL_T1_L26,2017-09-11,68.55945100000001,-149.51559553333334,17.0,1,17.0,,tp,Natali_2023,I-Minus Low,1,26,17.0,,interpolated_transect,True,False,False
Natali_2023_IMNL_T1_L27,2017-09-11,68.5594585,-149.5155829,23.0,1,23.0,,tp,Natali_2023,I-Minus Low,1,27,23.0,,interpolated_transect,True,False,False
Natali_2023_IMNL_T1_L28,2017-09-11,68.559466,-149.51557026666666,23.0,1,23.0,,tp,Natali_2023,I-Minus Low,1,28,23.0,,interpolated_transect,True,False,False
Natali_2023_IMNL_T1_L29,2017-09-11,68.55947350000001,-149.51555763333334,36.0,1,36.0,,tp,Natali_2023,I-Minus Low,1,29,36.0,,interpolated_transect,True,False,False
Natali_2023_IMNL_T1_L30,2017-09-11,68.559481,-149.515545,39.0,1,39.0,,tp,Natali_2023,I-Minus Low,1,30,39.0,,source_endpoint,False,False,False
Natali_2023_IMNL_T2_L0,2017-09-11,68.559285,-149.51616,39.0,1,39.0,,tp,Natali_2023,I-Minus Low,2,0,39.0,,source_endpoint,False,False,False
Natali_2023_IMNL_T2_L1,2017-09-11,68.55929286666667,-149.5161462,40.0,1,40.0,,tp,Natali_2023,I-Minus Low,2,1,40.0,,interpolated_transect,True,False,False
Natali_2023_IMNL_T2_L2,2017-09-11,68.55930073333333,-149.5161324,38.0,1,38.0,,tp,Natali_2023,I-Minus Low,2,2,38.0,,interpolated_transect,True,False,False
Natali_2023_IMNL_T2_L3,2017-09-11,68.55930860000001,-149.51611860000003,33.0,1,33.0,,tp,Natali_2023,I-Minus Low,2,3,33.0,,interpolated_transect,True,False,False
Natali_2023_IMNL_T2_L4,2017-09-11,68.55931646666667,-149.51610480000002,33.0,1,33.0,,tp,Natali_2023,I-Minus Low,2,4,33.0,,interpolated_transect,True,False,False
Natali_2023_IMNL_T2_L5,2017-09-11,68.55932433333334,-149.51609100000002,30.0,1,30.0,,tp,Natali_2023,I-Minus Low,2,5,30.0,,interpolated_transect,True,False,False
Natali_2023_IMNL_T2_L6,2017-09-11,68.5593322,-149.5160772,29.0,1,29.0,,tp,Natali_2023,I-Minus Low,2,6,29.0,,interpolated_transect,True,False,False
Natali_2023_IMNL_T2_L7,2017-09-11,68.55934006666666,-149.5160634,33.0,1,33.0,,tp,Natali_2023,I-Minus Low,2,7,33.0,,interpolated_transect,True,False,False
Natali_2023_IMNL_T2_L8,2017-09-11,68.55934793333334,-149.5160496,32.0,1,32.0,,tp,Natali_2023,I-Minus Low,2,8,32.0,,interpolated_transect,True,False,False
Natali_2023_IMNL_T2_L9,2017-09-11,68.5593558,-149.5160358,31.0,1,31.0,,tp,Natali_2023,I-Minus Low,2,9,31.0,,interpolated_transect,True,False,False
Natali_2023_IMNL_T2_L10,2017-09-11,68.55936366666667,-149.51602200000002,31.0,1,31.0,,tp,Natali_2023,I-Minus Low,2,10,31.0,,interpolated_transect,True,False,False
Natali_2023_IMNL_T2_L11,2017-09-11,68.55937153333333,-149.51600820000002,31.0,1,31.0,,tp,Natali_2023,I-Minus Low,2,11,31.0,,interpolated_transect,True,False,False
Natali_2023_IMNL_T2_L12,2017-09-11,68.5593794,-149.5159944,28.0,1,28.0,,tp,Natali_2023,I-Minus Low,2,12,28.0,,interpolated_transect,True,False,False
Natali_2023_IMNL_T2_L13,2017-09-11,68.55938726666668,-149.5159806,32.0,1,32.0,,tp,Natali_2023,I-Minus Low,2,13,32.0,,interpolated_transect,True,False,False
Natali_2023_IMNL_T2_L14,2017-09-11,68.55939513333334,-149.5159668,38.0,1,38.0,,tp,Natali_2023,I-Minus Low,2,14,38.0,,interpolated_transect,True,False,False
Natali_2023_IMNL_T2_L15,2017-09-11,68.559403,-149.51595300000002,33.0,1,33.0,,tp,Natali_2023,I-Minus Low,2,15,33.0,,interpolated_transect,True,False,False
Natali_2023_IMNL_T2_L16,2017-09-11,68.55941086666667,-149.51593920000002,33.0,1,33.0,,tp,Natali_2023,I-Minus Low,2,16,33.0,,interpolated_transect,True,False,False
Natali_2023_IMNL_T2_L17,2017-09-11,68.55941873333333,-149.51592540000001,31.0,1,31.0,,tp,Natali_2023,I-Minus Low,2,17,31.0,,interpolated_transect,True,False,False
Natali_2023_IMNL_T2_L18,2017-09-11,68.55942660000001,-149.5159116,35.0,1,35.0,,tp,Natali_2023,I-Minus Low,2,18,35.0,,interpolated_transect,True,False,False
Natali_2023_IMNL_T2_L19,2017-09-11,68.55943446666667,-149.5158978,39.0,1,39.0,,tp,Natali_2023,I-Minus Low,2,19,39.0,,interpolated_transect,True,False,False
Natali_2023_IMNL_T2_L20,2017-09-11,68.55944233333334,-149.515884,36.0,1,36.0,,tp,Natali_2023,I-Minus Low,2,20,36.0,,interpolated_transect,True,False,False
Natali_2023_IMNL_T2_L21,2017-09-11,68.5594502,-149.5158702,31.0,1,31.0,,tp,Natali_2023,I-Minus Low,2,21,31.0,,interpolated_transect,True,False,False
Natali_2023_IMNL_T2_L22,2017-09-11,68.55945806666666,-149.51585640000002,35.0,1,35.0,,tp,Natali_2023,I-Minus Low,2,22,35.0,,interpolated_transect,True,False,False
Natali_2023_IMNL_T2_L23,2017-09-11,68.55946593333334,-149.5158426,36.0,1,36.0,,tp,Natali_2023,I-Minus Low,2,23,36.0,,interpolated_transect,True,False,False
Natali_2023_IMNL_T2_L24,2017-09-11,68.5594738,-149.5158288,39.0,1,39.0,,tp,Natali_2023,I-Minus Low,2,24,39.0,,interpolated_transect,True,False,False
Natali_2023_IMNL_T2_L25,2017-09-11,68.55948166666667,-149.515815,38.0,1,38.0,,tp,Natali_2023,I-Minus Low,2,25,38.0,,interpolated_transect,True,False,False
Natali_2023_IMNL_T2_L26,2017-09-11,68.55948953333333,-149.5158012,36.0,1,36.0,,tp,Natali_2023,I-Minus Low,2,26,36.0,,interpolated_transect,True,False,False
Natali_2023_IMNL_T2_L27,2017-09-11,68.5594974,-149.51578740000002,39.0,1,39.0,,tp,Natali_2023,I-Minus Low,2,27,39.0,,interpolated_transect,True,False,False
Natali_2023_IMNL_T2_L28,2017-09-11,68.55950526666668,-149.51577360000002,43.0,1,43.0,,tp,Natali_2023,I-Minus Low,2,28,43.0,,interpolated_transect,True,False,False
Natali_2023_IMNL_T2_L29,2017-09-11,68.55951313333334,-149.5157598,37.0,1,37.0,,tp,Natali_2023,I-Minus Low,2,29,37.0,,interpolated_transect,True,False,False
Natali_2023_IMNL_T2_L30,2017-09-11,68.559521,-149.515746,35.0,1,35.0,,tp,Natali_2023,I-Minus Low,2,30,35.0,,source_endpoint,False,False,False
Natali_2023_IMNL_T3_L0,2017-09-11,68.559357,-149.516373,28.0,1,28.0,,tp,Natali_2023,I-Minus Low,3,0,28.0,,source_endpoint,False,False,False
Natali_2023_IMNL_T3_L1,2017-09-11,68.55936436666667,-149.51635983333333,32.0,1,32.0,,tp,Natali_2023,I-Minus Low,3,1,32.0,,interpolated_transect,True,False,False
Natali_2023_IMNL_T3_L2,2017-09-11,68.55937173333334,-149.51634666666666,43.0,1,43.0,,tp,Natali_2023,I-Minus Low,3,2,43.0,,interpolated_transect,True,False,False
Natali_2023_IMNL_T3_L3,2017-09-11,68.5593791,-149.51633349999997,32.0,1,32.0,,tp,Natali_2023,I-Minus Low,3,3,32.0,,interpolated_transect,True,False,False
Natali_2023_IMNL_T3_L4,2017-09-11,68.55938646666667,-149.5163203333333,40.0,1,40.0,,tp,Natali_2023,I-Minus Low,3,4,40.0,,interpolated_transect,True,False,False
Natali_2023_IMNL_T3_L5,2017-09-11,68.55939383333333,-149.51630716666665,38.0,1,38.0,,tp,Natali_2023,I-Minus Low,3,5,38.0,,interpolated_transect,True,False,False
Natali_2023_IMNL_T3_L6,2017-09-11,68.55940120000001,-149.516294,34.0,1,34.0,,tp,Natali_2023,I-Minus Low,3,6,34.0,,interpolated_transect,True,False,False
Natali_2023_IMNL_T3_L7,2017-09-11,68.55940856666668,-149.51628083333333,36.0,1,36.0,,tp,Natali_2023,I-Minus Low,3,7,36.0,,interpolated_transect,True,False,False
Natali_2023_IMNL_T3_L8,2017-09-11,68.55941593333334,-149.51626766666666,36.0,1,36.0,,tp,Natali_2023,I-Minus Low,3,8,36.0,,interpolated_transect,True,False,False
Natali_2023_IMNL_T3_L9,2017-09-11,68.5594233,-149.5162545,33.0,1,33.0,,tp,Natali_2023,I-Minus Low,3,9,33.0,,interpolated_transect,True,False,False
Natali_2023_IMNL_T3_L10,2017-09-11,68.55943066666667,-149.5162413333333,40.0,1,40.0,,tp,Natali_2023,I-Minus Low,3,10,40.0,,interpolated_transect,True,False,False
Natali_2023_IMNL_T3_L11,2017-09-11,68.55943803333334,-149.51622816666665,28.0,1,28.0,,tp,Natali_2023,I-Minus Low,3,11,28.0,,interpolated_transect,True,False,False
Natali_2023_IMNL_T3_L12,2017-09-11,68.5594454,-149.516215,29.0,1,29.0,,tp,Natali_2023,I-Minus Low,3,12,29.0,,interpolated_transect,True,False,False
Natali_2023_IMNL_T3_L13,2017-09-11,68.55945276666667,-149.51620183333333,24.0,1,24.0,,tp,Natali_2023,I-Minus Low,3,13,24.0,,interpolated_transect,True,False,False
Natali_2023_IMNL_T3_L14,2017-09-11,68.55946013333333,-149.51618866666666,31.0,1,31.0,,tp,Natali_2023,I-Minus Low,3,14,31.0,,interpolated_transect,True,False,False
Natali_2023_IMNL_T3_L15,2017-09-11,68.55946750000001,-149.51617549999997,34.0,1,34.0,,tp,Natali_2023,I-Minus Low,3,15,34.0,,interpolated_transect,True,False,False
Natali_2023_IMNL_T3_L16,2017-09-11,68.55947486666668,-149.5161623333333,37.0,1,37.0,,tp,Natali_2023,I-Minus Low,3,16,37.0,,interpolated_transect,True,False,False
Natali_2023_IMNL_T3_L17,2017-09-11,68.55948223333334,-149.51614916666665,27.0,1,27.0,,tp,Natali_2023,I-Minus Low,3,17,27.0,,interpolated_transect,True,False,False
Natali_2023_IMNL_T3_L18,2017-09-11,68.5594896,-149.516136,31.0,1,31.0,,tp,Natali_2023,I-Minus Low,3,18,31.0,,interpolated_transect,True,False,False
Natali_2023_IMNL_T3_L19,2017-09-11,68.55949696666667,-149.51612283333333,32.0,1,32.0,,tp,Natali_2023,I-Minus Low,3,19,32.0,,interpolated_transect,True,False,False
Natali_2023_IMNL_T3_L20,2017-09-11,68.55950433333334,-149.51610966666667,31.0,1,31.0,,tp,Natali_2023,I-Minus Low,3,20,31.0,,interpolated_transect,True,False,False
Natali_2023_IMNL_T3_L21,2017-09-11,68.5595117,-149.5160965,33.0,1,33.0,,tp,Natali_2023,I-Minus Low,3,21,33.0,,interpolated_transect,True,False,False
Natali_2023_IMNL_T3_L22,2017-09-11,68.55951906666667,-149.5160833333333,33.0,1,33.0,,tp,Natali_2023,I-Minus Low,3,22,33.0,,interpolated_transect,True,False,False
Natali_2023_IMNL_T3_L23,2017-09-11,68.55952643333333,-149.51607016666665,27.0,1,27.0,,tp,Natali_2023,I-Minus Low,3,23,27.0,,interpolated_transect,True,False,False
Natali_2023_IMNL_T3_L24,2017-09-11,68.5595338,-149.516057,22.0,1,22.0,,tp,Natali_2023,I-Minus Low,3,24,22.0,,interpolated_transect,True,False,False
Natali_2023_IMNL_T3_L25,2017-09-11,68.55954116666666,-149.51604383333333,37.0,1,37.0,,tp,Natali_2023,I-Minus Low,3,25,37.0,,interpolated_transect,True,False,False
Natali_2023_IMNL_T3_L26,2017-09-11,68.55954853333334,-149.51603066666667,30.0,1,30.0,,tp,Natali_2023,I-Minus Low,3,26,30.0,,interpolated_transect,True,False,False
Natali_2023_IMNL_T3_L27,2017-09-11,68.5595559,-149.51601749999998,36.0,1,36.0,,tp,Natali_2023,I-Minus Low,3,27,36.0,,interpolated_transect,True,False,False
Natali_2023_IMNL_T3_L28,2017-09-11,68.55956326666667,-149.5160043333333,39.0,1,39.0,,tp,Natali_2023,I-Minus Low,3,28,39.0,,interpolated_transect,True,False,False
Natali_2023_IMNL_T3_L29,2017-09-11,68.55957063333334,-149.51599116666665,41.0,1,41.0,,tp,Natali_2023,I-Minus Low,3,29,41.0,,interpolated_transect,True,False,False
Natali_2023_IMNL_T3_L30,2017-09-11,68.559578,-149.515978,30.0,1,30.0,,tp,Natali_2023,I-Minus Low,3,30,30.0,,source_endpoint,False,False,False
Natali_2023_IMNH_T1_L0,2017-09-11,68.557151,-149.532885,42.0,1,42.0,,tp,Natali_2023,I-Minus High,1,0,42.0,,source_endpoint,False,False,False
Natali_2023_IMNH_T1_L1,2017-09-11,68.55715513333334,-149.53286293333332,43.0,1,43.0,,tp,Natali_2023,I-Minus High,1,1,43.0,,interpolated_transect,True,False,False
Natali_2023_IMNH_T1_L2,2017-09-11,68.55715926666667,-149.53284086666665,58.0,1,58.0,,tp,Natali_2023,I-Minus High,1,2,58.0,,interpolated_transect,True,False,False
Natali_2023_IMNH_T1_L3,2017-09-11,68.55716340000001,-149.5328188,60.0,1,60.0,,tp,Natali_2023,I-Minus High,1,3,60.0,,interpolated_transect,True,False,False
Natali_2023_IMNH_T1_L4,2017-09-11,68.55716753333334,-149.53279673333333,63.0,1,63.0,,tp,Natali_2023,I-Minus High,1,4,63.0,,interpolated_transect,True,False,False
Natali_2023_IMNH_T1_L5,2017-09-11,68.55717166666668,-149.53277466666665,62.0,1,62.0,,tp,Natali_2023,I-Minus High,1,5,62.0,,interpolated_transect,True,False,False
Natali_2023_IMNH_T1_L6,2017-09-11,68.55717580000001,-149.53275259999998,50.0,1,50.0,,tp,Natali_2023,I-Minus High,1,6,50.0,,interpolated_transect,True,False,False
Natali_2023_IMNH_T1_L7,2017-09-11,68.55717993333334,-149.53273053333334,49.0,1,49.0,,tp,Natali_2023,I-Minus High,1,7,49.0,,interpolated_transect,True,False,False
Natali_2023_IMNH_T1_L8,2017-09-11,68.55718406666666,-149.53270846666666,46.0,1,46.0,,tp,Natali_2023,I-Minus High,1,8,46.0,,interpolated_transect,True,False,False
Natali_2023_IMNH_T1_L9,2017-09-11,68.5571882,-149.5326864,50.0,1,50.0,,tp,Natali_2023,I-Minus High,1,9,50.0,,interpolated_transect,True,False,False
Natali_2023_IMNH_T1_L10,2017-09-11,68.55719233333333,-149.53266433333332,31.0,1,31.0,,tp,Natali_2023,I-Minus High,1,10,31.0,,interpolated_transect,True,False,False
Natali_2023_IMNH_T1_L11,2017-09-11,68.55719646666667,-149.53264226666667,41.0,1,41.0,,tp,Natali_2023,I-Minus High,1,11,41.0,,interpolated_transect,True,False,False
Natali_2023_IMNH_T1_L12,2017-09-11,68.5572006,-149.5326202,39.0,1,39.0,,tp,Natali_2023,I-Minus High,1,12,39.0,,interpolated_transect,True,False,False
Natali_2023_IMNH_T1_L13,2017-09-11,68.55720473333334,-149.53259813333332,26.0,1,26.0,,tp,Natali_2023,I-Minus High,1,13,26.0,,interpolated_transect,True,False,False
Natali_2023_IMNH_T1_L14,2017-09-11,68.55720886666667,-149.53257606666665,32.0,1,32.0,,tp,Natali_2023,I-Minus High,1,14,32.0,,interpolated_transect,True,False,False
Natali_2023_IMNH_T1_L15,2017-09-11,68.557213,-149.532554,43.0,1,43.0,,tp,Natali_2023,I-Minus High,1,15,43.0,,interpolated_transect,True,False,False
Natali_2023_IMNH_T1_L16,2017-09-11,68.55721713333334,-149.53253193333333,38.0,1,38.0,,tp,Natali_2023,I-Minus High,1,16,38.0,,interpolated_transect,True,False,False
Natali_2023_IMNH_T1_L17,2017-09-11,68.55722126666667,-149.53250986666666,42.0,1,42.0,,tp,Natali_2023,I-Minus High,1,17,42.0,,interpolated_transect,True,False,False
Natali_2023_IMNH_T1_L18,2017-09-11,68.55722540000001,-149.53248779999998,35.0,1,35.0,,tp,Natali_2023,I-Minus High,1,18,35.0,,interpolated_transect,True,False,False
Natali_2023_IMNH_T1_L19,2017-09-11,68.55722953333334,-149.5324657333333,49.0,1,49.0,,tp,Natali_2023,I-Minus High,1,19,49.0,,interpolated_transect,True,False,False
Natali_2023_IMNH_T1_L20,2017-09-11,68.55723366666668,-149.53244366666667,53.0,1,53.0,,tp,Natali_2023,I-Minus High,1,20,53.0,,interpolated_transect,True,False,False
Natali_2023_IMNH_T1_L21,2017-09-11,68.55723780000001,-149.5324216,38.0,1,38.0,,tp,Natali_2023,I-Minus High,1,21,38.0,,interpolated_transect,True,False,False
Natali_2023_IMNH_T1_L22,2017-09-11,68.55724193333334,-149.53239953333332,50.0,1,50.0,,tp,Natali_2023,I-Minus High,1,22,50.0,,interpolated_transect,True,False,False
Natali_2023_IMNH_T1_L23,2017-09-11,68.55724606666666,-149.53237746666665,39.0,1,39.0,,tp,Natali_2023,I-Minus High,1,23,39.0,,interpolated_transect,True,False,False
Natali_2023_IMNH_T1_L24,2017-09-11,68.5572502,-149.5323554,38.0,1,38.0,,tp,Natali_2023,I-Minus High,1,24,38.0,,interpolated_transect,True,False,False
Natali_2023_IMNH_T1_L25,2017-09-11,68.55725433333333,-149.53233333333333,48.0,1,48.0,,tp,Natali_2023,I-Minus High,1,25,48.0,,interpolated_transect,True,False,False
Natali_2023_IMNH_T1_L26,2017-09-11,68.55725846666667,-149.53231126666665,56.0,1,56.0,,tp,Natali_2023,I-Minus High,1,26,56.0,,interpolated_transect,True,False,False
Natali_2023_IMNH_T1_L27,2017-09-11,68.5572626,-149.53228919999998,70.0,1,70.0,,tp,Natali_2023,I-Minus High,1,27,70.0,,interpolated_transect,True,False,False
Natali_2023_IMNH_T1_L28,2017-09-11,68.55726673333334,-149.53226713333333,37.0,1,37.0,,tp,Natali_2023,I-Minus High,1,28,37.0,,interpolated_transect,True,False,False
Natali_2023_IMNH_T1_L29,2017-09-11,68.55727086666667,-149.53224506666666,54.0,1,54.0,,tp,Natali_2023,I-Minus High,1,29,54.0,,interpolated_transect,True,False,False
Natali_2023_IMNH_T1_L30,2017-09-11,68.557275,-149.532223,55.0,1,55.0,,tp,Natali_2023,I-Minus High,1,30,55.0,,source_endpoint,False,False,False
Natali_2023_IMNH_T2_L0,2017-09-11,68.557297,-149.533136,82.0,1,82.0,,tp,Natali_2023,I-Minus High,2,0,82.0,,source_endpoint,False,False,False
Natali_2023_IMNH_T2_L1,2017-09-11,68.55730063333334,-149.53310923333333,76.0,1,76.0,,tp,Natali_2023,I-Minus High,2,1,76.0,,interpolated_transect,True,False,False
Natali_2023_IMNH_T2_L2,2017-09-11,68.55730426666668,-149.53308246666668,62.0,1,62.0,,tp,Natali_2023,I-Minus High,2,2,62.0,,interpolated_transect,True,False,False
Natali_2023_IMNH_T2_L3,2017-09-11,68.55730790000001,-149.5330557,62.0,1,62.0,,tp,Natali_2023,I-Minus High,2,3,62.0,,interpolated_transect,True,False,False
Natali_2023_IMNH_T2_L4,2017-09-11,68.55731153333333,-149.53302893333336,68.0,1,68.0,,tp,Natali_2023,I-Minus High,2,4,68.0,,interpolated_transect,True,False,False
Natali_2023_IMNH_T2_L5,2017-09-11,68.55731516666667,-149.53300216666668,55.0,1,55.0,,tp,Natali_2023,I-Minus High,2,5,55.0,,interpolated_transect,True,False,False
Natali_2023_IMNH_T2_L6,2017-09-11,68.5573188,-149.5329754,70.0,1,70.0,,tp,Natali_2023,I-Minus High,2,6,70.0,,interpolated_transect,True,False,False
Natali_2023_IMNH_T2_L7,2017-09-11,68.55732243333334,-149.53294863333335,62.0,1,62.0,,tp,Natali_2023,I-Minus High,2,7,62.0,,interpolated_transect,True,False,False
Natali_2023_IMNH_T2_L8,2017-09-11,68.55732606666668,-149.53292186666667,45.0,1,45.0,,tp,Natali_2023,I-Minus High,2,8,45.0,,interpolated_transect,True,False,False
Natali_2023_IMNH_T2_L9,2017-09-11,68.5573297,-149.53289510000002,40.0,1,40.0,,tp,Natali_2023,I-Minus High,2,9,40.0,,interpolated_transect,True,False,False
Natali_2023_IMNH_T2_L10,2017-09-11,68.55733333333333,-149.53286833333334,54.0,1,54.0,,tp,Natali_2023,I-Minus High,2,10,54.0,,interpolated_transect,True,False,False
Natali_2023_IMNH_T2_L11,2017-09-11,68.55733696666667,-149.53284156666666,75.0,1,75.0,,tp,Natali_2023,I-Minus High,2,11,75.0,,interpolated_transect,True,False,False
Natali_2023_IMNH_T2_L12,2017-09-11,68.5573406,-149.5328148,83.0,1,83.0,,tp,Natali_2023,I-Minus High,2,12,83.0,,interpolated_transect,True,False,False
Natali_2023_IMNH_T2_L13,2017-09-11,68.55734423333334,-149.53278803333333,78.0,1,78.0,,tp,Natali_2023,I-Minus High,2,13,78.0,,interpolated_transect,True,False,False
Natali_2023_IMNH_T2_L14,2017-09-11,68.55734786666667,-149.53276126666668,40.0,1,40.0,,tp,Natali_2023,I-Minus High,2,14,40.0,,interpolated_transect,True,False,False
Natali_2023_IMNH_T2_L15,2017-09-11,68.55735150000001,-149.5327345,57.0,1,57.0,,tp,Natali_2023,I-Minus High,2,15,57.0,,interpolated_transect,True,False,False
Natali_2023_IMNH_T2_L16,2017-09-11,68.55735513333333,-149.53270773333332,76.0,1,76.0,,tp,Natali_2023,I-Minus High,2,16,76.0,,interpolated_transect,True,False,False
Natali_2023_IMNH_T2_L17,2017-09-11,68.55735876666667,-149.53268096666667,74.0,1,74.0,,tp,Natali_2023,I-Minus High,2,17,74.0,,interpolated_transect,True,False,False
Natali_2023_IMNH_T2_L18,2017-09-11,68.5573624,-149.5326542,81.0,1,81.0,,tp,Natali_2023,I-Minus High,2,18,81.0,,interpolated_transect,True,False,False
Natali_2023_IMNH_T2_L19,2017-09-11,68.55736603333334,-149.53262743333335,63.0,1,63.0,,tp,Natali_2023,I-Minus High,2,19,63.0,,interpolated_transect,True,False,False
Natali_2023_IMNH_T2_L20,2017-09-11,68.55736966666667,-149.53260066666667,57.0,1,57.0,,tp,Natali_2023,I-Minus High,2,20,57.0,,interpolated_transect,True,False,False
Natali_2023_IMNH_T2_L21,2017-09-11,68.5573733,-149.5325739,43.0,1,43.0,,tp,Natali_2023,I-Minus High,2,21,43.0,,interpolated_transect,True,False,False
Natali_2023_IMNH_T2_L22,2017-09-11,68.55737693333333,-149.53254713333334,45.0,1,45.0,,tp,Natali_2023,I-Minus High,2,22,45.0,,interpolated_transect,True,False,False
Natali_2023_IMNH_T2_L23,2017-09-11,68.55738056666667,-149.53252036666666,60.0,1,60.0,,tp,Natali_2023,I-Minus High,2,23,60.0,,interpolated_transect,True,False,False
Natali_2023_IMNH_T2_L24,2017-09-11,68.5573842,-149.5324936,76.0,1,76.0,,tp,Natali_2023,I-Minus High,2,24,76.0,,interpolated_transect,True,False,False
Natali_2023_IMNH_T2_L25,2017-09-11,68.55738783333334,-149.53246683333333,69.0,1,69.0,,tp,Natali_2023,I-Minus High,2,25,69.0,,interpolated_transect,True,False,False
Natali_2023_IMNH_T2_L26,2017-09-11,68.55739146666667,-149.53244006666665,47.0,1,47.0,,tp,Natali_2023,I-Minus High,2,26,47.0,,interpolated_transect,True,False,False
Natali_2023_IMNH_T2_L27,2017-09-11,68.55739510000001,-149.5324133,53.0,1,53.0,,tp,Natali_2023,I-Minus High,2,27,53.0,,interpolated_transect,True,False,False
Natali_2023_IMNH_T2_L28,2017-09-11,68.55739873333333,-149.53238653333332,50.0,1,50.0,,tp,Natali_2023,I-Minus High,2,28,50.0,,interpolated_transect,True,False,False
Natali_2023_IMNH_T2_L30,2017-09-11,68.557406,-149.532333,40.0,1,40.0,,tp,Natali_2023,I-Minus High,2,30,40.0,,source_endpoint,False,False,False
Natali_2023_IMNH_T3_L0,2017-09-11,68.55744,-149.533321,56.0,1,56.0,,tp,Natali_2023,I-Minus High,3,0,56.0,,source_endpoint,False,False,False
Natali_2023_IMNH_T3_L1,2017-09-11,68.5574438,-149.53329730000002,61.0,1,61.0,,tp,Natali_2023,I-Minus High,3,1,61.0,,interpolated_transect,True,False,False
Natali_2023_IMNH_T3_L2,2017-09-11,68.5574476,-149.5332736,69.0,1,69.0,,tp,Natali_2023,I-Minus High,3,2,69.0,,interpolated_transect,True,False,False
Natali_2023_IMNH_T3_L3,2017-09-11,68.5574514,-149.5332499,63.0,1,63.0,,tp,Natali_2023,I-Minus High,3,3,63.0,,interpolated_transect,True,False,False
Natali_2023_IMNH_T3_L4,2017-09-11,68.55745519999999,-149.5332262,64.0,1,64.0,,tp,Natali_2023,I-Minus High,3,4,64.0,,interpolated_transect,True,False,False
Natali_2023_IMNH_T3_L5,2017-09-11,68.557459,-149.53320250000002,50.0,1,50.0,,tp,Natali_2023,I-Minus High,3,5,50.0,,interpolated_transect,True,False,False
Natali_2023_IMNH_T3_L6,2017-09-11,68.5574628,-149.5331788,44.0,1,44.0,,tp,Natali_2023,I-Minus High,3,6,44.0,,interpolated_transect,True,False,False
Natali_2023_IMNH_T3_L7,2017-09-11,68.5574666,-149.5331551,70.0,1,70.0,,tp,Natali_2023,I-Minus High,3,7,70.0,,interpolated_transect,True,False,False
Natali_2023_IMNH_T3_L8,2017-09-11,68.5574704,-149.5331314,48.0,1,48.0,,tp,Natali_2023,I-Minus High,3,8,48.0,,interpolated_transect,True,False,False
Natali_2023_IMNH_T3_L9,2017-09-11,68.5574742,-149.53310770000002,44.0,1,44.0,,tp,Natali_2023,I-Minus High,3,9,44.0,,interpolated_transect,True,False,False
Natali_2023_IMNH_T3_L10,2017-09-11,68.557478,-149.533084,44.0,1,44.0,,tp,Natali_2023,I-Minus High,3,10,44.0,,interpolated_transect,True,False,False
Natali_2023_IMNH_T3_L11,2017-09-11,68.5574818,-149.5330603,37.0,1,37.0,,tp,Natali_2023,I-Minus High,3,11,37.0,,interpolated_transect,True,False,False
Natali_2023_IMNH_T3_L12,2017-09-11,68.55748559999999,-149.5330366,37.0,1,37.0,,tp,Natali_2023,I-Minus High,3,12,37.0,,interpolated_transect,True,False,False
Natali_2023_IMNH_T3_L13,2017-09-11,68.5574894,-149.53301290000002,60.0,1,60.0,,tp,Natali_2023,I-Minus High,3,13,60.0,,interpolated_transect,True,False,False
Natali_2023_IMNH_T3_L14,2017-09-11,68.5574932,-149.5329892,57.0,1,57.0,,tp,Natali_2023,I-Minus High,3,14,57.0,,interpolated_transect,True,False,False
Natali_2023_IMNH_T3_L15,2017-09-11,68.557497,-149.5329655,55.0,1,55.0,,tp,Natali_2023,I-Minus High,3,15,55.0,,interpolated_transect,True,False,False
Natali_2023_IMNH_T3_L16,2017-09-11,68.5575008,-149.5329418,40.0,1,40.0,,tp,Natali_2023,I-Minus High,3,16,40.0,,interpolated_transect,True,False,False
Natali_2023_IMNH_T3_L17,2017-09-11,68.5575046,-149.53291810000002,44.0,1,44.0,,tp,Natali_2023,I-Minus High,3,17,44.0,,interpolated_transect,True,False,False
Natali_2023_IMNH_T3_L18,2017-09-11,68.5575084,-149.5328944,53.0,1,53.0,,tp,Natali_2023,I-Minus High,3,18,53.0,,interpolated_transect,True,False,False
Natali_2023_IMNH_T3_L19,2017-09-11,68.55751219999999,-149.5328707,56.0,1,56.0,,tp,Natali_2023,I-Minus High,3,19,56.0,,interpolated_transect,True,False,False
Natali_2023_IMNH_T3_L20,2017-09-11,68.55751599999999,-149.532847,40.0,1,40.0,,tp,Natali_2023,I-Minus High,3,20,40.0,,interpolated_transect,True,False,False
Natali_2023_IMNH_T3_L21,2017-09-11,68.5575198,-149.53282330000002,38.0,1,38.0,,tp,Natali_2023,I-Minus High,3,21,38.0,,interpolated_transect,True,False,False
Natali_2023_IMNH_T3_L22,2017-09-11,68.5575236,-149.5327996,35.0,1,35.0,,tp,Natali_2023,I-Minus High,3,22,35.0,,interpolated_transect,True,False,False
Natali_2023_IMNH_T3_L23,2017-09-11,68.5575274,-149.5327759,36.0,1,36.0,,tp,Natali_2023,I-Minus High,3,23,36.0,,interpolated_transect,True,False,False
Natali_2023_IMNH_T3_L24,2017-09-11,68.5575312,-149.5327522,42.0,1,42.0,,tp,Natali_2023,I-Minus High,3,24,42.0,,interpolated_transect,True,False,False
Natali_2023_IMNH_T3_L25,2017-09-11,68.557535,-149.53272850000002,38.0,1,38.0,,tp,Natali_2023,I-Minus High,3,25,38.0,,interpolated_transect,True,False,False
Natali_2023_IMNH_T3_L26,2017-09-11,68.5575388,-149.5327048,36.0,1,36.0,,tp,Natali_2023,I-Minus High,3,26,36.0,,interpolated_transect,True,False,False
Natali_2023_IMNH_T3_L27,2017-09-11,68.55754259999999,-149.5326811,38.0,1,38.0,,tp,Natali_2023,I-Minus High,3,27,38.0,,interpolated_transect,True,False,False
Natali_2023_IMNH_T3_L28,2017-09-11,68.55754639999999,-149.5326574,32.0,1,32.0,,tp,Natali_2023,I-Minus High,3,28,32.0,,interpolated_transect,True,False,False
Natali_2023_IMNH_T3_L29,2017-09-11,68.5575502,-149.53263370000002,52.0,1,52.0,,tp,Natali_2023,I-Minus High,3,29,52.0,,interpolated_transect,True,False,False
Natali_2023_IMNH_T3_L30,2017-09-11,68.557554,-149.53261,54.0,1,54.0,,tp,Natali_2023,I-Minus High,3,30,54.0,,source_endpoint,False,False,False
Natali_2023_YKDU_T1_L0,2017-09-24,61.270696,-163.238375,65.0,1,65.0,,tp,Natali_2023,YK Delta Unburned,1,0,65.0,only had time to set up a 25-m transect,source_endpoint,False,False,False
Natali_2023_YKDU_T1_L1,2017-09-24,61.27069876,-163.23839164,66.0,1,66.0,,tp,Natali_2023,YK Delta Unburned,1,1,66.0,,interpolated_transect,True,False,False
Natali_2023_YKDU_T1_L2,2017-09-24,61.27070152,-163.23840828,60.0,1,60.0,,tp,Natali_2023,YK Delta Unburned,1,2,60.0,,interpolated_transect,True,False,False
Natali_2023_YKDU_T1_L3,2017-09-24,61.270704280000004,-163.23842492,61.0,1,61.0,,tp,Natali_2023,YK Delta Unburned,1,3,61.0,,interpolated_transect,True,False,False
Natali_2023_YKDU_T1_L4,2017-09-24,61.27070704,-163.23844155999998,60.0,1,60.0,,tp,Natali_2023,YK Delta Unburned,1,4,60.0,,interpolated_transect,True,False,False
Natali_2023_YKDU_T1_L5,2017-09-24,61.2707098,-163.2384582,65.0,1,65.0,,tp,Natali_2023,YK Delta Unburned,1,5,65.0,,interpolated_transect,True,False,False
Natali_2023_YKDU_T1_L6,2017-09-24,61.27071256,-163.23847483999998,70.0,1,70.0,,tp,Natali_2023,YK Delta Unburned,1,6,70.0,,interpolated_transect,True,False,False
Natali_2023_YKDU_T1_L7,2017-09-24,61.27071532,-163.23849148,64.0,1,64.0,,tp,Natali_2023,YK Delta Unburned,1,7,64.0,,interpolated_transect,True,False,False
Natali_2023_YKDU_T1_L8,2017-09-24,61.27071808,-163.23850811999998,68.0,1,68.0,,tp,Natali_2023,YK Delta Unburned,1,8,68.0,,interpolated_transect,True,False,False
Natali_2023_YKDU_T1_L9,2017-09-24,61.27072084,-163.23852476,62.0,1,62.0,,tp,Natali_2023,YK Delta Unburned,1,9,62.0,,interpolated_transect,True,False,False
Natali_2023_YKDU_T1_L10,2017-09-24,61.2707236,-163.2385414,58.0,1,58.0,,tp,Natali_2023,YK Delta Unburned,1,10,58.0,,interpolated_transect,True,False,False
Natali_2023_YKDU_T1_L11,2017-09-24,61.27072636,-163.23855804,56.0,1,56.0,,tp,Natali_2023,YK Delta Unburned,1,11,56.0,,interpolated_transect,True,False,False
Natali_2023_YKDU_T1_L12,2017-09-24,61.27072912,-163.23857468,62.0,1,62.0,,tp,Natali_2023,YK Delta Unburned,1,12,62.0,,interpolated_transect,True,False,False
Natali_2023_YKDU_T1_L13,2017-09-24,61.27073188,-163.23859131999998,55.0,1,55.0,,tp,Natali_2023,YK Delta Unburned,1,13,55.0,,interpolated_transect,True,False,False
Natali_2023_YKDU_T1_L14,2017-09-24,61.27073464,-163.23860796,58.0,1,58.0,,tp,Natali_2023,YK Delta Unburned,1,14,58.0,,interpolated_transect,True,False,False
Natali_2023_YKDU_T1_L15,2017-09-24,61.2707374,-163.23862459999998,58.0,1,58.0,,tp,Natali_2023,YK Delta Unburned,1,15,58.0,,interpolated_transect,True,False,False
Natali_2023_YKDU_T1_L16,2017-09-24,61.270740159999995,-163.23864124,51.0,1,51.0,,tp,Natali_2023,YK Delta Unburned,1,16,51.0,,interpolated_transect,True,False,False
Natali_2023_YKDU_T1_L17,2017-09-24,61.270742919999996,-163.23865788,65.0,1,65.0,,tp,Natali_2023,YK Delta Unburned,1,17,65.0,,interpolated_transect,True,False,False
Natali_2023_YKDU_T1_L18,2017-09-24,61.27074568,-163.23867452,63.0,1,63.0,,tp,Natali_2023,YK Delta Unburned,1,18,63.0,,interpolated_transect,True,False,False
Natali_2023_YKDU_T1_L19,2017-09-24,61.27074844,-163.23869116,62.0,1,62.0,,tp,Natali_2023,YK Delta Unburned,1,19,62.0,,interpolated_transect,True,False,False
Natali_2023_YKDU_T1_L20,2017-09-24,61.2707512,-163.2387078,63.0,1,63.0,,tp,Natali_2023,YK Delta Unburned,1,20,63.0,,interpolated_transect,True,False,False
Natali_2023_YKDU_T1_L21,2017-09-24,61.27075396,-163.23872444,51.0,1,51.0,,tp,Natali_2023,YK Delta Unburned,1,21,51.0,,interpolated_transect,True,False,False
Natali_2023_YKDU_T1_L22,2017-09-24,61.270756719999994,-163.23874107999998,59.0,1,59.0,,tp,Natali_2023,YK Delta Unburned,1,22,59.0,,interpolated_transect,True,False,False
Natali_2023_YKDU_T1_L23,2017-09-24,61.270759479999995,-163.23875772,56.0,1,56.0,,tp,Natali_2023,YK Delta Unburned,1,23,56.0,,interpolated_transect,True,False,False
Natali_2023_YKDU_T1_L24,2017-09-24,61.270762239999996,-163.23877435999998,61.0,1,61.0,,tp,Natali_2023,YK Delta Unburned,1,24,61.0,,interpolated_transect,True,False,False
Natali_2023_YKDU_T1_L25,2017-09-24,61.270765,-163.238791,61.0,1,61.0,,tp,Natali_2023,YK Delta Unburned,1,25,61.0,,source_endpoint,False,False,False
Natali_2023_YKDB_T1_L0,2017-09-24,61.270118,-163.235834,73.0,1,73.0,,tp,Natali_2023,YK Delta Burned,1,0,73.0,,source_endpoint,False,False,False
Natali_2023_YKDB_T1_L1,2017-09-24,61.2701116,-163.23581848,76.0,1,76.0,,tp,Natali_2023,YK Delta Burned,1,1,76.0,,interpolated_transect,True,False,False
Natali_2023_YKDB_T1_L2,2017-09-24,61.270105199999996,-163.23580296,70.0,1,70.0,,tp,Natali_2023,YK Delta Burned,1,2,70.0,,interpolated_transect,True,False,False
Natali_2023_YKDB_T1_L3,2017-09-24,61.2700988,-163.23578744,65.0,1,65.0,,tp,Natali_2023,YK Delta Burned,1,3,65.0,,interpolated_transect,True,False,False
Natali_2023_YKDB_T1_L4,2017-09-24,61.270092399999996,-163.23577192000002,60.0,1,60.0,,tp,Natali_2023,YK Delta Burned,1,4,60.0,,interpolated_transect,True,False,False
Natali_2023_YKDB_T1_L5,2017-09-24,61.270086,-163.2357564,50.0,1,50.0,,tp,Natali_2023,YK Delta Burned,1,5,50.0,,interpolated_transect,True,False,False
Natali_2023_YKDB_T1_L6,2017-09-24,61.270079599999995,-163.23574088,62.0,1,62.0,,tp,Natali_2023,YK Delta Burned,1,6,62.0,,interpolated_transect,True,False,False
Natali_2023_YKDB_T1_L7,2017-09-24,61.2700732,-163.23572536,70.0,1,70.0,,tp,Natali_2023,YK Delta Burned,1,7,70.0,,interpolated_transect,True,False,False
Natali_2023_YKDB_T1_L8,2017-09-24,61.270066799999995,-163.23570984,68.0,1,68.0,,tp,Natali_2023,YK Delta Burned,1,8,68.0,,interpolated_transect,True,False,False
Natali_2023_YKDB_T1_L9,2017-09-24,61.2700604,-163.23569432,68.0,1,68.0,,tp,Natali_2023,YK Delta Burned,1,9,68.0,,interpolated_transect,True,False,False
Natali_2023_YKDB_T1_L10,2017-09-24,61.270054,-163.23567880000002,78.0,1,78.0,,tp,Natali_2023,YK Delta Burned,1,10,78.0,,interpolated_transect,True,False,False
Natali_2023_YKDB_T1_L11,2017-09-24,61.2700476,-163.23566328,74.0,1,74.0,,tp,Natali_2023,YK Delta Burned,1,11,74.0,,interpolated_transect,True,False,False
Natali_2023_YKDB_T1_L12,2017-09-24,61.2700412,-163.23564776,61.0,1,61.0,,tp,Natali_2023,YK Delta Burned,1,12,61.0,,interpolated_transect,True,False,False
Natali_2023_YKDB_T1_L13,2017-09-24,61.2700348,-163.23563224,64.0,1,64.0,,tp,Natali_2023,YK Delta Burned,1,13,64.0,,interpolated_transect,True,False,False
Natali_2023_YKDB_T1_L14,2017-09-24,61.2700284,-163.23561672,66.0,1,66.0,,tp,Natali_2023,YK Delta Burned,1,14,66.0,,interpolated_transect,True,False,False
Natali_2023_YKDB_T1_L15,2017-09-24,61.270022,-163.2356012,70.0,1,70.0,,tp,Natali_2023,YK Delta Burned,1,15,70.0,,interpolated_transect,True,False,False
Natali_2023_YKDB_T1_L16,2017-09-24,61.2700156,-163.23558568,63.0,1,63.0,,tp,Natali_2023,YK Delta Burned,1,16,63.0,,interpolated_transect,True,False,False
Natali_2023_YKDB_T1_L17,2017-09-24,61.270009200000004,-163.23557016,68.0,1,68.0,,tp,Natali_2023,YK Delta Burned,1,17,68.0,,interpolated_transect,True,False,False
Natali_2023_YKDB_T1_L18,2017-09-24,61.2700028,-163.23555464,68.0,1,68.0,,tp,Natali_2023,YK Delta Burned,1,18,68.0,,interpolated_transect,True,False,False
Natali_2023_YKDB_T1_L19,2017-09-24,61.269996400000004,-163.23553912,63.0,1,63.0,,tp,Natali_2023,YK Delta Burned,1,19,63.0,,interpolated_transect,True,False,False
Natali_2023_YKDB_T1_L20,2017-09-24,61.26999,-163.2355236,68.0,1,68.0,,tp,Natali_2023,YK Delta Burned,1,20,68.0,,interpolated_transect,True,False,False
Natali_2023_YKDB_T1_L21,2017-09-24,61.2699836,-163.23550808,64.0,1,64.0,,tp,Natali_2023,YK Delta Burned,1,21,64.0,,interpolated_transect,True,False,False
Natali_2023_YKDB_T1_L22,2017-09-24,61.2699772,-163.23549256,64.0,1,64.0,,tp,Natali_2023,YK Delta Burned,1,22,64.0,,interpolated_transect,True,False,False
Natali_2023_YKDB_T1_L23,2017-09-24,61.2699708,-163.23547704,65.0,1,65.0,,tp,Natali_2023,YK Delta Burned,1,23,65.0,,interpolated_transect,True,False,False
Natali_2023_YKDB_T1_L24,2017-09-24,61.2699644,-163.23546152,65.0,1,65.0,,tp,Natali_2023,YK Delta Burned,1,24,65.0,,interpolated_transect,True,False,False
Natali_2023_YKDB_T1_L25,2017-09-24,61.269958,-163.235446,69.0,1,69.0,,tp,Natali_2023,YK Delta Burned,1,25,69.0,,source_endpoint,False,False,False
Natali_2023_EML_T1_L0,2018-07-04,63.880063,-149.256049,44.0,1,44.0,,tp,Natali_2023,Eight Mile Lake,1,0,44.0,,source_endpoint,False,False,False
Natali_2023_EML_T1_L1,2018-07-04,63.88006646666667,-149.25606756666664,44.0,1,44.0,,tp,Natali_2023,Eight Mile Lake,1,1,44.0,,interpolated_transect,True,False,False
Natali_2023_EML_T1_L2,2018-07-04,63.88006993333333,-149.25608613333333,34.0,1,34.0,,tp,Natali_2023,Eight Mile Lake,1,2,34.0,,interpolated_transect,True,False,False
Natali_2023_EML_T1_L3,2018-07-04,63.8800734,-149.25610469999998,36.0,1,36.0,,tp,Natali_2023,Eight Mile Lake,1,3,36.0,,interpolated_transect,True,False,False
Natali_2023_EML_T1_L4,2018-07-04,63.88007686666667,-149.25612326666666,64.0,1,64.0,,tp,Natali_2023,Eight Mile Lake,1,4,64.0,,interpolated_transect,True,False,False
Natali_2023_EML_T1_L5,2018-07-04,63.88008033333333,-149.25614183333332,61.0,1,61.0,,tp,Natali_2023,Eight Mile Lake,1,5,61.0,,interpolated_transect,True,False,False
Natali_2023_EML_T1_L6,2018-07-04,63.8800838,-149.2561604,37.0,1,37.0,,tp,Natali_2023,Eight Mile Lake,1,6,37.0,,interpolated_transect,True,False,False
Natali_2023_EML_T1_L7,2018-07-04,63.88008726666666,-149.25617896666665,38.0,1,38.0,,tp,Natali_2023,Eight Mile Lake,1,7,38.0,,interpolated_transect,True,False,False
Natali_2023_EML_T1_L8,2018-07-04,63.88009073333333,-149.25619753333334,42.0,1,42.0,,tp,Natali_2023,Eight Mile Lake,1,8,42.0,,interpolated_transect,True,False,False
Natali_2023_EML_T1_L9,2018-07-04,63.8800942,-149.2562161,43.0,1,43.0,,tp,Natali_2023,Eight Mile Lake,1,9,43.0,,interpolated_transect,True,False,False
Natali_2023_EML_T1_L10,2018-07-04,63.880097666666664,-149.25623466666667,38.0,1,38.0,,tp,Natali_2023,Eight Mile Lake,1,10,38.0,,interpolated_transect,True,False,False
Natali_2023_EML_T1_L11,2018-07-04,63.88010113333333,-149.25625323333333,36.0,1,36.0,,tp,Natali_2023,Eight Mile Lake,1,11,36.0,,interpolated_transect,True,False,False
Natali_2023_EML_T1_L12,2018-07-04,63.8801046,-149.2562718,58.0,1,58.0,,tp,Natali_2023,Eight Mile Lake,1,12,58.0,,interpolated_transect,True,False,False
Natali_2023_EML_T1_L13,2018-07-04,63.880108066666665,-149.25629036666666,35.0,1,35.0,,tp,Natali_2023,Eight Mile Lake,1,13,35.0,,interpolated_transect,True,False,False
Natali_2023_EML_T1_L14,2018-07-04,63.880111533333334,-149.25630893333334,34.0,1,34.0,,tp,Natali_2023,Eight Mile Lake,1,14,34.0,,interpolated_transect,True,False,False
Natali_2023_EML_T1_L15,2018-07-04,63.880115,-149.2563275,42.0,1,42.0,,tp,Natali_2023,Eight Mile Lake,1,15,42.0,,interpolated_transect,True,False,False
Natali_2023_EML_T1_L16,2018-07-04,63.880118466666666,-149.25634606666665,39.0,1,39.0,,tp,Natali_2023,Eight Mile Lake,1,16,39.0,,interpolated_transect,True,False,False
Natali_2023_EML_T1_L17,2018-07-04,63.880121933333335,-149.25636463333333,34.0,1,34.0,,tp,Natali_2023,Eight Mile Lake,1,17,34.0,,interpolated_transect,True,False,False
Natali_2023_EML_T1_L18,2018-07-04,63.8801254,-149.2563832,32.0,1,32.0,,tp,Natali_2023,Eight Mile Lake,1,18,32.0,,interpolated_transect,True,False,False
Natali_2023_EML_T1_L19,2018-07-04,63.88012886666667,-149.25640176666667,34.0,1,34.0,,tp,Natali_2023,Eight Mile Lake,1,19,34.0,,interpolated_transect,True,False,False
Natali_2023_EML_T1_L20,2018-07-04,63.880132333333336,-149.25642033333332,28.0,1,28.0,,tp,Natali_2023,Eight Mile Lake,1,20,28.0,,interpolated_transect,True,False,False
Natali_2023_EML_T1_L21,2018-07-04,63.8801358,-149.2564389,30.0,1,30.0,,tp,Natali_2023,Eight Mile Lake,1,21,30.0,,interpolated_transect,True,False,False
Natali_2023_EML_T1_L22,2018-07-04,63.88013926666667,-149.25645746666666,27.0,1,27.0,,tp,Natali_2023,Eight Mile Lake,1,22,27.0,,interpolated_transect,True,False,False
Natali_2023_EML_T1_L23,2018-07-04,63.88014273333334,-149.25647603333334,28.0,1,28.0,,tp,Natali_2023,Eight Mile Lake,1,23,28.0,,interpolated_transect,True,False,False
Natali_2023_EML_T1_L24,2018-07-04,63.8801462,-149.2564946,23.0,1,23.0,,tp,Natali_2023,Eight Mile Lake,1,24,23.0,,interpolated_transect,True,False,False
Natali_2023_EML_T1_L25,2018-07-04,63.88014966666667,-149.25651316666668,25.0,1,25.0,,tp,Natali_2023,Eight Mile Lake,1,25,25.0,,interpolated_transect,True,False,False
Natali_2023_EML_T1_L26,2018-07-04,63.88015313333333,-149.25653173333333,24.0,1,24.0,,tp,Natali_2023,Eight Mile Lake,1,26,24.0,,interpolated_transect,True,False,False
Natali_2023_EML_T1_L27,2018-07-04,63.8801566,-149.25655030000001,21.0,1,21.0,,tp,Natali_2023,Eight Mile Lake,1,27,21.0,,interpolated_transect,True,False,False
Natali_2023_EML_T1_L28,2018-07-04,63.88016006666667,-149.25656886666667,27.0,1,27.0,,tp,Natali_2023,Eight Mile Lake,1,28,27.0,,interpolated_transect,True,False,False
Natali_2023_EML_T1_L29,2018-07-04,63.88016353333333,-149.25658743333335,26.0,1,26.0,,tp,Natali_2023,Eight Mile Lake,1,29,26.0,,interpolated_transect,True,False,False
Natali_2023_EML_T1_L30,2018-07-04,63.880167,-149.256606,29.0,1,29.0,,tp,Natali_2023,Eight Mile Lake,1,30,29.0,,source_endpoint,False,False,False
Natali_2023_EML_T2_L0,2018-07-04,63.880225,-149.255864,26.0,1,26.0,,tp,Natali_2023,Eight Mile Lake,2,0,26.0,,source_endpoint,False,False,False
Natali_2023_EML_T2_L1,2018-07-04,63.880228800000005,-149.25588166666668,26.0,1,26.0,,tp,Natali_2023,Eight Mile Lake,2,1,26.0,,interpolated_transect,True,False,False
Natali_2023_EML_T2_L2,2018-07-04,63.8802326,-149.25589933333333,29.0,1,29.0,,tp,Natali_2023,Eight Mile Lake,2,2,29.0,,interpolated_transect,True,False,False
Natali_2023_EML_T2_L3,2018-07-04,63.8802364,-149.255917,2.0,1,2.0,,tp,Natali_2023,Eight Mile Lake,2,3,2.0,,interpolated_transect,True,False,False
Natali_2023_EML_T2_L4,2018-07-04,63.8802402,-149.25593466666666,3.0,1,3.0,,tp,Natali_2023,Eight Mile Lake,2,4,3.0,,interpolated_transect,True,False,False
Natali_2023_EML_T2_L5,2018-07-04,63.880244000000005,-149.25595233333334,43.0,1,43.0,,tp,Natali_2023,Eight Mile Lake,2,5,43.0,,interpolated_transect,True,False,False
Natali_2023_EML_T2_L6,2018-07-04,63.8802478,-149.25597,40.0,1,40.0,,tp,Natali_2023,Eight Mile Lake,2,6,40.0,,interpolated_transect,True,False,False
Natali_2023_EML_T2_L7,2018-07-04,63.8802516,-149.25598766666667,52.0,1,52.0,,tp,Natali_2023,Eight Mile Lake,2,7,52.0,,interpolated_transect,True,False,False
Natali_2023_EML_T2_L8,2018-07-04,63.8802554,-149.25600533333335,54.0,1,54.0,,tp,Natali_2023,Eight Mile Lake,2,8,54.0,,interpolated_transect,True,False,False
Natali_2023_EML_T2_L9,2018-07-04,63.880259200000005,-149.256023,33.0,1,33.0,,tp,Natali_2023,Eight Mile Lake,2,9,33.0,,interpolated_transect,True,False,False
Natali_2023_EML_T2_L10,2018-07-04,63.880263,-149.25604066666668,30.0,1,30.0,,tp,Natali_2023,Eight Mile Lake,2,10,30.0,,interpolated_transect,True,False,False
Natali_2023_EML_T2_L11,2018-07-04,63.8802668,-149.25605833333333,34.0,1,34.0,,tp,Natali_2023,Eight Mile Lake,2,11,34.0,,interpolated_transect,True,False,False
Natali_2023_EML_T2_L12,2018-07-04,63.8802706,-149.256076,35.0,1,35.0,,tp,Natali_2023,Eight Mile Lake,2,12,35.0,,interpolated_transect,True,False,False
Natali_2023_EML_T2_L13,2018-07-04,63.880274400000005,-149.25609366666666,39.0,1,39.0,,tp,Natali_2023,Eight Mile Lake,2,13,39.0,,interpolated_transect,True,False,False
Natali_2023_EML_T2_L14,2018-07-04,63.8802782,-149.25611133333334,28.0,1,28.0,,tp,Natali_2023,Eight Mile Lake,2,14,28.0,,interpolated_transect,True,False,False
Natali_2023_EML_T2_L15,2018-07-04,63.880282,-149.256129,35.0,1,35.0,,tp,Natali_2023,Eight Mile Lake,2,15,35.0,,interpolated_transect,True,False,False
Natali_2023_EML_T2_L16,2018-07-04,63.8802858,-149.25614666666667,28.0,1,28.0,,tp,Natali_2023,Eight Mile Lake,2,16,28.0,,interpolated_transect,True,False,False
Natali_2023_EML_T2_L17,2018-07-04,63.8802896,-149.25616433333334,30.0,1,30.0,,tp,Natali_2023,Eight Mile Lake,2,17,30.0,,interpolated_transect,True,False,False
Natali_2023_EML_T2_L18,2018-07-04,63.8802934,-149.256182,37.0,1,37.0,,tp,Natali_2023,Eight Mile Lake,2,18,37.0,,interpolated_transect,True,False,False
Natali_2023_EML_T2_L19,2018-07-04,63.8802972,-149.25619966666667,3.0,1,3.0,,tp,Natali_2023,Eight Mile Lake,2,19,3.0,,interpolated_transect,True,False,False
Natali_2023_EML_T2_L20,2018-07-04,63.880301,-149.25621733333332,30.0,1,30.0,,tp,Natali_2023,Eight Mile Lake,2,20,30.0,,interpolated_transect,True,False,False
Natali_2023_EML_T2_L21,2018-07-04,63.8803048,-149.256235,31.0,1,31.0,,tp,Natali_2023,Eight Mile Lake,2,21,31.0,,interpolated_transect,True,False,False
Natali_2023_EML_T2_L22,2018-07-04,63.8803086,-149.25625266666665,35.0,1,35.0,,tp,Natali_2023,Eight Mile Lake,2,22,35.0,,interpolated_transect,True,False,False
Natali_2023_EML_T2_L23,2018-07-04,63.8803124,-149.25627033333333,26.0,1,26.0,,tp,Natali_2023,Eight Mile Lake,2,23,26.0,,interpolated_transect,True,False,False
Natali_2023_EML_T2_L24,2018-07-04,63.8803162,-149.256288,30.0,1,30.0,,tp,Natali_2023,Eight Mile Lake,2,24,30.0,,interpolated_transect,True,False,False
Natali_2023_EML_T2_L25,2018-07-04,63.88032,-149.25630566666666,27.0,1,27.0,,tp,Natali_2023,Eight Mile Lake,2,25,27.0,,interpolated_transect,True,False,False
Natali_2023_EML_T2_L26,2018-07-04,63.8803238,-149.25632333333334,26.0,1,26.0,,tp,Natali_2023,Eight Mile Lake,2,26,26.0,,interpolated_transect,True,False,False
Natali_2023_EML_T2_L27,2018-07-04,63.8803276,-149.256341,34.0,1,34.0,,tp,Natali_2023,Eight Mile Lake,2,27,34.0,,interpolated_transect,True,False,False
Natali_2023_EML_T2_L28,2018-07-04,63.8803314,-149.25635866666667,28.0,1,28.0,,tp,Natali_2023,Eight Mile Lake,2,28,28.0,,interpolated_transect,True,False,False
Natali_2023_EML_T2_L29,2018-07-04,63.8803352,-149.25637633333332,29.0,1,29.0,,tp,Natali_2023,Eight Mile Lake,2,29,29.0,,interpolated_transect,True,False,False
Natali_2023_EML_T2_L30,2018-07-04,63.880339,-149.256394,28.0,1,28.0,,tp,Natali_2023,Eight Mile Lake,2,30,28.0,,source_endpoint,False,False,False
Natali_2023_EML_T3_L0,2018-07-04,63.880332,-149.255684,33.0,1,33.0,,tp,Natali_2023,Eight Mile Lake,3,0,33.0,,source_endpoint,False,False,False
Natali_2023_EML_T3_L1,2018-07-04,63.8803368,-149.25570163333333,54.0,1,54.0,,tp,Natali_2023,Eight Mile Lake,3,1,54.0,,interpolated_transect,True,False,False
Natali_2023_EML_T3_L2,2018-07-04,63.8803416,-149.25571926666666,34.0,1,34.0,,tp,Natali_2023,Eight Mile Lake,3,2,34.0,,interpolated_transect,True,False,False
Natali_2023_EML_T3_L3,2018-07-04,63.8803464,-149.2557369,34.0,1,34.0,,tp,Natali_2023,Eight Mile Lake,3,3,34.0,,interpolated_transect,True,False,False
Natali_2023_EML_T3_L4,2018-07-04,63.8803512,-149.25575453333335,7.0,1,7.0,,tp,Natali_2023,Eight Mile Lake,3,4,7.0,,interpolated_transect,True,False,False
Natali_2023_EML_T3_L5,2018-07-04,63.880356000000006,-149.25577216666667,36.0,1,36.0,,tp,Natali_2023,Eight Mile Lake,3,5,36.0,,interpolated_transect,True,False,False
Natali_2023_EML_T3_L6,2018-07-04,63.880360800000005,-149.2557898,32.0,1,32.0,,tp,Natali_2023,Eight Mile Lake,3,6,32.0,,interpolated_transect,True,False,False
Natali_2023_EML_T3_L7,2018-07-04,63.880365600000005,-149.25580743333333,32.0,1,32.0,,tp,Natali_2023,Eight Mile Lake,3,7,32.0,,interpolated_transect,True,False,False
Natali_2023_EML_T3_L8,2018-07-04,63.880370400000004,-149.25582506666666,30.0,1,30.0,,tp,Natali_2023,Eight Mile Lake,3,8,30.0,,interpolated_transect,True,False,False
Natali_2023_EML_T3_L9,2018-07-04,63.8803752,-149.25584270000002,32.0,1,32.0,,tp,Natali_2023,Eight Mile Lake,3,9,32.0,,interpolated_transect,True,False,False
Natali_2023_EML_T3_L10,2018-07-04,63.88038,-149.25586033333335,30.0,1,30.0,,tp,Natali_2023,Eight Mile Lake,3,10,30.0,,interpolated_transect,True,False,False
Natali_2023_EML_T3_L11,2018-07-04,63.8803848,-149.25587796666667,31.0,1,31.0,,tp,Natali_2023,Eight Mile Lake,3,11,31.0,,interpolated_transect,True,False,False
Natali_2023_EML_T3_L12,2018-07-04,63.8803896,-149.2558956,33.0,1,33.0,,tp,Natali_2023,Eight Mile Lake,3,12,33.0,,interpolated_transect,True,False,False
Natali_2023_EML_T3_L13,2018-07-04,63.8803944,-149.25591323333333,35.0,1,35.0,,tp,Natali_2023,Eight Mile Lake,3,13,35.0,,interpolated_transect,True,False,False
Natali_2023_EML_T3_L14,2018-07-04,63.8803992,-149.25593086666666,39.0,1,39.0,,tp,Natali_2023,Eight Mile Lake,3,14,39.0,,interpolated_transect,True,False,False
Natali_2023_EML_T3_L15,2018-07-04,63.880404,-149.2559485,30.0,1,30.0,,tp,Natali_2023,Eight Mile Lake,3,15,30.0,,interpolated_transect,True,False,False
Natali_2023_EML_T3_L16,2018-07-04,63.880408800000005,-149.25596613333335,23.0,1,23.0,,tp,Natali_2023,Eight Mile Lake,3,16,23.0,,interpolated_transect,True,False,False
Natali_2023_EML_T3_L17,2018-07-04,63.880413600000004,-149.25598376666667,28.0,1,28.0,,tp,Natali_2023,Eight Mile Lake,3,17,28.0,,interpolated_transect,True,False,False
Natali_2023_EML_T3_L18,2018-07-04,63.8804184,-149.2560014,2.0,1,2.0,,tp,Natali_2023,Eight Mile Lake,3,18,2.0,,interpolated_transect,True,False,False
Natali_2023_EML_T3_L19,2018-07-04,63.8804232,-149.25601903333333,37.0,1,37.0,,tp,Natali_2023,Eight Mile Lake,3,19,37.0,,interpolated_transect,True,False,False
Natali_2023_EML_T3_L20,2018-07-04,63.880428,-149.25603666666666,31.0,1,31.0,,tp,Natali_2023,Eight Mile Lake,3,20,31.0,,interpolated_transect,True,False,False
Natali_2023_EML_T3_L21,2018-07-04,63.8804328,-149.25605430000002,25.0,1,25.0,,tp,Natali_2023,Eight Mile Lake,3,21,25.0,,interpolated_transect,True,False,False
Natali_2023_EML_T3_L22,2018-07-04,63.8804376,-149.25607193333335,23.0,1,23.0,,tp,Natali_2023,Eight Mile Lake,3,22,23.0,,interpolated_transect,True,False,False
Natali_2023_EML_T3_L23,2018-07-04,63.8804424,-149.25608956666667,28.0,1,28.0,,tp,Natali_2023,Eight Mile Lake,3,23,28.0,,interpolated_transect,True,False,False
Natali_2023_EML_T3_L24,2018-07-04,63.8804472,-149.2561072,30.0,1,30.0,,tp,Natali_2023,Eight Mile Lake,3,24,30.0,,interpolated_transect,True,False,False
Natali_2023_EML_T3_L25,2018-07-04,63.880452000000005,-149.25612483333333,38.0,1,38.0,,tp,Natali_2023,Eight Mile Lake,3,25,38.0,,interpolated_transect,True,False,False
Natali_2023_EML_T3_L26,2018-07-04,63.880456800000005,-149.25614246666666,30.0,1,30.0,,tp,Natali_2023,Eight Mile Lake,3,26,30.0,,interpolated_transect,True,False,False
Natali_2023_EML_T3_L27,2018-07-04,63.880461600000004,-149.2561601,35.0,1,35.0,,tp,Natali_2023,Eight Mile Lake,3,27,35.0,,interpolated_transect,True,False,False
Natali_2023_EML_T3_L28,2018-07-04,63.8804664,-149.25617773333335,28.0,1,28.0,,tp,Natali_2023,Eight Mile Lake,3,28,28.0,,interpolated_transect,True,False,False
Natali_2023_EML_T3_L29,2018-07-04,63.8804712,-149.25619536666667,30.0,1,30.0,,tp,Natali_2023,Eight Mile Lake,3,29,30.0,,interpolated_transect,True,False,False
Natali_2023_EML_T3_L30,2018-07-04,63.880476,-149.256213,27.0,1,27.0,,tp,Natali_2023,Eight Mile Lake,3,30,27.0,,source_endpoint,False,False,False
Natali_2023_HCU_T1_L0,2018-07-05,65.567191,-148.925705,33.0,1,33.0,,tp,Natali_2023,Hess Creek Unburned,1,0,33.0,,source_endpoint,False,False,False
Natali_2023_HCU_T1_L1,2018-07-05,65.56720056666666,-148.9257083,24.0,1,24.0,,tp,Natali_2023,Hess Creek Unburned,1,1,24.0,,interpolated_transect,True,False,False
Natali_2023_HCU_T1_L2,2018-07-05,65.56721013333333,-148.9257116,27.0,1,27.0,,tp,Natali_2023,Hess Creek Unburned,1,2,27.0,,interpolated_transect,True,False,False
Natali_2023_HCU_T1_L3,2018-07-05,65.5672197,-148.9257149,26.0,1,26.0,,tp,Natali_2023,Hess Creek Unburned,1,3,26.0,,interpolated_transect,True,False,False
Natali_2023_HCU_T1_L4,2018-07-05,65.56722926666666,-148.9257182,34.0,1,34.0,,tp,Natali_2023,Hess Creek Unburned,1,4,34.0,,interpolated_transect,True,False,False
Natali_2023_HCU_T1_L5,2018-07-05,65.56723883333333,-148.9257215,31.0,1,31.0,,tp,Natali_2023,Hess Creek Unburned,1,5,31.0,,interpolated_transect,True,False,False
Natali_2023_HCU_T1_L6,2018-07-05,65.5672484,-148.92572479999998,30.0,1,30.0,,tp,Natali_2023,Hess Creek Unburned,1,6,30.0,,interpolated_transect,True,False,False
Natali_2023_HCU_T1_L7,2018-07-05,65.56725796666666,-148.9257281,28.0,1,28.0,,tp,Natali_2023,Hess Creek Unburned,1,7,28.0,,interpolated_transect,True,False,False
Natali_2023_HCU_T1_L8,2018-07-05,65.56726753333332,-148.9257314,29.0,1,29.0,,tp,Natali_2023,Hess Creek Unburned,1,8,29.0,,interpolated_transect,True,False,False
Natali_2023_HCU_T1_L9,2018-07-05,65.5672771,-148.9257347,31.0,1,31.0,,tp,Natali_2023,Hess Creek Unburned,1,9,31.0,,interpolated_transect,True,False,False
Natali_2023_HCU_T1_L10,2018-07-05,65.56728666666666,-148.925738,24.0,1,24.0,,tp,Natali_2023,Hess Creek Unburned,1,10,24.0,,interpolated_transect,True,False,False
Natali_2023_HCU_T1_L11,2018-07-05,65.56729623333332,-148.9257413,25.0,1,25.0,,tp,Natali_2023,Hess Creek Unburned,1,11,25.0,,interpolated_transect,True,False,False
Natali_2023_HCU_T1_L12,2018-07-05,65.5673058,-148.9257446,33.0,1,33.0,,tp,Natali_2023,Hess Creek Unburned,1,12,33.0,,interpolated_transect,True,False,False
Natali_2023_HCU_T1_L13,2018-07-05,65.56731536666666,-148.9257479,41.0,1,41.0,,tp,Natali_2023,Hess Creek Unburned,1,13,41.0,,interpolated_transect,True,False,False
Natali_2023_HCU_T1_L14,2018-07-05,65.56732493333332,-148.9257512,29.0,1,29.0,,tp,Natali_2023,Hess Creek Unburned,1,14,29.0,,interpolated_transect,True,False,False
Natali_2023_HCU_T1_L15,2018-07-05,65.56733449999999,-148.92575449999998,30.0,1,30.0,,tp,Natali_2023,Hess Creek Unburned,1,15,30.0,,interpolated_transect,True,False,False
Natali_2023_HCU_T1_L16,2018-07-05,65.56734406666666,-148.92575779999999,35.0,1,35.0,,tp,Natali_2023,Hess Creek Unburned,1,16,35.0,,interpolated_transect,True,False,False
Natali_2023_HCU_T1_L17,2018-07-05,65.56735363333333,-148.9257611,39.0,1,39.0,,tp,Natali_2023,Hess Creek Unburned,1,17,39.0,,interpolated_transect,True,False,False
Natali_2023_HCU_T1_L18,2018-07-05,65.56736319999999,-148.9257644,32.0,1,32.0,,tp,Natali_2023,Hess Creek Unburned,1,18,32.0,,interpolated_transect,True,False,False
Natali_2023_HCU_T1_L19,2018-07-05,65.56737276666667,-148.9257677,29.0,1,29.0,,tp,Natali_2023,Hess Creek Unburned,1,19,29.0,,interpolated_transect,True,False,False
Natali_2023_HCU_T1_L20,2018-07-05,65.56738233333333,-148.925771,29.0,1,29.0,,tp,Natali_2023,Hess Creek Unburned,1,20,29.0,,interpolated_transect,True,False,False
Natali_2023_HCU_T1_L21,2018-07-05,65.56739189999999,-148.9257743,30.0,1,30.0,,tp,Natali_2023,Hess Creek Unburned,1,21,30.0,,interpolated_transect,True,False,False
Natali_2023_HCU_T1_L22,2018-07-05,65.56740146666667,-148.9257776,34.0,1,34.0,,tp,Natali_2023,Hess Creek Unburned,1,22,34.0,,interpolated_transect,True,False,False
Natali_2023_HCU_T1_L23,2018-07-05,65.56741103333333,-148.9257809,33.0,1,33.0,,tp,Natali_2023,Hess Creek Unburned,1,23,33.0,,interpolated_transect,True,False,False
Natali_2023_HCU_T1_L24,2018-07-05,65.56742059999999,-148.9257842,30.0,1,30.0,,tp,Natali_2023,Hess Creek Unburned,1,24,30.0,,interpolated_transect,True,False,False
Natali_2023_HCU_T1_L25,2018-07-05,65.56743016666665,-148.9257875,34.0,1,34.0,,tp,Natali_2023,Hess Creek Unburned,1,25,34.0,,interpolated_transect,True,False,False
Natali_2023_HCU_T1_L26,2018-07-05,65.56743973333333,-148.9257908,33.0,1,33.0,,tp,Natali_2023,Hess Creek Unburned,1,26,33.0,,interpolated_transect,True,False,False
Natali_2023_HCU_T1_L27,2018-07-05,65.56744929999999,-148.9257941,34.0,1,34.0,,tp,Natali_2023,Hess Creek Unburned,1,27,34.0,,interpolated_transect,True,False,False
Natali_2023_HCU_T1_L28,2018-07-05,65.56745886666666,-148.9257974,27.0,1,27.0,,tp,Natali_2023,Hess Creek Unburned,1,28,27.0,,interpolated_transect,True,False,False
Natali_2023_HCU_T1_L29,2018-07-05,65.56746843333333,-148.9258007,30.0,1,30.0,,tp,Natali_2023,Hess Creek Unburned,1,29,30.0,,interpolated_transect,True,False,False
Natali_2023_HCU_T1_L30,2018-07-05,65.567478,-148.925804,30.0,1,30.0,,tp,Natali_2023,Hess Creek Unburned,1,30,30.0,,source_endpoint,False,False,False
Natali_2023_HCU_T2_L0,2018-07-05,65.567228,-148.925424,26.0,1,26.0,,tp,Natali_2023,Hess Creek Unburned,2,0,26.0,,source_endpoint,False,False,False
Natali_2023_HCU_T2_L1,2018-07-05,65.5672356,-148.9254296,39.0,1,39.0,,tp,Natali_2023,Hess Creek Unburned,2,1,39.0,,interpolated_transect,True,False,False
Natali_2023_HCU_T2_L2,2018-07-05,65.56724320000001,-148.92543519999998,30.0,1,30.0,,tp,Natali_2023,Hess Creek Unburned,2,2,30.0,,interpolated_transect,True,False,False
Natali_2023_HCU_T2_L3,2018-07-05,65.5672508,-148.9254408,35.0,1,35.0,,tp,Natali_2023,Hess Creek Unburned,2,3,35.0,,interpolated_transect,True,False,False
Natali_2023_HCU_T2_L4,2018-07-05,65.5672584,-148.9254464,27.0,1,27.0,,tp,Natali_2023,Hess Creek Unburned,2,4,27.0,,interpolated_transect,True,False,False
Natali_2023_HCU_T2_L5,2018-07-05,65.567266,-148.925452,33.0,1,33.0,,tp,Natali_2023,Hess Creek Unburned,2,5,33.0,,interpolated_transect,True,False,False
Natali_2023_HCU_T2_L6,2018-07-05,65.56727360000001,-148.9254576,32.0,1,32.0,,tp,Natali_2023,Hess Creek Unburned,2,6,32.0,,interpolated_transect,True,False,False
Natali_2023_HCU_T2_L7,2018-07-05,65.5672812,-148.9254632,34.0,1,34.0,,tp,Natali_2023,Hess Creek Unburned,2,7,34.0,,interpolated_transect,True,False,False
Natali_2023_HCU_T2_L8,2018-07-05,65.5672888,-148.9254688,32.0,1,32.0,,tp,Natali_2023,Hess Creek Unburned,2,8,32.0,,interpolated_transect,True,False,False
Natali_2023_HCU_T2_L9,2018-07-05,65.5672964,-148.92547439999998,38.0,1,38.0,,tp,Natali_2023,Hess Creek Unburned,2,9,38.0,,interpolated_transect,True,False,False
Natali_2023_HCU_T2_L10,2018-07-05,65.56730400000001,-148.92548,41.0,1,41.0,,tp,Natali_2023,Hess Creek Unburned,2,10,41.0,,interpolated_transect,True,False,False
Natali_2023_HCU_T2_L11,2018-07-05,65.5673116,-148.9254856,23.0,1,23.0,,tp,Natali_2023,Hess Creek Unburned,2,11,23.0,,interpolated_transect,True,False,False
Natali_2023_HCU_T2_L12,2018-07-05,65.5673192,-148.92549119999998,29.0,1,29.0,,tp,Natali_2023,Hess Creek Unburned,2,12,29.0,,interpolated_transect,True,False,False
Natali_2023_HCU_T2_L13,2018-07-05,65.5673268,-148.9254968,34.0,1,34.0,,tp,Natali_2023,Hess Creek Unburned,2,13,34.0,,interpolated_transect,True,False,False
Natali_2023_HCU_T2_L14,2018-07-05,65.56733440000001,-148.9255024,50.0,1,50.0,,tp,Natali_2023,Hess Creek Unburned,2,14,50.0,,interpolated_transect,True,False,False
Natali_2023_HCU_T2_L15,2018-07-05,65.567342,-148.92550799999998,45.0,1,45.0,,tp,Natali_2023,Hess Creek Unburned,2,15,45.0,,interpolated_transect,True,False,False
Natali_2023_HCU_T2_L16,2018-07-05,65.5673496,-148.9255136,33.0,1,33.0,,tp,Natali_2023,Hess Creek Unburned,2,16,33.0,,interpolated_transect,True,False,False
Natali_2023_HCU_T2_L17,2018-07-05,65.5673572,-148.9255192,31.0,1,31.0,,tp,Natali_2023,Hess Creek Unburned,2,17,31.0,,interpolated_transect,True,False,False
Natali_2023_HCU_T2_L18,2018-07-05,65.56736480000001,-148.9255248,33.0,1,33.0,,tp,Natali_2023,Hess Creek Unburned,2,18,33.0,,interpolated_transect,True,False,False
Natali_2023_HCU_T2_L19,2018-07-05,65.56737240000001,-148.92553039999999,31.0,1,31.0,,tp,Natali_2023,Hess Creek Unburned,2,19,31.0,,interpolated_transect,True,False,False
Natali_2023_HCU_T2_L20,2018-07-05,65.56738,-148.925536,34.0,1,34.0,,tp,Natali_2023,Hess Creek Unburned,2,20,34.0,,interpolated_transect,True,False,False
Natali_2023_HCU_T2_L21,2018-07-05,65.5673876,-148.9255416,28.0,1,28.0,,tp,Natali_2023,Hess Creek Unburned,2,21,28.0,,interpolated_transect,True,False,False
Natali_2023_HCU_T2_L22,2018-07-05,65.5673952,-148.92554719999998,32.0,1,32.0,,tp,Natali_2023,Hess Creek Unburned,2,22,32.0,,interpolated_transect,True,False,False
Natali_2023_HCU_T2_L23,2018-07-05,65.56740280000001,-148.9255528,34.0,1,34.0,,tp,Natali_2023,Hess Creek Unburned,2,23,34.0,,interpolated_transect,True,False,False
Natali_2023_HCU_T2_L24,2018-07-05,65.5674104,-148.9255584,30.0,1,30.0,,tp,Natali_2023,Hess Creek Unburned,2,24,30.0,,interpolated_transect,True,False,False
Natali_2023_HCU_T2_L25,2018-07-05,65.567418,-148.925564,27.0,1,27.0,,tp,Natali_2023,Hess Creek Unburned,2,25,27.0,,interpolated_transect,True,False,False
Natali_2023_HCU_T2_L26,2018-07-05,65.5674256,-148.9255696,34.0,1,34.0,,tp,Natali_2023,Hess Creek Unburned,2,26,34.0,,interpolated_transect,True,False,False
Natali_2023_HCU_T2_L27,2018-07-05,65.56743320000001,-148.9255752,34.0,1,34.0,,tp,Natali_2023,Hess Creek Unburned,2,27,34.0,,interpolated_transect,True,False,False
Natali_2023_HCU_T2_L28,2018-07-05,65.5674408,-148.9255808,38.0,1,38.0,,tp,Natali_2023,Hess Creek Unburned,2,28,38.0,,interpolated_transect,True,False,False
Natali_2023_HCU_T2_L29,2018-07-05,65.5674484,-148.9255864,34.0,1,34.0,,tp,Natali_2023,Hess Creek Unburned,2,29,34.0,,interpolated_transect,True,False,False
Natali_2023_HCU_T2_L30,2018-07-05,65.567456,-148.925592,39.0,1,39.0,,tp,Natali_2023,Hess Creek Unburned,2,30,39.0,,source_endpoint,False,False,False
Natali_2023_HCU_T3_L0,2018-07-05,65.567277,-148.925009,30.0,1,30.0,,tp,Natali_2023,Hess Creek Unburned,3,0,30.0,,source_endpoint,False,False,False
Natali_2023_HCU_T3_L1,2018-07-05,65.56728650000001,-148.9250108,36.0,1,36.0,,tp,Natali_2023,Hess Creek Unburned,3,1,36.0,,interpolated_transect,True,False,False
Natali_2023_HCU_T3_L2,2018-07-05,65.567296,-148.9250126,33.0,1,33.0,,tp,Natali_2023,Hess Creek Unburned,3,2,33.0,,interpolated_transect,True,False,False
Natali_2023_HCU_T3_L3,2018-07-05,65.5673055,-148.92501439999998,30.0,1,30.0,,tp,Natali_2023,Hess Creek Unburned,3,3,30.0,,interpolated_transect,True,False,False
Natali_2023_HCU_T3_L4,2018-07-05,65.56731500000001,-148.9250162,29.0,1,29.0,,tp,Natali_2023,Hess Creek Unburned,3,4,29.0,,interpolated_transect,True,False,False
Natali_2023_HCU_T3_L5,2018-07-05,65.5673245,-148.925018,31.0,1,31.0,,tp,Natali_2023,Hess Creek Unburned,3,5,31.0,,interpolated_transect,True,False,False
Natali_2023_HCU_T3_L6,2018-07-05,65.567334,-148.9250198,34.0,1,34.0,,tp,Natali_2023,Hess Creek Unburned,3,6,34.0,,interpolated_transect,True,False,False
Natali_2023_HCU_T3_L7,2018-07-05,65.5673435,-148.92502159999998,29.0,1,29.0,,tp,Natali_2023,Hess Creek Unburned,3,7,29.0,,interpolated_transect,True,False,False
Natali_2023_HCU_T3_L8,2018-07-05,65.567353,-148.9250234,34.0,1,34.0,,tp,Natali_2023,Hess Creek Unburned,3,8,34.0,,interpolated_transect,True,False,False
Natali_2023_HCU_T3_L9,2018-07-05,65.5673625,-148.9250252,42.0,1,42.0,,tp,Natali_2023,Hess Creek Unburned,3,9,42.0,,interpolated_transect,True,False,False
Natali_2023_HCU_T3_L10,2018-07-05,65.567372,-148.925027,31.0,1,31.0,,tp,Natali_2023,Hess Creek Unburned,3,10,31.0,,interpolated_transect,True,False,False
Natali_2023_HCU_T3_L11,2018-07-05,65.5673815,-148.92502879999998,31.0,1,31.0,,tp,Natali_2023,Hess Creek Unburned,3,11,31.0,,interpolated_transect,True,False,False
Natali_2023_HCU_T3_L12,2018-07-05,65.567391,-148.92503059999999,34.0,1,34.0,,tp,Natali_2023,Hess Creek Unburned,3,12,34.0,,interpolated_transect,True,False,False
Natali_2023_HCU_T3_L13,2018-07-05,65.5674005,-148.9250324,28.0,1,28.0,,tp,Natali_2023,Hess Creek Unburned,3,13,28.0,,interpolated_transect,True,False,False
Natali_2023_HCU_T3_L14,2018-07-05,65.56741,-148.9250342,31.0,1,31.0,,tp,Natali_2023,Hess Creek Unburned,3,14,31.0,,interpolated_transect,True,False,False
Natali_2023_HCU_T3_L15,2018-07-05,65.5674195,-148.92503599999998,38.0,1,38.0,,tp,Natali_2023,Hess Creek Unburned,3,15,38.0,,interpolated_transect,True,False,False
Natali_2023_HCU_T3_L16,2018-07-05,65.567429,-148.92503779999998,35.0,1,35.0,,tp,Natali_2023,Hess Creek Unburned,3,16,35.0,,interpolated_transect,True,False,False
Natali_2023_HCU_T3_L17,2018-07-05,65.5674385,-148.9250396,30.0,1,30.0,,tp,Natali_2023,Hess Creek Unburned,3,17,30.0,,interpolated_transect,True,False,False
Natali_2023_HCU_T3_L18,2018-07-05,65.567448,-148.9250414,35.0,1,35.0,,tp,Natali_2023,Hess Creek Unburned,3,18,35.0,,interpolated_transect,True,False,False
Natali_2023_HCU_T3_L19,2018-07-05,65.5674575,-148.9250432,38.0,1,38.0,,tp,Natali_2023,Hess Creek Unburned,3,19,38.0,,interpolated_transect,True,False,False
Natali_2023_HCU_T3_L20,2018-07-05,65.567467,-148.92504499999998,47.0,1,47.0,,tp,Natali_2023,Hess Creek Unburned,3,20,47.0,,interpolated_transect,True,False,False
Natali_2023_HCU_T3_L21,2018-07-05,65.5674765,-148.9250468,35.0,1,35.0,,tp,Natali_2023,Hess Creek Unburned,3,21,35.0,,interpolated_transect,True,False,False
Natali_2023_HCU_T3_L22,2018-07-05,65.567486,-148.9250486,27.0,1,27.0,,tp,Natali_2023,Hess Creek Unburned,3,22,27.0,,interpolated_transect,True,False,False
Natali_2023_HCU_T3_L23,2018-07-05,65.56749549999999,-148.9250504,31.0,1,31.0,,tp,Natali_2023,Hess Creek Unburned,3,23,31.0,,interpolated_transect,True,False,False
Natali_2023_HCU_T3_L24,2018-07-05,65.567505,-148.92505219999998,27.0,1,27.0,,tp,Natali_2023,Hess Creek Unburned,3,24,27.0,,interpolated_transect,True,False,False
Natali_2023_HCU_T3_L25,2018-07-05,65.5675145,-148.925054,41.0,1,41.0,,tp,Natali_2023,Hess Creek Unburned,3,25,41.0,,interpolated_transect,True,False,False
Natali_2023_HCU_T3_L26,2018-07-05,65.56752399999999,-148.9250558,34.0,1,34.0,,tp,Natali_2023,Hess Creek Unburned,3,26,34.0,,interpolated_transect,True,False,False
Natali_2023_HCU_T3_L27,2018-07-05,65.5675335,-148.9250576,28.0,1,28.0,,tp,Natali_2023,Hess Creek Unburned,3,27,28.0,,interpolated_transect,True,False,False
Natali_2023_HCU_T3_L28,2018-07-05,65.567543,-148.92505939999998,25.0,1,25.0,,tp,Natali_2023,Hess Creek Unburned,3,28,25.0,,interpolated_transect,True,False,False
Natali_2023_HCU_T3_L29,2018-07-05,65.56755249999999,-148.9250612,30.0,1,30.0,,tp,Natali_2023,Hess Creek Unburned,3,29,30.0,,interpolated_transect,True,False,False
Natali_2023_HCU_T3_L30,2018-07-05,65.567562,-148.925063,30.0,1,30.0,,tp,Natali_2023,Hess Creek Unburned,3,30,30.0,,source_endpoint,False,False,False
Natali_2023_HCB_T1_L0,2018-07-05,65.568741,-148.924115,41.0,1,41.0,,tp,Natali_2023,Hess Creek Burned,1,0,41.0,,source_endpoint,False,False,False
Natali_2023_HCB_T1_L1,2018-07-05,65.56874923333334,-148.9241106,31.0,1,31.0,,tp,Natali_2023,Hess Creek Burned,1,1,31.0,,interpolated_transect,True,False,False
Natali_2023_HCB_T1_L2,2018-07-05,65.56875746666667,-148.9241062,48.0,1,48.0,,tp,Natali_2023,Hess Creek Burned,1,2,48.0,,interpolated_transect,True,False,False
Natali_2023_HCB_T1_L3,2018-07-05,65.5687657,-148.9241018,50.0,1,50.0,,tp,Natali_2023,Hess Creek Burned,1,3,50.0,,interpolated_transect,True,False,False
Natali_2023_HCB_T1_L4,2018-07-05,65.56877393333333,-148.9240974,48.0,1,48.0,,tp,Natali_2023,Hess Creek Burned,1,4,48.0,,interpolated_transect,True,False,False
Natali_2023_HCB_T1_L5,2018-07-05,65.56878216666667,-148.924093,49.0,1,49.0,,tp,Natali_2023,Hess Creek Burned,1,5,49.0,,interpolated_transect,True,False,False
Natali_2023_HCB_T1_L6,2018-07-05,65.5687904,-148.9240886,47.0,1,47.0,,tp,Natali_2023,Hess Creek Burned,1,6,47.0,,interpolated_transect,True,False,False
Natali_2023_HCB_T1_L7,2018-07-05,65.56879863333333,-148.9240842,42.0,1,42.0,,tp,Natali_2023,Hess Creek Burned,1,7,42.0,,interpolated_transect,True,False,False
Natali_2023_HCB_T1_L8,2018-07-05,65.56880686666668,-148.9240798,38.0,1,38.0,,tp,Natali_2023,Hess Creek Burned,1,8,38.0,,interpolated_transect,True,False,False
Natali_2023_HCB_T1_L9,2018-07-05,65.56881510000001,-148.9240754,49.0,1,49.0,,tp,Natali_2023,Hess Creek Burned,1,9,49.0,,interpolated_transect,True,False,False
Natali_2023_HCB_T1_L10,2018-07-05,65.56882333333334,-148.924071,31.0,1,31.0,,tp,Natali_2023,Hess Creek Burned,1,10,31.0,,interpolated_transect,True,False,False
Natali_2023_HCB_T1_L11,2018-07-05,65.56883156666667,-148.9240666,40.0,1,40.0,,tp,Natali_2023,Hess Creek Burned,1,11,40.0,,interpolated_transect,True,False,False
Natali_2023_HCB_T1_L12,2018-07-05,65.5688398,-148.9240622,44.0,1,44.0,,tp,Natali_2023,Hess Creek Burned,1,12,44.0,,interpolated_transect,True,False,False
Natali_2023_HCB_T1_L13,2018-07-05,65.56884803333334,-148.92405779999999,45.0,1,45.0,,tp,Natali_2023,Hess Creek Burned,1,13,45.0,,interpolated_transect,True,False,False
Natali_2023_HCB_T1_L14,2018-07-05,65.56885626666667,-148.9240534,41.0,1,41.0,,tp,Natali_2023,Hess Creek Burned,1,14,41.0,,interpolated_transect,True,False,False
Natali_2023_HCB_T1_L15,2018-07-05,65.5688645,-148.924049,39.0,1,39.0,,tp,Natali_2023,Hess Creek Burned,1,15,39.0,,interpolated_transect,True,False,False
Natali_2023_HCB_T1_L16,2018-07-05,65.56887273333334,-148.9240446,43.0,1,43.0,,tp,Natali_2023,Hess Creek Burned,1,16,43.0,,interpolated_transect,True,False,False
Natali_2023_HCB_T1_L17,2018-07-05,65.56888096666667,-148.9240402,39.0,1,39.0,,tp,Natali_2023,Hess Creek Burned,1,17,39.0,,interpolated_transect,True,False,False
Natali_2023_HCB_T1_L18,2018-07-05,65.5688892,-148.92403579999998,50.0,1,50.0,,tp,Natali_2023,Hess Creek Burned,1,18,50.0,,interpolated_transect,True,False,False
Natali_2023_HCB_T1_L19,2018-07-05,65.56889743333333,-148.9240314,38.0,1,38.0,,tp,Natali_2023,Hess Creek Burned,1,19,38.0,,interpolated_transect,True,False,False
Natali_2023_HCB_T1_L20,2018-07-05,65.56890566666667,-148.924027,46.0,1,46.0,,tp,Natali_2023,Hess Creek Burned,1,20,46.0,,interpolated_transect,True,False,False
Natali_2023_HCB_T1_L21,2018-07-05,65.5689139,-148.9240226,55.0,1,55.0,,tp,Natali_2023,Hess Creek Burned,1,21,55.0,,interpolated_transect,True,False,False
Natali_2023_HCB_T1_L22,2018-07-05,65.56892213333333,-148.9240182,55.0,1,55.0,,tp,Natali_2023,Hess Creek Burned,1,22,55.0,,interpolated_transect,True,False,False
Natali_2023_HCB_T1_L23,2018-07-05,65.56893036666668,-148.92401379999998,43.0,1,43.0,,tp,Natali_2023,Hess Creek Burned,1,23,43.0,,interpolated_transect,True,False,False
Natali_2023_HCB_T1_L24,2018-07-05,65.56893860000001,-148.9240094,62.0,1,62.0,,tp,Natali_2023,Hess Creek Burned,1,24,62.0,,interpolated_transect,True,False,False
Natali_2023_HCB_T1_L25,2018-07-05,65.56894683333334,-148.924005,49.0,1,49.0,,tp,Natali_2023,Hess Creek Burned,1,25,49.0,,interpolated_transect,True,False,False
Natali_2023_HCB_T1_L26,2018-07-05,65.56895506666667,-148.9240006,44.0,1,44.0,,tp,Natali_2023,Hess Creek Burned,1,26,44.0,,interpolated_transect,True,False,False
Natali_2023_HCB_T1_L27,2018-07-05,65.56896330000001,-148.9239962,32.0,1,32.0,,tp,Natali_2023,Hess Creek Burned,1,27,32.0,,interpolated_transect,True,False,False
Natali_2023_HCB_T1_L28,2018-07-05,65.56897153333334,-148.92399179999998,46.0,1,46.0,,tp,Natali_2023,Hess Creek Burned,1,28,46.0,,interpolated_transect,True,False,False
Natali_2023_HCB_T1_L29,2018-07-05,65.56897976666667,-148.9239874,53.0,1,53.0,,tp,Natali_2023,Hess Creek Burned,1,29,53.0,,interpolated_transect,True,False,False
Natali_2023_HCB_T1_L30,2018-07-05,65.568988,-148.923983,42.0,1,42.0,,tp,Natali_2023,Hess Creek Burned,1,30,42.0,,source_endpoint,False,False,False
Natali_2023_HCB_T2_L0,2018-07-05,65.568618,-148.923751,60.0,1,60.0,,tp,Natali_2023,Hess Creek Burned,2,0,60.0,,source_endpoint,False,False,False
Natali_2023_HCB_T2_L1,2018-07-05,65.5686274,-148.92375220000002,47.0,1,47.0,,tp,Natali_2023,Hess Creek Burned,2,1,47.0,,interpolated_transect,True,False,False
Natali_2023_HCB_T2_L2,2018-07-05,65.56863680000001,-148.9237534,38.0,1,38.0,,tp,Natali_2023,Hess Creek Burned,2,2,38.0,,interpolated_transect,True,False,False
Natali_2023_HCB_T2_L3,2018-07-05,65.5686462,-148.9237546,28.0,1,28.0,,tp,Natali_2023,Hess Creek Burned,2,3,28.0,,interpolated_transect,True,False,False
Natali_2023_HCB_T2_L4,2018-07-05,65.5686556,-148.9237558,55.0,1,55.0,,tp,Natali_2023,Hess Creek Burned,2,4,55.0,,interpolated_transect,True,False,False
Natali_2023_HCB_T2_L5,2018-07-05,65.568665,-148.92375700000002,41.0,1,41.0,,tp,Natali_2023,Hess Creek Burned,2,5,41.0,,interpolated_transect,True,False,False
Natali_2023_HCB_T2_L6,2018-07-05,65.5686744,-148.9237582,44.0,1,44.0,,tp,Natali_2023,Hess Creek Burned,2,6,44.0,,interpolated_transect,True,False,False
Natali_2023_HCB_T2_L7,2018-07-05,65.5686838,-148.9237594,45.0,1,45.0,,tp,Natali_2023,Hess Creek Burned,2,7,45.0,,interpolated_transect,True,False,False
Natali_2023_HCB_T2_L8,2018-07-05,65.5686932,-148.9237606,46.0,1,46.0,,tp,Natali_2023,Hess Creek Burned,2,8,46.0,,interpolated_transect,True,False,False
Natali_2023_HCB_T2_L9,2018-07-05,65.5687026,-148.92376180000002,43.0,1,43.0,,tp,Natali_2023,Hess Creek Burned,2,9,43.0,,interpolated_transect,True,False,False
Natali_2023_HCB_T2_L10,2018-07-05,65.568712,-148.923763,49.0,1,49.0,,tp,Natali_2023,Hess Creek Burned,2,10,49.0,,interpolated_transect,True,False,False
Natali_2023_HCB_T2_L11,2018-07-05,65.5687214,-148.9237642,51.0,1,51.0,,tp,Natali_2023,Hess Creek Burned,2,11,51.0,,interpolated_transect,True,False,False
Natali_2023_HCB_T2_L12,2018-07-05,65.5687308,-148.9237654,59.0,1,59.0,,tp,Natali_2023,Hess Creek Burned,2,12,59.0,,interpolated_transect,True,False,False
Natali_2023_HCB_T2_L13,2018-07-05,65.5687402,-148.92376660000002,57.0,1,57.0,,tp,Natali_2023,Hess Creek Burned,2,13,57.0,,interpolated_transect,True,False,False
Natali_2023_HCB_T2_L14,2018-07-05,65.5687496,-148.9237678,51.0,1,51.0,,tp,Natali_2023,Hess Creek Burned,2,14,51.0,,interpolated_transect,True,False,False
Natali_2023_HCB_T2_L15,2018-07-05,65.568759,-148.923769,46.0,1,46.0,,tp,Natali_2023,Hess Creek Burned,2,15,46.0,,interpolated_transect,True,False,False
Natali_2023_HCB_T2_L16,2018-07-05,65.5687684,-148.9237702,37.0,1,37.0,,tp,Natali_2023,Hess Creek Burned,2,16,37.0,,interpolated_transect,True,False,False
Natali_2023_HCB_T2_L17,2018-07-05,65.5687778,-148.92377140000002,52.0,1,52.0,,tp,Natali_2023,Hess Creek Burned,2,17,52.0,,interpolated_transect,True,False,False
Natali_2023_HCB_T2_L18,2018-07-05,65.5687872,-148.9237726,37.0,1,37.0,,tp,Natali_2023,Hess Creek Burned,2,18,37.0,,interpolated_transect,True,False,False
Natali_2023_HCB_T2_L19,2018-07-05,65.5687966,-148.9237738,48.0,1,48.0,,tp,Natali_2023,Hess Creek Burned,2,19,48.0,,interpolated_transect,True,False,False
Natali_2023_HCB_T2_L20,2018-07-05,65.568806,-148.923775,44.0,1,44.0,,tp,Natali_2023,Hess Creek Burned,2,20,44.0,,interpolated_transect,True,False,False
Natali_2023_HCB_T2_L21,2018-07-05,65.5688154,-148.92377620000002,49.0,1,49.0,,tp,Natali_2023,Hess Creek Burned,2,21,49.0,,interpolated_transect,True,False,False
Natali_2023_HCB_T2_L22,2018-07-05,65.5688248,-148.9237774,56.0,1,56.0,,tp,Natali_2023,Hess Creek Burned,2,22,56.0,,interpolated_transect,True,False,False
Natali_2023_HCB_T2_L23,2018-07-05,65.5688342,-148.9237786,56.0,1,56.0,,tp,Natali_2023,Hess Creek Burned,2,23,56.0,,interpolated_transect,True,False,False
Natali_2023_HCB_T2_L24,2018-07-05,65.5688436,-148.9237798,54.0,1,54.0,,tp,Natali_2023,Hess Creek Burned,2,24,54.0,,interpolated_transect,True,False,False
Natali_2023_HCB_T2_L25,2018-07-05,65.568853,-148.92378100000002,49.0,1,49.0,,tp,Natali_2023,Hess Creek Burned,2,25,49.0,,interpolated_transect,True,False,False
Natali_2023_HCB_T2_L26,2018-07-05,65.5688624,-148.9237822,49.0,1,49.0,,tp,Natali_2023,Hess Creek Burned,2,26,49.0,,interpolated_transect,True,False,False
Natali_2023_HCB_T2_L27,2018-07-05,65.5688718,-148.9237834,29.0,1,29.0,,tp,Natali_2023,Hess Creek Burned,2,27,29.0,,interpolated_transect,True,False,False
Natali_2023_HCB_T2_L28,2018-07-05,65.56888119999999,-148.9237846,52.0,1,52.0,,tp,Natali_2023,Hess Creek Burned,2,28,52.0,,interpolated_transect,True,False,False
Natali_2023_HCB_T2_L29,2018-07-05,65.5688906,-148.92378580000002,45.0,1,45.0,,tp,Natali_2023,Hess Creek Burned,2,29,45.0,,interpolated_transect,True,False,False
Natali_2023_HCB_T2_L30,2018-07-05,65.5689,-148.923787,48.0,1,48.0,,tp,Natali_2023,Hess Creek Burned,2,30,48.0,,source_endpoint,False,False,False
Natali_2023_HCB_T3_L0,2018-07-05,65.568631,-148.923241,66.0,1,66.0,,tp,Natali_2023,Hess Creek Burned,3,0,66.0,,source_endpoint,False,False,False
Natali_2023_HCB_T3_L1,2018-07-05,65.56864019999999,-148.92323886666665,57.0,1,57.0,,tp,Natali_2023,Hess Creek Burned,3,1,57.0,,interpolated_transect,True,False,False
Natali_2023_HCB_T3_L2,2018-07-05,65.5686494,-148.9232367333333,34.0,1,34.0,,tp,Natali_2023,Hess Creek Burned,3,2,34.0,,interpolated_transect,True,False,False
Natali_2023_HCB_T3_L3,2018-07-05,65.56865859999999,-148.9232346,55.0,1,55.0,,tp,Natali_2023,Hess Creek Burned,3,3,55.0,,interpolated_transect,True,False,False
Natali_2023_HCB_T3_L4,2018-07-05,65.5686678,-148.92323246666666,60.0,1,60.0,,tp,Natali_2023,Hess Creek Burned,3,4,60.0,,interpolated_transect,True,False,False
Natali_2023_HCB_T3_L5,2018-07-05,65.568677,-148.92323033333332,53.0,1,53.0,,tp,Natali_2023,Hess Creek Burned,3,5,53.0,,interpolated_transect,True,False,False
Natali_2023_HCB_T3_L6,2018-07-05,65.5686862,-148.92322819999998,59.0,1,59.0,,tp,Natali_2023,Hess Creek Burned,3,6,59.0,,interpolated_transect,True,False,False
Natali_2023_HCB_T3_L7,2018-07-05,65.5686954,-148.92322606666667,56.0,1,56.0,,tp,Natali_2023,Hess Creek Burned,3,7,56.0,,interpolated_transect,True,False,False
Natali_2023_HCB_T3_L8,2018-07-05,65.56870459999999,-148.92322393333333,47.0,1,47.0,,tp,Natali_2023,Hess Creek Burned,3,8,47.0,,interpolated_transect,True,False,False
Natali_2023_HCB_T3_L9,2018-07-05,65.5687138,-148.9232218,52.0,1,52.0,,tp,Natali_2023,Hess Creek Burned,3,9,52.0,,interpolated_transect,True,False,False
Natali_2023_HCB_T3_L10,2018-07-05,65.56872299999999,-148.92321966666665,56.0,1,56.0,,tp,Natali_2023,Hess Creek Burned,3,10,56.0,,interpolated_transect,True,False,False
Natali_2023_HCB_T3_L11,2018-07-05,65.5687322,-148.92321753333334,50.0,1,50.0,,tp,Natali_2023,Hess Creek Burned,3,11,50.0,,interpolated_transect,True,False,False
Natali_2023_HCB_T3_L12,2018-07-05,65.5687414,-148.9232154,50.0,1,50.0,,tp,Natali_2023,Hess Creek Burned,3,12,50.0,,interpolated_transect,True,False,False
Natali_2023_HCB_T3_L13,2018-07-05,65.5687506,-148.92321326666666,47.0,1,47.0,,tp,Natali_2023,Hess Creek Burned,3,13,47.0,,interpolated_transect,True,False,False
Natali_2023_HCB_T3_L14,2018-07-05,65.5687598,-148.92321113333333,57.0,1,57.0,,tp,Natali_2023,Hess Creek Burned,3,14,57.0,,interpolated_transect,True,False,False
Natali_2023_HCB_T3_L15,2018-07-05,65.568769,-148.92320899999999,48.0,1,48.0,,tp,Natali_2023,Hess Creek Burned,3,15,48.0,,interpolated_transect,True,False,False
Natali_2023_HCB_T3_L16,2018-07-05,65.5687782,-148.92320686666667,49.0,1,49.0,,tp,Natali_2023,Hess Creek Burned,3,16,49.0,,interpolated_transect,True,False,False
Natali_2023_HCB_T3_L17,2018-07-05,65.56878739999999,-148.92320473333334,54.0,1,54.0,,tp,Natali_2023,Hess Creek Burned,3,17,54.0,,interpolated_transect,True,False,False
Natali_2023_HCB_T3_L18,2018-07-05,65.5687966,-148.9232026,43.0,1,43.0,,tp,Natali_2023,Hess Creek Burned,3,18,43.0,,interpolated_transect,True,False,False
Natali_2023_HCB_T3_L19,2018-07-05,65.56880579999999,-148.92320046666666,52.0,1,52.0,,tp,Natali_2023,Hess Creek Burned,3,19,52.0,,interpolated_transect,True,False,False
Natali_2023_HCB_T3_L20,2018-07-05,65.568815,-148.92319833333335,49.0,1,49.0,,tp,Natali_2023,Hess Creek Burned,3,20,49.0,,interpolated_transect,True,False,False
Natali_2023_HCB_T3_L21,2018-07-05,65.5688242,-148.9231962,53.0,1,53.0,,tp,Natali_2023,Hess Creek Burned,3,21,53.0,,interpolated_transect,True,False,False
Natali_2023_HCB_T3_L22,2018-07-05,65.5688334,-148.92319406666667,52.0,1,52.0,,tp,Natali_2023,Hess Creek Burned,3,22,52.0,,interpolated_transect,True,False,False
Natali_2023_HCB_T3_L23,2018-07-05,65.5688426,-148.92319193333333,31.0,1,31.0,,tp,Natali_2023,Hess Creek Burned,3,23,31.0,,interpolated_transect,True,False,False
Natali_2023_HCB_T3_L24,2018-07-05,65.56885179999999,-148.92318980000002,49.0,1,49.0,,tp,Natali_2023,Hess Creek Burned,3,24,49.0,,interpolated_transect,True,False,False
Natali_2023_HCB_T3_L25,2018-07-05,65.568861,-148.92318766666668,59.0,1,59.0,,tp,Natali_2023,Hess Creek Burned,3,25,59.0,,interpolated_transect,True,False,False
Natali_2023_HCB_T3_L26,2018-07-05,65.56887019999999,-148.92318553333334,60.0,1,60.0,,tp,Natali_2023,Hess Creek Burned,3,26,60.0,,interpolated_transect,True,False,False
Natali_2023_HCB_T3_L27,2018-07-05,65.5688794,-148.9231834,56.0,1,56.0,,tp,Natali_2023,Hess Creek Burned,3,27,56.0,,interpolated_transect,True,False,False
Natali_2023_HCB_T3_L28,2018-07-05,65.5688886,-148.9231812666667,44.0,1,44.0,,tp,Natali_2023,Hess Creek Burned,3,28,44.0,,interpolated_transect,True,False,False
Natali_2023_HCB_T3_L29,2018-07-05,65.5688978,-148.92317913333335,40.0,1,40.0,,tp,Natali_2023,Hess Creek Burned,3,29,40.0,,interpolated_transect,True,False,False
Natali_2023_HCB_T3_L30,2018-07-05,65.568907,-148.923177,41.0,1,41.0,,tp,Natali_2023,Hess Creek Burned,3,30,41.0,,source_endpoint,False,False,False
Natali_2023_BNZ_T1_L0,2018-07-06,64.695864,-148.32514,35.0,1,35.0,,tp,Natali_2023,Bonanza Creek,1,0,35.0,,source_endpoint,False,False,False
Natali_2023_BNZ_T1_L1,2018-07-06,64.69587286666666,-148.32514893333334,29.0,1,29.0,,tp,Natali_2023,Bonanza Creek,1,1,29.0,,interpolated_transect,True,False,False
Natali_2023_BNZ_T1_L2,2018-07-06,64.69588173333334,-148.32515786666667,29.0,1,29.0,,tp,Natali_2023,Bonanza Creek,1,2,29.0,,interpolated_transect,True,False,False
Natali_2023_BNZ_T1_L3,2018-07-06,64.6958906,-148.3251668,31.0,1,31.0,,tp,Natali_2023,Bonanza Creek,1,3,31.0,,interpolated_transect,True,False,False
Natali_2023_BNZ_T1_L4,2018-07-06,64.69589946666666,-148.32517573333334,34.0,1,34.0,,tp,Natali_2023,Bonanza Creek,1,4,34.0,,interpolated_transect,True,False,False
Natali_2023_BNZ_T1_L5,2018-07-06,64.69590833333334,-148.32518466666667,23.0,1,23.0,,tp,Natali_2023,Bonanza Creek,1,5,23.0,,interpolated_transect,True,False,False
Natali_2023_BNZ_T1_L6,2018-07-06,64.6959172,-148.3251936,39.0,1,39.0,,tp,Natali_2023,Bonanza Creek,1,6,39.0,,interpolated_transect,True,False,False
Natali_2023_BNZ_T1_L7,2018-07-06,64.69592606666667,-148.32520253333334,52.0,1,52.0,,tp,Natali_2023,Bonanza Creek,1,7,52.0,,interpolated_transect,True,False,False
Natali_2023_BNZ_T1_L8,2018-07-06,64.69593493333333,-148.32521146666667,25.0,1,25.0,,tp,Natali_2023,Bonanza Creek,1,8,25.0,,interpolated_transect,True,False,False
Natali_2023_BNZ_T1_L9,2018-07-06,64.6959438,-148.3252204,35.0,1,35.0,,tp,Natali_2023,Bonanza Creek,1,9,35.0,,interpolated_transect,True,False,False
Natali_2023_BNZ_T1_L10,2018-07-06,64.69595266666667,-148.32522933333334,39.0,1,39.0,,tp,Natali_2023,Bonanza Creek,1,10,39.0,,interpolated_transect,True,False,False
Natali_2023_BNZ_T1_L11,2018-07-06,64.69596153333333,-148.32523826666667,45.0,1,45.0,,tp,Natali_2023,Bonanza Creek,1,11,45.0,,interpolated_transect,True,False,False
Natali_2023_BNZ_T1_L12,2018-07-06,64.6959704,-148.3252472,41.0,1,41.0,,tp,Natali_2023,Bonanza Creek,1,12,41.0,,interpolated_transect,True,False,False
Natali_2023_BNZ_T1_L13,2018-07-06,64.69597926666667,-148.32525613333334,39.0,1,39.0,,tp,Natali_2023,Bonanza Creek,1,13,39.0,,interpolated_transect,True,False,False
Natali_2023_BNZ_T1_L14,2018-07-06,64.69598813333333,-148.32526506666667,43.0,1,43.0,,tp,Natali_2023,Bonanza Creek,1,14,43.0,,interpolated_transect,True,False,False
Natali_2023_BNZ_T1_L15,2018-07-06,64.695997,-148.325274,36.0,1,36.0,,tp,Natali_2023,Bonanza Creek,1,15,36.0,,interpolated_transect,True,False,False
Natali_2023_BNZ_T1_L16,2018-07-06,64.69600586666667,-148.32528293333334,33.0,1,33.0,,tp,Natali_2023,Bonanza Creek,1,16,33.0,,interpolated_transect,True,False,False
Natali_2023_BNZ_T1_L17,2018-07-06,64.69601473333333,-148.32529186666667,35.0,1,35.0,,tp,Natali_2023,Bonanza Creek,1,17,35.0,,interpolated_transect,True,False,False
Natali_2023_BNZ_T1_L18,2018-07-06,64.6960236,-148.3253008,30.0,1,30.0,,tp,Natali_2023,Bonanza Creek,1,18,30.0,,interpolated_transect,True,False,False
Natali_2023_BNZ_T1_L19,2018-07-06,64.69603246666667,-148.32530973333334,34.0,1,34.0,,tp,Natali_2023,Bonanza Creek,1,19,34.0,,interpolated_transect,True,False,False
Natali_2023_BNZ_T1_L20,2018-07-06,64.69604133333333,-148.32531866666667,29.0,1,29.0,,tp,Natali_2023,Bonanza Creek,1,20,29.0,,interpolated_transect,True,False,False
Natali_2023_BNZ_T1_L21,2018-07-06,64.6960502,-148.3253276,32.0,1,32.0,,tp,Natali_2023,Bonanza Creek,1,21,32.0,,interpolated_transect,True,False,False
Natali_2023_BNZ_T1_L22,2018-07-06,64.69605906666666,-148.32533653333334,29.0,1,29.0,,tp,Natali_2023,Bonanza Creek,1,22,29.0,,interpolated_transect,True,False,False
Natali_2023_BNZ_T1_L23,2018-07-06,64.69606793333332,-148.32534546666668,31.0,1,31.0,,tp,Natali_2023,Bonanza Creek,1,23,31.0,,interpolated_transect,True,False,False
Natali_2023_BNZ_T1_L24,2018-07-06,64.6960768,-148.3253544,35.0,1,35.0,,tp,Natali_2023,Bonanza Creek,1,24,35.0,,interpolated_transect,True,False,False
Natali_2023_BNZ_T1_L25,2018-07-06,64.69608566666666,-148.32536333333334,34.0,1,34.0,,tp,Natali_2023,Bonanza Creek,1,25,34.0,,interpolated_transect,True,False,False
Natali_2023_BNZ_T1_L26,2018-07-06,64.69609453333334,-148.32537226666668,31.0,1,31.0,,tp,Natali_2023,Bonanza Creek,1,26,31.0,,interpolated_transect,True,False,False
Natali_2023_BNZ_T1_L27,2018-07-06,64.6961034,-148.3253812,30.0,1,30.0,,tp,Natali_2023,Bonanza Creek,1,27,30.0,,interpolated_transect,True,False,False
Natali_2023_BNZ_T1_L28,2018-07-06,64.69611226666666,-148.32539013333334,30.0,1,30.0,,tp,Natali_2023,Bonanza Creek,1,28,30.0,,interpolated_transect,True,False,False
Natali_2023_BNZ_T1_L29,2018-07-06,64.69612113333334,-148.32539906666668,34.0,1,34.0,,tp,Natali_2023,Bonanza Creek,1,29,34.0,,interpolated_transect,True,False,False
Natali_2023_BNZ_T1_L30,2018-07-06,64.69613,-148.325408,29.0,1,29.0,,tp,Natali_2023,Bonanza Creek,1,30,29.0,,source_endpoint,False,False,False
Natali_2023_BNZ_T2_L0,2018-07-06,64.695761,-148.325296,19.0,1,19.0,,tp,Natali_2023,Bonanza Creek,2,0,19.0,,source_endpoint,False,False,False
Natali_2023_BNZ_T2_L1,2018-07-06,64.69576893333334,-148.32530870000002,29.0,1,29.0,,tp,Natali_2023,Bonanza Creek,2,1,29.0,,interpolated_transect,True,False,False
Natali_2023_BNZ_T2_L2,2018-07-06,64.69577686666668,-148.3253214,23.0,1,23.0,,tp,Natali_2023,Bonanza Creek,2,2,23.0,,interpolated_transect,True,False,False
Natali_2023_BNZ_T2_L3,2018-07-06,64.6957848,-148.32533410000002,42.0,1,42.0,,tp,Natali_2023,Bonanza Creek,2,3,42.0,,interpolated_transect,True,False,False
Natali_2023_BNZ_T2_L4,2018-07-06,64.69579273333333,-148.3253468,35.0,1,35.0,,tp,Natali_2023,Bonanza Creek,2,4,35.0,,interpolated_transect,True,False,False
Natali_2023_BNZ_T2_L5,2018-07-06,64.69580066666667,-148.32535950000002,27.0,1,27.0,,tp,Natali_2023,Bonanza Creek,2,5,27.0,,interpolated_transect,True,False,False
Natali_2023_BNZ_T2_L6,2018-07-06,64.6958086,-148.3253722,30.0,1,30.0,,tp,Natali_2023,Bonanza Creek,2,6,30.0,,interpolated_transect,True,False,False
Natali_2023_BNZ_T2_L7,2018-07-06,64.69581653333334,-148.32538490000002,28.0,1,28.0,,tp,Natali_2023,Bonanza Creek,2,7,28.0,,interpolated_transect,True,False,False
Natali_2023_BNZ_T2_L8,2018-07-06,64.69582446666666,-148.3253976,32.0,1,32.0,,tp,Natali_2023,Bonanza Creek,2,8,32.0,,interpolated_transect,True,False,False
Natali_2023_BNZ_T2_L9,2018-07-06,64.6958324,-148.32541030000002,36.0,1,36.0,,tp,Natali_2023,Bonanza Creek,2,9,36.0,,interpolated_transect,True,False,False
Natali_2023_BNZ_T2_L10,2018-07-06,64.69584033333334,-148.325423,36.0,1,36.0,,tp,Natali_2023,Bonanza Creek,2,10,36.0,,interpolated_transect,True,False,False
Natali_2023_BNZ_T2_L11,2018-07-06,64.69584826666667,-148.3254357,31.0,1,31.0,,tp,Natali_2023,Bonanza Creek,2,11,31.0,,interpolated_transect,True,False,False
Natali_2023_BNZ_T2_L12,2018-07-06,64.69585620000001,-148.3254484,31.0,1,31.0,,tp,Natali_2023,Bonanza Creek,2,12,31.0,,interpolated_transect,True,False,False
Natali_2023_BNZ_T2_L13,2018-07-06,64.69586413333333,-148.3254611,34.0,1,34.0,,tp,Natali_2023,Bonanza Creek,2,13,34.0,,interpolated_transect,True,False,False
Natali_2023_BNZ_T2_L14,2018-07-06,64.69587206666667,-148.3254738,30.0,1,30.0,,tp,Natali_2023,Bonanza Creek,2,14,30.0,,interpolated_transect,True,False,False
Natali_2023_BNZ_T2_L15,2018-07-06,64.69588,-148.3254865,25.0,1,25.0,,tp,Natali_2023,Bonanza Creek,2,15,25.0,,interpolated_transect,True,False,False
Natali_2023_BNZ_T2_L16,2018-07-06,64.69588793333334,-148.32549920000002,28.0,1,28.0,,tp,Natali_2023,Bonanza Creek,2,16,28.0,,interpolated_transect,True,False,False
Natali_2023_BNZ_T2_L17,2018-07-06,64.69589586666667,-148.3255119,32.0,1,32.0,,tp,Natali_2023,Bonanza Creek,2,17,32.0,,interpolated_transect,True,False,False
Natali_2023_BNZ_T2_L18,2018-07-06,64.6959038,-148.32552460000002,33.0,1,33.0,,tp,Natali_2023,Bonanza Creek,2,18,33.0,,interpolated_transect,True,False,False
Natali_2023_BNZ_T2_L19,2018-07-06,64.69591173333333,-148.3255373,44.0,1,44.0,,tp,Natali_2023,Bonanza Creek,2,19,44.0,,interpolated_transect,True,False,False
Natali_2023_BNZ_T2_L20,2018-07-06,64.69591966666667,-148.32555000000002,29.0,1,29.0,,tp,Natali_2023,Bonanza Creek,2,20,29.0,,interpolated_transect,True,False,False
Natali_2023_BNZ_T2_L21,2018-07-06,64.6959276,-148.3255627,30.0,1,30.0,,tp,Natali_2023,Bonanza Creek,2,21,30.0,,interpolated_transect,True,False,False
Natali_2023_BNZ_T2_L22,2018-07-06,64.69593553333334,-148.32557540000002,26.0,1,26.0,,tp,Natali_2023,Bonanza Creek,2,22,26.0,,interpolated_transect,True,False,False
Natali_2023_BNZ_T2_L23,2018-07-06,64.69594346666666,-148.3255881,33.0,1,33.0,,tp,Natali_2023,Bonanza Creek,2,23,33.0,,interpolated_transect,True,False,False
Natali_2023_BNZ_T2_L24,2018-07-06,64.6959514,-148.32560080000002,42.0,1,42.0,,tp,Natali_2023,Bonanza Creek,2,24,42.0,,interpolated_transect,True,False,False
Natali_2023_BNZ_T2_L25,2018-07-06,64.69595933333333,-148.3256135,28.0,1,28.0,,tp,Natali_2023,Bonanza Creek,2,25,28.0,,interpolated_transect,True,False,False
Natali_2023_BNZ_T2_L26,2018-07-06,64.69596726666667,-148.32562620000002,26.0,1,26.0,,tp,Natali_2023,Bonanza Creek,2,26,26.0,,interpolated_transect,True,False,False
Natali_2023_BNZ_T2_L27,2018-07-06,64.6959752,-148.3256389,30.0,1,30.0,,tp,Natali_2023,Bonanza Creek,2,27,30.0,,interpolated_transect,True,False,False
Natali_2023_BNZ_T2_L28,2018-07-06,64.69598313333333,-148.32565160000001,31.0,1,31.0,,tp,Natali_2023,Bonanza Creek,2,28,31.0,,interpolated_transect,True,False,False
Natali_2023_BNZ_T2_L29,2018-07-06,64.69599106666666,-148.3256643,41.0,1,41.0,,tp,Natali_2023,Bonanza Creek,2,29,41.0,,interpolated_transect,True,False,False
Natali_2023_BNZ_T2_L30,2018-07-06,64.695999,-148.325677,83.0,1,83.0,,tp,Natali_2023,Bonanza Creek,2,30,83.0,,source_endpoint,False,False,False
Natali_2023_BNZ_T3_L0,2018-07-06,64.695689,-148.325588,38.0,1,38.0,,tp,Natali_2023,Bonanza Creek,3,0,38.0,,source_endpoint,False,False,False
Natali_2023_BNZ_T3_L1,2018-07-06,64.6956938,-148.32560546666667,51.0,1,51.0,,tp,Natali_2023,Bonanza Creek,3,1,51.0,,interpolated_transect,True,False,False
Natali_2023_BNZ_T3_L2,2018-07-06,64.6956986,-148.32562293333334,52.0,1,52.0,,tp,Natali_2023,Bonanza Creek,3,2,52.0,,interpolated_transect,True,False,False
Natali_2023_BNZ_T3_L3,2018-07-06,64.6957034,-148.3256404,32.0,1,32.0,,tp,Natali_2023,Bonanza Creek,3,3,32.0,,interpolated_transect,True,False,False
Natali_2023_BNZ_T3_L4,2018-07-06,64.6957082,-148.3256578666667,29.0,1,29.0,,tp,Natali_2023,Bonanza Creek,3,4,29.0,,interpolated_transect,True,False,False
Natali_2023_BNZ_T3_L5,2018-07-06,64.695713,-148.32567533333335,28.0,1,28.0,,tp,Natali_2023,Bonanza Creek,3,5,28.0,,interpolated_transect,True,False,False
Natali_2023_BNZ_T3_L6,2018-07-06,64.6957178,-148.3256928,32.0,1,32.0,,tp,Natali_2023,Bonanza Creek,3,6,32.0,,interpolated_transect,True,False,False
Natali_2023_BNZ_T3_L7,2018-07-06,64.6957226,-148.32571026666668,23.0,1,23.0,,tp,Natali_2023,Bonanza Creek,3,7,23.0,,interpolated_transect,True,False,False
Natali_2023_BNZ_T3_L8,2018-07-06,64.6957274,-148.32572773333334,26.0,1,26.0,,tp,Natali_2023,Bonanza Creek,3,8,26.0,,interpolated_transect,True,False,False
Natali_2023_BNZ_T3_L9,2018-07-06,64.6957322,-148.3257452,30.0,1,30.0,,tp,Natali_2023,Bonanza Creek,3,9,30.0,,interpolated_transect,True,False,False
Natali_2023_BNZ_T3_L10,2018-07-06,64.695737,-148.32576266666666,33.0,1,33.0,,tp,Natali_2023,Bonanza Creek,3,10,33.0,,interpolated_transect,True,False,False
Natali_2023_BNZ_T3_L11,2018-07-06,64.6957418,-148.32578013333332,44.0,1,44.0,,tp,Natali_2023,Bonanza Creek,3,11,44.0,,interpolated_transect,True,False,False
Natali_2023_BNZ_T3_L12,2018-07-06,64.69574659999999,-148.32579760000002,31.0,1,31.0,,tp,Natali_2023,Bonanza Creek,3,12,31.0,,interpolated_transect,True,False,False
Natali_2023_BNZ_T3_L13,2018-07-06,64.69575139999999,-148.32581506666668,42.0,1,42.0,,tp,Natali_2023,Bonanza Creek,3,13,42.0,,interpolated_transect,True,False,False
Natali_2023_BNZ_T3_L14,2018-07-06,64.69575619999999,-148.32583253333334,31.0,1,31.0,,tp,Natali_2023,Bonanza Creek,3,14,31.0,,interpolated_transect,True,False,False
Natali_2023_BNZ_T3_L15,2018-07-06,64.695761,-148.32585,35.0,1,35.0,,tp,Natali_2023,Bonanza Creek,3,15,35.0,,interpolated_transect,True,False,False
Natali_2023_BNZ_T3_L16,2018-07-06,64.6957658,-148.32586746666666,26.0,1,26.0,,tp,Natali_2023,Bonanza Creek,3,16,26.0,,interpolated_transect,True,False,False
Natali_2023_BNZ_T3_L17,2018-07-06,64.6957706,-148.32588493333333,38.0,1,38.0,,tp,Natali_2023,Bonanza Creek,3,17,38.0,,interpolated_transect,True,False,False
Natali_2023_BNZ_T3_L18,2018-07-06,64.6957754,-148.3259024,32.0,1,32.0,,tp,Natali_2023,Bonanza Creek,3,18,32.0,,interpolated_transect,True,False,False
Natali_2023_BNZ_T3_L19,2018-07-06,64.6957802,-148.32591986666668,31.0,1,31.0,,tp,Natali_2023,Bonanza Creek,3,19,31.0,,interpolated_transect,True,False,False
Natali_2023_BNZ_T3_L20,2018-07-06,64.695785,-148.32593733333334,39.0,1,39.0,,tp,Natali_2023,Bonanza Creek,3,20,39.0,,interpolated_transect,True,False,False
Natali_2023_BNZ_T3_L21,2018-07-06,64.6957898,-148.3259548,40.0,1,40.0,,tp,Natali_2023,Bonanza Creek,3,21,40.0,,interpolated_transect,True,False,False
Natali_2023_BNZ_T3_L22,2018-07-06,64.6957946,-148.32597226666667,43.0,1,43.0,,tp,Natali_2023,Bonanza Creek,3,22,43.0,,interpolated_transect,True,False,False
Natali_2023_BNZ_T3_L23,2018-07-06,64.6957994,-148.32598973333333,32.0,1,32.0,,tp,Natali_2023,Bonanza Creek,3,23,32.0,,interpolated_transect,True,False,False
Natali_2023_BNZ_T3_L24,2018-07-06,64.6958042,-148.3260072,34.0,1,34.0,,tp,Natali_2023,Bonanza Creek,3,24,34.0,,interpolated_transect,True,False,False
Natali_2023_BNZ_T3_L25,2018-07-06,64.695809,-148.32602466666665,29.0,1,29.0,,tp,Natali_2023,Bonanza Creek,3,25,29.0,,interpolated_transect,True,False,False
Natali_2023_BNZ_T3_L26,2018-07-06,64.6958138,-148.32604213333332,30.0,1,30.0,,tp,Natali_2023,Bonanza Creek,3,26,30.0,,interpolated_transect,True,False,False
Natali_2023_BNZ_T3_L27,2018-07-06,64.6958186,-148.3260596,32.0,1,32.0,,tp,Natali_2023,Bonanza Creek,3,27,32.0,,interpolated_transect,True,False,False
Natali_2023_BNZ_T3_L28,2018-07-06,64.6958234,-148.32607706666667,27.0,1,27.0,,tp,Natali_2023,Bonanza Creek,3,28,27.0,,interpolated_transect,True,False,False
Natali_2023_BNZ_T3_L29,2018-07-06,64.6958282,-148.32609453333333,25.0,1,25.0,,tp,Natali_2023,Bonanza Creek,3,29,25.0,,interpolated_transect,True,False,False
Natali_2023_BNZ_T3_L30,2018-07-06,64.695833,-148.326112,31.0,1,31.0,,tp,Natali_2023,Bonanza Creek,3,30,31.0,,source_endpoint,False,False,False
Natali_2023_NCB_NEW_T1_L0,2018-07-07,65.286044,-146.558092,69.0,1,69.0,,tp,Natali_2023,Nome Creek Burned - NEW,1,0,69.0,,source_endpoint,False,False,False
Natali_2023_NCB_NEW_T1_L1,2018-07-07,65.2860355,-146.5581025333333,79.0,1,79.0,,tp,Natali_2023,Nome Creek Burned - NEW,1,1,79.0,,interpolated_transect,True,False,False
Natali_2023_NCB_NEW_T1_L2,2018-07-07,65.286027,-146.55811306666666,106.0,1,106.0,,tp,Natali_2023,Nome Creek Burned - NEW,1,2,106.0,,interpolated_transect,True,False,False
Natali_2023_NCB_NEW_T1_L3,2018-07-07,65.2860185,-146.5581236,101.0,1,101.0,,tp,Natali_2023,Nome Creek Burned - NEW,1,3,101.0,,interpolated_transect,True,False,False
Natali_2023_NCB_NEW_T1_L4,2018-07-07,65.28601,-146.5581341333333,44.0,1,44.0,,tp,Natali_2023,Nome Creek Burned - NEW,1,4,44.0,,interpolated_transect,True,False,False
Natali_2023_NCB_NEW_T1_L5,2018-07-07,65.2860015,-146.55814466666666,63.0,1,63.0,,tp,Natali_2023,Nome Creek Burned - NEW,1,5,63.0,,interpolated_transect,True,False,False
Natali_2023_NCB_NEW_T1_L6,2018-07-07,65.285993,-146.5581552,68.0,1,68.0,,tp,Natali_2023,Nome Creek Burned - NEW,1,6,68.0,,interpolated_transect,True,False,False
Natali_2023_NCB_NEW_T1_L7,2018-07-07,65.2859845,-146.5581657333333,39.0,1,39.0,,tp,Natali_2023,Nome Creek Burned - NEW,1,7,39.0,,interpolated_transect,True,False,False
Natali_2023_NCB_NEW_T1_L8,2018-07-07,65.285976,-146.55817626666666,58.0,1,58.0,,tp,Natali_2023,Nome Creek Burned - NEW,1,8,58.0,,interpolated_transect,True,False,False
Natali_2023_NCB_NEW_T1_L9,2018-07-07,65.2859675,-146.5581868,31.0,1,31.0,,tp,Natali_2023,Nome Creek Burned - NEW,1,9,31.0,,interpolated_transect,True,False,False
Natali_2023_NCB_NEW_T1_L10,2018-07-07,65.285959,-146.5581973333333,33.0,1,33.0,,tp,Natali_2023,Nome Creek Burned - NEW,1,10,33.0,rock,interpolated_transect,True,False,True
Natali_2023_NCB_NEW_T1_L11,2018-07-07,65.2859505,-146.55820786666666,31.0,1,31.0,,tp,Natali_2023,Nome Creek Burned - NEW,1,11,31.0,,interpolated_transect,True,False,False
Natali_2023_NCB_NEW_T1_L12,2018-07-07,65.285942,-146.5582184,69.0,1,69.0,,tp,Natali_2023,Nome Creek Burned - NEW,1,12,69.0,,interpolated_transect,True,False,False
Natali_2023_NCB_NEW_T1_L13,2018-07-07,65.2859335,-146.5582289333333,48.0,1,48.0,,tp,Natali_2023,Nome Creek Burned - NEW,1,13,48.0,,interpolated_transect,True,False,False
Natali_2023_NCB_NEW_T1_L14,2018-07-07,65.285925,-146.55823946666666,78.0,1,78.0,,tp,Natali_2023,Nome Creek Burned - NEW,1,14,78.0,,interpolated_transect,True,False,False
Natali_2023_NCB_NEW_T1_L15,2018-07-07,65.2859165,-146.55825,73.0,1,73.0,,tp,Natali_2023,Nome Creek Burned - NEW,1,15,73.0,,interpolated_transect,True,False,False
Natali_2023_NCB_NEW_T1_L16,2018-07-07,65.28590799999999,-146.5582605333333,41.0,1,41.0,,tp,Natali_2023,Nome Creek Burned - NEW,1,16,41.0,,interpolated_transect,True,False,False
Natali_2023_NCB_NEW_T1_L17,2018-07-07,65.2858995,-146.55827106666666,42.0,1,42.0,,tp,Natali_2023,Nome Creek Burned - NEW,1,17,42.0,,interpolated_transect,True,False,False
Natali_2023_NCB_NEW_T1_L18,2018-07-07,65.28589099999999,-146.5582816,40.0,1,40.0,,tp,Natali_2023,Nome Creek Burned - NEW,1,18,40.0,,interpolated_transect,True,False,False
Natali_2023_NCB_NEW_T1_L19,2018-07-07,65.2858825,-146.5582921333333,40.0,1,40.0,,tp,Natali_2023,Nome Creek Burned - NEW,1,19,40.0,,interpolated_transect,True,False,False
Natali_2023_NCB_NEW_T1_L20,2018-07-07,65.28587399999999,-146.55830266666666,39.0,1,39.0,,tp,Natali_2023,Nome Creek Burned - NEW,1,20,39.0,,interpolated_transect,True,False,False
Natali_2023_NCB_NEW_T1_L21,2018-07-07,65.2858655,-146.5583132,42.0,1,42.0,,tp,Natali_2023,Nome Creek Burned - NEW,1,21,42.0,,interpolated_transect,True,False,False
Natali_2023_NCB_NEW_T1_L22,2018-07-07,65.285857,-146.5583237333333,48.0,1,48.0,,tp,Natali_2023,Nome Creek Burned - NEW,1,22,48.0,,interpolated_transect,True,False,False
Natali_2023_NCB_NEW_T1_L23,2018-07-07,65.2858485,-146.55833426666666,34.0,1,34.0,,tp,Natali_2023,Nome Creek Burned - NEW,1,23,34.0,,interpolated_transect,True,False,False
Natali_2023_NCB_NEW_T1_L24,2018-07-07,65.28584,-146.5583448,40.0,1,40.0,,tp,Natali_2023,Nome Creek Burned - NEW,1,24,40.0,,interpolated_transect,True,False,False
Natali_2023_NCB_NEW_T1_L25,2018-07-07,65.2858315,-146.5583553333333,,0,,109.0,tp,Natali_2023,Nome Creek Burned - NEW,1,25,,Greater than 109 cm - probe too short,interpolated_transect,True,False,False
Natali_2023_NCB_NEW_T1_L26,2018-07-07,65.285823,-146.55836586666666,49.0,1,49.0,,tp,Natali_2023,Nome Creek Burned - NEW,1,26,49.0,,interpolated_transect,True,False,False
Natali_2023_NCB_NEW_T1_L27,2018-07-07,65.2858145,-146.5583764,45.0,1,45.0,,tp,Natali_2023,Nome Creek Burned - NEW,1,27,45.0,,interpolated_transect,True,False,False
Natali_2023_NCB_NEW_T1_L28,2018-07-07,65.285806,-146.5583869333333,42.0,1,42.0,,tp,Natali_2023,Nome Creek Burned - NEW,1,28,42.0,,interpolated_transect,True,False,False
Natali_2023_NCB_NEW_T1_L29,2018-07-07,65.2857975,-146.55839746666666,,0,,109.0,tp,Natali_2023,Nome Creek Burned - NEW,1,29,,Greater than 109 cm - probe too short,interpolated_transect,True,False,False
Natali_2023_NCB_NEW_T1_L30,2018-07-07,65.285789,-146.558408,92.0,1,92.0,,tp,Natali_2023,Nome Creek Burned - NEW,1,30,92.0,,source_endpoint,False,False,False
Natali_2023_NCB_NEW_T2_L0,2018-07-07,65.285914,-146.558667,77.0,1,77.0,,tp,Natali_2023,Nome Creek Burned - NEW,2,0,77.0,,source_endpoint,False,False,False
Natali_2023_NCB_NEW_T2_L1,2018-07-07,65.28592233333333,-146.558658,85.0,1,85.0,,tp,Natali_2023,Nome Creek Burned - NEW,2,1,85.0,,interpolated_transect,True,False,False
Natali_2023_NCB_NEW_T2_L2,2018-07-07,65.28593066666667,-146.558649,,0,,109.0,tp,Natali_2023,Nome Creek Burned - NEW,2,2,,Greater than 109 cm - probe too short,interpolated_transect,True,False,False
Natali_2023_NCB_NEW_T2_L3,2018-07-07,65.285939,-146.55864000000003,19.0,1,19.0,,tp,Natali_2023,Nome Creek Burned - NEW,2,3,19.0,rock,interpolated_transect,True,False,True
Natali_2023_NCB_NEW_T2_L4,2018-07-07,65.28594733333334,-146.55863100000002,,0,,109.0,tp,Natali_2023,Nome Creek Burned - NEW,2,4,,Greater than 109 cm - probe too short,interpolated_transect,True,False,False
Natali_2023_NCB_NEW_T2_L5,2018-07-07,65.28595566666667,-146.558622,26.0,1,26.0,,tp,Natali_2023,Nome Creek Burned - NEW,2,5,26.0,rock,interpolated_transect,True,False,True
Natali_2023_NCB_NEW_T2_L6,2018-07-07,65.285964,-146.558613,59.0,1,59.0,,tp,Natali_2023,Nome Creek Burned - NEW,2,6,59.0,,interpolated_transect,True,False,False
Natali_2023_NCB_NEW_T2_L7,2018-07-07,65.28597233333333,-146.558604,36.0,1,36.0,,tp,Natali_2023,Nome Creek Burned - NEW,2,7,36.0,,interpolated_transect,True,False,False
Natali_2023_NCB_NEW_T2_L8,2018-07-07,65.28598066666667,-146.55859500000003,29.0,1,29.0,,tp,Natali_2023,Nome Creek Burned - NEW,2,8,29.0,,interpolated_transect,True,False,False
Natali_2023_NCB_NEW_T2_L9,2018-07-07,65.285989,-146.55858600000002,37.0,1,37.0,,tp,Natali_2023,Nome Creek Burned - NEW,2,9,37.0,,interpolated_transect,True,False,False
Natali_2023_NCB_NEW_T2_L10,2018-07-07,65.28599733333334,-146.558577,71.0,1,71.0,,tp,Natali_2023,Nome Creek Burned - NEW,2,10,71.0,,interpolated_transect,True,False,False
Natali_2023_NCB_NEW_T2_L11,2018-07-07,65.28600566666667,-146.558568,35.0,1,35.0,,tp,Natali_2023,Nome Creek Burned - NEW,2,11,35.0,,interpolated_transect,True,False,False
Natali_2023_NCB_NEW_T2_L12,2018-07-07,65.28601400000001,-146.558559,15.0,1,15.0,,tp,Natali_2023,Nome Creek Burned - NEW,2,12,15.0,,interpolated_transect,True,False,False
Natali_2023_NCB_NEW_T2_L13,2018-07-07,65.28602233333334,-146.55855000000003,24.0,1,24.0,,tp,Natali_2023,Nome Creek Burned - NEW,2,13,24.0,,interpolated_transect,True,False,False
Natali_2023_NCB_NEW_T2_L14,2018-07-07,65.28603066666668,-146.55854100000002,31.0,1,31.0,,tp,Natali_2023,Nome Creek Burned - NEW,2,14,31.0,,interpolated_transect,True,False,False
Natali_2023_NCB_NEW_T2_L15,2018-07-07,65.286039,-146.558532,56.0,1,56.0,,tp,Natali_2023,Nome Creek Burned - NEW,2,15,56.0,,interpolated_transect,True,False,False
Natali_2023_NCB_NEW_T2_L16,2018-07-07,65.28604733333333,-146.558523,46.0,1,46.0,,tp,Natali_2023,Nome Creek Burned - NEW,2,16,46.0,,interpolated_transect,True,False,False
Natali_2023_NCB_NEW_T2_L17,2018-07-07,65.28605566666667,-146.558514,30.0,1,30.0,,tp,Natali_2023,Nome Creek Burned - NEW,2,17,30.0,,interpolated_transect,True,False,False
Natali_2023_NCB_NEW_T2_L18,2018-07-07,65.286064,-146.55850500000003,42.0,1,42.0,,tp,Natali_2023,Nome Creek Burned - NEW,2,18,42.0,,interpolated_transect,True,False,False
Natali_2023_NCB_NEW_T2_L19,2018-07-07,65.28607233333334,-146.55849600000002,47.0,1,47.0,,tp,Natali_2023,Nome Creek Burned - NEW,2,19,47.0,,interpolated_transect,True,False,False
Natali_2023_NCB_NEW_T2_L20,2018-07-07,65.28608066666666,-146.558487,52.0,1,52.0,,tp,Natali_2023,Nome Creek Burned - NEW,2,20,52.0,,interpolated_transect,True,False,False
Natali_2023_NCB_NEW_T2_L21,2018-07-07,65.286089,-146.558478,66.0,1,66.0,,tp,Natali_2023,Nome Creek Burned - NEW,2,21,66.0,,interpolated_transect,True,False,False
Natali_2023_NCB_NEW_T2_L22,2018-07-07,65.28609733333333,-146.558469,25.0,1,25.0,,tp,Natali_2023,Nome Creek Burned - NEW,2,22,25.0,,interpolated_transect,True,False,False
Natali_2023_NCB_NEW_T2_L23,2018-07-07,65.28610566666667,-146.55846000000003,51.0,1,51.0,,tp,Natali_2023,Nome Creek Burned - NEW,2,23,51.0,,interpolated_transect,True,False,False
Natali_2023_NCB_NEW_T2_L24,2018-07-07,65.286114,-146.55845100000002,14.0,1,14.0,,tp,Natali_2023,Nome Creek Burned - NEW,2,24,14.0,rock,interpolated_transect,True,False,True
Natali_2023_NCB_NEW_T2_L25,2018-07-07,65.28612233333334,-146.558442,26.0,1,26.0,,tp,Natali_2023,Nome Creek Burned - NEW,2,25,26.0,,interpolated_transect,True,False,False
Natali_2023_NCB_NEW_T2_L26,2018-07-07,65.28613066666666,-146.558433,34.0,1,34.0,,tp,Natali_2023,Nome Creek Burned - NEW,2,26,34.0,,interpolated_transect,True,False,False
Natali_2023_NCB_NEW_T2_L27,2018-07-07,65.286139,-146.558424,25.0,1,25.0,,tp,Natali_2023,Nome Creek Burned - NEW,2,27,25.0,,interpolated_transect,True,False,False
Natali_2023_NCB_NEW_T2_L28,2018-07-07,65.28614733333333,-146.55841500000002,22.0,1,22.0,,tp,Natali_2023,Nome Creek Burned - NEW,2,28,22.0,,interpolated_transect,True,False,False
Natali_2023_NCB_NEW_T2_L29,2018-07-07,65.28615566666667,-146.55840600000002,61.0,1,61.0,,tp,Natali_2023,Nome Creek Burned - NEW,2,29,61.0,,interpolated_transect,True,False,False
Natali_2023_NCB_NEW_T2_L30,2018-07-07,65.286164,-146.558397,67.0,1,67.0,,tp,Natali_2023,Nome Creek Burned - NEW,2,30,67.0,,source_endpoint,False,False,False
Natali_2023_NCB_NEW_T3_L0,2018-07-07,65.285717,-146.557978,,0,,109.0,tp,Natali_2023,Nome Creek Burned - NEW,3,0,,Greater than 109 cm - probe too short,source_endpoint,False,False,False
Natali_2023_NCB_NEW_T3_L1,2018-07-07,65.28572403333334,-146.55796466666666,,0,,109.0,tp,Natali_2023,Nome Creek Burned - NEW,3,1,,Greater than 109 cm - probe too short,interpolated_transect,True,False,False
Natali_2023_NCB_NEW_T3_L2,2018-07-07,65.28573106666667,-146.55795133333334,,0,,109.0,tp,Natali_2023,Nome Creek Burned - NEW,3,2,,Greater than 109 cm - probe too short,interpolated_transect,True,False,False
Natali_2023_NCB_NEW_T3_L3,2018-07-07,65.2857381,-146.55793799999998,37.0,1,37.0,,tp,Natali_2023,Nome Creek Burned - NEW,3,3,37.0,,interpolated_transect,True,False,False
Natali_2023_NCB_NEW_T3_L4,2018-07-07,65.28574513333334,-146.55792466666665,37.0,1,37.0,,tp,Natali_2023,Nome Creek Burned - NEW,3,4,37.0,,interpolated_transect,True,False,False
Natali_2023_NCB_NEW_T3_L5,2018-07-07,65.28575216666667,-146.55791133333332,,0,,109.0,tp,Natali_2023,Nome Creek Burned - NEW,3,5,,Greater than 109 cm - probe too short,interpolated_transect,True,False,False
Natali_2023_NCB_NEW_T3_L6,2018-07-07,65.2857592,-146.557898,43.0,1,43.0,,tp,Natali_2023,Nome Creek Burned - NEW,3,6,43.0,,interpolated_transect,True,False,False
Natali_2023_NCB_NEW_T3_L7,2018-07-07,65.28576623333333,-146.55788466666667,31.0,1,31.0,,tp,Natali_2023,Nome Creek Burned - NEW,3,7,31.0,,interpolated_transect,True,False,False
Natali_2023_NCB_NEW_T3_L8,2018-07-07,65.28577326666667,-146.55787133333334,37.0,1,37.0,,tp,Natali_2023,Nome Creek Burned - NEW,3,8,37.0,,interpolated_transect,True,False,False
Natali_2023_NCB_NEW_T3_L9,2018-07-07,65.2857803,-146.557858,75.0,1,75.0,,tp,Natali_2023,Nome Creek Burned - NEW,3,9,75.0,,interpolated_transect,True,False,False
Natali_2023_NCB_NEW_T3_L10,2018-07-07,65.28578733333333,-146.55784466666665,89.0,1,89.0,,tp,Natali_2023,Nome Creek Burned - NEW,3,10,89.0,,interpolated_transect,True,False,False
Natali_2023_NCB_NEW_T3_L11,2018-07-07,65.28579436666666,-146.55783133333333,89.0,1,89.0,,tp,Natali_2023,Nome Creek Burned - NEW,3,11,89.0,,interpolated_transect,True,False,False
Natali_2023_NCB_NEW_T3_L12,2018-07-07,65.2858014,-146.557818,71.0,1,71.0,,tp,Natali_2023,Nome Creek Burned - NEW,3,12,71.0,,interpolated_transect,True,False,False
Natali_2023_NCB_NEW_T3_L13,2018-07-07,65.28580843333333,-146.55780466666667,39.0,1,39.0,,tp,Natali_2023,Nome Creek Burned - NEW,3,13,39.0,,interpolated_transect,True,False,False
Natali_2023_NCB_NEW_T3_L14,2018-07-07,65.28581546666666,-146.55779133333334,36.0,1,36.0,,tp,Natali_2023,Nome Creek Burned - NEW,3,14,36.0,,interpolated_transect,True,False,False
Natali_2023_NCB_NEW_T3_L15,2018-07-07,65.2858225,-146.55777799999998,41.0,1,41.0,,tp,Natali_2023,Nome Creek Burned - NEW,3,15,41.0,,interpolated_transect,True,False,False
Natali_2023_NCB_NEW_T3_L16,2018-07-07,65.28582953333334,-146.55776466666666,87.0,1,87.0,,tp,Natali_2023,Nome Creek Burned - NEW,3,16,87.0,,interpolated_transect,True,False,False
Natali_2023_NCB_NEW_T3_L17,2018-07-07,65.28583656666667,-146.55775133333333,93.0,1,93.0,,tp,Natali_2023,Nome Creek Burned - NEW,3,17,93.0,,interpolated_transect,True,False,False
Natali_2023_NCB_NEW_T3_L18,2018-07-07,65.2858436,-146.557738,61.0,1,61.0,,tp,Natali_2023,Nome Creek Burned - NEW,3,18,61.0,,interpolated_transect,True,False,False
Natali_2023_NCB_NEW_T3_L19,2018-07-07,65.28585063333334,-146.55772466666667,30.0,1,30.0,,tp,Natali_2023,Nome Creek Burned - NEW,3,19,30.0,,interpolated_transect,True,False,False
Natali_2023_NCB_NEW_T3_L20,2018-07-07,65.28585766666667,-146.55771133333334,31.0,1,31.0,,tp,Natali_2023,Nome Creek Burned - NEW,3,20,31.0,,interpolated_transect,True,False,False
Natali_2023_NCB_NEW_T3_L21,2018-07-07,65.2858647,-146.55769800000002,72.0,1,72.0,,tp,Natali_2023,Nome Creek Burned - NEW,3,21,72.0,,interpolated_transect,True,False,False
Natali_2023_NCB_NEW_T3_L22,2018-07-07,65.28587173333334,-146.55768466666666,39.0,1,39.0,,tp,Natali_2023,Nome Creek Burned - NEW,3,22,39.0,,interpolated_transect,True,False,False
Natali_2023_NCB_NEW_T3_L23,2018-07-07,65.28587876666667,-146.55767133333333,39.0,1,39.0,,tp,Natali_2023,Nome Creek Burned - NEW,3,23,39.0,,interpolated_transect,True,False,False
Natali_2023_NCB_NEW_T3_L24,2018-07-07,65.2858858,-146.557658,31.0,1,31.0,,tp,Natali_2023,Nome Creek Burned - NEW,3,24,31.0,,interpolated_transect,True,False,False
Natali_2023_NCB_NEW_T3_L25,2018-07-07,65.28589283333334,-146.55764466666668,16.0,1,16.0,,tp,Natali_2023,Nome Creek Burned - NEW,3,25,16.0,,interpolated_transect,True,False,False
Natali_2023_NCB_NEW_T3_L26,2018-07-07,65.28589986666667,-146.55763133333335,46.0,1,46.0,,tp,Natali_2023,Nome Creek Burned - NEW,3,26,46.0,,interpolated_transect,True,False,False
Natali_2023_NCB_NEW_T3_L27,2018-07-07,65.2859069,-146.557618,37.0,1,37.0,,tp,Natali_2023,Nome Creek Burned - NEW,3,27,37.0,,interpolated_transect,True,False,False
Natali_2023_NCB_NEW_T3_L28,2018-07-07,65.28591393333333,-146.55760466666666,72.0,1,72.0,,tp,Natali_2023,Nome Creek Burned - NEW,3,28,72.0,,interpolated_transect,True,False,False
Natali_2023_NCB_NEW_T3_L29,2018-07-07,65.28592096666667,-146.55759133333333,35.0,1,35.0,,tp,Natali_2023,Nome Creek Burned - NEW,3,29,35.0,,interpolated_transect,True,False,False
Natali_2023_NCB_NEW_T3_L30,2018-07-07,65.285928,-146.557578,38.0,1,38.0,,tp,Natali_2023,Nome Creek Burned - NEW,3,30,38.0,,source_endpoint,False,False,False
Natali_2023_AKB_T2_L0,2018-07-11,68.990903,-150.270503,42.0,1,42.0,,tp,Natali_2023,Anaktuvuk Burned,2,0,42.0,Tussock,source_endpoint,False,False,False
Natali_2023_AKB_T2_L1,2018-07-11,68.9909091,-150.27052336666665,31.0,1,31.0,,tp,Natali_2023,Anaktuvuk Burned,2,1,31.0,,interpolated_transect,True,False,False
Natali_2023_AKB_T2_L2,2018-07-11,68.9909152,-150.2705437333333,20.0,1,20.0,,tp,Natali_2023,Anaktuvuk Burned,2,2,20.0,,interpolated_transect,True,False,False
Natali_2023_AKB_T2_L3,2018-07-11,68.9909213,-150.2705641,43.0,1,43.0,,tp,Natali_2023,Anaktuvuk Burned,2,3,43.0,Tussock,interpolated_transect,True,False,False
Natali_2023_AKB_T2_L4,2018-07-11,68.9909274,-150.27058446666666,37.0,1,37.0,,tp,Natali_2023,Anaktuvuk Burned,2,4,37.0,,interpolated_transect,True,False,False
Natali_2023_AKB_T2_L5,2018-07-11,68.9909335,-150.27060483333332,23.0,1,23.0,,tp,Natali_2023,Anaktuvuk Burned,2,5,23.0,,interpolated_transect,True,False,False
Natali_2023_AKB_T2_L6,2018-07-11,68.9909396,-150.27062519999998,21.0,1,21.0,,tp,Natali_2023,Anaktuvuk Burned,2,6,21.0,,interpolated_transect,True,False,False
Natali_2023_AKB_T2_L7,2018-07-11,68.9909457,-150.27064556666667,39.0,1,39.0,,tp,Natali_2023,Anaktuvuk Burned,2,7,39.0,,interpolated_transect,True,False,False
Natali_2023_AKB_T2_L8,2018-07-11,68.9909518,-150.27066593333333,41.0,1,41.0,,tp,Natali_2023,Anaktuvuk Burned,2,8,41.0,,interpolated_transect,True,False,False
Natali_2023_AKB_T2_L9,2018-07-11,68.9909579,-150.2706863,64.0,1,64.0,,tp,Natali_2023,Anaktuvuk Burned,2,9,64.0,Tussock,interpolated_transect,True,False,False
Natali_2023_AKB_T2_L10,2018-07-11,68.990964,-150.27070666666665,52.0,1,52.0,,tp,Natali_2023,Anaktuvuk Burned,2,10,52.0,Tussock,interpolated_transect,True,False,False
Natali_2023_AKB_T2_L11,2018-07-11,68.9909701,-150.27072703333334,19.0,1,19.0,,tp,Natali_2023,Anaktuvuk Burned,2,11,19.0,,interpolated_transect,True,False,False
Natali_2023_AKB_T2_L12,2018-07-11,68.9909762,-150.2707474,21.0,1,21.0,,tp,Natali_2023,Anaktuvuk Burned,2,12,21.0,,interpolated_transect,True,False,False
Natali_2023_AKB_T2_L13,2018-07-11,68.9909823,-150.27076776666667,37.0,1,37.0,,tp,Natali_2023,Anaktuvuk Burned,2,13,37.0,Tussock,interpolated_transect,True,False,False
Natali_2023_AKB_T2_L14,2018-07-11,68.9909884,-150.27078813333333,48.0,1,48.0,,tp,Natali_2023,Anaktuvuk Burned,2,14,48.0,Tussock,interpolated_transect,True,False,False
Natali_2023_AKB_T2_L15,2018-07-11,68.9909945,-150.2708085,34.0,1,34.0,,tp,Natali_2023,Anaktuvuk Burned,2,15,34.0,Tussock,interpolated_transect,True,False,False
Natali_2023_AKB_T2_L16,2018-07-11,68.99100059999999,-150.27082886666668,79.0,1,79.0,,tp,Natali_2023,Anaktuvuk Burned,2,16,79.0,Tussock,interpolated_transect,True,False,False
Natali_2023_AKB_T2_L17,2018-07-11,68.9910067,-150.27084923333334,58.0,1,58.0,,tp,Natali_2023,Anaktuvuk Burned,2,17,58.0,Tussock,interpolated_transect,True,False,False
Natali_2023_AKB_T2_L18,2018-07-11,68.9910128,-150.2708696,42.0,1,42.0,,tp,Natali_2023,Anaktuvuk Burned,2,18,42.0,Tussock,interpolated_transect,True,False,False
Natali_2023_AKB_T2_L19,2018-07-11,68.9910189,-150.27088996666666,17.0,1,17.0,,tp,Natali_2023,Anaktuvuk Burned,2,19,17.0,,interpolated_transect,True,False,False
Natali_2023_AKB_T2_L20,2018-07-11,68.991025,-150.27091033333335,41.0,1,41.0,,tp,Natali_2023,Anaktuvuk Burned,2,20,41.0,Tussock,interpolated_transect,True,False,False
Natali_2023_AKB_T2_L21,2018-07-11,68.9910311,-150.2709307,59.0,1,59.0,,tp,Natali_2023,Anaktuvuk Burned,2,21,59.0,Tussock,interpolated_transect,True,False,False
Natali_2023_AKB_T2_L22,2018-07-11,68.9910372,-150.27095106666667,50.0,1,50.0,,tp,Natali_2023,Anaktuvuk Burned,2,22,50.0,,interpolated_transect,True,False,False
Natali_2023_AKB_T2_L23,2018-07-11,68.9910433,-150.27097143333333,47.0,1,47.0,,tp,Natali_2023,Anaktuvuk Burned,2,23,47.0,Tussock,interpolated_transect,True,False,False
Natali_2023_AKB_T2_L24,2018-07-11,68.9910494,-150.27099180000002,32.0,1,32.0,,tp,Natali_2023,Anaktuvuk Burned,2,24,32.0,Tussock,interpolated_transect,True,False,False
Natali_2023_AKB_T2_L25,2018-07-11,68.9910555,-150.27101216666668,36.0,1,36.0,,tp,Natali_2023,Anaktuvuk Burned,2,25,36.0,,interpolated_transect,True,False,False
Natali_2023_AKB_T2_L26,2018-07-11,68.9910616,-150.27103253333334,30.0,1,30.0,,tp,Natali_2023,Anaktuvuk Burned,2,26,30.0,,interpolated_transect,True,False,False
Natali_2023_AKB_T2_L27,2018-07-11,68.9910677,-150.2710529,39.0,1,39.0,,tp,Natali_2023,Anaktuvuk Burned,2,27,39.0,Tussock,interpolated_transect,True,False,False
Natali_2023_AKB_T2_L28,2018-07-11,68.9910738,-150.2710732666667,28.0,1,28.0,,tp,Natali_2023,Anaktuvuk Burned,2,28,28.0,,interpolated_transect,True,False,False
Natali_2023_AKB_T2_L29,2018-07-11,68.9910799,-150.27109363333335,15.0,1,15.0,,tp,Natali_2023,Anaktuvuk Burned,2,29,15.0,,interpolated_transect,True,False,False
Natali_2023_AKB_T2_L30,2018-07-11,68.991086,-150.271114,22.0,1,22.0,,tp,Natali_2023,Anaktuvuk Burned,2,30,22.0,,source_endpoint,False,False,False
Natali_2023_AKU_T2_L0,2018-07-11,68.929878,-150.279461,51.0,1,51.0,,tp,Natali_2023,Anaktuvuk Unburned,2,0,51.0,,source_endpoint,False,False,False
Natali_2023_AKU_T2_L1,2018-07-11,68.92988336666667,-150.27948006666668,40.0,1,40.0,,tp,Natali_2023,Anaktuvuk Unburned,2,1,40.0,,interpolated_transect,True,False,False
Natali_2023_AKU_T2_L2,2018-07-11,68.92988873333333,-150.27949913333333,29.0,1,29.0,,tp,Natali_2023,Anaktuvuk Unburned,2,2,29.0,,interpolated_transect,True,False,False
Natali_2023_AKU_T2_L3,2018-07-11,68.9298941,-150.27951819999998,28.0,1,28.0,,tp,Natali_2023,Anaktuvuk Unburned,2,3,28.0,,interpolated_transect,True,False,False
Natali_2023_AKU_T2_L4,2018-07-11,68.92989946666667,-150.27953726666667,38.0,1,38.0,,tp,Natali_2023,Anaktuvuk Unburned,2,4,38.0,,interpolated_transect,True,False,False
Natali_2023_AKU_T2_L5,2018-07-11,68.92990483333334,-150.27955633333335,22.0,1,22.0,,tp,Natali_2023,Anaktuvuk Unburned,2,5,22.0,,interpolated_transect,True,False,False
Natali_2023_AKU_T2_L6,2018-07-11,68.9299102,-150.2795754,22.0,1,22.0,,tp,Natali_2023,Anaktuvuk Unburned,2,6,22.0,,interpolated_transect,True,False,False
Natali_2023_AKU_T2_L7,2018-07-11,68.92991556666666,-150.27959446666665,21.0,1,21.0,,tp,Natali_2023,Anaktuvuk Unburned,2,7,21.0,,interpolated_transect,True,False,False
Natali_2023_AKU_T2_L8,2018-07-11,68.92992093333334,-150.27961353333333,25.0,1,25.0,,tp,Natali_2023,Anaktuvuk Unburned,2,8,25.0,,interpolated_transect,True,False,False
Natali_2023_AKU_T2_L9,2018-07-11,68.9299263,-150.2796326,27.0,1,27.0,,tp,Natali_2023,Anaktuvuk Unburned,2,9,27.0,,interpolated_transect,True,False,False
Natali_2023_AKU_T2_L10,2018-07-11,68.92993166666666,-150.27965166666667,26.0,1,26.0,,tp,Natali_2023,Anaktuvuk Unburned,2,10,26.0,,interpolated_transect,True,False,False
Natali_2023_AKU_T2_L11,2018-07-11,68.92993703333333,-150.27967073333332,30.0,1,30.0,,tp,Natali_2023,Anaktuvuk Unburned,2,11,30.0,,interpolated_transect,True,False,False
Natali_2023_AKU_T2_L12,2018-07-11,68.9299424,-150.2796898,27.0,1,27.0,,tp,Natali_2023,Anaktuvuk Unburned,2,12,27.0,,interpolated_transect,True,False,False
Natali_2023_AKU_T2_L13,2018-07-11,68.92994776666667,-150.27970886666668,26.0,1,26.0,,tp,Natali_2023,Anaktuvuk Unburned,2,13,26.0,,interpolated_transect,True,False,False
Natali_2023_AKU_T2_L14,2018-07-11,68.92995313333333,-150.27972793333333,22.0,1,22.0,,tp,Natali_2023,Anaktuvuk Unburned,2,14,22.0,,interpolated_transect,True,False,False
Natali_2023_AKU_T2_L15,2018-07-11,68.9299585,-150.279747,24.0,1,24.0,,tp,Natali_2023,Anaktuvuk Unburned,2,15,24.0,,interpolated_transect,True,False,False
Natali_2023_AKU_T2_L16,2018-07-11,68.92996386666667,-150.27976606666667,37.0,1,37.0,,tp,Natali_2023,Anaktuvuk Unburned,2,16,37.0,,interpolated_transect,True,False,False
Natali_2023_AKU_T2_L17,2018-07-11,68.92996923333332,-150.27978513333335,40.0,1,40.0,,tp,Natali_2023,Anaktuvuk Unburned,2,17,40.0,,interpolated_transect,True,False,False
Natali_2023_AKU_T2_L18,2018-07-11,68.9299746,-150.2798042,27.0,1,27.0,,tp,Natali_2023,Anaktuvuk Unburned,2,18,27.0,,interpolated_transect,True,False,False
Natali_2023_AKU_T2_L19,2018-07-11,68.92997996666666,-150.27982326666665,28.0,1,28.0,,tp,Natali_2023,Anaktuvuk Unburned,2,19,28.0,,interpolated_transect,True,False,False
Natali_2023_AKU_T2_L20,2018-07-11,68.92998533333333,-150.27984233333333,24.0,1,24.0,,tp,Natali_2023,Anaktuvuk Unburned,2,20,24.0,,interpolated_transect,True,False,False
Natali_2023_AKU_T2_L21,2018-07-11,68.92999069999999,-150.27986140000002,19.0,1,19.0,,tp,Natali_2023,Anaktuvuk Unburned,2,21,19.0,,interpolated_transect,True,False,False
Natali_2023_AKU_T2_L22,2018-07-11,68.92999606666666,-150.27988046666667,25.0,1,25.0,,tp,Natali_2023,Anaktuvuk Unburned,2,22,25.0,,interpolated_transect,True,False,False
Natali_2023_AKU_T2_L23,2018-07-11,68.93000143333333,-150.27989953333332,28.0,1,28.0,,tp,Natali_2023,Anaktuvuk Unburned,2,23,28.0,,interpolated_transect,True,False,False
Natali_2023_AKU_T2_L24,2018-07-11,68.9300068,-150.2799186,26.0,1,26.0,,tp,Natali_2023,Anaktuvuk Unburned,2,24,26.0,,interpolated_transect,True,False,False
Natali_2023_AKU_T2_L25,2018-07-11,68.93001216666666,-150.27993766666668,23.0,1,23.0,,tp,Natali_2023,Anaktuvuk Unburned,2,25,23.0,,interpolated_transect,True,False,False
Natali_2023_AKU_T2_L26,2018-07-11,68.93001753333333,-150.27995673333334,18.0,1,18.0,,tp,Natali_2023,Anaktuvuk Unburned,2,26,18.0,,interpolated_transect,True,False,False
Natali_2023_AKU_T2_L27,2018-07-11,68.9300229,-150.2799758,39.0,1,39.0,,tp,Natali_2023,Anaktuvuk Unburned,2,27,39.0,,interpolated_transect,True,False,False
Natali_2023_AKU_T2_L28,2018-07-11,68.93002826666667,-150.27999486666667,23.0,1,23.0,,tp,Natali_2023,Anaktuvuk Unburned,2,28,23.0,,interpolated_transect,True,False,False
Natali_2023_AKU_T2_L29,2018-07-11,68.93003363333332,-150.28001393333335,18.0,1,18.0,,tp,Natali_2023,Anaktuvuk Unburned,2,29,18.0,,interpolated_transect,True,False,False
Natali_2023_AKU_T2_L30,2018-07-11,68.930039,-150.280033,31.0,1,31.0,,tp,Natali_2023,Anaktuvuk Unburned,2,30,31.0,,source_endpoint,False,False,False
Natali_2023_AKU_T3_L0,2018-07-11,68.9298,-150.279783,38.0,1,38.0,,tp,Natali_2023,Anaktuvuk Unburned,3,0,38.0,,source_endpoint,False,False,False
Natali_2023_AKU_T3_L1,2018-07-11,68.9298027,-150.27980633333334,23.0,1,23.0,,tp,Natali_2023,Anaktuvuk Unburned,3,1,23.0,,interpolated_transect,True,False,False
Natali_2023_AKU_T3_L2,2018-07-11,68.9298054,-150.27982966666667,21.0,1,21.0,,tp,Natali_2023,Anaktuvuk Unburned,3,2,21.0,,interpolated_transect,True,False,False
Natali_2023_AKU_T3_L3,2018-07-11,68.9298081,-150.279853,25.0,1,25.0,,tp,Natali_2023,Anaktuvuk Unburned,3,3,25.0,,interpolated_transect,True,False,False
Natali_2023_AKU_T3_L4,2018-07-11,68.9298108,-150.27987633333333,24.0,1,24.0,,tp,Natali_2023,Anaktuvuk Unburned,3,4,24.0,,interpolated_transect,True,False,False
Natali_2023_AKU_T3_L5,2018-07-11,68.9298135,-150.27989966666667,38.0,1,38.0,,tp,Natali_2023,Anaktuvuk Unburned,3,5,38.0,,interpolated_transect,True,False,False
Natali_2023_AKU_T3_L6,2018-07-11,68.9298162,-150.279923,26.0,1,26.0,,tp,Natali_2023,Anaktuvuk Unburned,3,6,26.0,,interpolated_transect,True,False,False
Natali_2023_AKU_T3_L7,2018-07-11,68.9298189,-150.27994633333333,22.0,1,22.0,,tp,Natali_2023,Anaktuvuk Unburned,3,7,22.0,,interpolated_transect,True,False,False
Natali_2023_AKU_T3_L8,2018-07-11,68.9298216,-150.2799696666667,24.0,1,24.0,,tp,Natali_2023,Anaktuvuk Unburned,3,8,24.0,,interpolated_transect,True,False,False
Natali_2023_AKU_T3_L9,2018-07-11,68.92982429999999,-150.27999300000002,24.0,1,24.0,,tp,Natali_2023,Anaktuvuk Unburned,3,9,24.0,,interpolated_transect,True,False,False
Natali_2023_AKU_T3_L10,2018-07-11,68.929827,-150.28001633333335,21.0,1,21.0,,tp,Natali_2023,Anaktuvuk Unburned,3,10,21.0,,interpolated_transect,True,False,False
Natali_2023_AKU_T3_L11,2018-07-11,68.9298297,-150.28003966666668,23.0,1,23.0,,tp,Natali_2023,Anaktuvuk Unburned,3,11,23.0,,interpolated_transect,True,False,False
Natali_2023_AKU_T3_L12,2018-07-11,68.9298324,-150.280063,25.0,1,25.0,,tp,Natali_2023,Anaktuvuk Unburned,3,12,25.0,,interpolated_transect,True,False,False
Natali_2023_AKU_T3_L13,2018-07-11,68.92983509999999,-150.28008633333334,32.0,1,32.0,,tp,Natali_2023,Anaktuvuk Unburned,3,13,32.0,,interpolated_transect,True,False,False
Natali_2023_AKU_T3_L14,2018-07-11,68.9298378,-150.28010966666668,22.0,1,22.0,,tp,Natali_2023,Anaktuvuk Unburned,3,14,22.0,,interpolated_transect,True,False,False
Natali_2023_AKU_T3_L15,2018-07-11,68.9298405,-150.280133,26.0,1,26.0,,tp,Natali_2023,Anaktuvuk Unburned,3,15,26.0,,interpolated_transect,True,False,False
Natali_2023_AKU_T3_L16,2018-07-11,68.9298432,-150.28015633333334,31.0,1,31.0,,tp,Natali_2023,Anaktuvuk Unburned,3,16,31.0,,interpolated_transect,True,False,False
Natali_2023_AKU_T3_L17,2018-07-11,68.9298459,-150.28017966666667,34.0,1,34.0,,tp,Natali_2023,Anaktuvuk Unburned,3,17,34.0,,interpolated_transect,True,False,False
Natali_2023_AKU_T3_L18,2018-07-11,68.9298486,-150.280203,38.0,1,38.0,,tp,Natali_2023,Anaktuvuk Unburned,3,18,38.0,,interpolated_transect,True,False,False
Natali_2023_AKU_T3_L19,2018-07-11,68.9298513,-150.28022633333333,34.0,1,34.0,,tp,Natali_2023,Anaktuvuk Unburned,3,19,34.0,,interpolated_transect,True,False,False
Natali_2023_AKU_T3_L20,2018-07-11,68.92985399999999,-150.28024966666666,23.0,1,23.0,,tp,Natali_2023,Anaktuvuk Unburned,3,20,23.0,,interpolated_transect,True,False,False
Natali_2023_AKU_T3_L21,2018-07-11,68.9298567,-150.280273,33.0,1,33.0,,tp,Natali_2023,Anaktuvuk Unburned,3,21,33.0,,interpolated_transect,True,False,False
Natali_2023_AKU_T3_L22,2018-07-11,68.9298594,-150.28029633333333,25.0,1,25.0,,tp,Natali_2023,Anaktuvuk Unburned,3,22,25.0,,interpolated_transect,True,False,False
Natali_2023_AKU_T3_L23,2018-07-11,68.9298621,-150.28031966666668,32.0,1,32.0,,tp,Natali_2023,Anaktuvuk Unburned,3,23,32.0,,interpolated_transect,True,False,False
Natali_2023_AKU_T3_L24,2018-07-11,68.92986479999999,-150.28034300000002,24.0,1,24.0,,tp,Natali_2023,Anaktuvuk Unburned,3,24,24.0,,interpolated_transect,True,False,False
Natali_2023_AKU_T3_L25,2018-07-11,68.9298675,-150.28036633333335,20.0,1,20.0,,tp,Natali_2023,Anaktuvuk Unburned,3,25,20.0,,interpolated_transect,True,False,False
Natali_2023_AKU_T3_L26,2018-07-11,68.9298702,-150.28038966666668,26.0,1,26.0,,tp,Natali_2023,Anaktuvuk Unburned,3,26,26.0,,interpolated_transect,True,False,False
Natali_2023_AKU_T3_L27,2018-07-11,68.92987289999999,-150.280413,25.0,1,25.0,,tp,Natali_2023,Anaktuvuk Unburned,3,27,25.0,,interpolated_transect,True,False,False
Natali_2023_AKU_T3_L28,2018-07-11,68.92987559999999,-150.28043633333334,33.0,1,33.0,,tp,Natali_2023,Anaktuvuk Unburned,3,28,33.0,Tussock,interpolated_transect,True,False,False
Natali_2023_AKU_T3_L29,2018-07-11,68.9298783,-150.28045966666667,31.0,1,31.0,,tp,Natali_2023,Anaktuvuk Unburned,3,29,31.0,,interpolated_transect,True,False,False
Natali_2023_AKU_T3_L30,2018-07-11,68.929881,-150.280483,22.0,1,22.0,,tp,Natali_2023,Anaktuvuk Unburned,3,30,22.0,,source_endpoint,False,False,False
Natali_2023_EML_T1_L0,2018-08-26,63.880063,-149.256049,79.0,1,79.0,,tp,Natali_2023,Eight Mile Lake,1,0,79.0,,source_endpoint,False,False,False
Natali_2023_EML_T1_L1,2018-08-26,63.88006646666667,-149.25606756666664,79.0,1,79.0,,tp,Natali_2023,Eight Mile Lake,1,1,79.0,,interpolated_transect,True,False,False
Natali_2023_EML_T1_L2,2018-08-26,63.88006993333333,-149.25608613333333,74.0,1,74.0,,tp,Natali_2023,Eight Mile Lake,1,2,74.0,,interpolated_transect,True,False,False
Natali_2023_EML_T1_L3,2018-08-26,63.8800734,-149.25610469999998,70.0,1,70.0,,tp,Natali_2023,Eight Mile Lake,1,3,70.0,,interpolated_transect,True,False,False
Natali_2023_EML_T1_L4,2018-08-26,63.88007686666667,-149.25612326666666,69.0,1,69.0,,tp,Natali_2023,Eight Mile Lake,1,4,69.0,,interpolated_transect,True,False,False
Natali_2023_EML_T1_L5,2018-08-26,63.88008033333333,-149.25614183333332,76.0,1,76.0,,tp,Natali_2023,Eight Mile Lake,1,5,76.0,,interpolated_transect,True,False,False
Natali_2023_EML_T1_L6,2018-08-26,63.8800838,-149.2561604,83.0,1,83.0,,tp,Natali_2023,Eight Mile Lake,1,6,83.0,,interpolated_transect,True,False,False
Natali_2023_EML_T1_L7,2018-08-26,63.88008726666666,-149.25617896666665,79.0,1,79.0,,tp,Natali_2023,Eight Mile Lake,1,7,79.0,,interpolated_transect,True,False,False
Natali_2023_EML_T1_L8,2018-08-26,63.88009073333333,-149.25619753333334,66.0,1,66.0,,tp,Natali_2023,Eight Mile Lake,1,8,66.0,,interpolated_transect,True,False,False
Natali_2023_EML_T1_L9,2018-08-26,63.8800942,-149.2562161,65.0,1,65.0,,tp,Natali_2023,Eight Mile Lake,1,9,65.0,,interpolated_transect,True,False,False
Natali_2023_EML_T1_L10,2018-08-26,63.880097666666664,-149.25623466666667,64.0,1,64.0,,tp,Natali_2023,Eight Mile Lake,1,10,64.0,,interpolated_transect,True,False,False
Natali_2023_EML_T1_L11,2018-08-26,63.88010113333333,-149.25625323333333,69.0,1,69.0,,tp,Natali_2023,Eight Mile Lake,1,11,69.0,,interpolated_transect,True,False,False
Natali_2023_EML_T1_L12,2018-08-26,63.8801046,-149.2562718,72.0,1,72.0,,tp,Natali_2023,Eight Mile Lake,1,12,72.0,,interpolated_transect,True,False,False
Natali_2023_EML_T1_L13,2018-08-26,63.880108066666665,-149.25629036666666,74.0,1,74.0,,tp,Natali_2023,Eight Mile Lake,1,13,74.0,,interpolated_transect,True,False,False
Natali_2023_EML_T1_L14,2018-08-26,63.880111533333334,-149.25630893333334,72.0,1,72.0,,tp,Natali_2023,Eight Mile Lake,1,14,72.0,,interpolated_transect,True,False,False
Natali_2023_EML_T1_L15,2018-08-26,63.880115,-149.2563275,65.0,1,65.0,,tp,Natali_2023,Eight Mile Lake,1,15,65.0,,interpolated_transect,True,False,False
Natali_2023_EML_T1_L16,2018-08-26,63.880118466666666,-149.25634606666665,66.0,1,66.0,,tp,Natali_2023,Eight Mile Lake,1,16,66.0,,interpolated_transect,True,False,False
Natali_2023_EML_T1_L17,2018-08-26,63.880121933333335,-149.25636463333333,74.0,1,74.0,,tp,Natali_2023,Eight Mile Lake,1,17,74.0,,interpolated_transect,True,False,False
Natali_2023_EML_T1_L18,2018-08-26,63.8801254,-149.2563832,73.0,1,73.0,,tp,Natali_2023,Eight Mile Lake,1,18,73.0,,interpolated_transect,True,False,False
Natali_2023_EML_T1_L19,2018-08-26,63.88012886666667,-149.25640176666667,64.0,1,64.0,,tp,Natali_2023,Eight Mile Lake,1,19,64.0,,interpolated_transect,True,False,False
Natali_2023_EML_T1_L20,2018-08-26,63.880132333333336,-149.25642033333332,63.0,1,63.0,,tp,Natali_2023,Eight Mile Lake,1,20,63.0,,interpolated_transect,True,False,False
Natali_2023_EML_T1_L21,2018-08-26,63.8801358,-149.2564389,56.0,1,56.0,,tp,Natali_2023,Eight Mile Lake,1,21,56.0,,interpolated_transect,True,False,False
Natali_2023_EML_T1_L22,2018-08-26,63.88013926666667,-149.25645746666666,54.0,1,54.0,,tp,Natali_2023,Eight Mile Lake,1,22,54.0,,interpolated_transect,True,False,False
Natali_2023_EML_T1_L23,2018-08-26,63.88014273333334,-149.25647603333334,59.0,1,59.0,,tp,Natali_2023,Eight Mile Lake,1,23,59.0,,interpolated_transect,True,False,False
Natali_2023_EML_T1_L24,2018-08-26,63.8801462,-149.2564946,57.0,1,57.0,,tp,Natali_2023,Eight Mile Lake,1,24,57.0,,interpolated_transect,True,False,False
Natali_2023_EML_T1_L25,2018-08-26,63.88014966666667,-149.25651316666668,56.0,1,56.0,,tp,Natali_2023,Eight Mile Lake,1,25,56.0,,interpolated_transect,True,False,False
Natali_2023_EML_T1_L26,2018-08-26,63.88015313333333,-149.25653173333333,47.0,1,47.0,,tp,Natali_2023,Eight Mile Lake,1,26,47.0,,interpolated_transect,True,False,False
Natali_2023_EML_T1_L27,2018-08-26,63.8801566,-149.25655030000001,54.0,1,54.0,,tp,Natali_2023,Eight Mile Lake,1,27,54.0,,interpolated_transect,True,False,False
Natali_2023_EML_T1_L28,2018-08-26,63.88016006666667,-149.25656886666667,51.0,1,51.0,,tp,Natali_2023,Eight Mile Lake,1,28,51.0,,interpolated_transect,True,False,False
Natali_2023_EML_T1_L29,2018-08-26,63.88016353333333,-149.25658743333335,50.0,1,50.0,,tp,Natali_2023,Eight Mile Lake,1,29,50.0,,interpolated_transect,True,False,False
Natali_2023_EML_T1_L30,2018-08-26,63.880167,-149.256606,44.0,1,44.0,,tp,Natali_2023,Eight Mile Lake,1,30,44.0,,source_endpoint,False,False,False
Natali_2023_EML_T2_L0,2018-08-26,63.880225,-149.255864,55.0,1,55.0,,tp,Natali_2023,Eight Mile Lake,2,0,55.0,,source_endpoint,False,False,False
Natali_2023_EML_T2_L1,2018-08-26,63.880228800000005,-149.25588166666668,48.0,1,48.0,,tp,Natali_2023,Eight Mile Lake,2,1,48.0,,interpolated_transect,True,False,False
Natali_2023_EML_T2_L2,2018-08-26,63.8802326,-149.25589933333333,57.0,1,57.0,,tp,Natali_2023,Eight Mile Lake,2,2,57.0,,interpolated_transect,True,False,False
Natali_2023_EML_T2_L3,2018-08-26,63.8802364,-149.255917,50.0,1,50.0,,tp,Natali_2023,Eight Mile Lake,2,3,50.0,,interpolated_transect,True,False,False
Natali_2023_EML_T2_L4,2018-08-26,63.8802402,-149.25593466666666,61.0,1,61.0,,tp,Natali_2023,Eight Mile Lake,2,4,61.0,,interpolated_transect,True,False,False
Natali_2023_EML_T2_L5,2018-08-26,63.880244000000005,-149.25595233333334,71.0,1,71.0,,tp,Natali_2023,Eight Mile Lake,2,5,71.0,,interpolated_transect,True,False,False
Natali_2023_EML_T2_L6,2018-08-26,63.8802478,-149.25597,70.0,1,70.0,,tp,Natali_2023,Eight Mile Lake,2,6,70.0,,interpolated_transect,True,False,False
Natali_2023_EML_T2_L7,2018-08-26,63.8802516,-149.25598766666667,71.0,1,71.0,,tp,Natali_2023,Eight Mile Lake,2,7,71.0,,interpolated_transect,True,False,False
Natali_2023_EML_T2_L8,2018-08-26,63.8802554,-149.25600533333335,81.0,1,81.0,,tp,Natali_2023,Eight Mile Lake,2,8,81.0,Tussock,interpolated_transect,True,False,False
Natali_2023_EML_T2_L9,2018-08-26,63.880259200000005,-149.256023,73.0,1,73.0,,tp,Natali_2023,Eight Mile Lake,2,9,73.0,,interpolated_transect,True,False,False
Natali_2023_EML_T2_L10,2018-08-26,63.880263,-149.25604066666668,67.0,1,67.0,,tp,Natali_2023,Eight Mile Lake,2,10,67.0,,interpolated_transect,True,False,False
Natali_2023_EML_T2_L11,2018-08-26,63.8802668,-149.25605833333333,64.0,1,64.0,,tp,Natali_2023,Eight Mile Lake,2,11,64.0,,interpolated_transect,True,False,False
Natali_2023_EML_T2_L12,2018-08-26,63.8802706,-149.256076,58.0,1,58.0,,tp,Natali_2023,Eight Mile Lake,2,12,58.0,,interpolated_transect,True,False,False
Natali_2023_EML_T2_L13,2018-08-26,63.880274400000005,-149.25609366666666,66.0,1,66.0,,tp,Natali_2023,Eight Mile Lake,2,13,66.0,,interpolated_transect,True,False,False
Natali_2023_EML_T2_L14,2018-08-26,63.8802782,-149.25611133333334,59.0,1,59.0,,tp,Natali_2023,Eight Mile Lake,2,14,59.0,,interpolated_transect,True,False,False
Natali_2023_EML_T2_L15,2018-08-26,63.880282,-149.256129,59.0,1,59.0,,tp,Natali_2023,Eight Mile Lake,2,15,59.0,,interpolated_transect,True,False,False
Natali_2023_EML_T2_L16,2018-08-26,63.8802858,-149.25614666666667,61.0,1,61.0,,tp,Natali_2023,Eight Mile Lake,2,16,61.0,,interpolated_transect,True,False,False
Natali_2023_EML_T2_L17,2018-08-26,63.8802896,-149.25616433333334,56.0,1,56.0,,tp,Natali_2023,Eight Mile Lake,2,17,56.0,,interpolated_transect,True,False,False
Natali_2023_EML_T2_L18,2018-08-26,63.8802934,-149.256182,62.0,1,62.0,,tp,Natali_2023,Eight Mile Lake,2,18,62.0,,interpolated_transect,True,False,False
Natali_2023_EML_T2_L19,2018-08-26,63.8802972,-149.25619966666667,56.0,1,56.0,,tp,Natali_2023,Eight Mile Lake,2,19,56.0,,interpolated_transect,True,False,False
Natali_2023_EML_T2_L20,2018-08-26,63.880301,-149.25621733333332,56.0,1,56.0,,tp,Natali_2023,Eight Mile Lake,2,20,56.0,,interpolated_transect,True,False,False
Natali_2023_EML_T2_L21,2018-08-26,63.8803048,-149.256235,55.0,1,55.0,,tp,Natali_2023,Eight Mile Lake,2,21,55.0,,interpolated_transect,True,False,False
Natali_2023_EML_T2_L22,2018-08-26,63.8803086,-149.25625266666665,58.0,1,58.0,,tp,Natali_2023,Eight Mile Lake,2,22,58.0,,interpolated_transect,True,False,False
Natali_2023_EML_T2_L23,2018-08-26,63.8803124,-149.25627033333333,61.0,1,61.0,,tp,Natali_2023,Eight Mile Lake,2,23,61.0,,interpolated_transect,True,False,False
Natali_2023_EML_T2_L24,2018-08-26,63.8803162,-149.256288,64.0,1,64.0,,tp,Natali_2023,Eight Mile Lake,2,24,64.0,,interpolated_transect,True,False,False
Natali_2023_EML_T2_L25,2018-08-26,63.88032,-149.25630566666666,67.0,1,67.0,,tp,Natali_2023,Eight Mile Lake,2,25,67.0,,interpolated_transect,True,False,False
Natali_2023_EML_T2_L26,2018-08-26,63.8803238,-149.25632333333334,63.0,1,63.0,,tp,Natali_2023,Eight Mile Lake,2,26,63.0,,interpolated_transect,True,False,False
Natali_2023_EML_T2_L27,2018-08-26,63.8803276,-149.256341,63.0,1,63.0,,tp,Natali_2023,Eight Mile Lake,2,27,63.0,,interpolated_transect,True,False,False
Natali_2023_EML_T2_L28,2018-08-26,63.8803314,-149.25635866666667,78.0,1,78.0,,tp,Natali_2023,Eight Mile Lake,2,28,78.0,Tussock,interpolated_transect,True,False,False
Natali_2023_EML_T2_L29,2018-08-26,63.8803352,-149.25637633333332,59.0,1,59.0,,tp,Natali_2023,Eight Mile Lake,2,29,59.0,,interpolated_transect,True,False,False
Natali_2023_EML_T2_L30,2018-08-26,63.880339,-149.256394,51.0,1,51.0,,tp,Natali_2023,Eight Mile Lake,2,30,51.0,,source_endpoint,False,False,False
Natali_2023_EML_T3_L0,2018-08-26,63.880332,-149.255684,72.0,1,72.0,,tp,Natali_2023,Eight Mile Lake,3,0,72.0,,source_endpoint,False,False,False
Natali_2023_EML_T3_L1,2018-08-26,63.8803368,-149.25570163333333,76.0,1,76.0,,tp,Natali_2023,Eight Mile Lake,3,1,76.0,,interpolated_transect,True,False,False
Natali_2023_EML_T3_L2,2018-08-26,63.8803416,-149.25571926666666,71.0,1,71.0,,tp,Natali_2023,Eight Mile Lake,3,2,71.0,,interpolated_transect,True,False,False
Natali_2023_EML_T3_L3,2018-08-26,63.8803464,-149.2557369,62.0,1,62.0,,tp,Natali_2023,Eight Mile Lake,3,3,62.0,,interpolated_transect,True,False,False
Natali_2023_EML_T3_L4,2018-08-26,63.8803512,-149.25575453333335,62.0,1,62.0,,tp,Natali_2023,Eight Mile Lake,3,4,62.0,,interpolated_transect,True,False,False
Natali_2023_EML_T3_L5,2018-08-26,63.880356000000006,-149.25577216666667,66.0,1,66.0,,tp,Natali_2023,Eight Mile Lake,3,5,66.0,,interpolated_transect,True,False,False
Natali_2023_EML_T3_L6,2018-08-26,63.880360800000005,-149.2557898,64.0,1,64.0,,tp,Natali_2023,Eight Mile Lake,3,6,64.0,,interpolated_transect,True,False,False
Natali_2023_EML_T3_L7,2018-08-26,63.880365600000005,-149.25580743333333,60.0,1,60.0,,tp,Natali_2023,Eight Mile Lake,3,7,60.0,,interpolated_transect,True,False,False
Natali_2023_EML_T3_L8,2018-08-26,63.880370400000004,-149.25582506666666,58.0,1,58.0,,tp,Natali_2023,Eight Mile Lake,3,8,58.0,,interpolated_transect,True,False,False
Natali_2023_EML_T3_L9,2018-08-26,63.8803752,-149.25584270000002,60.0,1,60.0,,tp,Natali_2023,Eight Mile Lake,3,9,60.0,,interpolated_transect,True,False,False
Natali_2023_EML_T3_L10,2018-08-26,63.88038,-149.25586033333335,59.0,1,59.0,,tp,Natali_2023,Eight Mile Lake,3,10,59.0,,interpolated_transect,True,False,False
Natali_2023_EML_T3_L11,2018-08-26,63.8803848,-149.25587796666667,56.0,1,56.0,,tp,Natali_2023,Eight Mile Lake,3,11,56.0,,interpolated_transect,True,False,False
Natali_2023_EML_T3_L12,2018-08-26,63.8803896,-149.2558956,53.0,1,53.0,,tp,Natali_2023,Eight Mile Lake,3,12,53.0,,interpolated_transect,True,False,False
Natali_2023_EML_T3_L13,2018-08-26,63.8803944,-149.25591323333333,54.0,1,54.0,,tp,Natali_2023,Eight Mile Lake,3,13,54.0,,interpolated_transect,True,False,False
Natali_2023_EML_T3_L14,2018-08-26,63.8803992,-149.25593086666666,50.0,1,50.0,,tp,Natali_2023,Eight Mile Lake,3,14,50.0,,interpolated_transect,True,False,False
Natali_2023_EML_T3_L15,2018-08-26,63.880404,-149.2559485,52.0,1,52.0,,tp,Natali_2023,Eight Mile Lake,3,15,52.0,,interpolated_transect,True,False,False
Natali_2023_EML_T3_L16,2018-08-26,63.880408800000005,-149.25596613333335,49.0,1,49.0,,tp,Natali_2023,Eight Mile Lake,3,16,49.0,,interpolated_transect,True,False,False
Natali_2023_EML_T3_L17,2018-08-26,63.880413600000004,-149.25598376666667,60.0,1,60.0,,tp,Natali_2023,Eight Mile Lake,3,17,60.0,,interpolated_transect,True,False,False
Natali_2023_EML_T3_L18,2018-08-26,63.8804184,-149.2560014,55.0,1,55.0,,tp,Natali_2023,Eight Mile Lake,3,18,55.0,,interpolated_transect,True,False,False
Natali_2023_EML_T3_L19,2018-08-26,63.8804232,-149.25601903333333,56.0,1,56.0,,tp,Natali_2023,Eight Mile Lake,3,19,56.0,,interpolated_transect,True,False,False
Natali_2023_EML_T3_L20,2018-08-26,63.880428,-149.25603666666666,52.0,1,52.0,,tp,Natali_2023,Eight Mile Lake,3,20,52.0,,interpolated_transect,True,False,False
Natali_2023_EML_T3_L21,2018-08-26,63.8804328,-149.25605430000002,54.0,1,54.0,,tp,Natali_2023,Eight Mile Lake,3,21,54.0,,interpolated_transect,True,False,False
Natali_2023_EML_T3_L22,2018-08-26,63.8804376,-149.25607193333335,61.0,1,61.0,,tp,Natali_2023,Eight Mile Lake,3,22,61.0,,interpolated_transect,True,False,False
Natali_2023_EML_T3_L23,2018-08-26,63.8804424,-149.25608956666667,57.0,1,57.0,,tp,Natali_2023,Eight Mile Lake,3,23,57.0,,interpolated_transect,True,False,False
Natali_2023_EML_T3_L24,2018-08-26,63.8804472,-149.2561072,68.0,1,68.0,,tp,Natali_2023,Eight Mile Lake,3,24,68.0,,interpolated_transect,True,False,False
Natali_2023_EML_T3_L25,2018-08-26,63.880452000000005,-149.25612483333333,54.0,1,54.0,,tp,Natali_2023,Eight Mile Lake,3,25,54.0,,interpolated_transect,True,False,False
Natali_2023_EML_T3_L26,2018-08-26,63.880456800000005,-149.25614246666666,53.0,1,53.0,,tp,Natali_2023,Eight Mile Lake,3,26,53.0,,interpolated_transect,True,False,False
Natali_2023_EML_T3_L27,2018-08-26,63.880461600000004,-149.2561601,65.0,1,65.0,,tp,Natali_2023,Eight Mile Lake,3,27,65.0,,interpolated_transect,True,False,False
Natali_2023_EML_T3_L28,2018-08-26,63.8804664,-149.25617773333335,58.0,1,58.0,,tp,Natali_2023,Eight Mile Lake,3,28,58.0,,interpolated_transect,True,False,False
Natali_2023_EML_T3_L29,2018-08-26,63.8804712,-149.25619536666667,65.0,1,65.0,,tp,Natali_2023,Eight Mile Lake,3,29,65.0,,interpolated_transect,True,False,False
Natali_2023_EML_T3_L30,2018-08-26,63.880476,-149.256213,65.0,1,65.0,,tp,Natali_2023,Eight Mile Lake,3,30,65.0,,source_endpoint,False,False,False
Natali_2023_BNZ_T1_L0,2018-08-26,64.695864,-148.32514,49.0,1,49.0,,tp,Natali_2023,Bonanza Creek,1,0,49.0,,source_endpoint,False,False,False
Natali_2023_BNZ_T1_L1,2018-08-26,64.69587286666666,-148.32514893333334,51.0,1,51.0,,tp,Natali_2023,Bonanza Creek,1,1,51.0,,interpolated_transect,True,False,False
Natali_2023_BNZ_T1_L2,2018-08-26,64.69588173333334,-148.32515786666667,54.0,1,54.0,,tp,Natali_2023,Bonanza Creek,1,2,54.0,,interpolated_transect,True,False,False
Natali_2023_BNZ_T1_L3,2018-08-26,64.6958906,-148.3251668,58.0,1,58.0,,tp,Natali_2023,Bonanza Creek,1,3,58.0,,interpolated_transect,True,False,False
Natali_2023_BNZ_T1_L4,2018-08-26,64.69589946666666,-148.32517573333334,52.0,1,52.0,,tp,Natali_2023,Bonanza Creek,1,4,52.0,,interpolated_transect,True,False,False
Natali_2023_BNZ_T1_L5,2018-08-26,64.69590833333334,-148.32518466666667,54.0,1,54.0,,tp,Natali_2023,Bonanza Creek,1,5,54.0,,interpolated_transect,True,False,False
Natali_2023_BNZ_T1_L6,2018-08-26,64.6959172,-148.3251936,51.0,1,51.0,,tp,Natali_2023,Bonanza Creek,1,6,51.0,,interpolated_transect,True,False,False
Natali_2023_BNZ_T1_L7,2018-08-26,64.69592606666667,-148.32520253333334,55.0,1,55.0,,tp,Natali_2023,Bonanza Creek,1,7,55.0,,interpolated_transect,True,False,False
Natali_2023_BNZ_T1_L8,2018-08-26,64.69593493333333,-148.32521146666667,56.0,1,56.0,,tp,Natali_2023,Bonanza Creek,1,8,56.0,,interpolated_transect,True,False,False
Natali_2023_BNZ_T1_L9,2018-08-26,64.6959438,-148.3252204,72.0,1,72.0,,tp,Natali_2023,Bonanza Creek,1,9,72.0,,interpolated_transect,True,False,False
Natali_2023_BNZ_T1_L10,2018-08-26,64.69595266666667,-148.32522933333334,57.0,1,57.0,,tp,Natali_2023,Bonanza Creek,1,10,57.0,,interpolated_transect,True,False,False
Natali_2023_BNZ_T1_L11,2018-08-26,64.69596153333333,-148.32523826666667,56.0,1,56.0,,tp,Natali_2023,Bonanza Creek,1,11,56.0,,interpolated_transect,True,False,False
Natali_2023_BNZ_T1_L12,2018-08-26,64.6959704,-148.3252472,71.0,1,71.0,,tp,Natali_2023,Bonanza Creek,1,12,71.0,,interpolated_transect,True,False,False
Natali_2023_BNZ_T1_L13,2018-08-26,64.69597926666667,-148.32525613333334,65.0,1,65.0,,tp,Natali_2023,Bonanza Creek,1,13,65.0,,interpolated_transect,True,False,False
Natali_2023_BNZ_T1_L14,2018-08-26,64.69598813333333,-148.32526506666667,65.0,1,65.0,,tp,Natali_2023,Bonanza Creek,1,14,65.0,,interpolated_transect,True,False,False
Natali_2023_BNZ_T1_L15,2018-08-26,64.695997,-148.325274,79.0,1,79.0,,tp,Natali_2023,Bonanza Creek,1,15,79.0,,interpolated_transect,True,False,False
Natali_2023_BNZ_T1_L16,2018-08-26,64.69600586666667,-148.32528293333334,69.0,1,69.0,,tp,Natali_2023,Bonanza Creek,1,16,69.0,,interpolated_transect,True,False,False
Natali_2023_BNZ_T1_L17,2018-08-26,64.69601473333333,-148.32529186666667,61.0,1,61.0,,tp,Natali_2023,Bonanza Creek,1,17,61.0,,interpolated_transect,True,False,False
Natali_2023_BNZ_T1_L18,2018-08-26,64.6960236,-148.3253008,56.0,1,56.0,,tp,Natali_2023,Bonanza Creek,1,18,56.0,,interpolated_transect,True,False,False
Natali_2023_BNZ_T1_L19,2018-08-26,64.69603246666667,-148.32530973333334,55.0,1,55.0,,tp,Natali_2023,Bonanza Creek,1,19,55.0,,interpolated_transect,True,False,False
Natali_2023_BNZ_T1_L20,2018-08-26,64.69604133333333,-148.32531866666667,52.0,1,52.0,,tp,Natali_2023,Bonanza Creek,1,20,52.0,,interpolated_transect,True,False,False
Natali_2023_BNZ_T1_L21,2018-08-26,64.6960502,-148.3253276,50.0,1,50.0,,tp,Natali_2023,Bonanza Creek,1,21,50.0,,interpolated_transect,True,False,False
Natali_2023_BNZ_T1_L22,2018-08-26,64.69605906666666,-148.32533653333334,57.0,1,57.0,,tp,Natali_2023,Bonanza Creek,1,22,57.0,,interpolated_transect,True,False,False
Natali_2023_BNZ_T1_L23,2018-08-26,64.69606793333332,-148.32534546666668,56.0,1,56.0,,tp,Natali_2023,Bonanza Creek,1,23,56.0,,interpolated_transect,True,False,False
Natali_2023_BNZ_T1_L24,2018-08-26,64.6960768,-148.3253544,59.0,1,59.0,,tp,Natali_2023,Bonanza Creek,1,24,59.0,,interpolated_transect,True,False,False
Natali_2023_BNZ_T1_L25,2018-08-26,64.69608566666666,-148.32536333333334,72.0,1,72.0,,tp,Natali_2023,Bonanza Creek,1,25,72.0,,interpolated_transect,True,False,False
Natali_2023_BNZ_T1_L26,2018-08-26,64.69609453333334,-148.32537226666668,75.0,1,75.0,,tp,Natali_2023,Bonanza Creek,1,26,75.0,,interpolated_transect,True,False,False
Natali_2023_BNZ_T1_L27,2018-08-26,64.6961034,-148.3253812,57.0,1,57.0,,tp,Natali_2023,Bonanza Creek,1,27,57.0,,interpolated_transect,True,False,False
Natali_2023_BNZ_T1_L28,2018-08-26,64.69611226666666,-148.32539013333334,55.0,1,55.0,,tp,Natali_2023,Bonanza Creek,1,28,55.0,,interpolated_transect,True,False,False
Natali_2023_BNZ_T1_L29,2018-08-26,64.69612113333334,-148.32539906666668,65.0,1,65.0,,tp,Natali_2023,Bonanza Creek,1,29,65.0,,interpolated_transect,True,False,False
Natali_2023_BNZ_T1_L30,2018-08-26,64.69613,-148.325408,56.0,1,56.0,,tp,Natali_2023,Bonanza Creek,1,30,56.0,,source_endpoint,False,False,False
Natali_2023_BNZ_T2_L0,2018-08-26,64.695761,-148.325296,56.0,1,56.0,,tp,Natali_2023,Bonanza Creek,2,0,56.0,,source_endpoint,False,False,False
Natali_2023_BNZ_T2_L1,2018-08-26,64.69576893333334,-148.32530870000002,66.0,1,66.0,,tp,Natali_2023,Bonanza Creek,2,1,66.0,,interpolated_transect,True,False,False
Natali_2023_BNZ_T2_L2,2018-08-26,64.69577686666668,-148.3253214,59.0,1,59.0,,tp,Natali_2023,Bonanza Creek,2,2,59.0,,interpolated_transect,True,False,False
Natali_2023_BNZ_T2_L3,2018-08-26,64.6957848,-148.32533410000002,54.0,1,54.0,,tp,Natali_2023,Bonanza Creek,2,3,54.0,,interpolated_transect,True,False,False
Natali_2023_BNZ_T2_L4,2018-08-26,64.69579273333333,-148.3253468,68.0,1,68.0,,tp,Natali_2023,Bonanza Creek,2,4,68.0,,interpolated_transect,True,False,False
Natali_2023_BNZ_T2_L5,2018-08-26,64.69580066666667,-148.32535950000002,52.0,1,52.0,,tp,Natali_2023,Bonanza Creek,2,5,52.0,,interpolated_transect,True,False,False
Natali_2023_BNZ_T2_L6,2018-08-26,64.6958086,-148.3253722,61.0,1,61.0,,tp,Natali_2023,Bonanza Creek,2,6,61.0,,interpolated_transect,True,False,False
Natali_2023_BNZ_T2_L7,2018-08-26,64.69581653333334,-148.32538490000002,51.0,1,51.0,,tp,Natali_2023,Bonanza Creek,2,7,51.0,,interpolated_transect,True,False,False
Natali_2023_BNZ_T2_L8,2018-08-26,64.69582446666666,-148.3253976,60.0,1,60.0,,tp,Natali_2023,Bonanza Creek,2,8,60.0,,interpolated_transect,True,False,False
Natali_2023_BNZ_T2_L9,2018-08-26,64.6958324,-148.32541030000002,53.0,1,53.0,,tp,Natali_2023,Bonanza Creek,2,9,53.0,,interpolated_transect,True,False,False
Natali_2023_BNZ_T2_L10,2018-08-26,64.69584033333334,-148.325423,49.0,1,49.0,,tp,Natali_2023,Bonanza Creek,2,10,49.0,,interpolated_transect,True,False,False
Natali_2023_BNZ_T2_L11,2018-08-26,64.69584826666667,-148.3254357,59.0,1,59.0,,tp,Natali_2023,Bonanza Creek,2,11,59.0,,interpolated_transect,True,False,False
Natali_2023_BNZ_T2_L12,2018-08-26,64.69585620000001,-148.3254484,67.0,1,67.0,,tp,Natali_2023,Bonanza Creek,2,12,67.0,,interpolated_transect,True,False,False
Natali_2023_BNZ_T2_L13,2018-08-26,64.69586413333333,-148.3254611,48.0,1,48.0,,tp,Natali_2023,Bonanza Creek,2,13,48.0,,interpolated_transect,True,False,False
Natali_2023_BNZ_T2_L14,2018-08-26,64.69587206666667,-148.3254738,43.0,1,43.0,,tp,Natali_2023,Bonanza Creek,2,14,43.0,,interpolated_transect,True,False,False
Natali_2023_BNZ_T2_L15,2018-08-26,64.69588,-148.3254865,44.0,1,44.0,,tp,Natali_2023,Bonanza Creek,2,15,44.0,,interpolated_transect,True,False,False
Natali_2023_BNZ_T2_L16,2018-08-26,64.69588793333334,-148.32549920000002,48.0,1,48.0,,tp,Natali_2023,Bonanza Creek,2,16,48.0,,interpolated_transect,True,False,False
Natali_2023_BNZ_T2_L17,2018-08-26,64.69589586666667,-148.3255119,46.0,1,46.0,,tp,Natali_2023,Bonanza Creek,2,17,46.0,,interpolated_transect,True,False,False
Natali_2023_BNZ_T2_L18,2018-08-26,64.6959038,-148.32552460000002,51.0,1,51.0,,tp,Natali_2023,Bonanza Creek,2,18,51.0,,interpolated_transect,True,False,False
Natali_2023_BNZ_T2_L19,2018-08-26,64.69591173333333,-148.3255373,60.0,1,60.0,,tp,Natali_2023,Bonanza Creek,2,19,60.0,,interpolated_transect,True,False,False
Natali_2023_BNZ_T2_L20,2018-08-26,64.69591966666667,-148.32555000000002,53.0,1,53.0,,tp,Natali_2023,Bonanza Creek,2,20,53.0,,interpolated_transect,True,False,False
Natali_2023_BNZ_T2_L21,2018-08-26,64.6959276,-148.3255627,56.0,1,56.0,,tp,Natali_2023,Bonanza Creek,2,21,56.0,,interpolated_transect,True,False,False
Natali_2023_BNZ_T2_L22,2018-08-26,64.69593553333334,-148.32557540000002,61.0,1,61.0,,tp,Natali_2023,Bonanza Creek,2,22,61.0,,interpolated_transect,True,False,False
Natali_2023_BNZ_T2_L23,2018-08-26,64.69594346666666,-148.3255881,66.0,1,66.0,,tp,Natali_2023,Bonanza Creek,2,23,66.0,,interpolated_transect,True,False,False
Natali_2023_BNZ_T2_L24,2018-08-26,64.6959514,-148.32560080000002,78.0,1,78.0,,tp,Natali_2023,Bonanza Creek,2,24,78.0,,interpolated_transect,True,False,False
Natali_2023_BNZ_T2_L25,2018-08-26,64.69595933333333,-148.3256135,58.0,1,58.0,,tp,Natali_2023,Bonanza Creek,2,25,58.0,,interpolated_transect,True,False,False
Natali_2023_BNZ_T2_L26,2018-08-26,64.69596726666667,-148.32562620000002,54.0,1,54.0,,tp,Natali_2023,Bonanza Creek,2,26,54.0,,interpolated_transect,True,False,False
Natali_2023_BNZ_T2_L27,2018-08-26,64.6959752,-148.3256389,60.0,1,60.0,,tp,Natali_2023,Bonanza Creek,2,27,60.0,,interpolated_transect,True,False,False
Natali_2023_BNZ_T2_L28,2018-08-26,64.69598313333333,-148.32565160000001,82.0,1,82.0,,tp,Natali_2023,Bonanza Creek,2,28,82.0,,interpolated_transect,True,False,False
Natali_2023_BNZ_T2_L29,2018-08-26,64.69599106666666,-148.3256643,94.0,1,94.0,,tp,Natali_2023,Bonanza Creek,2,29,94.0,,interpolated_transect,True,False,False
Natali_2023_BNZ_T2_L30,2018-08-26,64.695999,-148.325677,69.0,1,69.0,,tp,Natali_2023,Bonanza Creek,2,30,69.0,,source_endpoint,False,False,False
Natali_2023_BNZ_T3_L0,2018-08-26,64.695689,-148.325588,44.0,1,44.0,,tp,Natali_2023,Bonanza Creek,3,0,44.0,,source_endpoint,False,False,False
Natali_2023_BNZ_T3_L1,2018-08-26,64.6956938,-148.32560546666667,55.0,1,55.0,,tp,Natali_2023,Bonanza Creek,3,1,55.0,,interpolated_transect,True,False,False
Natali_2023_BNZ_T3_L2,2018-08-26,64.6956986,-148.32562293333334,55.0,1,55.0,,tp,Natali_2023,Bonanza Creek,3,2,55.0,,interpolated_transect,True,False,False
Natali_2023_BNZ_T3_L3,2018-08-26,64.6957034,-148.3256404,62.0,1,62.0,,tp,Natali_2023,Bonanza Creek,3,3,62.0,,interpolated_transect,True,False,False
Natali_2023_BNZ_T3_L4,2018-08-26,64.6957082,-148.3256578666667,56.0,1,56.0,,tp,Natali_2023,Bonanza Creek,3,4,56.0,,interpolated_transect,True,False,False
Natali_2023_BNZ_T3_L5,2018-08-26,64.695713,-148.32567533333335,56.0,1,56.0,,tp,Natali_2023,Bonanza Creek,3,5,56.0,,interpolated_transect,True,False,False
Natali_2023_BNZ_T3_L6,2018-08-26,64.6957178,-148.3256928,56.0,1,56.0,,tp,Natali_2023,Bonanza Creek,3,6,56.0,,interpolated_transect,True,False,False
Natali_2023_BNZ_T3_L7,2018-08-26,64.6957226,-148.32571026666668,47.0,1,47.0,,tp,Natali_2023,Bonanza Creek,3,7,47.0,,interpolated_transect,True,False,False
Natali_2023_BNZ_T3_L8,2018-08-26,64.6957274,-148.32572773333334,58.0,1,58.0,,tp,Natali_2023,Bonanza Creek,3,8,58.0,,interpolated_transect,True,False,False
Natali_2023_BNZ_T3_L9,2018-08-26,64.6957322,-148.3257452,48.0,1,48.0,,tp,Natali_2023,Bonanza Creek,3,9,48.0,,interpolated_transect,True,False,False
Natali_2023_BNZ_T3_L10,2018-08-26,64.695737,-148.32576266666666,55.0,1,55.0,,tp,Natali_2023,Bonanza Creek,3,10,55.0,,interpolated_transect,True,False,False
Natali_2023_BNZ_T3_L11,2018-08-26,64.6957418,-148.32578013333332,58.0,1,58.0,,tp,Natali_2023,Bonanza Creek,3,11,58.0,,interpolated_transect,True,False,False
Natali_2023_BNZ_T3_L12,2018-08-26,64.69574659999999,-148.32579760000002,57.0,1,57.0,,tp,Natali_2023,Bonanza Creek,3,12,57.0,,interpolated_transect,True,False,False
Natali_2023_BNZ_T3_L13,2018-08-26,64.69575139999999,-148.32581506666668,64.0,1,64.0,,tp,Natali_2023,Bonanza Creek,3,13,64.0,,interpolated_transect,True,False,False
Natali_2023_BNZ_T3_L14,2018-08-26,64.69575619999999,-148.32583253333334,63.0,1,63.0,,tp,Natali_2023,Bonanza Creek,3,14,63.0,,interpolated_transect,True,False,False
Natali_2023_BNZ_T3_L15,2018-08-26,64.695761,-148.32585,65.0,1,65.0,,tp,Natali_2023,Bonanza Creek,3,15,65.0,,interpolated_transect,True,False,False
Natali_2023_BNZ_T3_L16,2018-08-26,64.6957658,-148.32586746666666,56.0,1,56.0,,tp,Natali_2023,Bonanza Creek,3,16,56.0,,interpolated_transect,True,False,False
Natali_2023_BNZ_T3_L17,2018-08-26,64.6957706,-148.32588493333333,47.0,1,47.0,,tp,Natali_2023,Bonanza Creek,3,17,47.0,,interpolated_transect,True,False,False
Natali_2023_BNZ_T3_L18,2018-08-26,64.6957754,-148.3259024,52.0,1,52.0,,tp,Natali_2023,Bonanza Creek,3,18,52.0,,interpolated_transect,True,False,False
Natali_2023_BNZ_T3_L19,2018-08-26,64.6957802,-148.32591986666668,58.0,1,58.0,,tp,Natali_2023,Bonanza Creek,3,19,58.0,,interpolated_transect,True,False,False
Natali_2023_BNZ_T3_L20,2018-08-26,64.695785,-148.32593733333334,51.0,1,51.0,,tp,Natali_2023,Bonanza Creek,3,20,51.0,,interpolated_transect,True,False,False
Natali_2023_BNZ_T3_L21,2018-08-26,64.6957898,-148.3259548,51.0,1,51.0,,tp,Natali_2023,Bonanza Creek,3,21,51.0,,interpolated_transect,True,False,False
Natali_2023_BNZ_T3_L22,2018-08-26,64.6957946,-148.32597226666667,60.0,1,60.0,,tp,Natali_2023,Bonanza Creek,3,22,60.0,,interpolated_transect,True,False,False
Natali_2023_BNZ_T3_L23,2018-08-26,64.6957994,-148.32598973333333,42.0,1,42.0,,tp,Natali_2023,Bonanza Creek,3,23,42.0,,interpolated_transect,True,False,False
Natali_2023_BNZ_T3_L24,2018-08-26,64.6958042,-148.3260072,43.0,1,43.0,,tp,Natali_2023,Bonanza Creek,3,24,43.0,,interpolated_transect,True,False,False
Natali_2023_BNZ_T3_L25,2018-08-26,64.695809,-148.32602466666665,52.0,1,52.0,,tp,Natali_2023,Bonanza Creek,3,25,52.0,,interpolated_transect,True,False,False
Natali_2023_BNZ_T3_L26,2018-08-26,64.6958138,-148.32604213333332,45.0,1,45.0,,tp,Natali_2023,Bonanza Creek,3,26,45.0,,interpolated_transect,True,False,False
Natali_2023_BNZ_T3_L27,2018-08-26,64.6958186,-148.3260596,58.0,1,58.0,,tp,Natali_2023,Bonanza Creek,3,27,58.0,,interpolated_transect,True,False,False
Natali_2023_BNZ_T3_L28,2018-08-26,64.6958234,-148.32607706666667,53.0,1,53.0,,tp,Natali_2023,Bonanza Creek,3,28,53.0,,interpolated_transect,True,False,False
Natali_2023_BNZ_T3_L29,2018-08-26,64.6958282,-148.32609453333333,50.0,1,50.0,,tp,Natali_2023,Bonanza Creek,3,29,50.0,,interpolated_transect,True,False,False
Natali_2023_BNZ_T3_L30,2018-08-26,64.695833,-148.326112,40.0,1,40.0,,tp,Natali_2023,Bonanza Creek,3,30,40.0,,source_endpoint,False,False,False
Natali_2023_HCU_T1_L0,2018-08-27,65.567191,-148.925705,58.0,1,58.0,,tp,Natali_2023,Hess Creek Unburned,1,0,58.0,,source_endpoint,False,False,False
Natali_2023_HCU_T1_L1,2018-08-27,65.56720056666666,-148.9257083,60.0,1,60.0,,tp,Natali_2023,Hess Creek Unburned,1,1,60.0,,interpolated_transect,True,False,False
Natali_2023_HCU_T1_L2,2018-08-27,65.56721013333333,-148.9257116,42.0,1,42.0,,tp,Natali_2023,Hess Creek Unburned,1,2,42.0,,interpolated_transect,True,False,False
Natali_2023_HCU_T1_L3,2018-08-27,65.5672197,-148.9257149,44.0,1,44.0,,tp,Natali_2023,Hess Creek Unburned,1,3,44.0,,interpolated_transect,True,False,False
Natali_2023_HCU_T1_L4,2018-08-27,65.56722926666666,-148.9257182,43.0,1,43.0,,tp,Natali_2023,Hess Creek Unburned,1,4,43.0,,interpolated_transect,True,False,False
Natali_2023_HCU_T1_L5,2018-08-27,65.56723883333333,-148.9257215,37.0,1,37.0,,tp,Natali_2023,Hess Creek Unburned,1,5,37.0,,interpolated_transect,True,False,False
Natali_2023_HCU_T1_L6,2018-08-27,65.5672484,-148.92572479999998,46.0,1,46.0,,tp,Natali_2023,Hess Creek Unburned,1,6,46.0,,interpolated_transect,True,False,False
Natali_2023_HCU_T1_L7,2018-08-27,65.56725796666666,-148.9257281,41.0,1,41.0,,tp,Natali_2023,Hess Creek Unburned,1,7,41.0,,interpolated_transect,True,False,False
Natali_2023_HCU_T1_L8,2018-08-27,65.56726753333332,-148.9257314,51.0,1,51.0,,tp,Natali_2023,Hess Creek Unburned,1,8,51.0,,interpolated_transect,True,False,False
Natali_2023_HCU_T1_L9,2018-08-27,65.5672771,-148.9257347,49.0,1,49.0,,tp,Natali_2023,Hess Creek Unburned,1,9,49.0,,interpolated_transect,True,False,False
Natali_2023_HCU_T1_L10,2018-08-27,65.56728666666666,-148.925738,49.0,1,49.0,,tp,Natali_2023,Hess Creek Unburned,1,10,49.0,,interpolated_transect,True,False,False
Natali_2023_HCU_T1_L11,2018-08-27,65.56729623333332,-148.9257413,47.0,1,47.0,,tp,Natali_2023,Hess Creek Unburned,1,11,47.0,,interpolated_transect,True,False,False
Natali_2023_HCU_T1_L12,2018-08-27,65.5673058,-148.9257446,45.0,1,45.0,,tp,Natali_2023,Hess Creek Unburned,1,12,45.0,,interpolated_transect,True,False,False
Natali_2023_HCU_T1_L13,2018-08-27,65.56731536666666,-148.9257479,44.0,1,44.0,,tp,Natali_2023,Hess Creek Unburned,1,13,44.0,,interpolated_transect,True,False,False
Natali_2023_HCU_T1_L14,2018-08-27,65.56732493333332,-148.9257512,44.0,1,44.0,,tp,Natali_2023,Hess Creek Unburned,1,14,44.0,,interpolated_transect,True,False,False
Natali_2023_HCU_T1_L15,2018-08-27,65.56733449999999,-148.92575449999998,44.0,1,44.0,,tp,Natali_2023,Hess Creek Unburned,1,15,44.0,,interpolated_transect,True,False,False
Natali_2023_HCU_T1_L16,2018-08-27,65.56734406666666,-148.92575779999999,48.0,1,48.0,,tp,Natali_2023,Hess Creek Unburned,1,16,48.0,,interpolated_transect,True,False,False
Natali_2023_HCU_T1_L17,2018-08-27,65.56735363333333,-148.9257611,54.0,1,54.0,,tp,Natali_2023,Hess Creek Unburned,1,17,54.0,,interpolated_transect,True,False,False
Natali_2023_HCU_T1_L18,2018-08-27,65.56736319999999,-148.9257644,42.0,1,42.0,,tp,Natali_2023,Hess Creek Unburned,1,18,42.0,,interpolated_transect,True,False,False
Natali_2023_HCU_T1_L19,2018-08-27,65.56737276666667,-148.9257677,44.0,1,44.0,,tp,Natali_2023,Hess Creek Unburned,1,19,44.0,,interpolated_transect,True,False,False
Natali_2023_HCU_T1_L20,2018-08-27,65.56738233333333,-148.925771,53.0,1,53.0,,tp,Natali_2023,Hess Creek Unburned,1,20,53.0,,interpolated_transect,True,False,False
Natali_2023_HCU_T1_L21,2018-08-27,65.56739189999999,-148.9257743,58.0,1,58.0,,tp,Natali_2023,Hess Creek Unburned,1,21,58.0,,interpolated_transect,True,False,False
Natali_2023_HCU_T1_L22,2018-08-27,65.56740146666667,-148.9257776,45.0,1,45.0,,tp,Natali_2023,Hess Creek Unburned,1,22,45.0,,interpolated_transect,True,False,False
Natali_2023_HCU_T1_L23,2018-08-27,65.56741103333333,-148.9257809,54.0,1,54.0,,tp,Natali_2023,Hess Creek Unburned,1,23,54.0,,interpolated_transect,True,False,False
Natali_2023_HCU_T1_L24,2018-08-27,65.56742059999999,-148.9257842,55.0,1,55.0,,tp,Natali_2023,Hess Creek Unburned,1,24,55.0,,interpolated_transect,True,False,False
Natali_2023_HCU_T1_L25,2018-08-27,65.56743016666665,-148.9257875,49.0,1,49.0,,tp,Natali_2023,Hess Creek Unburned,1,25,49.0,,interpolated_transect,True,False,False
Natali_2023_HCU_T1_L26,2018-08-27,65.56743973333333,-148.9257908,49.0,1,49.0,,tp,Natali_2023,Hess Creek Unburned,1,26,49.0,,interpolated_transect,True,False,False
Natali_2023_HCU_T1_L27,2018-08-27,65.56744929999999,-148.9257941,56.0,1,56.0,,tp,Natali_2023,Hess Creek Unburned,1,27,56.0,,interpolated_transect,True,False,False
Natali_2023_HCU_T1_L28,2018-08-27,65.56745886666666,-148.9257974,58.0,1,58.0,,tp,Natali_2023,Hess Creek Unburned,1,28,58.0,,interpolated_transect,True,False,False
Natali_2023_HCU_T1_L29,2018-08-27,65.56746843333333,-148.9258007,46.0,1,46.0,,tp,Natali_2023,Hess Creek Unburned,1,29,46.0,,interpolated_transect,True,False,False
Natali_2023_HCU_T1_L30,2018-08-27,65.567478,-148.925804,63.0,1,63.0,,tp,Natali_2023,Hess Creek Unburned,1,30,63.0,,source_endpoint,False,False,False
Natali_2023_HCU_T2_L0,2018-08-27,65.567228,-148.925424,44.0,1,44.0,,tp,Natali_2023,Hess Creek Unburned,2,0,44.0,,source_endpoint,False,False,False
Natali_2023_HCU_T2_L1,2018-08-27,65.5672356,-148.9254296,37.0,1,37.0,,tp,Natali_2023,Hess Creek Unburned,2,1,37.0,,interpolated_transect,True,False,False
Natali_2023_HCU_T2_L2,2018-08-27,65.56724320000001,-148.92543519999998,59.0,1,59.0,,tp,Natali_2023,Hess Creek Unburned,2,2,59.0,,interpolated_transect,True,False,False
Natali_2023_HCU_T2_L3,2018-08-27,65.5672508,-148.9254408,52.0,1,52.0,,tp,Natali_2023,Hess Creek Unburned,2,3,52.0,,interpolated_transect,True,False,False
Natali_2023_HCU_T2_L4,2018-08-27,65.5672584,-148.9254464,44.0,1,44.0,,tp,Natali_2023,Hess Creek Unburned,2,4,44.0,,interpolated_transect,True,False,False
Natali_2023_HCU_T2_L5,2018-08-27,65.567266,-148.925452,43.0,1,43.0,,tp,Natali_2023,Hess Creek Unburned,2,5,43.0,,interpolated_transect,True,False,False
Natali_2023_HCU_T2_L6,2018-08-27,65.56727360000001,-148.9254576,33.0,1,33.0,,tp,Natali_2023,Hess Creek Unburned,2,6,33.0,,interpolated_transect,True,False,False
Natali_2023_HCU_T2_L7,2018-08-27,65.5672812,-148.9254632,54.0,1,54.0,,tp,Natali_2023,Hess Creek Unburned,2,7,54.0,,interpolated_transect,True,False,False
Natali_2023_HCU_T2_L8,2018-08-27,65.5672888,-148.9254688,47.0,1,47.0,,tp,Natali_2023,Hess Creek Unburned,2,8,47.0,,interpolated_transect,True,False,False
Natali_2023_HCU_T2_L9,2018-08-27,65.5672964,-148.92547439999998,46.0,1,46.0,,tp,Natali_2023,Hess Creek Unburned,2,9,46.0,,interpolated_transect,True,False,False
Natali_2023_HCU_T2_L10,2018-08-27,65.56730400000001,-148.92548,32.0,1,32.0,,tp,Natali_2023,Hess Creek Unburned,2,10,32.0,,interpolated_transect,True,False,False
Natali_2023_HCU_T2_L11,2018-08-27,65.5673116,-148.9254856,62.0,1,62.0,,tp,Natali_2023,Hess Creek Unburned,2,11,62.0,,interpolated_transect,True,False,False
Natali_2023_HCU_T2_L12,2018-08-27,65.5673192,-148.92549119999998,55.0,1,55.0,,tp,Natali_2023,Hess Creek Unburned,2,12,55.0,,interpolated_transect,True,False,False
Natali_2023_HCU_T2_L13,2018-08-27,65.5673268,-148.9254968,41.0,1,41.0,,tp,Natali_2023,Hess Creek Unburned,2,13,41.0,,interpolated_transect,True,False,False
Natali_2023_HCU_T2_L14,2018-08-27,65.56733440000001,-148.9255024,47.0,1,47.0,,tp,Natali_2023,Hess Creek Unburned,2,14,47.0,,interpolated_transect,True,False,False
Natali_2023_HCU_T2_L15,2018-08-27,65.567342,-148.92550799999998,44.0,1,44.0,,tp,Natali_2023,Hess Creek Unburned,2,15,44.0,,interpolated_transect,True,False,False
Natali_2023_HCU_T2_L16,2018-08-27,65.5673496,-148.9255136,44.0,1,44.0,,tp,Natali_2023,Hess Creek Unburned,2,16,44.0,,interpolated_transect,True,False,False
Natali_2023_HCU_T2_L17,2018-08-27,65.5673572,-148.9255192,43.0,1,43.0,,tp,Natali_2023,Hess Creek Unburned,2,17,43.0,,interpolated_transect,True,False,False
Natali_2023_HCU_T2_L18,2018-08-27,65.56736480000001,-148.9255248,45.0,1,45.0,,tp,Natali_2023,Hess Creek Unburned,2,18,45.0,,interpolated_transect,True,False,False
Natali_2023_HCU_T2_L19,2018-08-27,65.56737240000001,-148.92553039999999,67.0,1,67.0,,tp,Natali_2023,Hess Creek Unburned,2,19,67.0,,interpolated_transect,True,False,False
Natali_2023_HCU_T2_L20,2018-08-27,65.56738,-148.925536,70.0,1,70.0,,tp,Natali_2023,Hess Creek Unburned,2,20,70.0,,interpolated_transect,True,False,False
Natali_2023_HCU_T2_L21,2018-08-27,65.5673876,-148.9255416,60.0,1,60.0,,tp,Natali_2023,Hess Creek Unburned,2,21,60.0,,interpolated_transect,True,False,False
Natali_2023_HCU_T2_L22,2018-08-27,65.5673952,-148.92554719999998,51.0,1,51.0,,tp,Natali_2023,Hess Creek Unburned,2,22,51.0,,interpolated_transect,True,False,False
Natali_2023_HCU_T2_L23,2018-08-27,65.56740280000001,-148.9255528,57.0,1,57.0,,tp,Natali_2023,Hess Creek Unburned,2,23,57.0,,interpolated_transect,True,False,False
Natali_2023_HCU_T2_L24,2018-08-27,65.5674104,-148.9255584,44.0,1,44.0,,tp,Natali_2023,Hess Creek Unburned,2,24,44.0,,interpolated_transect,True,False,False
Natali_2023_HCU_T2_L25,2018-08-27,65.567418,-148.925564,55.0,1,55.0,,tp,Natali_2023,Hess Creek Unburned,2,25,55.0,,interpolated_transect,True,False,False
Natali_2023_HCU_T2_L26,2018-08-27,65.5674256,-148.9255696,61.0,1,61.0,,tp,Natali_2023,Hess Creek Unburned,2,26,61.0,,interpolated_transect,True,False,False
Natali_2023_HCU_T2_L27,2018-08-27,65.56743320000001,-148.9255752,65.0,1,65.0,,tp,Natali_2023,Hess Creek Unburned,2,27,65.0,,interpolated_transect,True,False,False
Natali_2023_HCU_T2_L28,2018-08-27,65.5674408,-148.9255808,55.0,1,55.0,,tp,Natali_2023,Hess Creek Unburned,2,28,55.0,,interpolated_transect,True,False,False
Natali_2023_HCU_T2_L29,2018-08-27,65.5674484,-148.9255864,58.0,1,58.0,,tp,Natali_2023,Hess Creek Unburned,2,29,58.0,,interpolated_transect,True,False,False
Natali_2023_HCU_T2_L30,2018-08-27,65.567456,-148.925592,55.0,1,55.0,,tp,Natali_2023,Hess Creek Unburned,2,30,55.0,,source_endpoint,False,False,False
Natali_2023_HCU_T3_L0,2018-08-27,65.567277,-148.925009,50.0,1,50.0,,tp,Natali_2023,Hess Creek Unburned,3,0,50.0,,source_endpoint,False,False,False
Natali_2023_HCU_T3_L1,2018-08-27,65.56728650000001,-148.9250108,60.0,1,60.0,,tp,Natali_2023,Hess Creek Unburned,3,1,60.0,,interpolated_transect,True,False,False
Natali_2023_HCU_T3_L2,2018-08-27,65.567296,-148.9250126,70.0,1,70.0,,tp,Natali_2023,Hess Creek Unburned,3,2,70.0,,interpolated_transect,True,False,False
Natali_2023_HCU_T3_L3,2018-08-27,65.5673055,-148.92501439999998,65.0,1,65.0,,tp,Natali_2023,Hess Creek Unburned,3,3,65.0,,interpolated_transect,True,False,False
Natali_2023_HCU_T3_L4,2018-08-27,65.56731500000001,-148.9250162,54.0,1,54.0,,tp,Natali_2023,Hess Creek Unburned,3,4,54.0,,interpolated_transect,True,False,False
Natali_2023_HCU_T3_L5,2018-08-27,65.5673245,-148.925018,52.0,1,52.0,,tp,Natali_2023,Hess Creek Unburned,3,5,52.0,,interpolated_transect,True,False,False
Natali_2023_HCU_T3_L6,2018-08-27,65.567334,-148.9250198,48.0,1,48.0,,tp,Natali_2023,Hess Creek Unburned,3,6,48.0,,interpolated_transect,True,False,False
Natali_2023_HCU_T3_L7,2018-08-27,65.5673435,-148.92502159999998,43.0,1,43.0,,tp,Natali_2023,Hess Creek Unburned,3,7,43.0,,interpolated_transect,True,False,False
Natali_2023_HCU_T3_L8,2018-08-27,65.567353,-148.9250234,45.0,1,45.0,,tp,Natali_2023,Hess Creek Unburned,3,8,45.0,,interpolated_transect,True,False,False
Natali_2023_HCU_T3_L9,2018-08-27,65.5673625,-148.9250252,44.0,1,44.0,,tp,Natali_2023,Hess Creek Unburned,3,9,44.0,,interpolated_transect,True,False,False
Natali_2023_HCU_T3_L10,2018-08-27,65.567372,-148.925027,34.0,1,34.0,,tp,Natali_2023,Hess Creek Unburned,3,10,34.0,,interpolated_transect,True,False,False
Natali_2023_HCU_T3_L11,2018-08-27,65.5673815,-148.92502879999998,62.0,1,62.0,,tp,Natali_2023,Hess Creek Unburned,3,11,62.0,,interpolated_transect,True,False,False
Natali_2023_HCU_T3_L12,2018-08-27,65.567391,-148.92503059999999,49.0,1,49.0,,tp,Natali_2023,Hess Creek Unburned,3,12,49.0,,interpolated_transect,True,False,False
Natali_2023_HCU_T3_L13,2018-08-27,65.5674005,-148.9250324,49.0,1,49.0,,tp,Natali_2023,Hess Creek Unburned,3,13,49.0,,interpolated_transect,True,False,False
Natali_2023_HCU_T3_L14,2018-08-27,65.56741,-148.9250342,47.0,1,47.0,,tp,Natali_2023,Hess Creek Unburned,3,14,47.0,,interpolated_transect,True,False,False
Natali_2023_HCU_T3_L15,2018-08-27,65.5674195,-148.92503599999998,47.0,1,47.0,,tp,Natali_2023,Hess Creek Unburned,3,15,47.0,,interpolated_transect,True,False,False
Natali_2023_HCU_T3_L16,2018-08-27,65.567429,-148.92503779999998,59.0,1,59.0,,tp,Natali_2023,Hess Creek Unburned,3,16,59.0,,interpolated_transect,True,False,False
Natali_2023_HCU_T3_L17,2018-08-27,65.5674385,-148.9250396,52.0,1,52.0,,tp,Natali_2023,Hess Creek Unburned,3,17,52.0,,interpolated_transect,True,False,False
Natali_2023_HCU_T3_L18,2018-08-27,65.567448,-148.9250414,40.0,1,40.0,,tp,Natali_2023,Hess Creek Unburned,3,18,40.0,,interpolated_transect,True,False,False
Natali_2023_HCU_T3_L19,2018-08-27,65.5674575,-148.9250432,51.0,1,51.0,,tp,Natali_2023,Hess Creek Unburned,3,19,51.0,,interpolated_transect,True,False,False
Natali_2023_HCU_T3_L20,2018-08-27,65.567467,-148.92504499999998,61.0,1,61.0,,tp,Natali_2023,Hess Creek Unburned,3,20,61.0,,interpolated_transect,True,False,False
Natali_2023_HCU_T3_L21,2018-08-27,65.5674765,-148.9250468,43.0,1,43.0,,tp,Natali_2023,Hess Creek Unburned,3,21,43.0,,interpolated_transect,True,False,False
Natali_2023_HCU_T3_L22,2018-08-27,65.567486,-148.9250486,41.0,1,41.0,,tp,Natali_2023,Hess Creek Unburned,3,22,41.0,,interpolated_transect,True,False,False
Natali_2023_HCU_T3_L23,2018-08-27,65.56749549999999,-148.9250504,39.0,1,39.0,,tp,Natali_2023,Hess Creek Unburned,3,23,39.0,,interpolated_transect,True,False,False
Natali_2023_HCU_T3_L24,2018-08-27,65.567505,-148.92505219999998,61.0,1,61.0,,tp,Natali_2023,Hess Creek Unburned,3,24,61.0,,interpolated_transect,True,False,False
Natali_2023_HCU_T3_L25,2018-08-27,65.5675145,-148.925054,58.0,1,58.0,,tp,Natali_2023,Hess Creek Unburned,3,25,58.0,,interpolated_transect,True,False,False
Natali_2023_HCU_T3_L26,2018-08-27,65.56752399999999,-148.9250558,49.0,1,49.0,,tp,Natali_2023,Hess Creek Unburned,3,26,49.0,,interpolated_transect,True,False,False
Natali_2023_HCU_T3_L27,2018-08-27,65.5675335,-148.9250576,49.0,1,49.0,,tp,Natali_2023,Hess Creek Unburned,3,27,49.0,,interpolated_transect,True,False,False
Natali_2023_HCU_T3_L28,2018-08-27,65.567543,-148.92505939999998,48.0,1,48.0,,tp,Natali_2023,Hess Creek Unburned,3,28,48.0,,interpolated_transect,True,False,False
Natali_2023_HCU_T3_L29,2018-08-27,65.56755249999999,-148.9250612,55.0,1,55.0,,tp,Natali_2023,Hess Creek Unburned,3,29,55.0,,interpolated_transect,True,False,False
Natali_2023_HCU_T3_L30,2018-08-27,65.567562,-148.925063,48.0,1,48.0,,tp,Natali_2023,Hess Creek Unburned,3,30,48.0,,source_endpoint,False,False,False
Natali_2023_HCB_T1_L0,2018-08-27,65.568741,-148.924115,80.0,1,80.0,,tp,Natali_2023,Hess Creek Burned,1,0,80.0,,source_endpoint,False,False,False
Natali_2023_HCB_T1_L1,2018-08-27,65.56874923333334,-148.9241106,72.0,1,72.0,,tp,Natali_2023,Hess Creek Burned,1,1,72.0,,interpolated_transect,True,False,False
Natali_2023_HCB_T1_L2,2018-08-27,65.56875746666667,-148.9241062,70.0,1,70.0,,tp,Natali_2023,Hess Creek Burned,1,2,70.0,,interpolated_transect,True,False,False
Natali_2023_HCB_T1_L3,2018-08-27,65.5687657,-148.9241018,71.0,1,71.0,,tp,Natali_2023,Hess Creek Burned,1,3,71.0,,interpolated_transect,True,False,False
Natali_2023_HCB_T1_L4,2018-08-27,65.56877393333333,-148.9240974,74.0,1,74.0,,tp,Natali_2023,Hess Creek Burned,1,4,74.0,,interpolated_transect,True,False,False
Natali_2023_HCB_T1_L5,2018-08-27,65.56878216666667,-148.924093,94.0,1,94.0,,tp,Natali_2023,Hess Creek Burned,1,5,94.0,,interpolated_transect,True,False,False
Natali_2023_HCB_T1_L6,2018-08-27,65.5687904,-148.9240886,79.0,1,79.0,,tp,Natali_2023,Hess Creek Burned,1,6,79.0,,interpolated_transect,True,False,False
Natali_2023_HCB_T1_L7,2018-08-27,65.56879863333333,-148.9240842,70.0,1,70.0,,tp,Natali_2023,Hess Creek Burned,1,7,70.0,,interpolated_transect,True,False,False
Natali_2023_HCB_T1_L8,2018-08-27,65.56880686666668,-148.9240798,91.0,1,91.0,,tp,Natali_2023,Hess Creek Burned,1,8,91.0,,interpolated_transect,True,False,False
Natali_2023_HCB_T1_L9,2018-08-27,65.56881510000001,-148.9240754,93.0,1,93.0,,tp,Natali_2023,Hess Creek Burned,1,9,93.0,,interpolated_transect,True,False,False
Natali_2023_HCB_T1_L10,2018-08-27,65.56882333333334,-148.924071,83.0,1,83.0,,tp,Natali_2023,Hess Creek Burned,1,10,83.0,,interpolated_transect,True,False,False
Natali_2023_HCB_T1_L11,2018-08-27,65.56883156666667,-148.9240666,70.0,1,70.0,,tp,Natali_2023,Hess Creek Burned,1,11,70.0,,interpolated_transect,True,False,False
Natali_2023_HCB_T1_L12,2018-08-27,65.5688398,-148.9240622,73.0,1,73.0,,tp,Natali_2023,Hess Creek Burned,1,12,73.0,,interpolated_transect,True,False,False
Natali_2023_HCB_T1_L13,2018-08-27,65.56884803333334,-148.92405779999999,72.0,1,72.0,,tp,Natali_2023,Hess Creek Burned,1,13,72.0,,interpolated_transect,True,False,False
Natali_2023_HCB_T1_L14,2018-08-27,65.56885626666667,-148.9240534,90.0,1,90.0,,tp,Natali_2023,Hess Creek Burned,1,14,90.0,,interpolated_transect,True,False,False
Natali_2023_HCB_T1_L15,2018-08-27,65.5688645,-148.924049,94.0,1,94.0,,tp,Natali_2023,Hess Creek Burned,1,15,94.0,,interpolated_transect,True,False,False
Natali_2023_HCB_T1_L16,2018-08-27,65.56887273333334,-148.9240446,98.0,1,98.0,,tp,Natali_2023,Hess Creek Burned,1,16,98.0,,interpolated_transect,True,False,False
Natali_2023_HCB_T1_L17,2018-08-27,65.56888096666667,-148.9240402,81.0,1,81.0,,tp,Natali_2023,Hess Creek Burned,1,17,81.0,,interpolated_transect,True,False,False
Natali_2023_HCB_T1_L18,2018-08-27,65.5688892,-148.92403579999998,69.0,1,69.0,,tp,Natali_2023,Hess Creek Burned,1,18,69.0,,interpolated_transect,True,False,False
Natali_2023_HCB_T1_L19,2018-08-27,65.56889743333333,-148.9240314,70.0,1,70.0,,tp,Natali_2023,Hess Creek Burned,1,19,70.0,,interpolated_transect,True,False,False
Natali_2023_HCB_T1_L20,2018-08-27,65.56890566666667,-148.924027,71.0,1,71.0,,tp,Natali_2023,Hess Creek Burned,1,20,71.0,,interpolated_transect,True,False,False
Natali_2023_HCB_T1_L21,2018-08-27,65.5689139,-148.9240226,75.0,1,75.0,,tp,Natali_2023,Hess Creek Burned,1,21,75.0,,interpolated_transect,True,False,False
Natali_2023_HCB_T1_L22,2018-08-27,65.56892213333333,-148.9240182,67.0,1,67.0,,tp,Natali_2023,Hess Creek Burned,1,22,67.0,,interpolated_transect,True,False,False
Natali_2023_HCB_T1_L23,2018-08-27,65.56893036666668,-148.92401379999998,107.0,1,107.0,,tp,Natali_2023,Hess Creek Burned,1,23,107.0,,interpolated_transect,True,False,False
Natali_2023_HCB_T1_L24,2018-08-27,65.56893860000001,-148.9240094,129.0,1,129.0,,tp,Natali_2023,Hess Creek Burned,1,24,129.0,,interpolated_transect,True,False,False
Natali_2023_HCB_T1_L25,2018-08-27,65.56894683333334,-148.924005,101.0,1,101.0,,tp,Natali_2023,Hess Creek Burned,1,25,101.0,,interpolated_transect,True,False,False
Natali_2023_HCB_T1_L26,2018-08-27,65.56895506666667,-148.9240006,93.0,1,93.0,,tp,Natali_2023,Hess Creek Burned,1,26,93.0,,interpolated_transect,True,False,False
Natali_2023_HCB_T1_L27,2018-08-27,65.56896330000001,-148.9239962,98.0,1,98.0,,tp,Natali_2023,Hess Creek Burned,1,27,98.0,,interpolated_transect,True,False,False
Natali_2023_HCB_T1_L28,2018-08-27,65.56897153333334,-148.92399179999998,60.0,1,60.0,,tp,Natali_2023,Hess Creek Burned,1,28,60.0,,interpolated_transect,True,False,False
Natali_2023_HCB_T1_L29,2018-08-27,65.56897976666667,-148.9239874,65.0,1,65.0,,tp,Natali_2023,Hess Creek Burned,1,29,65.0,,interpolated_transect,True,False,False
Natali_2023_HCB_T1_L30,2018-08-27,65.568988,-148.923983,87.0,1,87.0,,tp,Natali_2023,Hess Creek Burned,1,30,87.0,,source_endpoint,False,False,False
Natali_2023_HCB_T2_L0,2018-08-27,65.568618,-148.923751,104.0,1,104.0,,tp,Natali_2023,Hess Creek Burned,2,0,104.0,,source_endpoint,False,False,False
Natali_2023_HCB_T2_L1,2018-08-27,65.5686274,-148.92375220000002,101.0,1,101.0,,tp,Natali_2023,Hess Creek Burned,2,1,101.0,,interpolated_transect,True,False,False
Natali_2023_HCB_T2_L2,2018-08-27,65.56863680000001,-148.9237534,101.0,1,101.0,,tp,Natali_2023,Hess Creek Burned,2,2,101.0,,interpolated_transect,True,False,False
Natali_2023_HCB_T2_L3,2018-08-27,65.5686462,-148.9237546,84.0,1,84.0,,tp,Natali_2023,Hess Creek Burned,2,3,84.0,,interpolated_transect,True,False,False
Natali_2023_HCB_T2_L4,2018-08-27,65.5686556,-148.9237558,79.0,1,79.0,,tp,Natali_2023,Hess Creek Burned,2,4,79.0,,interpolated_transect,True,False,False
Natali_2023_HCB_T2_L5,2018-08-27,65.568665,-148.92375700000002,61.0,1,61.0,,tp,Natali_2023,Hess Creek Burned,2,5,61.0,,interpolated_transect,True,False,False
Natali_2023_HCB_T2_L6,2018-08-27,65.5686744,-148.9237582,75.0,1,75.0,,tp,Natali_2023,Hess Creek Burned,2,6,75.0,,interpolated_transect,True,False,False
Natali_2023_HCB_T2_L7,2018-08-27,65.5686838,-148.9237594,91.0,1,91.0,,tp,Natali_2023,Hess Creek Burned,2,7,91.0,,interpolated_transect,True,False,False
Natali_2023_HCB_T2_L8,2018-08-27,65.5686932,-148.9237606,116.0,1,116.0,,tp,Natali_2023,Hess Creek Burned,2,8,116.0,,interpolated_transect,True,False,False
Natali_2023_HCB_T2_L9,2018-08-27,65.5687026,-148.92376180000002,143.0,1,143.0,,tp,Natali_2023,Hess Creek Burned,2,9,143.0,,interpolated_transect,True,False,False
Natali_2023_HCB_T2_L10,2018-08-27,65.568712,-148.923763,139.0,1,139.0,,tp,Natali_2023,Hess Creek Burned,2,10,139.0,,interpolated_transect,True,False,False
Natali_2023_HCB_T2_L11,2018-08-27,65.5687214,-148.9237642,97.0,1,97.0,,tp,Natali_2023,Hess Creek Burned,2,11,97.0,,interpolated_transect,True,False,False
Natali_2023_HCB_T2_L12,2018-08-27,65.5687308,-148.9237654,104.0,1,104.0,,tp,Natali_2023,Hess Creek Burned,2,12,104.0,,interpolated_transect,True,False,False
Natali_2023_HCB_T2_L13,2018-08-27,65.5687402,-148.92376660000002,115.0,1,115.0,,tp,Natali_2023,Hess Creek Burned,2,13,115.0,,interpolated_transect,True,False,False
Natali_2023_HCB_T2_L14,2018-08-27,65.5687496,-148.9237678,126.0,1,126.0,,tp,Natali_2023,Hess Creek Burned,2,14,126.0,,interpolated_transect,True,False,False
Natali_2023_HCB_T2_L15,2018-08-27,65.568759,-148.923769,113.0,1,113.0,,tp,Natali_2023,Hess Creek Burned,2,15,113.0,,interpolated_transect,True,False,False
Natali_2023_HCB_T2_L16,2018-08-27,65.5687684,-148.9237702,92.0,1,92.0,,tp,Natali_2023,Hess Creek Burned,2,16,92.0,,interpolated_transect,True,False,False
Natali_2023_HCB_T2_L17,2018-08-27,65.5687778,-148.92377140000002,83.0,1,83.0,,tp,Natali_2023,Hess Creek Burned,2,17,83.0,,interpolated_transect,True,False,False
Natali_2023_HCB_T2_L18,2018-08-27,65.5687872,-148.9237726,88.0,1,88.0,,tp,Natali_2023,Hess Creek Burned,2,18,88.0,,interpolated_transect,True,False,False
Natali_2023_HCB_T2_L19,2018-08-27,65.5687966,-148.9237738,94.0,1,94.0,,tp,Natali_2023,Hess Creek Burned,2,19,94.0,,interpolated_transect,True,False,False
Natali_2023_HCB_T2_L20,2018-08-27,65.568806,-148.923775,77.0,1,77.0,,tp,Natali_2023,Hess Creek Burned,2,20,77.0,,interpolated_transect,True,False,False
Natali_2023_HCB_T2_L21,2018-08-27,65.5688154,-148.92377620000002,65.0,1,65.0,,tp,Natali_2023,Hess Creek Burned,2,21,65.0,,interpolated_transect,True,False,False
Natali_2023_HCB_T2_L22,2018-08-27,65.5688248,-148.9237774,73.0,1,73.0,,tp,Natali_2023,Hess Creek Burned,2,22,73.0,,interpolated_transect,True,False,False
Natali_2023_HCB_T2_L23,2018-08-27,65.5688342,-148.9237786,87.0,1,87.0,,tp,Natali_2023,Hess Creek Burned,2,23,87.0,,interpolated_transect,True,False,False
Natali_2023_HCB_T2_L24,2018-08-27,65.5688436,-148.9237798,90.0,1,90.0,,tp,Natali_2023,Hess Creek Burned,2,24,90.0,,interpolated_transect,True,False,False
Natali_2023_HCB_T2_L25,2018-08-27,65.568853,-148.92378100000002,88.0,1,88.0,,tp,Natali_2023,Hess Creek Burned,2,25,88.0,,interpolated_transect,True,False,False
Natali_2023_HCB_T2_L26,2018-08-27,65.5688624,-148.9237822,74.0,1,74.0,,tp,Natali_2023,Hess Creek Burned,2,26,74.0,,interpolated_transect,True,False,False
Natali_2023_HCB_T2_L27,2018-08-27,65.5688718,-148.9237834,96.0,1,96.0,,tp,Natali_2023,Hess Creek Burned,2,27,96.0,,interpolated_transect,True,False,False
Natali_2023_HCB_T2_L28,2018-08-27,65.56888119999999,-148.9237846,96.0,1,96.0,,tp,Natali_2023,Hess Creek Burned,2,28,96.0,,interpolated_transect,True,False,False
Natali_2023_HCB_T2_L29,2018-08-27,65.5688906,-148.92378580000002,84.0,1,84.0,,tp,Natali_2023,Hess Creek Burned,2,29,84.0,,interpolated_transect,True,False,False
Natali_2023_HCB_T2_L30,2018-08-27,65.5689,-148.923787,90.0,1,90.0,,tp,Natali_2023,Hess Creek Burned,2,30,90.0,,source_endpoint,False,False,False
Natali_2023_HCB_T3_L0,2018-08-27,65.568631,-148.923241,109.0,1,109.0,,tp,Natali_2023,Hess Creek Burned,3,0,109.0,,source_endpoint,False,False,False
Natali_2023_HCB_T3_L1,2018-08-27,65.56864019999999,-148.92323886666665,117.0,1,117.0,,tp,Natali_2023,Hess Creek Burned,3,1,117.0,,interpolated_transect,True,False,False
Natali_2023_HCB_T3_L2,2018-08-27,65.5686494,-148.9232367333333,105.0,1,105.0,,tp,Natali_2023,Hess Creek Burned,3,2,105.0,,interpolated_transect,True,False,False
Natali_2023_HCB_T3_L3,2018-08-27,65.56865859999999,-148.9232346,71.0,1,71.0,,tp,Natali_2023,Hess Creek Burned,3,3,71.0,,interpolated_transect,True,False,False
Natali_2023_HCB_T3_L4,2018-08-27,65.5686678,-148.92323246666666,62.0,1,62.0,,tp,Natali_2023,Hess Creek Burned,3,4,62.0,,interpolated_transect,True,False,False
Natali_2023_HCB_T3_L5,2018-08-27,65.568677,-148.92323033333332,78.0,1,78.0,,tp,Natali_2023,Hess Creek Burned,3,5,78.0,,interpolated_transect,True,False,False
Natali_2023_HCB_T3_L6,2018-08-27,65.5686862,-148.92322819999998,91.0,1,91.0,,tp,Natali_2023,Hess Creek Burned,3,6,91.0,,interpolated_transect,True,False,False
Natali_2023_HCB_T3_L7,2018-08-27,65.5686954,-148.92322606666667,105.0,1,105.0,,tp,Natali_2023,Hess Creek Burned,3,7,105.0,,interpolated_transect,True,False,False
Natali_2023_HCB_T3_L8,2018-08-27,65.56870459999999,-148.92322393333333,97.0,1,97.0,,tp,Natali_2023,Hess Creek Burned,3,8,97.0,,interpolated_transect,True,False,False
Natali_2023_HCB_T3_L9,2018-08-27,65.5687138,-148.9232218,79.0,1,79.0,,tp,Natali_2023,Hess Creek Burned,3,9,79.0,,interpolated_transect,True,False,False
Natali_2023_HCB_T3_L10,2018-08-27,65.56872299999999,-148.92321966666665,101.0,1,101.0,,tp,Natali_2023,Hess Creek Burned,3,10,101.0,,interpolated_transect,True,False,False
Natali_2023_HCB_T3_L11,2018-08-27,65.5687322,-148.92321753333334,106.0,1,106.0,,tp,Natali_2023,Hess Creek Burned,3,11,106.0,,interpolated_transect,True,False,False
Natali_2023_HCB_T3_L12,2018-08-27,65.5687414,-148.9232154,94.0,1,94.0,,tp,Natali_2023,Hess Creek Burned,3,12,94.0,,interpolated_transect,True,False,False
Natali_2023_HCB_T3_L13,2018-08-27,65.5687506,-148.92321326666666,88.0,1,88.0,,tp,Natali_2023,Hess Creek Burned,3,13,88.0,,interpolated_transect,True,False,False
Natali_2023_HCB_T3_L14,2018-08-27,65.5687598,-148.92321113333333,76.0,1,76.0,,tp,Natali_2023,Hess Creek Burned,3,14,76.0,,interpolated_transect,True,False,False
Natali_2023_HCB_T3_L15,2018-08-27,65.568769,-148.92320899999999,75.0,1,75.0,,tp,Natali_2023,Hess Creek Burned,3,15,75.0,,interpolated_transect,True,False,False
Natali_2023_HCB_T3_L16,2018-08-27,65.5687782,-148.92320686666667,94.0,1,94.0,,tp,Natali_2023,Hess Creek Burned,3,16,94.0,,interpolated_transect,True,False,False
Natali_2023_HCB_T3_L17,2018-08-27,65.56878739999999,-148.92320473333334,127.0,1,127.0,,tp,Natali_2023,Hess Creek Burned,3,17,127.0,,interpolated_transect,True,False,False
Natali_2023_HCB_T3_L18,2018-08-27,65.5687966,-148.9232026,125.0,1,125.0,,tp,Natali_2023,Hess Creek Burned,3,18,125.0,,interpolated_transect,True,False,False
Natali_2023_HCB_T3_L19,2018-08-27,65.56880579999999,-148.92320046666666,122.0,1,122.0,,tp,Natali_2023,Hess Creek Burned,3,19,122.0,,interpolated_transect,True,False,False
Natali_2023_HCB_T3_L20,2018-08-27,65.568815,-148.92319833333335,94.0,1,94.0,,tp,Natali_2023,Hess Creek Burned,3,20,94.0,,interpolated_transect,True,False,False
Natali_2023_HCB_T3_L21,2018-08-27,65.5688242,-148.9231962,90.0,1,90.0,,tp,Natali_2023,Hess Creek Burned,3,21,90.0,,interpolated_transect,True,False,False
Natali_2023_HCB_T3_L22,2018-08-27,65.5688334,-148.92319406666667,123.0,1,123.0,,tp,Natali_2023,Hess Creek Burned,3,22,123.0,,interpolated_transect,True,False,False
Natali_2023_HCB_T3_L23,2018-08-27,65.5688426,-148.92319193333333,129.0,1,129.0,,tp,Natali_2023,Hess Creek Burned,3,23,129.0,,interpolated_transect,True,False,False
Natali_2023_HCB_T3_L24,2018-08-27,65.56885179999999,-148.92318980000002,76.0,1,76.0,,tp,Natali_2023,Hess Creek Burned,3,24,76.0,,interpolated_transect,True,False,False
Natali_2023_HCB_T3_L25,2018-08-27,65.568861,-148.92318766666668,97.0,1,97.0,,tp,Natali_2023,Hess Creek Burned,3,25,97.0,,interpolated_transect,True,False,False
Natali_2023_HCB_T3_L26,2018-08-27,65.56887019999999,-148.92318553333334,136.0,1,136.0,,tp,Natali_2023,Hess Creek Burned,3,26,136.0,,interpolated_transect,True,False,False
Natali_2023_HCB_T3_L27,2018-08-27,65.5688794,-148.9231834,138.0,1,138.0,,tp,Natali_2023,Hess Creek Burned,3,27,138.0,,interpolated_transect,True,False,False
Natali_2023_HCB_T3_L28,2018-08-27,65.5688886,-148.9231812666667,124.0,1,124.0,,tp,Natali_2023,Hess Creek Burned,3,28,124.0,,interpolated_transect,True,False,False
Natali_2023_HCB_T3_L29,2018-08-27,65.5688978,-148.92317913333335,85.0,1,85.0,,tp,Natali_2023,Hess Creek Burned,3,29,85.0,,interpolated_transect,True,False,False
Natali_2023_HCB_T3_L30,2018-08-27,65.568907,-148.923177,75.0,1,75.0,,tp,Natali_2023,Hess Creek Burned,3,30,75.0,,source_endpoint,False,False,False
Natali_2023_NCB_NEW_T1_L0,2018-08-28,65.286044,-146.558092,,0,,147.0,tp,Natali_2023,Nome Creek Burned - NEW,1,0,,> 147 cm,source_endpoint,False,False,False
Natali_2023_NCB_NEW_T1_L1,2018-08-28,65.2860355,-146.5581025333333,,0,,147.0,tp,Natali_2023,Nome Creek Burned - NEW,1,1,,> 147 cm,interpolated_transect,True,False,False
Natali_2023_NCB_NEW_T1_L2,2018-08-28,65.286027,-146.55811306666666,,0,,147.0,tp,Natali_2023,Nome Creek Burned - NEW,1,2,,> 147 cm,interpolated_transect,True,False,False
Natali_2023_NCB_NEW_T1_L3,2018-08-28,65.2860185,-146.5581236,,0,,147.0,tp,Natali_2023,Nome Creek Burned - NEW,1,3,,> 147 cm,interpolated_transect,True,False,False
Natali_2023_NCB_NEW_T1_L4,2018-08-28,65.28601,-146.5581341333333,,0,,147.0,tp,Natali_2023,Nome Creek Burned - NEW,1,4,,> 147 cm,interpolated_transect,True,False,False
Natali_2023_NCB_NEW_T1_L5,2018-08-28,65.2860015,-146.55814466666666,110.0,1,110.0,,tp,Natali_2023,Nome Creek Burned - NEW,1,5,110.0,,interpolated_transect,True,False,False
Natali_2023_NCB_NEW_T1_L6,2018-08-28,65.285993,-146.5581552,108.0,1,108.0,,tp,Natali_2023,Nome Creek Burned - NEW,1,6,108.0,,interpolated_transect,True,False,False
Natali_2023_NCB_NEW_T1_L7,2018-08-28,65.2859845,-146.5581657333333,100.0,1,100.0,,tp,Natali_2023,Nome Creek Burned - NEW,1,7,100.0,,interpolated_transect,True,False,False
Natali_2023_NCB_NEW_T1_L8,2018-08-28,65.285976,-146.55817626666666,83.0,1,83.0,,tp,Natali_2023,Nome Creek Burned - NEW,1,8,83.0,,interpolated_transect,True,False,False
Natali_2023_NCB_NEW_T1_L9,2018-08-28,65.2859675,-146.5581868,65.0,1,65.0,,tp,Natali_2023,Nome Creek Burned - NEW,1,9,65.0,,interpolated_transect,True,False,False
Natali_2023_NCB_NEW_T1_L10,2018-08-28,65.285959,-146.5581973333333,85.0,1,85.0,,tp,Natali_2023,Nome Creek Burned - NEW,1,10,85.0,,interpolated_transect,True,False,False
Natali_2023_NCB_NEW_T1_L11,2018-08-28,65.2859505,-146.55820786666666,74.0,1,74.0,,tp,Natali_2023,Nome Creek Burned - NEW,1,11,74.0,,interpolated_transect,True,False,False
Natali_2023_NCB_NEW_T1_L12,2018-08-28,65.285942,-146.5582184,62.0,1,62.0,,tp,Natali_2023,Nome Creek Burned - NEW,1,12,62.0,,interpolated_transect,True,False,False
Natali_2023_NCB_NEW_T1_L13,2018-08-28,65.2859335,-146.5582289333333,62.0,1,62.0,,tp,Natali_2023,Nome Creek Burned - NEW,1,13,62.0,,interpolated_transect,True,False,False
Natali_2023_NCB_NEW_T1_L14,2018-08-28,65.285925,-146.55823946666666,65.0,1,65.0,,tp,Natali_2023,Nome Creek Burned - NEW,1,14,65.0,,interpolated_transect,True,False,False
Natali_2023_NCB_NEW_T1_L15,2018-08-28,65.2859165,-146.55825,81.0,1,81.0,,tp,Natali_2023,Nome Creek Burned - NEW,1,15,81.0,,interpolated_transect,True,False,False
Natali_2023_NCB_NEW_T1_L16,2018-08-28,65.28590799999999,-146.5582605333333,47.0,1,47.0,,tp,Natali_2023,Nome Creek Burned - NEW,1,16,47.0,,interpolated_transect,True,False,False
Natali_2023_NCB_NEW_T1_L17,2018-08-28,65.2858995,-146.55827106666666,90.0,1,90.0,,tp,Natali_2023,Nome Creek Burned - NEW,1,17,90.0,,interpolated_transect,True,False,False
Natali_2023_NCB_NEW_T1_L18,2018-08-28,65.28589099999999,-146.5582816,100.0,1,100.0,,tp,Natali_2023,Nome Creek Burned - NEW,1,18,100.0,,interpolated_transect,True,False,False
Natali_2023_NCB_NEW_T1_L19,2018-08-28,65.2858825,-146.5582921333333,81.0,1,81.0,,tp,Natali_2023,Nome Creek Burned - NEW,1,19,81.0,,interpolated_transect,True,False,False
Natali_2023_NCB_NEW_T1_L20,2018-08-28,65.28587399999999,-146.55830266666666,80.0,1,80.0,,tp,Natali_2023,Nome Creek Burned - NEW,1,20,80.0,,interpolated_transect,True,False,False
Natali_2023_NCB_NEW_T1_L21,2018-08-28,65.2858655,-146.5583132,103.0,1,103.0,,tp,Natali_2023,Nome Creek Burned - NEW,1,21,103.0,,interpolated_transect,True,False,False
Natali_2023_NCB_NEW_T1_L22,2018-08-28,65.285857,-146.5583237333333,97.0,1,97.0,,tp,Natali_2023,Nome Creek Burned - NEW,1,22,97.0,,interpolated_transect,True,False,False
Natali_2023_NCB_NEW_T1_L23,2018-08-28,65.2858485,-146.55833426666666,76.0,1,76.0,,tp,Natali_2023,Nome Creek Burned - NEW,1,23,76.0,,interpolated_transect,True,False,False
Natali_2023_NCB_NEW_T1_L24,2018-08-28,65.28584,-146.5583448,79.0,1,79.0,,tp,Natali_2023,Nome Creek Burned - NEW,1,24,79.0,,interpolated_transect,True,False,False
Natali_2023_NCB_NEW_T1_L25,2018-08-28,65.2858315,-146.5583553333333,82.0,1,82.0,,tp,Natali_2023,Nome Creek Burned - NEW,1,25,82.0,,interpolated_transect,True,False,False
Natali_2023_NCB_NEW_T1_L26,2018-08-28,65.285823,-146.55836586666666,,0,,147.0,tp,Natali_2023,Nome Creek Burned - NEW,1,26,,> 147 cm,interpolated_transect,True,False,False
Natali_2023_NCB_NEW_T1_L27,2018-08-28,65.2858145,-146.5583764,,0,,147.0,tp,Natali_2023,Nome Creek Burned - NEW,1,27,,> 147 cm,interpolated_transect,True,False,False
Natali_2023_NCB_NEW_T1_L28,2018-08-28,65.285806,-146.5583869333333,,0,,147.0,tp,Natali_2023,Nome Creek Burned - NEW,1,28,,> 147 cm,interpolated_transect,True,False,False
Natali_2023_NCB_NEW_T1_L29,2018-08-28,65.2857975,-146.55839746666666,,0,,147.0,tp,Natali_2023,Nome Creek Burned - NEW,1,29,,> 147 cm,interpolated_transect,True,False,False
Natali_2023_NCB_NEW_T1_L30,2018-08-28,65.285789,-146.558408,,0,,147.0,tp,Natali_2023,Nome Creek Burned - NEW,1,30,,> 147 cm,source_endpoint,False,False,False
Natali_2023_NCB_NEW_T2_L27,2018-08-28,65.286139,-146.558424,,0,,147.0,tp,Natali_2023,Nome Creek Burned - NEW,2,27,,> 147 cm,interpolated_transect,True,False,False
Natali_2023_NCB_NEW_T2_L28,2018-08-28,65.28614733333333,-146.55841500000002,,0,,147.0,tp,Natali_2023,Nome Creek Burned - NEW,2,28,,> 147 cm,interpolated_transect,True,False,False
Natali_2023_NCB_NEW_T3_L0,2018-08-28,65.285717,-146.557978,,0,,147.0,tp,Natali_2023,Nome Creek Burned - NEW,3,0,,> 147 cm,source_endpoint,False,False,False
Natali_2023_NCB_NEW_T3_L1,2018-08-28,65.28572403333334,-146.55796466666666,138.0,1,138.0,,tp,Natali_2023,Nome Creek Burned - NEW,3,1,138.0,,interpolated_transect,True,False,False
Natali_2023_NCB_NEW_T3_L2,2018-08-28,65.28573106666667,-146.55795133333334,141.0,1,141.0,,tp,Natali_2023,Nome Creek Burned - NEW,3,2,141.0,,interpolated_transect,True,False,False
Natali_2023_NCB_NEW_T3_L3,2018-08-28,65.2857381,-146.55793799999998,127.0,1,127.0,,tp,Natali_2023,Nome Creek Burned - NEW,3,3,127.0,,interpolated_transect,True,False,False
Natali_2023_NCB_NEW_T3_L4,2018-08-28,65.28574513333334,-146.55792466666665,130.0,1,130.0,,tp,Natali_2023,Nome Creek Burned - NEW,3,4,130.0,,interpolated_transect,True,False,False
Natali_2023_NCB_NEW_T3_L5,2018-08-28,65.28575216666667,-146.55791133333332,116.0,1,116.0,,tp,Natali_2023,Nome Creek Burned - NEW,3,5,116.0,,interpolated_transect,True,False,False
Natali_2023_NCB_NEW_T3_L6,2018-08-28,65.2857592,-146.557898,131.0,1,131.0,,tp,Natali_2023,Nome Creek Burned - NEW,3,6,131.0,,interpolated_transect,True,False,False
Natali_2023_NCB_NEW_T3_L7,2018-08-28,65.28576623333333,-146.55788466666667,141.0,1,141.0,,tp,Natali_2023,Nome Creek Burned - NEW,3,7,141.0,,interpolated_transect,True,False,False
Natali_2023_NCB_NEW_T3_L8,2018-08-28,65.28577326666667,-146.55787133333334,,0,,147.0,tp,Natali_2023,Nome Creek Burned - NEW,3,8,,> 147 cm,interpolated_transect,True,False,False
Natali_2023_NCB_NEW_T3_L9,2018-08-28,65.2857803,-146.557858,143.0,1,143.0,,tp,Natali_2023,Nome Creek Burned - NEW,3,9,143.0,,interpolated_transect,True,False,False
Natali_2023_NCB_NEW_T3_L10,2018-08-28,65.28578733333333,-146.55784466666665,126.0,1,126.0,,tp,Natali_2023,Nome Creek Burned - NEW,3,10,126.0,,interpolated_transect,True,False,False
Natali_2023_NCB_NEW_T3_L11,2018-08-28,65.28579436666666,-146.55783133333333,106.0,1,106.0,,tp,Natali_2023,Nome Creek Burned - NEW,3,11,106.0,,interpolated_transect,True,False,False
Natali_2023_NCB_NEW_T3_L12,2018-08-28,65.2858014,-146.557818,107.0,1,107.0,,tp,Natali_2023,Nome Creek Burned - NEW,3,12,107.0,,interpolated_transect,True,False,False
Natali_2023_NCB_NEW_T3_L13,2018-08-28,65.28580843333333,-146.55780466666667,111.0,1,111.0,,tp,Natali_2023,Nome Creek Burned - NEW,3,13,111.0,,interpolated_transect,True,False,False
Natali_2023_NCB_NEW_T3_L14,2018-08-28,65.28581546666666,-146.55779133333334,125.0,1,125.0,,tp,Natali_2023,Nome Creek Burned - NEW,3,14,125.0,,interpolated_transect,True,False,False
Natali_2023_NCB_NEW_T3_L15,2018-08-28,65.2858225,-146.55777799999998,108.0,1,108.0,,tp,Natali_2023,Nome Creek Burned - NEW,3,15,108.0,,interpolated_transect,True,False,False
Natali_2023_NCB_NEW_T3_L16,2018-08-28,65.28582953333334,-146.55776466666666,108.0,1,108.0,,tp,Natali_2023,Nome Creek Burned - NEW,3,16,108.0,,interpolated_transect,True,False,False
Natali_2023_NCB_NEW_T3_L17,2018-08-28,65.28583656666667,-146.55775133333333,123.0,1,123.0,,tp,Natali_2023,Nome Creek Burned - NEW,3,17,123.0,,interpolated_transect,True,False,False
Natali_2023_NCB_NEW_T3_L18,2018-08-28,65.2858436,-146.557738,110.0,1,110.0,,tp,Natali_2023,Nome Creek Burned - NEW,3,18,110.0,,interpolated_transect,True,False,False
Natali_2023_NCB_NEW_T3_L19,2018-08-28,65.28585063333334,-146.55772466666667,107.0,1,107.0,,tp,Natali_2023,Nome Creek Burned - NEW,3,19,107.0,,interpolated_transect,True,False,False
Natali_2023_NCB_NEW_T3_L20,2018-08-28,65.28585766666667,-146.55771133333334,98.0,1,98.0,,tp,Natali_2023,Nome Creek Burned - NEW,3,20,98.0,,interpolated_transect,True,False,False
Natali_2023_NCB_NEW_T3_L21,2018-08-28,65.2858647,-146.55769800000002,61.0,1,61.0,,tp,Natali_2023,Nome Creek Burned - NEW,3,21,61.0,,interpolated_transect,True,False,False
Natali_2023_NCB_NEW_T3_L22,2018-08-28,65.28587173333334,-146.55768466666666,73.0,1,73.0,,tp,Natali_2023,Nome Creek Burned - NEW,3,22,73.0,,interpolated_transect,True,False,False
Natali_2023_NCB_NEW_T3_L23,2018-08-28,65.28587876666667,-146.55767133333333,71.0,1,71.0,,tp,Natali_2023,Nome Creek Burned - NEW,3,23,71.0,,interpolated_transect,True,False,False
Natali_2023_NCB_NEW_T3_L24,2018-08-28,65.2858858,-146.557658,80.0,1,80.0,,tp,Natali_2023,Nome Creek Burned - NEW,3,24,80.0,,interpolated_transect,True,False,False
Natali_2023_NCB_NEW_T3_L25,2018-08-28,65.28589283333334,-146.55764466666668,87.0,1,87.0,,tp,Natali_2023,Nome Creek Burned - NEW,3,25,87.0,,interpolated_transect,True,False,False
Natali_2023_NCB_NEW_T3_L26,2018-08-28,65.28589986666667,-146.55763133333335,70.0,1,70.0,,tp,Natali_2023,Nome Creek Burned - NEW,3,26,70.0,,interpolated_transect,True,False,False
Natali_2023_NCB_NEW_T3_L27,2018-08-28,65.2859069,-146.557618,70.0,1,70.0,,tp,Natali_2023,Nome Creek Burned - NEW,3,27,70.0,,interpolated_transect,True,False,False
Natali_2023_NCB_NEW_T3_L28,2018-08-28,65.28591393333333,-146.55760466666666,76.0,1,76.0,,tp,Natali_2023,Nome Creek Burned - NEW,3,28,76.0,,interpolated_transect,True,False,False
Natali_2023_NCB_NEW_T3_L29,2018-08-28,65.28592096666667,-146.55759133333333,89.0,1,89.0,,tp,Natali_2023,Nome Creek Burned - NEW,3,29,89.0,,interpolated_transect,True,False,False
Natali_2023_NCB_NEW_T3_L30,2018-08-28,65.285928,-146.557578,104.0,1,104.0,,tp,Natali_2023,Nome Creek Burned - NEW,3,30,104.0,,source_endpoint,False,False,False
