ID,Site_Name,SiteCode,Lat,Lon,year,Country,Region,GraphRegion,PERM_ZONE,METHOD,METHOD_PLAIN,TREND,N_YEARS,P_VAL,SOIL_TEXT,Elevation,DDT,DDF,PR_S,PR_W,ALT
0,Barrow,U1,71.31667,-156.6,2000,USA,North America,North America,Continuous,1000/T,Probing,0.34,25,0.012,loam,3,368.9003906,4250.756,101.80488586425781,137.94926,34
1,"Barrow, CRREL Plots",U2,71.31667,-156.5833,2000,USA,North America,North America,Continuous,10/T,Probing,0.27,25,0.017,loam,3,368.9003906,4250.756,101.80488586425781,137.94926,36
2,Atkasuk,U3,70.45,-157.4,2000,USA,North America,North America,Continuous,1000/T,Probing,0.4,25,0.009,sand,22,677.1439208984375,4546.3096,137.4750977,168.93942,43
3,West Dock 1 ha grid,U4,70.3745,-148.5522,2000,USA,North America,North America,Continuous,100/T/B56,Probing,0.34,24,0.001,loam,3,518.0014648,4298.62,115.7612305,124.28157,28
4,West Dock 1 km grid,U5,70.36667,-148.5667,2000,USA,North America,North America,Continuous,1000,Probing,0.25,24,0.039,loam,3,518.0014648,4298.62,115.7612305,124.28157,46
5,Deadhorse,U6,70.1613,-148.4653,2000,USA,North America,North America,Continuous,100/T/B60,Probing,0.47,24,0.001,Loam,17,614.369873,4388.301,133.60475158691406,135.73497,61
6,Betty Pingo 1 km grid,U7 A,70.28333,-148.8667,2000,USA,North America,North America,Continuous,1000/T,Probing,0.2,24,0.401,loam,12,591.2004395,4372.077,122.25585174560547,128.19035,47
7,Betty Pingo MNT,U7 B,70.2835,-148.8928,2000,USA,North America,North America,Continuous,100,Probing,0.28,24,0.117,loam,12,591.2004395,4372.077,122.25585174560547,128.19035,37
8,Betty Pingo WET,U7 C,70.275,-148.919,2000,USA,North America,North America,Continuous,100,Probing,0.14,24,0.06,silt,12,591.2004395,4372.077,122.25585174560547,128.19035,41
9,Franklin Bluff,U8,69.6739,-148.7219,2000,USA,North America,North America,Continuous,100/T/B60,Probing,0.59,24,0.001,sand,88,816.4569091796875,4651.902,163.90069580078125,143.8323,55
10,Happy Valley,U9 A,69.1466,-148.8483,2000,USA,North America,North America,Continuous,100/T/B40,Probing,0.49,20,0.001,loam,305,820.1956787109375,4653.3286,221.12013244628906,216.46239,
11,Happy Valley 1 km grid,U9 B,69.1482,-148.8505,2000,USA,North America,North America,Continuous,1000/T,Probing,-0.01,25,0.92,silt,305,821.6424560546875,4652.3296,222.3150634765625,214.0097,40
12,Lupine Hill,U10,69.12883,-148.5928,2000,USA,North America,North America,Continuous,100,Probing,0.29,24,0.003,silt,537,817.3717651367188,4559.5347,220.47955322265625,221.34329,41
13,Imnavait Creek  1 km grid,U11 A,68.6114,-149.3101,2000,USA,North America,North America,Continuous,1000/T,Probing,0.37,25,0.029,loam,910,611.3632813,4438.1504,300.7903137207031,238.0931,44
14,Imnavait Creek WET,U11 B,68.611,-149.3145,2000,USA,North America,North America,Continuous,100,Probing,0.48,25,0.005,silt,917,611.3632813,4438.1504,300.7903137207031,238.0931,45
15,Imnavait Creek MAT,U11 C,68.611,-149.30933,2000,USA,North America,North America,Continuous,100,Probing,0.35,25,0.034,silt,938,611.3632813,4438.1504,300.7903137207031,238.0931,37
16,Toolik 1 km grid,U12 A,68.6215,-149.6063,2000,USA,North America,North America,Continuous,1000/T,Probing,0.28,25,0.073,silt,750,644.8344727,4411.9697,299.6102294921875,237.15884,44
17,Toolik MAT,U12 B,68.624,-149.61817,2000,USA,North America,North America,Continuous,100,Probing,0.29,25,0.049,silt,777,644.8344727,4411.9697,299.6102294921875,237.15884,41
18,Galbraith Lake,U14,68.4774,-149.5024,2000,USA,North America,North America,Continuous,100/T/B75,Probing,0.38,21,0.02,silt,823,562.190918,4393.1895,317.6876220703125,240.45555,
19,Chandalar Shelf,U15,68.0691,-149.5804,2000,USA,North America,North America,Continuous,30/T/B61,Probing,0.45,24,0,silt,976,434.4129333496094,4275.6436,282.7176513671875,217.90073,32
20,Ivotuk  1 km grid,U26,68.48333,-155.7333,2000,USA,North America,North America,Continuous,1000,Probing,-0.15,20,0.31,peat,570,693.2962036132812,4497.783,245.74026489257812,244.76016,55
21,56 Mile,U56,69.5006,-148.5592,2000,USA,North America,North America,Continuous,100,Probing,0.07,25,0.55,loam,349,848.28125,4726.05,199.1192169189453,153.04086,63
22,Sagwon Hills MNT,U32 A,69.441,-148.67033,2000,USA,North America,North America,Continuous,100,Probing,0.17,25,0.13,silt,269,837.0733642578125,4770.216,175.31509399414062,200.1665,55
23,Sagwon Hills MAT,U32 B,69.401,-148.8056,2000,USA,North America,North America,Continuous,100,Probing,0.17,25,0.2,silt,360,837.2432861328125,4767.296,174.5468292236328,198.08011,37
24,Drew Point,U20,70.8645,-153.91,2000,USA,North America,North America,Continuous,T/B640,Borehole,0.57,20,0,silt,5,461.1539306640625,4275.203,141.7843017578125,120.331474,36
25,Inigok,U21,69.98962,-153.09,2000,USA,North America,North America,Continuous,T/B625,Borehole,0.09,25,0.87,silt,53,787.0020751953125,4521.1733,129.04718017578125,135.13625,42
26,Fish Creek,U22,70.33523,-152.05,2000,USA,North America,North America,Continuous,T/B735,Borehole,0.23,20,0.09,silt,31,701.6069336,4434.032,118.09972381591797,127.571976,28
27,Umiat,U24,69.3957,-152.14,2000,USA,North America,North America,Continuous,T/B640,Borehole,0.07,21,0.62,silt,201,864.1213379,4767.6245,170.4871826171875,147.30191,33
28,Tunalik,U25,70.1959,-161.08,2000,USA,North America,North America,Continuous,T/B393,Borehole,0.3,25,0.14,silt,26,557.1080322265625,4335.373,202.2440948486328,155.12793,41
29,Niguanak,U29,69.8894,-142.98,2000,USA,North America,North America,Continuous,T/B/30?,Borehole,0.57,22,0.1,silt,84,483.5290527,4330.139,83.90821838378906,186.3775,
30,Koluktak,U30,69.7516,-154.62,2000,USA,North America,North America,Continuous,T/B/,Borehole,0.14,21,0.08,silt,60,824.0623779296875,4590.1562,167.7163086,150.34494,117
31,Piksiksak,U37,70.0366,-157.08,2000,USA,North America,North America,Continuous,T/B/,Borehole,-0.31,21,0.21,silt,33,743.6396484,4589.1216,192.28146362304688,153.27435,
32,East Teshekpuk,U38,70.5685,-152.97,2000,USA,North America,North America,Continuous,T/B/,Borehole,-0.26,21,0.14,silt,7,575.6309814453125,4362.1777,122.51812744140625,119.58276,
33,North Head (thaw tube),C3 A,69.71972,-134.4619,2000,Canada,North America,North America,Continuous,TT,Thaw Tube,-0.01,13,0.9,silt,2,627.3663330078125,4523.724,73.56796264648438,104.17843,59
34,Lousy Point (Thaw tube),C5 A,69.21889,-134.2911,2000,Canada,North America,North America,Continuous,TT/T/B30,Thaw Tube,0.57,23,0,sand,30,911.1899414,4493.4424,85.94485473632812,112.38334,64
35,Old Man,U16,66.45,-150.6167,2000,USA,North America,North America,Discontinuous,100/T/B63,Probing,0.24,22,0.12,silt,390,1121.726563,3020.9507,389.0617370605469,177.40475,35
36,Wickersham,U17,65.1667,-147.9,2000,USA,North America,North America,Discontinuous,TT/P,Probing,0.47,25,0,loam,335,1349.3353271484375,2700.122,399.4940490722656,131.96109,49
37,Pearl Creek,U19,64.9,-147.8167,2000,USA,North America,North America,Discontinuous,TT/P,Probing,5.82,25,0,silt,213,1632.161621,2249.6533,366.9537353515625,117.99384,58
38,Farmers Loop,U41,64.88,-147.67,2000,USA,North America,North America,Discontinuous,100,Probing,0.63,20,0,silt,151,1617.390137,2208.646,360.2437744140625,115.99044,
39,Eagle,U51,64.7777,-141.10954,2000,USA,North America,North America,Discontinuous,50/P/T,Probing,0.04,11,0.98,peat,280,1434.379150390625,2930.4685,398.6829833984375,125.52965,
40,Nenana,U57,64.55446,-149.08339,2000,USA,North America,North America,Discontinuous,50/P/T,Probing,2.57,10,0,loam,111,1768.348876953125,2297.6797,298.3089294433594,121.8024,
41,Council Grid,U27,64.8442,-163.7202,2000,USA,North America,North America,Discontinuous,1000,Probing,0.82,21,0,loam,61,968.9860229492188,2107.9219,324.2132873535156,375.93558,53
42,Kougarok,U28,65.454,-164.6268,2000,USA,North America,North America,Discontinuous,1000,Probing,0.4,21,0.04,loam,250,898.9228516,2645.272,231.11312866210938,207.98863,47
43,Reindeer Depot  (Thaw tube),C7 A,68.68472,-134.1458,2000,Canada,North America,North America,Discontinuous,TT,Thaw Tube,1.21,21,0,silt,34,1010.5997314453125,4457.5234,116.4316406,128.7427,134
44,Rengleng River  (Thaw tube),C8 A,67.795,-134.1261,2000,Canada,North America,North America,Discontinuous,TT,Thaw Tube,0.24,14,0.19,sand,11,1242.326904296875,4393.2295,132.83767700195312,155.79623,110
45,"Janssonhaugen, Svalbard",N1,78.1793,16.467,2000,NOR,Norway/Svalbard,Mountains (Europe),Alpine,T/B102,Borehole,1.31,25,0,debris,270,145.4822998046875,3273.715,60.12525558,491.4997,157
46,"Junvvasshoe, Norway",N2,61.6775823,8.3693057,2000,NOR,Norway/Svalbard,Mountains (Europe),Alpine,T/B129,Borehole,1.08,24,0.01,debris,1894,602.4535522460938,1680.0353,568.7775879,739.5582,198
47,"Snoheim DB2, Norway",N5,62.2958,9.352,2000,NOR,Norway/Svalbard,Mountains (Europe),Alpine,T/B9,Borehole,8.45,17,0,debris,1481,683.3287353515625,1609.992,483.75482177734375,498.8766,
48,Lapires,CH3,46.106117,7.284349,2000,SWI,Switzerland,Mountains (Europe),Alpine,T/B19,Borehole,12.2,22,0,debris,2656,1430.627441,1101.2965,899.0001220703125,678.1832,380
49,Corvatsch,CH1,46.42879,9.821836,2000,SWI,Switzerland,Mountains (Europe),Alpine,T/B62,Borehole,15.49,23,0,debris,2670,740.2421264648438,1599.294,1063.703857421875,819.8603,345
50,Stockhorn,CH4,45.986786,7.824201,2000,SWI,Switzerland,Mountains (Europe),Alpine,T/B100,Borehole,9.08,22,0,debris,3327,473.4661865234375,2070.0125,775.3425903320312,1349.65,
51,Les Attelas,CH5,46.096772,7.273075,2000,SWI,Switzerland,Mountains (Europe),Alpine,T/B26,Borehole,7.08,16,0,debris,2507,1430.627441,1101.2965,899.0001220703125,678.1832,
52,Gentianes,CH7,46.083705,7.302472,2000,SWI,Switzerland,Mountains (Europe),Alpine,T/B20,Borehole,27.76,18,0,debris,2896,1430.627441,1101.2965,899.0001220703125,678.1832,
53,Schilthorn,CH2,46.558282,7.834426,2000,SWI,Switzerland,Mountains (Europe),Alpine,T/B101,Borehole,36.21,25,0,debris,2900,1648.4830322265625,750.64795,1192.640625,686.7093,441
54,Fluela,CH8,46.748868,9.943555,2000,SWI,Switzerland,Mountains (Europe),Alpine,T/B23,Borehole,-0.47,19,0.01,debris,2413,997.7293701171875,1408.6305,992.3018798828125,747.05225,
55,Muot da Barba Peider,CH9,46.496573,9.93141,2000,SWI,Switzerland,Mountains (Europe),Alpine,T/B18,Borehole,10.59,19,0.01,debris,2941,812.1368408203125,1635.6375,995.6911621,777.76404,190
56,Matterhorn,CH10,45.982321,7.676049,2000,SWI,Switzerland,Mountains (Europe),Alpine,T/B53,Borehole,9.57,15,0,debris,3204,532.9751586914062,2015.4492,681.1711426,1233.4141,
57,Schafberg,CH11,46.498797,9.925215,2000,SWI,Switzerland,Mountains (Europe),Alpine,T/B60,Borehole,0.89,22,0,debris,2731,812.1368408203125,1635.6375,995.6911621,777.76404,498
58,Ritigraben,CH12,46.174694,7.849835,2000,SWI,Switzerland,Mountains (Europe),Alpine,T/B30,Borehole,3.11,22,0.01,debris,2640,1115.6436767578125,1377.5653,923.2022705078125,688.05475,
59,Cime Bianche,IT2,45.920046,7.693595,2000,IT,Switzerland,Mountains (Europe),Alpine,T/B41,Borehole,20.21813725,17,0,debris,3100,1082.831055,1358.8455,801.4650268554688,1155.2274,
60,Stelvio,IT3,45.5187,10.4569,2000,IT,Switzerland,Mountains (Europe),Alpine,T/B100,Borehole,9.69,24,0,debris,2612,4926.752441,3.0204468,1178.285645,12.760848,214
61,Aiguille du Midi SE,FRA1a,45.878173,6.887653,2000,FRA,Switzerland,Mountains (Europe),Alpine,T/B10,Borehole,17.61356297,12,0,debris,3753,977.9495849609375,1385.9766,865.6090087890625,775.5775,
62,Aiguille du Midi NW,FRA1b,45.878679,6.887216,2000,FRA,Switzerland,Mountains (Europe),Alpine,T/B10,Borehole,7.678571429,15,0,debris,3745,977.9495849609375,1385.9766,865.6090087890625,775.5775,
63,Aiguille du Midi NE,FRA1c,45.878585,6.888098,2000,FRA,Switzerland,Mountains (Europe),Alpine,TB/10,Borehole,13.51785714,14,0,debris,3738,977.9495849609375,1385.9766,865.6090087890625,775.5775,
64,Bolvansky,R24,68.3,54.5,2000,RUS,Russian European North,Russian Northwest,Continuous,100,Probing,0.09,23,0.82,loam,28,1166.722656,2320.522,380.1910400390625,265.46698,106
65,Kashin Island,R24 A,68.23333,53.85,2000,RUS,Russian European North,Russian Northwest,Continuous,100,Probing,3.85,15,0,sand,9,1214.886474609375,2282.167,369.4123229980469,262.3325,
66,Zackenberg; ZEROCALM 1,G1,74.473,-20.5528,2000,DEN,Denmark (Greenland),Nordic Arctic,Continuous,100/T,Probing,0.64,25,0,loam,36,148.43011474609375,4473.7314,34.275779724121094,281.64,64
67,Zackenberg; ZEROCALM 2,G2,74.466,-20.5643,2000,DEN,Denmark (Greenland),Nordic Arctic,Continuous,150/T,Probing,0.5,25,0.02,loam,16,148.43011474609375,4473.7314,34.275779724121094,281.64,60
68,UNISCALM,N3,78.200956,15.836412,2000,NOR,Norway/Svalbard,Nordic Arctic,Continuous,100/T,Probing,0.52,25,0.01,sand,10,203.94219970703125,3091.9648,74.47160339355469,477.01862,95
69,"Ayach-Yakha, Vorkuta",R2,67.58333,64.18333,2000,RUS,Russian European North,Russian Northwest,Discontinuous,100/T,Probing,0.69,25,0,loam,148,1183.3150634765625,3294.5325,286.8636169433594,413.41626,69
70,Talnik,R23,67.33333,63.73333,2000,RUS,Russian European North,Russian Northwest,Discontinuous,100,Probing,2.52,22,0,loam,120,1278.522216796875,3220.0068,359.2739258,359.43146,111
71,Seida,R52,67.06556,62.92508,2000,RUS,Russian European North,Russian Northwest,Discontinuous,100,Probing,1.21,13,0,peat,100,1357.44043,3085.2546,385.3732604980469,341.8215,
72,"Abisko area, Sweden",S2,68.33333,18.83333,2000,SWE,Sweden/Svalbard,Nordic Arctic,Discontinuous,100/T,Probing,1.25,24,0,peat,900,837.5859985351562,1786.0078,492.2552490234375,509.4688,73
73,Nadym; West Siberia,R1,65.314861,72.864194,2000,RUS,West Siberia,West Siberia,Discontinuous,100/T/B10,Probing,3.38,25,0,sand,28,1519.394775390625,3654.5266,170.78895568847656,202.94945,126
74,Nadym WET; West Siberia,R1b,65.23375,72.518417,2000,RUS,West Siberia,West Siberia,Discontinuous,100,Probing,6.18,12,0,sand,7,1540.802246,3585.9502,172.63217163085938,200.36047,
75,"Marre Sale, Yamal Peninsula",R3,69.71667,66.75,2000,RUS,West Siberia,West Siberia,Continuous,1000/T/B10,Probing,0.7,23,0.09,sand,18,548.684082,3295.1284,259.2773438,271.46387,106
76,"Vaskiny Dachy, Yamal Peninsula",R5,70.28333,68.9,2000,RUS,West Siberia,West Siberia,Continuous,100/T/B10,Probing,0.43,24,0.05,silt,29,789.6713256835938,4066.268,210.80978393554688,198.30853,92
77,"Vaskiny Dachy, Yamal Peninsula",R5a,70.28333,68.9,2000,RUS,West Siberia,West Siberia,Continuous,50,Probing,0.5,18,0.2,loam,45,789.6713256835938,4066.268,210.80978393554688,198.30853,
78,"Vaskiny Dachi, Yamal Peninsula",R5b,70.2755,68.89164,2000,RUS,West Siberia,West Siberia,Continuous,50,Probing,0.74,18,0.04,silt,35,789.6713256835938,4066.268,210.80978393554688,198.30853,
79,"Vaskiny Dachi, Yamal Peninsula",R5c,70.2955,68.88347,2000,RUS,West Siberia,West Siberia,Continuous,50,Probing,1.12,18,0.06,sand,25,789.6713256835938,4066.268,210.80978393554688,198.30853,
80,Urengoy Gas Field GP5,R50a,66.31325,76.903478,2000,RUS,West Siberia,West Siberia,Discontinuous,100/T/B10,Probing,3.68,17,0,sand,59,1334.175293,4280.628,229.92686462402344,191.67613,
81,Urengoy Gas Field GP15,R50b,67.47791,76.69529,2000,RUS,West Siberia,West Siberia,Discontinuous,100/T/B10,Probing,2.67,16,0,sand,32,1258.697266,4457.6675,200.95333862304688,172.0596,
82,Bely Island (silt),R55,73.32694,70.08528,2000,RUS,West Siberia,West Siberia,Continuous,50,Probing,0.36,15,0.04,silt,4.2,370.2083740234375,3898.1357,202.19607543945312,219.67415,
83,Bely Island (sand),R55a,73.32861,70.08833,2000,RUS,West Siberia,West Siberia,Continuous,25,Probing,2.08,15,0,sand,3.4,370.2083740234375,3898.1357,202.19607543945312,219.67415,
84,Bykovsky (Lena delta) (alas),R29 B,71.7855,71.41917,2000,RUS,Central Siberia,Central Siberia,Continuous,100,Probing,0.05,20,0.65,loam,5,552.6604004,4267.4907,155.3983154296875,192.68506,
85,Talnah (Norilsk Region),R32,69.43333,88.46667,2000,RUS,Central Siberia,Central Siberia,Continuous,100,Probing,1.02,20,0.01,loam,67,1084.2789306640625,5097.5737,348.4300842285156,347.46494,
86,Igarka,R40,67.48135,86.4347,2000,RUS,Central Siberia,Central Siberia,Discontinuous,100,Probing,2.97,16,0,loam,40,1300.799560546875,4943.8057,302.2465515136719,280.05884,
87,Tuymada (Yakutsk region),R42,62.0133,129.65683,2000,RUS,Central Siberia,Central Siberia,Continuous,50/TT,Thaw Tube,0.5,17,0,sand,101,1952.7552490234375,5160.293,269.7650146484375,44.97312,
88,Neleger (Yakutsk region),R43,62.31618,129.49952,2000,RUS,Central Siberia,Central Siberia,Continuous,50/TT,Thaw Tube,0.06,17,0.77,loam,210,1817.0533447265625,5243.312,253.84762573242188,44.445442,
89,Samoylov,R51,72.369775,126.48063,2000,RUS,Central Siberia,Central Siberia,Continuous,150,Probing,0.42,22,0.02,sand,14,596.5703735351562,5771.1416,183.89552307128906,119.843216,
90,"Cape Chukochii; edoma, Kolyma",R13 A,70.08333,159.5833,2000,RUS,Northeast Siberia,Northeast Siberia,Continuous,100/T/B30,Probing,-0.04,22,0.84,loam,32,436.4306641,4762.7354,113.93904876708984,104.04442,33
91,"Cape Chukochi, alas, Kolyma",R13 B,70.08333,159.9167,2000,RUS,Northeast Siberia,Northeast Siberia,Continuous,100,Probing,-0.02,22,0.95,loam,32,362.4355163574219,4690.2036,116.23133850097656,79.71919,31
92,"Chukochya River, Kolyma",R14,69.48333,156.9833,2000,RUS,Northeast Siberia,Northeast Siberia,Continuous,100/T/B25,Probing,0.27,16,0.05,loam,31,783.3136596679688,4948.6577,166.17239379882812,79.72262,41
93,"Konkovaya River, Kolyma",R15 A,69.38333,158.4667,2000,RUS,Northeast Siberia,Northeast Siberia,Continuous,100/T/B50,Probing,-0.34,17,0.36,loam,20,766.9544067382812,4890.1553,168.0954132080078,75.509094,
94,"Konkovaya River, Kolyma",R15 B,69.38333,158.4667,2000,RUS,Northeast Siberia,Northeast Siberia,Continuous,100/T/B50,Probing,-0.19,17,0.45,loam,41,766.9544067382812,4890.1553,168.0954132080078,75.509094,
95,"Segodnya Pingo, Kolyma",R16,69.08333,158.9,2000,RUS,Northeast Siberia,Northeast Siberia,Continuous,100,Probing,-0.47,19,0.24,peat,30,901.3664551,4885.057,183.4400177001953,72.746956,
96,Akhmelo channel; Kolyma,R17,68.81667,161,2000,RUS,Northeast Siberia,Northeast Siberia,Continuous,100/T,Probing,0.61,23,0,loam,5,1124.1180419921875,4956.8286,212.43812561035156,54.89083,45
97,Mt. Rodinka; Kolyma,R18,68.9255,161.5046,2000,RUS,Northeast Siberia,Northeast Siberia,Continuous,100/T,Probing,0.05,23,0.81,loam,152,1099.028809,4917.2163,212.13363647460938,57.755913,75
98,Mt. Rodinka; Kolyma (10 m grid),R18 A,68.7417,161.5042,2000,RUS,Northeast Siberia,Northeast Siberia,Continuous,10/T,Probing,1.03,19,0,loam,152,1132.6353759765625,4912.805,222.8766326904297,55.183937,
99,"Lake Glukhoe, Kolyma",R19,68.8,160.95,2000,RUS,Northeast Siberia,Northeast Siberia,Continuous,100,Probing,0.55,21,0.08,sand,15,1124.1180419921875,4956.8286,212.43812561035156,54.89083,72
100,"Malchilovskaya Channel, Kolyma",R20,68.51667,161.4333,2000,RUS,Northeast Siberia,Northeast Siberia,Continuous,100,Probing,0.54,23,0,loam,10,1224.316895,5062.283,217.38975524902344,53.52603,46
101,"Lake Akhmelo, Kolyma",R21,68.83333,161.0333,2000,RUS,Northeast Siberia,Northeast Siberia,Continuous,100/T/B15,Probing,0.13,23,0.67,sand,10,1124.1180419921875,4956.8286,212.43812561035156,54.89083,84
102,Alazeya River,R22,69.31667,154.9833,2000,RUS,Northeast Siberia,Northeast Siberia,Continuous,100/B23,Probing,0.2,19,0.16,loam,60,840.4622802734375,5026.918,172.34068298339844,85.925285,
103,Jakutskoe Lake,R25,69.85,159.5,2000,RUS,Northeast Siberia,Northeast Siberia,Continuous,100,Probing,-0.02,20,0.89,loam,9,490.3031311035156,4705.0693,167.7920684814453,80.49957,37
104,Allaiha (Indigirka basin),R31,70.55,147.4333,2000,RUS,Northeast Siberia,Northeast Siberia,Continuous,100,Probing,-0.02,16,0.96,loam,42,778.6065063476562,5461.038,147.90618896484375,86.70123,
105,Omolon,R35,68.73333,158.9,2000,RUS,Northeast Siberia,Northeast Siberia,Continuous,100,Probing,-0.02,17,0.93,loam,4,1045.4322509765625,4883.665,217.2086944580078,58.176964,
106,Andryushkino,R36,69.16667,154.4333,2000,RUS,Northeast Siberia,Northeast Siberia,Continuous,100,Probing,0.4,19,0.01,loam,21,867.1903076171875,5039.7686,169.79498291015625,90.67149,
107,Mt. Rodinka (Control),R38 A,68.7,161.55,2000,RUS,Northeast Siberia,Northeast Siberia,Continuous,10/T,Probing,0.12,15,0.86,loam,75,1119.836669921875,4916.9517,224.6489715576172,55.276096,
108,Mt. Rodinka (Station),R38 C,68.74,161.3928,2000,RUS,Northeast Siberia,Northeast Siberia,Continuous,10/T,Probing,-1.03,21,0,loam,31,1140.081543,4926.705,222.27369689941406,55.064953,
109,Cape Rogozhny; Chukotka,R9,64.78333,176.9667,2000,RUS,Chukotka,Northeast Siberia,Continuous,100/T,Probing,0.17,25,0.21,loam,17,936.4973145,3116.8208,208.75564575195312,281.56525,42
110,"Mt. Dionisy, Chukotka",R11,64.56667,177.2,2000,RUS,Chukotka,Northeast Siberia,Continuous,100/T,Probing,0.12,24,0.42,loam,148,794.4238281,2955.9233,198.78567504882812,365.8792,46
111,Lavrentia,R27,65.6,-171.05,2000,RUS,Chukotka,Northeast Siberia,Continuous,100,Probing,0.4,25,0.02,loam,100,603.7191162109375,2937.4453,280.7699890136719,433.6048,59
112,Lorino,R41,65.539667,-171.63023,2000,RUS,Chukotka,Northeast Siberia,Continuous,100,Probing,0.87,15,0,sand,45,628.0175170898438,2979.6123,254.28500366210938,396.77728,
113,Kruglaya (Anadyr),R45,64.63333,176.9667,2000,RUS,Chukotka,Northeast Siberia,Continuous,100,Probing,0.04,15,0.82,silt,2.5,884.0986328,3022.4941,223.7625274658203,356.4665,
114,Ploskii Tolbachik (Kamchatka) 2,R30 C,55.89092,160.5375,2000,RUS,Kamchatka,Mountains (Eurasia),Alpine,100,Probing,0.23,17,0.03,silt,1630,881.9898681640625,3186.537,372.6833496,498.99728,
115,Baganuur Depression,M 1,47.68889,108.2625,2000,MNG,Hentei,Mountains (Eurasia),Alpine,T/B15,Borehole,4.42,22,0,sand,1350,2387.241455078125,2634.0176,225.98692321777344,56.256477,350
116,Nalaikh – northern slope,M2 A,47.75444,107.25,2000,MNG,Hentei,Mountains (Eurasia),Alpine,T/T/B50,Borehole,1.7,23,0,loam,1512,2204.653809,2717.957,289.5780334472656,62.903114,345
117,Terkh – valley bottom,M6 A,48.08194,99.37333,2000,MNG,Hangai,Mountains (Eurasia),Alpine,T/B15,Borehole,1.22,22,0,sand,2050,1532.9310302734375,3459.79,253.05075073242188,120.14167,260
118,Chuluut – pingo top,M7 A,48.04111,100.39167,2000,MNG,Hangai,Mountains (Eurasia),Alpine,T/B15,Borehole,1.74,22,0,silt,1870,1675.52832,3227.998,281.6679992675781,103.19031,125
119,Hatgal – lake terrace,M11,50.43861,100.15028,2000,MNG,Hovsgol,Mountains (Eurasia),Alpine,T/B6,Borehole,5.38,21,0,sand,1662,1659.36084,3056.749,411.7984313964844,84.64768,
120,Darhad Khuurch,M13 A,51.18722,99.4975,2000,MNG,Hovsgol,Mountains (Eurasia),Alpine,T/B100,Borehole,0.15,17,0.36,loam,1558,1733.400879,3454.8564,287.4302978515625,82.17544,
121,Prior Island,A32,-75.692829,162.880554,2000,ANT,SVL,Antarctica,Continuous,T/B1,Borehole,0.8,10,0.55,silt,30,0,7583.566,0,115.01592,
122,Finger Point,A33,-77.004683,162.623283,2000,ANT,SVL,Antarctica,Continuous,T/B1,Borehole,-0.3,10,0.66,silt,190,0,8740.223,0,46.923035,
123,Boulder Clay,A7,-74.745489,164.020308,2000,ANT,SVL,Antarctica,Continuous,T/B3.6,Borehole,0,22,0.99,silt,205,0,8123.128,0,155.88689,20
124,Oasi,A8,-74.74167,164.1,2000,ANT,SVL,Antarctica,Continuous,T/B30,Borehole,-1.3,13,0.14,debris,52,0,7598.3384,0,155.88689,
125,Apostrophe Island,A30,-73.51885,167.433567,2000,ANT,NVL,Antarctica,Continuous,T/B1,Borehole,0.1,10,0.978,silt,20,0,7302.8457,0,220.2393,
126,Edmonson Point,A31,-74.328494,165.131881,2000,ANT,NVL,Antarctica,Continuous,T/B1,Borehole,0.5,10,0.65,debris,30,0.155761719,8434.487,0,147.16696,
127,Deception Island (Crater Lake),A16,-62.9856507,-60.6787111,2000,ANT,AP,Antarctica,Discontinuous,100/P/B1.3,Probing,0.3,19,0.27,debris,85,121.95004272460938,746.9911,185.54104614257812,568.63196,
128,Deception Island (Irizar),A26,-62.9837,-60.7156671,2000,ANT,AP,Antarctica,Discontinuous,100/P/B1.2,Probing,4.4,19,0,debris,130,121.95004272460938,746.9911,185.54104614257812,568.63196,
129,Signy Island,A17,-60.7115,-45.5919,2000,ANT,AP,Antarctica,Discontinuous,T/B3.6,Borehole,7.2,12,0,debris,85,53.92797852,1448.0045,115.4071044921875,506.64932,
130,Signy Island- Bertsen,A17A,-60.7083,-45.5941,2000,ANT,AP,Antarctica,Discontinuous,T/B30,Borehole,-0.9,14,0.07,debris,21,53.92797852,1448.0045,115.4071044921875,506.64932,
131,King George-Bellingshausen,A18,-62.1983,-58.9842,2000,ANT,AP,Antarctica,Discontinuous,100/T,Probing,1.9,16,0.03,debris,15,129.3793945,799.89874,168.10250854492188,457.6048,
132,Rothera,A19,-67.5719,-68.126,2000,ANT,AP,Antarctica,Discontinuous,T/B31,Probing,-2.2,15,0.42,debris,31,1.482513427734375,2744.8853,137.18844604492188,1172.34,
133,Limnopolar Lake (Livingston Island),A25,-62.6498,-61.1047,2000,ANT,AP,Antarctica,Discontinuous,100/T,Probing,0.9,14,0.32,debris,80,120.25125122070312,737.2594,186.2462158203125,569.3513,
134,James Ross Island (JGM),A27,-63.8012464,-57.8834444,2000,ANT,AP,Antarctica,Continuous,70/T/G/B2.0,Probing,1.5,11,0.03,debris,10,18.50939941,2683.9556,26.99671173095703,565.0934,
135,James Ross Island (Berry Hill),A28,-63.80257189,-57.83848112,2000,ANT,AP,Antarctica,Continuous,50/T/B0.9,Probing,0.1,14,0.04,debris,60,24.102874755859375,2641.9321,26.99671173095703,546.8954,
136,Abernethy Flats,A34,-63.881389,-57.934722,2000,ANT,AP,Antarctica,Continuous,70/T/B,Borehole,0.1,13,0,debris,40,18.50939941,2683.9556,26.99671173095703,565.0934,
137,Balcón I (Mendoza),SA2A,-32.9619,-69.3719,2000,ARG,Central Andes,Mountains (South America),Alpine,T/B,Borehole,1.9,13,0.14,debris,3560,583.9213867,1782.0347,495.29449462890625,504.37473,
138,Balcón I Superior (Mendoza),SA2B,-32.955,-69.3706,2000,ARG,Central Andes,Mountains (South America),Alpine,T/B,Borehole,6.1,15,0,debris,3586,583.9213867,1782.0347,495.29449462890625,504.37473,
139,Balcón II (Mendoza),SA2C,-32.9597,-69.3803,2000,ARG,Central Andes,Mountains (South America),Alpine,T/B,Borehole,2,22,0,debris,3770,583.9213867,1782.0347,495.29449462890625,504.37473,
0,Barrow,U1,71.31667,-156.6,2001,USA,North America,North America,Continuous,1000/T,Probing,0.34,25,0.012,loam,3,310.9075927734375,4157.7764,110.94293212890625,109.48397,31
1,"Barrow, CRREL Plots",U2,71.31667,-156.5833,2001,USA,North America,North America,Continuous,10/T,Probing,0.27,25,0.017,loam,3,310.9075927734375,4157.7764,110.94293212890625,109.48397,29
2,Atkasuk,U3,70.45,-157.4,2001,USA,North America,North America,Continuous,1000/T,Probing,0.4,25,0.009,sand,22,615.8222656,4470.1304,141.4587860107422,109.29281,40
3,West Dock 1 ha grid,U4,70.3745,-148.5522,2001,USA,North America,North America,Continuous,100/T/B56,Probing,0.34,24,0.001,loam,3,518.8358154296875,4371.1616,124.6727294921875,109.77091,29
4,West Dock 1 km grid,U5,70.36667,-148.5667,2001,USA,North America,North America,Continuous,1000,Probing,0.25,24,0.039,loam,3,518.8358154296875,4371.1616,124.6727294921875,109.77091,46
5,Deadhorse,U6,70.1613,-148.4653,2001,USA,North America,North America,Continuous,100/T/B60,Probing,0.47,24,0.001,Loam,17,608.3267822265625,4461.962,149.88465881347656,124.01578,62
6,Betty Pingo 1 km grid,U7 A,70.28333,-148.8667,2001,USA,North America,North America,Continuous,1000/T,Probing,0.2,24,0.401,loam,12,582.8753662109375,4444.685,133.07925415039062,114.91931,48
7,Betty Pingo MNT,U7 B,70.2835,-148.8928,2001,USA,North America,North America,Continuous,100,Probing,0.28,24,0.117,loam,12,582.8753662109375,4444.685,133.07925415039062,114.91931,34
8,Betty Pingo WET,U7 C,70.275,-148.919,2001,USA,North America,North America,Continuous,100,Probing,0.14,24,0.06,silt,12,582.8753662109375,4444.685,133.07925415039062,114.91931,36
9,Franklin Bluff,U8,69.6739,-148.7219,2001,USA,North America,North America,Continuous,100/T/B60,Probing,0.59,24,0.001,sand,88,799.7598876953125,4731.1226,173.58787536621094,128.94815,58
10,Happy Valley,U9 A,69.1466,-148.8483,2001,USA,North America,North America,Continuous,100/T/B40,Probing,0.49,20,0.001,loam,305,858.0872802734375,4831.398,276.7673645019531,130.8709,
11,Happy Valley 1 km grid,U9 B,69.1482,-148.8505,2001,USA,North America,North America,Continuous,1000/T,Probing,-0.01,25,0.92,silt,305,856.0711669921875,4838.4053,276.35394287109375,129.5921,42
12,Lupine Hill,U10,69.12883,-148.5928,2001,USA,North America,North America,Continuous,100,Probing,0.29,24,0.003,silt,537,858.1019287109375,4725.9893,279.8026428222656,132.44867,41
13,Imnavait Creek  1 km grid,U11 A,68.6114,-149.3101,2001,USA,North America,North America,Continuous,1000/T,Probing,0.37,25,0.029,loam,910,703.0646973,4590.525,331.0462341308594,130.25066,46
14,Imnavait Creek WET,U11 B,68.611,-149.3145,2001,USA,North America,North America,Continuous,100,Probing,0.48,25,0.005,silt,917,703.0646973,4590.525,331.0462341308594,130.25066,49
15,Imnavait Creek MAT,U11 C,68.611,-149.30933,2001,USA,North America,North America,Continuous,100,Probing,0.35,25,0.034,silt,938,703.0646973,4590.525,331.0462341308594,130.25066,43
16,Toolik 1 km grid,U12 A,68.6215,-149.6063,2001,USA,North America,North America,Continuous,1000/T,Probing,0.28,25,0.073,silt,750,737.0776367,4564.5806,326.3195495605469,131.58774,46
17,Toolik MAT,U12 B,68.624,-149.61817,2001,USA,North America,North America,Continuous,100,Probing,0.29,25,0.049,silt,777,737.0776367,4564.5806,326.3195495605469,131.58774,45
18,Galbraith Lake,U14,68.4774,-149.5024,2001,USA,North America,North America,Continuous,100/T/B75,Probing,0.38,21,0.02,silt,823,655.1776733398438,4520.564,342.1065368652344,135.56859,46
19,Chandalar Shelf,U15,68.0691,-149.5804,2001,USA,North America,North America,Continuous,30/T/B61,Probing,0.45,24,0,silt,976,515.4312744140625,4316.4814,225.81771850585938,183.56796,32
20,Ivotuk  1 km grid,U26,68.48333,-155.7333,2001,USA,North America,North America,Continuous,1000,Probing,-0.15,20,0.31,peat,570,706.9187012,4766.91,250.57322692871094,153.39691,51
21,56 Mile,U56,69.5006,-148.5592,2001,USA,North America,North America,Continuous,100,Probing,0.07,25,0.55,loam,349,849.7409668,4801.9834,206.61688232421875,133.31601,61
22,Sagwon Hills MNT,U32 A,69.441,-148.67033,2001,USA,North America,North America,Continuous,100,Probing,0.17,25,0.13,silt,269,847.2209473,4867.3115,226.51348876953125,133.09706,52
23,Sagwon Hills MAT,U32 B,69.401,-148.8056,2001,USA,North America,North America,Continuous,100,Probing,0.17,25,0.2,silt,360,844.3354492,4865.1333,223.66983032226562,132.63037,38
24,Drew Point,U20,70.8645,-153.91,2001,USA,North America,North America,Continuous,T/B640,Borehole,0.57,20,0,silt,5,401.02899169921875,4293.012,143.90286254882812,107.89101,29
25,Inigok,U21,69.98962,-153.09,2001,USA,North America,North America,Continuous,T/B625,Borehole,0.09,25,0.87,silt,53,707.604248,4617.5317,183.1451873779297,121.70285,40
26,Fish Creek,U22,70.33523,-152.05,2001,USA,North America,North America,Continuous,T/B735,Borehole,0.23,20,0.09,silt,31,642.8249512,4500.3096,150.61257934570312,112.20207,27
27,Umiat,U24,69.3957,-152.14,2001,USA,North America,North America,Continuous,T/B640,Borehole,0.07,21,0.62,silt,201,801.2458496,4861.6836,193.37940979003906,145.16208,32
28,Tunalik,U25,70.1959,-161.08,2001,USA,North America,North America,Continuous,T/B393,Borehole,0.3,25,0.14,silt,26,519.2982177734375,4215.072,162.00057983398438,136.98813,41
29,Niguanak,U29,69.8894,-142.98,2001,USA,North America,North America,Continuous,T/B/30?,Borehole,0.57,22,0.1,silt,84,518.572998,4214.117,131.4564666748047,148.67683,27
30,Koluktak,U30,69.7516,-154.62,2001,USA,North America,North America,Continuous,T/B/,Borehole,0.14,21,0.08,silt,60,746.6416016,4704.2627,192.49246215820312,138.08923,120
31,Piksiksak,U37,70.0366,-157.08,2001,USA,North America,North America,Continuous,T/B/,Borehole,-0.31,21,0.21,silt,33,671.2131348,4582.5195,167.4032745361328,133.40967,
32,East Teshekpuk,U38,70.5685,-152.97,2001,USA,North America,North America,Continuous,T/B/,Borehole,-0.26,21,0.14,silt,7,520.2038574,4381.0024,133.77810668945312,105.91131,
33,North Head (thaw tube),C3 A,69.71972,-134.4619,2001,Canada,North America,North America,Continuous,TT,Thaw Tube,-0.01,13,0.9,silt,2,699.7697754,4014.275,80.67296600341797,111.056366,62
34,Lousy Point (Thaw tube),C5 A,69.21889,-134.2911,2001,Canada,North America,North America,Continuous,TT/T/B30,Thaw Tube,0.57,23,0,sand,30,1011.116943359375,4020.7905,94.50794982910156,111.43276,70
35,Old Man,U16,66.45,-150.6167,2001,USA,North America,North America,Discontinuous,100/T/B63,Probing,0.24,22,0.12,silt,390,1241.538330078125,3170.8635,319.4929504394531,144.16666,
36,Wickersham,U17,65.1667,-147.9,2001,USA,North America,North America,Discontinuous,TT/P,Probing,0.47,25,0,loam,335,1534.0692138671875,2835.2017,310.4101867675781,103.97175,46
37,Pearl Creek,U19,64.9,-147.8167,2001,USA,North America,North America,Discontinuous,TT/P,Probing,5.82,25,0,silt,213,1866.013916015625,2389.3525,266.5872497558594,87.75609,59
38,Farmers Loop,U41,64.88,-147.67,2001,USA,North America,North America,Discontinuous,100,Probing,0.63,20,0,silt,151,1854.785645,2339.0454,262.7967224121094,86.51169,
39,Eagle,U51,64.7777,-141.10954,2001,USA,North America,North America,Discontinuous,50/P/T,Probing,0.04,11,0.98,peat,280,1630.885742,2921.4385,326.27960205078125,129.44951,
40,Nenana,U57,64.55446,-149.08339,2001,USA,North America,North America,Discontinuous,50/P/T,Probing,2.57,10,0,loam,111,1961.0460205078125,2465.442,210.34068298339844,91.48102,
41,Council Grid,U27,64.8442,-163.7202,2001,USA,North America,North America,Discontinuous,1000,Probing,0.82,21,0,loam,61,960.0007324,2832.9312,173.44793701171875,293.51633,71
42,Kougarok,U28,65.454,-164.6268,2001,USA,North America,North America,Discontinuous,1000,Probing,0.4,21,0.04,loam,250,894.2891845703125,3404.2412,182.69476318359375,185.24759,56
43,Reindeer Depot  (Thaw tube),C7 A,68.68472,-134.1458,2001,Canada,North America,North America,Discontinuous,TT,Thaw Tube,1.21,21,0,silt,34,1115.248291015625,4000.105,118.63381958007812,116.46289,136
44,Rengleng River  (Thaw tube),C8 A,67.795,-134.1261,2001,Canada,North America,North America,Discontinuous,TT,Thaw Tube,0.24,14,0.19,sand,11,1356.724365234375,3938.9292,129.04547119140625,134.97934,108
45,"Janssonhaugen, Svalbard",N1,78.1793,16.467,2001,NOR,Norway/Svalbard,Mountains (Europe),Alpine,T/B102,Borehole,1.31,25,0,debris,270,251.83950805664062,3642.3154,71.14118957519531,395.2909,159
46,"Junvvasshoe, Norway",N2,61.6775823,8.3693057,2001,NOR,Norway/Svalbard,Mountains (Europe),Alpine,T/B129,Borehole,1.08,24,0.01,debris,1894,620.4386596679688,2129.3215,454.0179748535156,521.31647,198
47,"Snoheim DB2, Norway",N5,62.2958,9.352,2001,NOR,Norway/Svalbard,Mountains (Europe),Alpine,T/B9,Borehole,8.45,17,0,debris,1481,730.0410156,2133.4531,496.93511962890625,433.77252,
48,Lapires,CH3,46.106117,7.284349,2001,SWI,Switzerland,Mountains (Europe),Alpine,T/B19,Borehole,12.2,22,0,debris,2656,1430.651855,1177.1133,838.793457,818.8512,390
49,Corvatsch,CH1,46.42879,9.821836,2001,SWI,Switzerland,Mountains (Europe),Alpine,T/B62,Borehole,15.49,23,0,debris,2670,750.7333374023438,1556.7659,807.4134521484375,638.58124,347
50,Stockhorn,CH4,45.986786,7.824201,2001,SWI,Switzerland,Mountains (Europe),Alpine,T/B100,Borehole,9.08,22,0,debris,3327,496.3742676,2153.8909,734.6325684,851.24805,322
51,Les Attelas,CH5,46.096772,7.273075,2001,SWI,Switzerland,Mountains (Europe),Alpine,T/B26,Borehole,7.08,16,0,debris,2507,1430.651855,1177.1133,838.793457,818.8512,
52,Gentianes,CH7,46.083705,7.302472,2001,SWI,Switzerland,Mountains (Europe),Alpine,T/B20,Borehole,27.76,18,0,debris,2896,1430.651855,1177.1133,838.793457,818.8512,
53,Schilthorn,CH2,46.558282,7.834426,2001,SWI,Switzerland,Mountains (Europe),Alpine,T/B101,Borehole,36.21,25,0,debris,2900,1644.752441,829.5515,1094.5443115234375,1022.11145,488
54,Fluela,CH8,46.748868,9.943555,2001,SWI,Switzerland,Mountains (Europe),Alpine,T/B23,Borehole,-0.47,19,0.01,debris,2413,962.3480224609375,1456.884,842.4729004,709.1253,
55,Muot da Barba Peider,CH9,46.496573,9.93141,2001,SWI,Switzerland,Mountains (Europe),Alpine,T/B18,Borehole,10.59,19,0.01,debris,2941,792.7188720703125,1618.3682,744.3963623046875,624.89215,192
56,Matterhorn,CH10,45.982321,7.676049,2001,SWI,Switzerland,Mountains (Europe),Alpine,T/B53,Borehole,9.57,15,0,debris,3204,541.0831298828125,2097.1614,783.1955566,712.8627,
57,Schafberg,CH11,46.498797,9.925215,2001,SWI,Switzerland,Mountains (Europe),Alpine,T/B60,Borehole,0.89,22,0,debris,2731,792.7188720703125,1618.3682,744.3963623046875,624.89215,504
58,Ritigraben,CH12,46.174694,7.849835,2001,SWI,Switzerland,Mountains (Europe),Alpine,T/B30,Borehole,3.11,22,0.01,debris,2640,1101.619141,1420.4736,735.5182495117188,660.5941,
59,Cime Bianche,IT2,45.920046,7.693595,2001,IT,Switzerland,Mountains (Europe),Alpine,T/B41,Borehole,20.21813725,17,0,debris,3100,1085.479492,1416.1411,891.203125,563.2279,
60,Stelvio,IT3,45.5187,10.4569,2001,IT,Switzerland,Mountains (Europe),Alpine,T/B100,Borehole,9.69,24,0,debris,2612,4872.785645,0.23425293,924.114502,213.03976,215
61,Aiguille du Midi SE,FRA1a,45.878173,6.887653,2001,FRA,Switzerland,Mountains (Europe),Alpine,T/B10,Borehole,17.61356297,12,0,debris,3753,1008.707275390625,1447.2708,771.4044189453125,1008.0508,
62,Aiguille du Midi NW,FRA1b,45.878679,6.887216,2001,FRA,Switzerland,Mountains (Europe),Alpine,T/B10,Borehole,7.678571429,15,0,debris,3745,1008.707275390625,1447.2708,771.4044189453125,1008.0508,
63,Aiguille du Midi NE,FRA1c,45.878585,6.888098,2001,FRA,Switzerland,Mountains (Europe),Alpine,TB/10,Borehole,13.51785714,14,0,debris,3738,1008.707275390625,1447.2708,771.4044189453125,1008.0508,
64,Bolvansky,R24,68.3,54.5,2001,RUS,Russian European North,Russian Northwest,Continuous,100,Probing,0.09,23,0.82,loam,28,1030.139892578125,2744.988,152.4499053955078,283.47174,106
65,Kashin Island,R24 A,68.23333,53.85,2001,RUS,Russian European North,Russian Northwest,Continuous,100,Probing,3.85,15,0,sand,9,1067.904541015625,2707.9985,161.32342529296875,218.26755,
66,Zackenberg; ZEROCALM 1,G1,74.473,-20.5528,2001,DEN,Denmark (Greenland),Nordic Arctic,Continuous,100/T,Probing,0.64,25,0,loam,36,178.56466674804688,4474.622,113.52884674072266,351.20792,63
67,Zackenberg; ZEROCALM 2,G2,74.466,-20.5643,2001,DEN,Denmark (Greenland),Nordic Arctic,Continuous,150/T,Probing,0.5,25,0.02,loam,16,178.56466674804688,4474.622,113.52884674072266,351.20792,60
68,UNISCALM,N3,78.200956,15.836412,2001,NOR,Norway/Svalbard,Nordic Arctic,Continuous,100/T,Probing,0.52,25,0.01,sand,10,320.37237548828125,3425.4263,80.55197143554688,427.7287,99
69,"Ayach-Yakha, Vorkuta",R2,67.58333,64.18333,2001,RUS,Russian European North,Russian Northwest,Discontinuous,100/T,Probing,0.69,25,0,loam,148,1060.6141357421875,3651.5706,248.54177856445312,347.86664,73
70,Talnik,R23,67.33333,63.73333,2001,RUS,Russian European North,Russian Northwest,Discontinuous,100,Probing,2.52,22,0,loam,120,1151.4781494140625,3574.0513,310.99261474609375,260.89145,111
71,Seida,R52,67.06556,62.92508,2001,RUS,Russian European North,Russian Northwest,Discontinuous,100,Probing,1.21,13,0,peat,100,1207.755859,3466.5454,312.052002,235.56837,
72,"Abisko area, Sweden",S2,68.33333,18.83333,2001,SWE,Sweden/Svalbard,Nordic Arctic,Discontinuous,100/T,Probing,1.25,24,0,peat,900,867.4691162109375,2178.1785,441.3082580566406,546.70703,75
73,Nadym; West Siberia,R1,65.314861,72.864194,2001,RUS,West Siberia,West Siberia,Discontinuous,100/T/B10,Probing,3.38,25,0,sand,28,1439.156982421875,3822.3389,380.59197998046875,213.38344,132
74,Nadym WET; West Siberia,R1b,65.23375,72.518417,2001,RUS,West Siberia,West Siberia,Discontinuous,100,Probing,6.18,12,0,sand,7,1447.878906,3774.7258,380.7632141113281,210.53903,
75,"Marre Sale, Yamal Peninsula",R3,69.71667,66.75,2001,RUS,West Siberia,West Siberia,Continuous,1000/T/B10,Probing,0.7,23,0.09,sand,18,529.1470947265625,3398.5532,139.7151641845703,290.5108,111
76,"Vaskiny Dachy, Yamal Peninsula",R5,70.28333,68.9,2001,RUS,West Siberia,West Siberia,Continuous,100/T/B10,Probing,0.43,24,0.05,silt,29,868.5852661132812,4046.592,93.34478759765625,266.87045,92
77,"Vaskiny Dachy, Yamal Peninsula",R5a,70.28333,68.9,2001,RUS,West Siberia,West Siberia,Continuous,50,Probing,0.5,18,0.2,loam,45,868.5852661132812,4046.592,93.34478759765625,266.87045,
78,"Vaskiny Dachi, Yamal Peninsula",R5b,70.2755,68.89164,2001,RUS,West Siberia,West Siberia,Continuous,50,Probing,0.74,18,0.04,silt,35,868.5852661132812,4046.592,93.34478759765625,266.87045,
79,"Vaskiny Dachi, Yamal Peninsula",R5c,70.2955,68.88347,2001,RUS,West Siberia,West Siberia,Continuous,50,Probing,1.12,18,0.06,sand,25,868.5852661132812,4046.592,93.34478759765625,266.87045,
80,Urengoy Gas Field GP5,R50a,66.31325,76.903478,2001,RUS,West Siberia,West Siberia,Discontinuous,100/T/B10,Probing,3.68,17,0,sand,59,1365.2618408203125,4209.475,225.32208251953125,272.81244,
81,Urengoy Gas Field GP15,R50b,67.47791,76.69529,2001,RUS,West Siberia,West Siberia,Discontinuous,100/T/B10,Probing,2.67,16,0,sand,32,1289.185059,4308.7373,254.814209,224.03761,
82,Bely Island (silt),R55,73.32694,70.08528,2001,RUS,West Siberia,West Siberia,Continuous,50,Probing,0.36,15,0.04,silt,4.2,464.03973388671875,3738.4575,107.27729797363281,226.5788,
83,Bely Island (sand),R55a,73.32861,70.08833,2001,RUS,West Siberia,West Siberia,Continuous,25,Probing,2.08,15,0,sand,3.4,464.03973388671875,3738.4575,107.27729797363281,226.5788,
84,Bykovsky (Lena delta) (alas),R29 B,71.7855,71.41917,2001,RUS,Central Siberia,Central Siberia,Continuous,100,Probing,0.05,20,0.65,loam,5,637.2548217773438,4182.327,130.94412231445312,250.17851,
85,Talnah (Norilsk Region),R32,69.43333,88.46667,2001,RUS,Central Siberia,Central Siberia,Continuous,100,Probing,1.02,20,0.01,loam,67,1286.185547,4922.756,311.9381103515625,491.79883,
86,Igarka,R40,67.48135,86.4347,2001,RUS,Central Siberia,Central Siberia,Discontinuous,100,Probing,2.97,16,0,loam,40,1489.992188,4562.5254,306.1444396972656,416.64127,
87,Tuymada (Yakutsk region),R42,62.0133,129.65683,2001,RUS,Central Siberia,Central Siberia,Continuous,50/TT,Thaw Tube,0.5,17,0,sand,101,2042.214355,4918.2285,139.4762725830078,72.06354,
88,Neleger (Yakutsk region),R43,62.31618,129.49952,2001,RUS,Central Siberia,Central Siberia,Continuous,50/TT,Thaw Tube,0.06,17,0.77,loam,210,1906.848388671875,5059.138,150.40443420410156,72.389786,
89,Samoylov,R51,72.369775,126.48063,2001,RUS,Central Siberia,Central Siberia,Continuous,150,Probing,0.42,22,0.02,sand,14,831.9758301,5533.1245,71.84271240234375,169.27768,
90,"Cape Chukochii; edoma, Kolyma",R13 A,70.08333,159.5833,2001,RUS,Northeast Siberia,Northeast Siberia,Continuous,100/T/B30,Probing,-0.04,22,0.84,loam,32,516.8059082,4729.7817,96.61143493652344,136.29507,38
91,"Cape Chukochi, alas, Kolyma",R13 B,70.08333,159.9167,2001,RUS,Northeast Siberia,Northeast Siberia,Continuous,100,Probing,-0.02,22,0.95,loam,32,428.7655944824219,4639.169,97.76988983154297,142.71689,39
92,"Chukochya River, Kolyma",R14,69.48333,156.9833,2001,RUS,Northeast Siberia,Northeast Siberia,Continuous,100/T/B25,Probing,0.27,16,0.05,loam,31,920.7163696289062,5032.672,133.95892333984375,103.761406,
93,"Konkovaya River, Kolyma",R15 A,69.38333,158.4667,2001,RUS,Northeast Siberia,Northeast Siberia,Continuous,100/T/B50,Probing,-0.34,17,0.36,loam,20,876.9902344,4947.424,132.3563232421875,104.34219,36
94,"Konkovaya River, Kolyma",R15 B,69.38333,158.4667,2001,RUS,Northeast Siberia,Northeast Siberia,Continuous,100/T/B50,Probing,-0.19,17,0.45,loam,41,876.9902344,4947.424,132.3563232421875,104.34219,32
95,"Segodnya Pingo, Kolyma",R16,69.08333,158.9,2001,RUS,Northeast Siberia,Northeast Siberia,Continuous,100,Probing,-0.47,19,0.24,peat,30,1016.5750732421875,4970.731,137.7272186279297,106.75343,
96,Akhmelo channel; Kolyma,R17,68.81667,161,2001,RUS,Northeast Siberia,Northeast Siberia,Continuous,100/T,Probing,0.61,23,0,loam,5,1178.910888671875,4866.8545,135.82972717285156,108.05896,47
97,Mt. Rodinka; Kolyma,R18,68.9255,161.5046,2001,RUS,Northeast Siberia,Northeast Siberia,Continuous,100/T,Probing,0.05,23,0.81,loam,152,1161.483887,4782.5273,148.57147216796875,109.50555,75
98,Mt. Rodinka; Kolyma (10 m grid),R18 A,68.7417,161.5042,2001,RUS,Northeast Siberia,Northeast Siberia,Continuous,10/T,Probing,1.03,19,0,loam,152,1184.949951171875,4766.6265,133.90322875976562,113.67634,
99,"Lake Glukhoe, Kolyma",R19,68.8,160.95,2001,RUS,Northeast Siberia,Northeast Siberia,Continuous,100,Probing,0.55,21,0.08,sand,15,1178.910888671875,4866.8545,135.82972717285156,108.05896,
100,"Malchilovskaya Channel, Kolyma",R20,68.51667,161.4333,2001,RUS,Northeast Siberia,Northeast Siberia,Continuous,100,Probing,0.54,23,0,loam,10,1283.3184814453125,4941.438,126.37645721435547,111.88693,50
101,"Lake Akhmelo, Kolyma",R21,68.83333,161.0333,2001,RUS,Northeast Siberia,Northeast Siberia,Continuous,100/T/B15,Probing,0.13,23,0.67,sand,10,1178.910888671875,4866.8545,135.82972717285156,108.05896,84
102,Alazeya River,R22,69.31667,154.9833,2001,RUS,Northeast Siberia,Northeast Siberia,Continuous,100/B23,Probing,0.2,19,0.16,loam,60,1028.5238037109375,5178.2246,127.14212036132812,109.00758,
103,Jakutskoe Lake,R25,69.85,159.5,2001,RUS,Northeast Siberia,Northeast Siberia,Continuous,100,Probing,-0.02,20,0.89,loam,9,567.6459350585938,4677.794,102.44817352294922,146.82608,38
104,Allaiha (Indigirka basin),R31,70.55,147.4333,2001,RUS,Northeast Siberia,Northeast Siberia,Continuous,100,Probing,-0.02,16,0.96,loam,42,882.7625122070312,5529.8906,90.60356140136719,168.75778,
105,Omolon,R35,68.73333,158.9,2001,RUS,Northeast Siberia,Northeast Siberia,Continuous,100,Probing,-0.02,17,0.93,loam,4,1143.671142578125,4958.4473,150.0877685546875,114.04817,
106,Andryushkino,R36,69.16667,154.4333,2001,RUS,Northeast Siberia,Northeast Siberia,Continuous,100,Probing,0.4,19,0.01,loam,21,1067.7386474609375,5191.5537,124.55821990966797,113.06209,
107,Mt. Rodinka (Control),R38 A,68.7,161.55,2001,RUS,Northeast Siberia,Northeast Siberia,Continuous,10/T,Probing,0.12,15,0.86,loam,75,1172.330810546875,4759.715,135.2119598388672,113.42419,
108,Mt. Rodinka (Station),R38 C,68.74,161.3928,2001,RUS,Northeast Siberia,Northeast Siberia,Continuous,10/T,Probing,-1.03,21,0,loam,31,1193.207031,4787.032,133.34767150878906,113.352875,
109,Cape Rogozhny; Chukotka,R9,64.78333,176.9667,2001,RUS,Chukotka,Northeast Siberia,Continuous,100/T,Probing,0.17,25,0.21,loam,17,957.6415405273438,3622.5857,284.51605224609375,238.40103,44
110,"Mt. Dionisy, Chukotka",R11,64.56667,177.2,2001,RUS,Chukotka,Northeast Siberia,Continuous,100/T,Probing,0.12,24,0.42,loam,148,836.6340332,3361.0925,273.4173583984375,274.59692,47
111,Lavrentia,R27,65.6,-171.05,2001,RUS,Chukotka,Northeast Siberia,Continuous,100,Probing,0.4,25,0.02,loam,100,587.4963379,3377.191,262.3863830566406,354.69702,60
112,Lorino,R41,65.539667,-171.63023,2001,RUS,Chukotka,Northeast Siberia,Continuous,100,Probing,0.87,15,0,sand,45,626.4914551,3510.8455,237.0036621,325.98297,
113,Kruglaya (Anadyr),R45,64.63333,176.9667,2001,RUS,Chukotka,Northeast Siberia,Continuous,100,Probing,0.04,15,0.82,silt,2.5,921.4417724609375,3459.5632,280.6590576171875,267.36432,
114,Ploskii Tolbachik (Kamchatka) 2,R30 C,55.89092,160.5375,2001,RUS,Kamchatka,Mountains (Eurasia),Alpine,100,Probing,0.23,17,0.03,silt,1630,734.2017822265625,3374.0083,312.72821044921875,826.90564,
115,Baganuur Depression,M 1,47.68889,108.2625,2001,MNG,Hentei,Mountains (Eurasia),Alpine,T/B15,Borehole,4.42,22,0,sand,1350,2312.542236328125,2486.2136,264.8981628417969,27.980415,340
116,Nalaikh – northern slope,M2 A,47.75444,107.25,2001,MNG,Hentei,Mountains (Eurasia),Alpine,T/T/B50,Borehole,1.7,23,0,loam,1512,2148.826904296875,2461.8418,304.7814636230469,28.787401,330
117,Terkh – valley bottom,M6 A,48.08194,99.37333,2001,MNG,Hangai,Mountains (Eurasia),Alpine,T/B15,Borehole,1.22,22,0,sand,2050,1499.6951904296875,3072.487,230.42527770996094,127.31523,260
118,Chuluut – pingo top,M7 A,48.04111,100.39167,2001,MNG,Hangai,Mountains (Eurasia),Alpine,T/B15,Borehole,1.74,22,0,silt,1870,1634.1685791015625,2898.8455,262.19622802734375,115.34361,125
119,Hatgal – lake terrace,M11,50.43861,100.15028,2001,MNG,Hovsgol,Mountains (Eurasia),Alpine,T/B6,Borehole,5.38,21,0,sand,1662,1653.441162109375,2983.2637,415.9336853027344,77.76343,
120,Darhad Khuurch,M13 A,51.18722,99.4975,2001,MNG,Hovsgol,Mountains (Eurasia),Alpine,T/B100,Borehole,0.15,17,0.36,loam,1558,1706.719727,3228.42,327.78485107421875,66.668976,
121,Prior Island,A32,-75.692829,162.880554,2001,ANT,SVL,Antarctica,Continuous,T/B1,Borehole,0.8,10,0.55,silt,30,1.272705078,8014.864,0,66.30479,
122,Finger Point,A33,-77.004683,162.623283,2001,ANT,SVL,Antarctica,Continuous,T/B1,Borehole,-0.3,10,0.66,silt,190,0.579345703,9052.273,0,34.587475,
123,Boulder Clay,A7,-74.745489,164.020308,2001,ANT,SVL,Antarctica,Continuous,T/B3.6,Borehole,0,22,0.99,silt,205,2.613525391,8277.254,0,103.587524,
124,Oasi,A8,-74.74167,164.1,2001,ANT,SVL,Antarctica,Continuous,T/B30,Borehole,-1.3,13,0.14,debris,52,2.613525391,7686.5864,0,103.587524,
125,Apostrophe Island,A30,-73.51885,167.433567,2001,ANT,NVL,Antarctica,Continuous,T/B1,Borehole,0.1,10,0.978,silt,20,0.009338379,7353.0625,0,182.18019,
126,Edmonson Point,A31,-74.328494,165.131881,2001,ANT,NVL,Antarctica,Continuous,T/B1,Borehole,0.5,10,0.65,debris,30,0.174621582,8598.353,0,119.218636,
127,Deception Island (Crater Lake),A16,-62.9856507,-60.6787111,2001,ANT,AP,Antarctica,Discontinuous,100/P/B1.3,Probing,0.3,19,0.27,debris,85,86.08612060546875,728.19916,418.8171691894531,675.97455,
128,Deception Island (Irizar),A26,-62.9837,-60.7156671,2001,ANT,AP,Antarctica,Discontinuous,100/P/B1.2,Probing,4.4,19,0,debris,130,86.08612060546875,728.19916,418.8171691894531,675.97455,
129,Signy Island,A17,-60.7115,-45.5919,2001,ANT,AP,Antarctica,Discontinuous,T/B3.6,Borehole,7.2,12,0,debris,85,22.90124512,1517.9432,67.81655121,730.6233,
130,Signy Island- Bertsen,A17A,-60.7083,-45.5941,2001,ANT,AP,Antarctica,Discontinuous,T/B30,Borehole,-0.9,14,0.07,debris,21,22.90124512,1517.9432,67.81655121,730.6233,
131,King George-Bellingshausen,A18,-62.1983,-58.9842,2001,ANT,AP,Antarctica,Discontinuous,100/T,Probing,1.9,16,0.03,debris,15,97.03125,823.4573,297.39898681640625,677.62494,
132,Rothera,A19,-67.5719,-68.126,2001,ANT,AP,Antarctica,Discontinuous,T/B31,Probing,-2.2,15,0.42,debris,31,1.059020996,2843.3723,31.656219482421875,1552.7349,
133,Limnopolar Lake (Livingston Island),A25,-62.6498,-61.1047,2001,ANT,AP,Antarctica,Discontinuous,100/T,Probing,0.9,14,0.32,debris,80,88.58175659179688,712.3928,415.85968017578125,675.09045,
134,James Ross Island (JGM),A27,-63.8012464,-57.8834444,2001,ANT,AP,Antarctica,Continuous,70/T/G/B2.0,Probing,1.5,11,0.03,debris,10,5.029632568359375,2776.6245,74.14945983886719,1001.3888,
135,James Ross Island (Berry Hill),A28,-63.80257189,-57.83848112,2001,ANT,AP,Antarctica,Continuous,50/T/B0.9,Probing,0.1,14,0.04,debris,60,6.105621337890625,2749.1338,59.51001739501953,963.2599,
136,Abernethy Flats,A34,-63.881389,-57.934722,2001,ANT,AP,Antarctica,Continuous,70/T/B,Borehole,0.1,13,0,debris,40,5.029632568359375,2776.6245,59.51001739501953,1001.3888,
137,Balcón I (Mendoza),SA2A,-32.9619,-69.3719,2001,ARG,Central Andes,Mountains (South America),Alpine,T/B,Borehole,1.9,13,0.14,debris,3560,764.6049194335938,1788.6046,510.1801758,557.08124,
138,Balcón I Superior (Mendoza),SA2B,-32.955,-69.3706,2001,ARG,Central Andes,Mountains (South America),Alpine,T/B,Borehole,6.1,15,0,debris,3586,764.6049194335938,1788.6046,510.1801758,557.08124,
139,Balcón II (Mendoza),SA2C,-32.9597,-69.3803,2001,ARG,Central Andes,Mountains (South America),Alpine,T/B,Borehole,2,22,0,debris,3770,764.6049194335938,1788.6046,510.1801758,557.08124,300
0,Barrow,U1,71.31667,-156.6,2002,USA,North America,North America,Continuous,1000/T,Probing,0.34,25,0.012,loam,3,396.4708251953125,3683.3674,116.01988220214844,134.5496,31
1,"Barrow, CRREL Plots",U2,71.31667,-156.5833,2002,USA,North America,North America,Continuous,10/T,Probing,0.27,25,0.017,loam,3,396.4708251953125,3683.3674,116.01988220214844,134.5496,30
2,Atkasuk,U3,70.45,-157.4,2002,USA,North America,North America,Continuous,1000/T,Probing,0.4,25,0.009,sand,22,811.1085205078125,3997.2188,117.60383605957031,126.7404,42
3,West Dock 1 ha grid,U4,70.3745,-148.5522,2002,USA,North America,North America,Continuous,100/T/B56,Probing,0.34,24,0.001,loam,3,555.1350098,3851.021,165.23561096191406,101.98013,29
4,West Dock 1 km grid,U5,70.36667,-148.5667,2002,USA,North America,North America,Continuous,1000,Probing,0.25,24,0.039,loam,3,555.1350098,3851.021,165.23561096191406,101.98013,48
5,Deadhorse,U6,70.1613,-148.4653,2002,USA,North America,North America,Continuous,100/T/B60,Probing,0.47,24,0.001,Loam,17,646.2286376953125,3920.6611,191.06439208984375,110.294334,61
6,Betty Pingo 1 km grid,U7 A,70.28333,-148.8667,2002,USA,North America,North America,Continuous,1000/T,Probing,0.2,24,0.401,loam,12,626.3378906,3916.3403,175.5147705078125,103.64334,50
7,Betty Pingo MNT,U7 B,70.2835,-148.8928,2002,USA,North America,North America,Continuous,100,Probing,0.28,24,0.117,loam,12,626.3378906,3916.3403,175.5147705078125,103.64334,37
8,Betty Pingo WET,U7 C,70.275,-148.919,2002,USA,North America,North America,Continuous,100,Probing,0.14,24,0.06,silt,12,626.3378906,3916.3403,175.5147705078125,103.64334,41
9,Franklin Bluff,U8,69.6739,-148.7219,2002,USA,North America,North America,Continuous,100/T/B60,Probing,0.59,24,0.001,sand,88,855.6240234,4075.956,223.65298461914062,122.76587,55
10,Happy Valley,U9 A,69.1466,-148.8483,2002,USA,North America,North America,Continuous,100/T/B40,Probing,0.49,20,0.001,loam,305,840.0761719,4046.5,344.81488037109375,129.64842,
11,Happy Valley 1 km grid,U9 B,69.1482,-148.8505,2002,USA,North America,North America,Continuous,1000/T,Probing,-0.01,25,0.92,silt,305,841.4172363,4050.4673,344.2936096191406,128.34972,40
12,Lupine Hill,U10,69.12883,-148.5928,2002,USA,North America,North America,Continuous,100,Probing,0.29,24,0.003,silt,537,834.6206055,3935.8184,346.7898254394531,132.37747,41
13,Imnavait Creek  1 km grid,U11 A,68.6114,-149.3101,2002,USA,North America,North America,Continuous,1000/T,Probing,0.37,25,0.029,loam,910,588.2725830078125,3983.213,382.9664611816406,173.91727,39
14,Imnavait Creek WET,U11 B,68.611,-149.3145,2002,USA,North America,North America,Continuous,100,Probing,0.48,25,0.005,silt,917,588.2725830078125,3983.213,382.9664611816406,173.91727,39
15,Imnavait Creek MAT,U11 C,68.611,-149.30933,2002,USA,North America,North America,Continuous,100,Probing,0.35,25,0.034,silt,938,588.2725830078125,3983.213,382.9664611816406,173.91727,30
16,Toolik 1 km grid,U12 A,68.6215,-149.6063,2002,USA,North America,North America,Continuous,1000/T,Probing,0.28,25,0.073,silt,750,628.7836303710938,3921.9927,383.972168,172.74017,37
17,Toolik MAT,U12 B,68.624,-149.61817,2002,USA,North America,North America,Continuous,100,Probing,0.29,25,0.049,silt,777,628.7836303710938,3921.9927,383.972168,172.74017,33
18,Galbraith Lake,U14,68.4774,-149.5024,2002,USA,North America,North America,Continuous,100/T/B75,Probing,0.38,21,0.02,silt,823,540.9526367,3939.8442,384.84246826171875,181.6822,39
19,Chandalar Shelf,U15,68.0691,-149.5804,2002,USA,North America,North America,Continuous,30/T/B61,Probing,0.45,24,0,silt,976,456.25909423828125,3920.061,250.89639282226562,246.07617,24
20,Ivotuk  1 km grid,U26,68.48333,-155.7333,2002,USA,North America,North America,Continuous,1000,Probing,-0.15,20,0.31,peat,570,685.043457,3932.9712,297.9223937988281,160.52899,43
21,56 Mile,U56,69.5006,-148.5592,2002,USA,North America,North America,Continuous,100,Probing,0.07,25,0.55,loam,349,895.7600098,4104.281,253.5226593017578,136.17113,63
22,Sagwon Hills MNT,U32 A,69.441,-148.67033,2002,USA,North America,North America,Continuous,100,Probing,0.17,25,0.13,silt,269,877.0130615234375,4147.294,272.5435791015625,140.97623,55
23,Sagwon Hills MAT,U32 B,69.401,-148.8056,2002,USA,North America,North America,Continuous,100,Probing,0.17,25,0.2,silt,360,876.8031005859375,4146.7217,272.09490966796875,139.97856,33
24,Drew Point,U20,70.8645,-153.91,2002,USA,North America,North America,Continuous,T/B640,Borehole,0.57,20,0,silt,5,499.90704345703125,3830.3262,119.0695801,118.87657,33
25,Inigok,U21,69.98962,-153.09,2002,USA,North America,North America,Continuous,T/B625,Borehole,0.09,25,0.87,silt,53,849.3689575195312,4089.2896,174.3884735107422,118.54204,51
26,Fish Creek,U22,70.33523,-152.05,2002,USA,North America,North America,Continuous,T/B735,Borehole,0.23,20,0.09,silt,31,750.2178955078125,4010.5,149.5975341796875,109.240486,30
27,Umiat,U24,69.3957,-152.14,2002,USA,North America,North America,Continuous,T/B640,Borehole,0.07,21,0.62,silt,201,907.4478759765625,4218.5513,243.4423065185547,130.69995,35
28,Tunalik,U25,70.1959,-161.08,2002,USA,North America,North America,Continuous,T/B393,Borehole,0.3,25,0.14,silt,26,641.8997802734375,3696.062,148.41302490234375,174.13148,42
29,Niguanak,U29,69.8894,-142.98,2002,USA,North America,North America,Continuous,T/B/30?,Borehole,0.57,22,0.1,silt,84,521.1523438,3701.2988,159.87997436523438,129.84451,30
30,Koluktak,U30,69.7516,-154.62,2002,USA,North America,North America,Continuous,T/B/,Borehole,0.14,21,0.08,silt,60,904.7451172,4122.3174,181.8453826904297,126.77575,110
31,Piksiksak,U37,70.0366,-157.08,2002,USA,North America,North America,Continuous,T/B/,Borehole,-0.31,21,0.21,silt,33,860.9676513671875,4018.1362,144.7325897216797,138.52579,
32,East Teshekpuk,U38,70.5685,-152.97,2002,USA,North America,North America,Continuous,T/B/,Borehole,-0.26,21,0.14,silt,7,630.791748,3922.7793,121.80593872070312,108.1796,
33,North Head (thaw tube),C3 A,69.71972,-134.4619,2002,Canada,North America,North America,Continuous,TT,Thaw Tube,-0.01,13,0.9,silt,2,666.9944458007812,3799.3096,113.8983383178711,108.897675,60
34,Lousy Point (Thaw tube),C5 A,69.21889,-134.2911,2002,Canada,North America,North America,Continuous,TT/T/B30,Thaw Tube,0.57,23,0,sand,30,960.6575927734375,3784.523,132.18760681152344,114.85408,64
35,Old Man,U16,66.45,-150.6167,2002,USA,North America,North America,Discontinuous,100/T/B63,Probing,0.24,22,0.12,silt,390,1326.500732421875,2842.0183,387.49432373046875,205.52547,
36,Wickersham,U17,65.1667,-147.9,2002,USA,North America,North America,Discontinuous,TT/P,Probing,0.47,25,0,loam,335,1588.0406494140625,2484.7415,371.55657958984375,154.03445,46
37,Pearl Creek,U19,64.9,-147.8167,2002,USA,North America,North America,Discontinuous,TT/P,Probing,5.82,25,0,silt,213,1898.7347412109375,2001.8525,337.4560852050781,149.04373,61
38,Farmers Loop,U41,64.88,-147.67,2002,USA,North America,North America,Discontinuous,100,Probing,0.63,20,0,silt,151,1884.7305908203125,1976.4434,333.1626281738281,149.77112,
39,Eagle,U51,64.7777,-141.10954,2002,USA,North America,North America,Discontinuous,50/P/T,Probing,0.04,11,0.98,peat,280,1645.040283203125,2598.0347,420.2588806152344,191.73851,
40,Nenana,U57,64.55446,-149.08339,2002,USA,North America,North America,Discontinuous,50/P/T,Probing,2.57,10,0,loam,111,2037.195556640625,2014.9076,303.1927490234375,108.55672,
41,Council Grid,U27,64.8442,-163.7202,2002,USA,North America,North America,Discontinuous,1000,Probing,0.82,21,0,loam,61,1278.367188,2215.4478,255.2693328857422,372.96954,53
42,Kougarok,U28,65.454,-164.6268,2002,USA,North America,North America,Discontinuous,1000,Probing,0.4,21,0.04,loam,250,1104.1441650390625,2610.838,214.10980224609375,219.22635,52
43,Reindeer Depot  (Thaw tube),C7 A,68.68472,-134.1458,2002,Canada,North America,North America,Discontinuous,TT,Thaw Tube,1.21,21,0,silt,34,1067.145263671875,3748.2556,164.62274169921875,116.80499,123
44,Rengleng River  (Thaw tube),C8 A,67.795,-134.1261,2002,Canada,North America,North America,Discontinuous,TT,Thaw Tube,0.24,14,0.19,sand,11,1334.466309,3634.0908,189.9481658935547,101.98724,108
45,"Janssonhaugen, Svalbard",N1,78.1793,16.467,2002,NOR,Norway/Svalbard,Mountains (Europe),Alpine,T/B102,Borehole,1.31,25,0,debris,270,273.7912598,3648.317,69.32931518554688,378.7368,172
46,"Junvvasshoe, Norway",N2,61.6775823,8.3693057,2002,NOR,Norway/Svalbard,Mountains (Europe),Alpine,T/B129,Borehole,1.08,24,0.01,debris,1894,920.0792236328125,2013.4543,559.3443603515625,420.94687,241
47,"Snoheim DB2, Norway",N5,62.2958,9.352,2002,NOR,Norway/Svalbard,Mountains (Europe),Alpine,T/B9,Borehole,8.45,17,0,debris,1481,1035.6285400390625,2088.8726,488.1050109863281,313.93683,488
48,Lapires,CH3,46.106117,7.284349,2002,SWI,Switzerland,Mountains (Europe),Alpine,T/B19,Borehole,12.2,22,0,debris,2656,1340.499755859375,923.2566,951.222168,761.0032,
49,Corvatsch,CH1,46.42879,9.821836,2002,SWI,Switzerland,Mountains (Europe),Alpine,T/B62,Borehole,15.49,23,0,debris,2670,743.8701172,1376.7577,732.1416016,906.1415,344
50,Stockhorn,CH4,45.986786,7.824201,2002,SWI,Switzerland,Mountains (Europe),Alpine,T/B100,Borehole,9.08,22,0,debris,3327,450.22662353515625,1933.5206,817.6203613,1314.8687,288
51,Les Attelas,CH5,46.096772,7.273075,2002,SWI,Switzerland,Mountains (Europe),Alpine,T/B26,Borehole,7.08,16,0,debris,2507,1340.499755859375,923.2566,951.222168,761.0032,
52,Gentianes,CH7,46.083705,7.302472,2002,SWI,Switzerland,Mountains (Europe),Alpine,T/B20,Borehole,27.76,18,0,debris,2896,1340.499755859375,923.2566,951.222168,761.0032,
53,Schilthorn,CH2,46.558282,7.834426,2002,SWI,Switzerland,Mountains (Europe),Alpine,T/B101,Borehole,36.21,25,0,debris,2900,1590.6439208984375,609.5336,1326.053466796875,854.49927,446
54,Fluela,CH8,46.748868,9.943555,2002,SWI,Switzerland,Mountains (Europe),Alpine,T/B23,Borehole,-0.47,19,0.01,debris,2413,982.078125,1186.7184,848.2481689453125,748.18945,
55,Muot da Barba Peider,CH9,46.496573,9.93141,2002,SWI,Switzerland,Mountains (Europe),Alpine,T/B18,Borehole,10.59,19,0.01,debris,2941,820.5639648,1398.4556,678.8001098632812,860.3374,186
56,Matterhorn,CH10,45.982321,7.676049,2002,SWI,Switzerland,Mountains (Europe),Alpine,T/B53,Borehole,9.57,15,0,debris,3204,503.498291,1882.7932,724.3525391,1228.4023,
57,Schafberg,CH11,46.498797,9.925215,2002,SWI,Switzerland,Mountains (Europe),Alpine,T/B60,Borehole,0.89,22,0,debris,2731,820.5639648,1398.4556,678.8001098632812,860.3374,487
58,Ritigraben,CH12,46.174694,7.849835,2002,SWI,Switzerland,Mountains (Europe),Alpine,T/B30,Borehole,3.11,22,0.01,debris,2640,1050.25,1179.2532,943.1820068359375,776.3032,385
59,Cime Bianche,IT2,45.920046,7.693595,2002,IT,Switzerland,Mountains (Europe),Alpine,T/B41,Borehole,20.21813725,17,0,debris,3100,997.7584838867188,1174.8223,1199.8197021484375,784.7422,
60,Stelvio,IT3,45.5187,10.4569,2002,IT,Switzerland,Mountains (Europe),Alpine,T/B100,Borehole,9.69,24,0,debris,2612,4762.199219,1.217041,1469.878906,24.9653,200
61,Aiguille du Midi SE,FRA1a,45.878173,6.887653,2002,FRA,Switzerland,Mountains (Europe),Alpine,T/B10,Borehole,17.61356297,12,0,debris,3753,943.7589111328125,1251.9924,889.4454345703125,874.28906,
62,Aiguille du Midi NW,FRA1b,45.878679,6.887216,2002,FRA,Switzerland,Mountains (Europe),Alpine,T/B10,Borehole,7.678571429,15,0,debris,3745,943.7589111328125,1251.9924,889.4454345703125,874.28906,
63,Aiguille du Midi NE,FRA1c,45.878585,6.888098,2002,FRA,Switzerland,Mountains (Europe),Alpine,TB/10,Borehole,13.51785714,14,0,debris,3738,943.7589111328125,1251.9924,889.4454345703125,874.28906,
64,Bolvansky,R24,68.3,54.5,2002,RUS,Russian European North,Russian Northwest,Continuous,100,Probing,0.09,23,0.82,loam,28,768.7697754,2569.171,256.7659912109375,344.33875,104
65,Kashin Island,R24 A,68.23333,53.85,2002,RUS,Russian European North,Russian Northwest,Continuous,100,Probing,3.85,15,0,sand,9,803.7512207,2531.3374,244.3526611328125,321.83542,
66,Zackenberg; ZEROCALM 1,G1,74.473,-20.5528,2002,DEN,Denmark (Greenland),Nordic Arctic,Continuous,100/T,Probing,0.64,25,0,loam,36,216.21218872070312,4164.0596,74.02913665771484,348.80304,71
67,Zackenberg; ZEROCALM 2,G2,74.466,-20.5643,2002,DEN,Denmark (Greenland),Nordic Arctic,Continuous,150/T,Probing,0.5,25,0.02,loam,16,216.21218872070312,4164.0596,74.02913665771484,348.80304,60
68,UNISCALM,N3,78.200956,15.836412,2002,NOR,Norway/Svalbard,Nordic Arctic,Continuous,100/T,Probing,0.52,25,0.01,sand,10,358.44879150390625,3395.283,87.18859863,380.47015,96
69,"Ayach-Yakha, Vorkuta",R2,67.58333,64.18333,2002,RUS,Russian European North,Russian Northwest,Discontinuous,100/T,Probing,0.69,25,0,loam,148,839.1860352,3498.4167,328.64068603515625,396.42175,76
70,Talnik,R23,67.33333,63.73333,2002,RUS,Russian European North,Russian Northwest,Discontinuous,100,Probing,2.52,22,0,loam,120,921.942627,3412.428,317.7216491699219,387.36383,110
71,Seida,R52,67.06556,62.92508,2002,RUS,Russian European North,Russian Northwest,Discontinuous,100,Probing,1.21,13,0,peat,100,971.9240723,3299.0305,313.0430603027344,368.50345,
72,"Abisko area, Sweden",S2,68.33333,18.83333,2002,SWE,Sweden/Svalbard,Nordic Arctic,Discontinuous,100/T,Probing,1.25,24,0,peat,900,1079.166504,2106.6582,445.47515869140625,516.4626,81
73,Nadym; West Siberia,R1,65.314861,72.864194,2002,RUS,West Siberia,West Siberia,Discontinuous,100/T/B10,Probing,3.38,25,0,sand,28,1310.7105712890625,3432.0684,559.3737182617188,220.39993,143
74,Nadym WET; West Siberia,R1b,65.23375,72.518417,2002,RUS,West Siberia,West Siberia,Discontinuous,100,Probing,6.18,12,0,sand,7,1318.188965,3391.3105,586.9265137,214.94525,
75,"Marre Sale, Yamal Peninsula",R3,69.71667,66.75,2002,RUS,West Siberia,West Siberia,Continuous,1000/T/B10,Probing,0.7,23,0.09,sand,18,396.9771423339844,3432.4824,233.2819824,259.971,115
76,"Vaskiny Dachy, Yamal Peninsula",R5,70.28333,68.9,2002,RUS,West Siberia,West Siberia,Continuous,100/T/B10,Probing,0.43,24,0.05,silt,29,622.7403564453125,4093.4907,214.13523864746094,218.93486,92
77,"Vaskiny Dachy, Yamal Peninsula",R5a,70.28333,68.9,2002,RUS,West Siberia,West Siberia,Continuous,50,Probing,0.5,18,0.2,loam,45,622.7403564453125,4093.4907,214.13523864746094,218.93486,
78,"Vaskiny Dachi, Yamal Peninsula",R5b,70.2755,68.89164,2002,RUS,West Siberia,West Siberia,Continuous,50,Probing,0.74,18,0.04,silt,35,622.7403564453125,4093.4907,214.13523864746094,218.93486,
79,"Vaskiny Dachi, Yamal Peninsula",R5c,70.2955,68.88347,2002,RUS,West Siberia,West Siberia,Continuous,50,Probing,1.12,18,0.06,sand,25,622.7403564453125,4093.4907,214.13523864746094,218.93486,
80,Urengoy Gas Field GP5,R50a,66.31325,76.903478,2002,RUS,West Siberia,West Siberia,Discontinuous,100/T/B10,Probing,3.68,17,0,sand,59,1221.2979736328125,3853.7334,318.9308166503906,264.0739,
81,Urengoy Gas Field GP15,R50b,67.47791,76.69529,2002,RUS,West Siberia,West Siberia,Discontinuous,100/T/B10,Probing,2.67,16,0,sand,32,1085.596923828125,4007.478,278.0542907714844,244.61621,
82,Bely Island (silt),R55,73.32694,70.08528,2002,RUS,West Siberia,West Siberia,Continuous,50,Probing,0.36,15,0.04,silt,4.2,311.8648986816406,4117.0283,204.06231689453125,202.0729,
83,Bely Island (sand),R55a,73.32861,70.08833,2002,RUS,West Siberia,West Siberia,Continuous,25,Probing,2.08,15,0,sand,3.4,311.8648986816406,4117.0283,204.06231689453125,202.0729,
84,Bykovsky (Lena delta) (alas),R29 B,71.7855,71.41917,2002,RUS,Central Siberia,Central Siberia,Continuous,100,Probing,0.05,20,0.65,loam,5,511.5137023925781,4289.502,195.83827209472656,206.92484,
85,Talnah (Norilsk Region),R32,69.43333,88.46667,2002,RUS,Central Siberia,Central Siberia,Continuous,100,Probing,1.02,20,0.01,loam,67,1026.764892578125,4742.3823,267.70477294921875,485.15698,
86,Igarka,R40,67.48135,86.4347,2002,RUS,Central Siberia,Central Siberia,Discontinuous,100,Probing,2.97,16,0,loam,40,1230.152587890625,4285.278,329.10565185546875,377.731,
87,Tuymada (Yakutsk region),R42,62.0133,129.65683,2002,RUS,Central Siberia,Central Siberia,Continuous,50/TT,Thaw Tube,0.5,17,0,sand,101,2208.972168,4683.878,108.05204010009766,66.65113,
88,Neleger (Yakutsk region),R43,62.31618,129.49952,2002,RUS,Central Siberia,Central Siberia,Continuous,50/TT,Thaw Tube,0.06,17,0.77,loam,210,2070.852294921875,4788.174,120.08894348144531,65.69252,
89,Samoylov,R51,72.369775,126.48063,2002,RUS,Central Siberia,Central Siberia,Continuous,150,Probing,0.42,22,0.02,sand,14,883.1315918,5830.0283,105.99456787109375,146.35432,43
90,"Cape Chukochii; edoma, Kolyma",R13 A,70.08333,159.5833,2002,RUS,Northeast Siberia,Northeast Siberia,Continuous,100/T/B30,Probing,-0.04,22,0.84,loam,32,656.583252,4718.46,117.8142318725586,82.636986,44
91,"Cape Chukochi, alas, Kolyma",R13 B,70.08333,159.9167,2002,RUS,Northeast Siberia,Northeast Siberia,Continuous,100,Probing,-0.02,22,0.95,loam,32,569.9400024414062,4630.0137,120.9151611328125,90.57301,38
92,"Chukochya River, Kolyma",R14,69.48333,156.9833,2002,RUS,Northeast Siberia,Northeast Siberia,Continuous,100/T/B25,Probing,0.27,16,0.05,loam,31,1037.5562744140625,5038.8438,131.21591186523438,74.54588,
93,"Konkovaya River, Kolyma",R15 A,69.38333,158.4667,2002,RUS,Northeast Siberia,Northeast Siberia,Continuous,100/T/B50,Probing,-0.34,17,0.36,loam,20,994.8982543945312,4919.74,129.94107055664062,76.47332,
94,"Konkovaya River, Kolyma",R15 B,69.38333,158.4667,2002,RUS,Northeast Siberia,Northeast Siberia,Continuous,100/T/B50,Probing,-0.19,17,0.45,loam,41,994.8982543945312,4919.74,129.94107055664062,76.47332,
95,"Segodnya Pingo, Kolyma",R16,69.08333,158.9,2002,RUS,Northeast Siberia,Northeast Siberia,Continuous,100,Probing,-0.47,19,0.24,peat,30,1128.068115234375,4934.0596,140.3726348876953,64.11104,
96,Akhmelo channel; Kolyma,R17,68.81667,161,2002,RUS,Northeast Siberia,Northeast Siberia,Continuous,100/T,Probing,0.61,23,0,loam,5,1317.466797,4857.587,162.6735382080078,82.22123,
97,Mt. Rodinka; Kolyma,R18,68.9255,161.5046,2002,RUS,Northeast Siberia,Northeast Siberia,Continuous,100/T,Probing,0.05,23,0.81,loam,152,1309.385742,4794.712,171.36500549316406,93.3123,76
98,Mt. Rodinka; Kolyma (10 m grid),R18 A,68.7417,161.5042,2002,RUS,Northeast Siberia,Northeast Siberia,Continuous,10/T,Probing,1.03,19,0,loam,152,1337.054443359375,4755.2725,162.41673278808594,89.581696,
99,"Lake Glukhoe, Kolyma",R19,68.8,160.95,2002,RUS,Northeast Siberia,Northeast Siberia,Continuous,100,Probing,0.55,21,0.08,sand,15,1317.466797,4857.587,162.6735382080078,82.22123,
100,"Malchilovskaya Channel, Kolyma",R20,68.51667,161.4333,2002,RUS,Northeast Siberia,Northeast Siberia,Continuous,100,Probing,0.54,23,0,loam,10,1443.567626953125,4878.153,153.19161987304688,82.10429,
101,"Lake Akhmelo, Kolyma",R21,68.83333,161.0333,2002,RUS,Northeast Siberia,Northeast Siberia,Continuous,100/T/B15,Probing,0.13,23,0.67,sand,10,1317.466797,4857.587,162.6735382080078,82.22123,
102,Alazeya River,R22,69.31667,154.9833,2002,RUS,Northeast Siberia,Northeast Siberia,Continuous,100/B23,Probing,0.2,19,0.16,loam,60,1114.199707,5213.6074,150.5215606689453,76.74109,
103,Jakutskoe Lake,R25,69.85,159.5,2002,RUS,Northeast Siberia,Northeast Siberia,Continuous,100,Probing,-0.02,20,0.89,loam,9,690.9680176,4675.107,145.00572204589844,90.76241,
104,Allaiha (Indigirka basin),R31,70.55,147.4333,2002,RUS,Northeast Siberia,Northeast Siberia,Continuous,100,Probing,-0.02,16,0.96,loam,42,975.1730957,5667.195,146.36959838867188,130.99243,
105,Omolon,R35,68.73333,158.9,2002,RUS,Northeast Siberia,Northeast Siberia,Continuous,100,Probing,-0.02,17,0.93,loam,4,1242.661865234375,4898.889,158.0849151611328,72.21658,
106,Andryushkino,R36,69.16667,154.4333,2002,RUS,Northeast Siberia,Northeast Siberia,Continuous,100,Probing,0.4,19,0.01,loam,21,1148.812012,5256.593,150.46116638183594,79.84074,
107,Mt. Rodinka (Control),R38 A,68.7,161.55,2002,RUS,Northeast Siberia,Northeast Siberia,Continuous,10/T,Probing,0.12,15,0.86,loam,75,1326.760498046875,4749.159,163.70916748046875,90.51524,
108,Mt. Rodinka (Station),R38 C,68.74,161.3928,2002,RUS,Northeast Siberia,Northeast Siberia,Continuous,10/T,Probing,-1.03,21,0,loam,31,1344.212402,4772.7485,162.08824157714844,88.7212,
109,Cape Rogozhny; Chukotka,R9,64.78333,176.9667,2002,RUS,Chukotka,Northeast Siberia,Continuous,100/T,Probing,0.17,25,0.21,loam,17,1101.0574951171875,3246.7754,182.9438018798828,261.64746,46
110,"Mt. Dionisy, Chukotka",R11,64.56667,177.2,2002,RUS,Chukotka,Northeast Siberia,Continuous,100/T,Probing,0.12,24,0.42,loam,148,939.1386719,3018.122,170.11378479003906,278.7558,52
111,Lavrentia,R27,65.6,-171.05,2002,RUS,Chukotka,Northeast Siberia,Continuous,100,Probing,0.4,25,0.02,loam,100,845.1733398,2646.8257,152.16275024414062,448.593,62
112,Lorino,R41,65.539667,-171.63023,2002,RUS,Chukotka,Northeast Siberia,Continuous,100,Probing,0.87,15,0,sand,45,867.5036621,2753.8862,142.10267639160156,408.56906,
113,Kruglaya (Anadyr),R45,64.63333,176.9667,2002,RUS,Chukotka,Northeast Siberia,Continuous,100,Probing,0.04,15,0.82,silt,2.5,1037.5504150390625,3100.9111,169.13531494140625,284.65512,
114,Ploskii Tolbachik (Kamchatka) 2,R30 C,55.89092,160.5375,2002,RUS,Kamchatka,Mountains (Eurasia),Alpine,100,Probing,0.23,17,0.03,silt,1630,743.4118652,3083.3352,432.9879455566406,602.86304,
115,Baganuur Depression,M 1,47.68889,108.2625,2002,MNG,Hentei,Mountains (Eurasia),Alpine,T/B15,Borehole,4.42,22,0,sand,1350,2337.189941,2356.833,213.2848663330078,63.263912,355
116,Nalaikh – northern slope,M2 A,47.75444,107.25,2002,MNG,Hentei,Mountains (Eurasia),Alpine,T/T/B50,Borehole,1.7,23,0,loam,1512,2182.45459,2331.9128,236.70216369628906,66.4449,345
117,Terkh – valley bottom,M6 A,48.08194,99.37333,2002,MNG,Hangai,Mountains (Eurasia),Alpine,T/B15,Borehole,1.22,22,0,sand,2050,1731.0308837890625,3045.1611,169.79750061035156,100.3151,290
118,Chuluut – pingo top,M7 A,48.04111,100.39167,2002,MNG,Hangai,Mountains (Eurasia),Alpine,T/B15,Borehole,1.74,22,0,silt,1870,1822.1578369140625,2633.544,202.25912475585938,77.29299,125
119,Hatgal – lake terrace,M11,50.43861,100.15028,2002,MNG,Hovsgol,Mountains (Eurasia),Alpine,T/B6,Borehole,5.38,21,0,sand,1662,1764.566650390625,2636.9407,302.1653747558594,113.28529,485
120,Darhad Khuurch,M13 A,51.18722,99.4975,2002,MNG,Hovsgol,Mountains (Eurasia),Alpine,T/B100,Borehole,0.15,17,0.36,loam,1558,1800.2633056640625,3040.0771,201.20663452148438,95.24982,
121,Prior Island,A32,-75.692829,162.880554,2002,ANT,SVL,Antarctica,Continuous,T/B1,Borehole,0.8,10,0.55,silt,30,1.632720947265625,7509.506,0,120.092705,
122,Finger Point,A33,-77.004683,162.623283,2002,ANT,SVL,Antarctica,Continuous,T/B1,Borehole,-0.3,10,0.66,silt,190,0.740386963,8718.274,0,46.3728,
123,Boulder Clay,A7,-74.745489,164.020308,2002,ANT,SVL,Antarctica,Continuous,T/B3.6,Borehole,0,22,0.99,silt,205,0.340484619,8116.0444,0,143.42851,28
124,Oasi,A8,-74.74167,164.1,2002,ANT,SVL,Antarctica,Continuous,T/B30,Borehole,-1.3,13,0.14,debris,52,0.340484619,7570.6807,0,143.42851,
125,Apostrophe Island,A30,-73.51885,167.433567,2002,ANT,NVL,Antarctica,Continuous,T/B1,Borehole,0.1,10,0.978,silt,20,0.009918213,6993.745,0,225.13261,
126,Edmonson Point,A31,-74.328494,165.131881,2002,ANT,NVL,Antarctica,Continuous,T/B1,Borehole,0.5,10,0.65,debris,30,0.251464844,8428.486,0,131.29437,
127,Deception Island (Crater Lake),A16,-62.9856507,-60.6787111,2002,ANT,AP,Antarctica,Discontinuous,100/P/B1.3,Probing,0.3,19,0.27,debris,85,119.78558349609375,1128.8333,287.78399658203125,668.68994,
128,Deception Island (Irizar),A26,-62.9837,-60.7156671,2002,ANT,AP,Antarctica,Discontinuous,100/P/B1.2,Probing,4.4,19,0,debris,130,119.78558349609375,1128.8333,287.78399658203125,668.68994,
129,Signy Island,A17,-60.7115,-45.5919,2002,ANT,AP,Antarctica,Discontinuous,T/B3.6,Borehole,7.2,12,0,debris,85,47.01318359,1580.3442,123.07122039794922,568.9677,
130,Signy Island- Bertsen,A17A,-60.7083,-45.5941,2002,ANT,AP,Antarctica,Discontinuous,T/B30,Borehole,-0.9,14,0.07,debris,21,47.01318359,1580.3442,123.07122039794922,568.9677,
131,King George-Bellingshausen,A18,-62.1983,-58.9842,2002,ANT,AP,Antarctica,Discontinuous,100/T,Probing,1.9,16,0.03,debris,15,137.28720092773438,1199.1498,219.6971893310547,605.8353,
132,Rothera,A19,-67.5719,-68.126,2002,ANT,AP,Antarctica,Discontinuous,T/B31,Probing,-2.2,15,0.42,debris,31,2.069915771484375,3324.017,213.60116577148438,1067.5122,
133,Limnopolar Lake (Livingston Island),A25,-62.6498,-61.1047,2002,ANT,AP,Antarctica,Discontinuous,100/T,Probing,0.9,14,0.32,debris,80,120.41293334960938,1116.7908,289.84661865234375,666.9181,
134,James Ross Island (JGM),A27,-63.8012464,-57.8834444,2002,ANT,AP,Antarctica,Continuous,70/T/G/B2.0,Probing,1.5,11,0.03,debris,10,15.96356201171875,3239.1592,50.67417907714844,750.3091,
135,James Ross Island (Berry Hill),A28,-63.80257189,-57.83848112,2002,ANT,AP,Antarctica,Continuous,50/T/B0.9,Probing,0.1,14,0.04,debris,60,17.361053466796875,3211.991,50.67417907714844,731.4149,
136,Abernethy Flats,A34,-63.881389,-57.934722,2002,ANT,AP,Antarctica,Continuous,70/T/B,Borehole,0.1,13,0,debris,40,15.96356201171875,3239.1592,50.67417907714844,750.3091,
137,Balcón I (Mendoza),SA2A,-32.9619,-69.3719,2002,ARG,Central Andes,Mountains (South America),Alpine,T/B,Borehole,1.9,13,0.14,debris,3560,626.5671387,1573.6257,607.7473754882812,427.474,
138,Balcón I Superior (Mendoza),SA2B,-32.955,-69.3706,2002,ARG,Central Andes,Mountains (South America),Alpine,T/B,Borehole,6.1,15,0,debris,3586,626.5671387,1573.6257,607.7473754882812,427.474,
139,Balcón II (Mendoza),SA2C,-32.9597,-69.3803,2002,ARG,Central Andes,Mountains (South America),Alpine,T/B,Borehole,2,22,0,debris,3770,626.5671387,1573.6257,607.7473754882812,427.474,300
0,Barrow,U1,71.31667,-156.6,2003,USA,North America,North America,Continuous,1000/T,Probing,0.34,25,0.012,loam,3,359.19219970703125,3795.2432,113.37287139892578,157.23402,29
1,"Barrow, CRREL Plots",U2,71.31667,-156.5833,2003,USA,North America,North America,Continuous,10/T,Probing,0.27,25,0.017,loam,3,359.19219970703125,3795.2432,113.37287139892578,157.23402,28
2,Atkasuk,U3,70.45,-157.4,2003,USA,North America,North America,Continuous,1000/T,Probing,0.4,25,0.009,sand,22,689.3959350585938,4079.0886,136.8652344,170.52815,37
3,West Dock 1 ha grid,U4,70.3745,-148.5522,2003,USA,North America,North America,Continuous,100/T/B56,Probing,0.34,24,0.001,loam,3,534.1332397460938,3973.686,123.50708770751953,140.40485,29
4,West Dock 1 km grid,U5,70.36667,-148.5667,2003,USA,North America,North America,Continuous,1000,Probing,0.25,24,0.039,loam,3,534.1332397460938,3973.686,123.50708770751953,140.40485,48
5,Deadhorse,U6,70.1613,-148.4653,2003,USA,North America,North America,Continuous,100/T/B60,Probing,0.47,24,0.001,Loam,17,627.0554199,4069.6655,160.25711059570312,145.29971,61
6,Betty Pingo 1 km grid,U7 A,70.28333,-148.8667,2003,USA,North America,North America,Continuous,1000/T,Probing,0.2,24,0.401,loam,12,597.9401855,4047.772,133.8284454345703,141.70227,50
7,Betty Pingo MNT,U7 B,70.2835,-148.8928,2003,USA,North America,North America,Continuous,100,Probing,0.28,24,0.117,loam,12,597.9401855,4047.772,133.8284454345703,141.70227,37
8,Betty Pingo WET,U7 C,70.275,-148.919,2003,USA,North America,North America,Continuous,100,Probing,0.14,24,0.06,silt,12,597.9401855,4047.772,133.8284454345703,141.70227,38
9,Franklin Bluff,U8,69.6739,-148.7219,2003,USA,North America,North America,Continuous,100/T/B60,Probing,0.59,24,0.001,sand,88,808.9902344,4373.9775,192.49314880371094,195.14655,55
10,Happy Valley,U9 A,69.1466,-148.8483,2003,USA,North America,North America,Continuous,100/T/B40,Probing,0.49,20,0.001,loam,305,838.4754638671875,4382.6904,318.3554688,257.0505,35
11,Happy Valley 1 km grid,U9 B,69.1482,-148.8505,2003,USA,North America,North America,Continuous,1000/T,Probing,-0.01,25,0.92,silt,305,838.4268798828125,4376.6597,321.0293884277344,257.6316,40
12,Lupine Hill,U10,69.12883,-148.5928,2003,USA,North America,North America,Continuous,100,Probing,0.29,24,0.003,silt,537,837.8721923828125,4281.8203,315.9112548828125,256.95526,46
13,Imnavait Creek  1 km grid,U11 A,68.6114,-149.3101,2003,USA,North America,North America,Continuous,1000/T,Probing,0.37,25,0.029,loam,910,633.3210449,4223.869,363.185791,286.78363,47
14,Imnavait Creek WET,U11 B,68.611,-149.3145,2003,USA,North America,North America,Continuous,100,Probing,0.48,25,0.005,silt,917,633.3210449,4223.869,363.185791,286.78363,46
15,Imnavait Creek MAT,U11 C,68.611,-149.30933,2003,USA,North America,North America,Continuous,100,Probing,0.35,25,0.034,silt,938,633.3210449,4223.869,363.185791,286.78363,40
16,Toolik 1 km grid,U12 A,68.6215,-149.6063,2003,USA,North America,North America,Continuous,1000/T,Probing,0.28,25,0.073,silt,750,669.8778076171875,4181.7656,362.74005126953125,290.36182,41
17,Toolik MAT,U12 B,68.624,-149.61817,2003,USA,North America,North America,Continuous,100,Probing,0.29,25,0.049,silt,777,669.8778076171875,4181.7656,362.74005126953125,290.36182,37
18,Galbraith Lake,U14,68.4774,-149.5024,2003,USA,North America,North America,Continuous,100/T/B75,Probing,0.38,21,0.02,silt,823,588.3858642578125,4197.628,360.10601806640625,298.40427,47
19,Chandalar Shelf,U15,68.0691,-149.5804,2003,USA,North America,North America,Continuous,30/T/B61,Probing,0.45,24,0,silt,976,477.0909729003906,4145.1875,279.1385498046875,294.42603,30
20,Ivotuk  1 km grid,U26,68.48333,-155.7333,2003,USA,North America,North America,Continuous,1000,Probing,-0.15,20,0.31,peat,570,708.4302978515625,4032.311,300.11846923828125,297.3166,
21,56 Mile,U56,69.5006,-148.5592,2003,USA,North America,North America,Continuous,100,Probing,0.07,25,0.55,loam,349,851.7003173828125,4434.6123,235.826416,217.58174,64
22,Sagwon Hills MNT,U32 A,69.441,-148.67033,2003,USA,North America,North America,Continuous,100,Probing,0.17,25,0.13,silt,269,845.6436767578125,4485.186,255.9182129,231.86087,52
23,Sagwon Hills MAT,U32 B,69.401,-148.8056,2003,USA,North America,North America,Continuous,100,Probing,0.17,25,0.2,silt,360,844.7071533203125,4477.282,253.51788330078125,231.09251,36
24,Drew Point,U20,70.8645,-153.91,2003,USA,North America,North America,Continuous,T/B640,Borehole,0.57,20,0,silt,5,451.25799560546875,3894.5479,131.11831665039062,161.52795,29
25,Inigok,U21,69.98962,-153.09,2003,USA,North America,North America,Continuous,T/B625,Borehole,0.09,25,0.87,silt,53,742.4536133,4185.1724,125.3049087524414,196.79367,44
26,Fish Creek,U22,70.33523,-152.05,2003,USA,North America,North America,Continuous,T/B735,Borehole,0.23,20,0.09,silt,31,661.046875,4088.9941,134.1968231201172,154.27621,28
27,Umiat,U24,69.3957,-152.14,2003,USA,North America,North America,Continuous,T/B640,Borehole,0.07,21,0.62,silt,201,853.0568848,4397.9663,185.47259521484375,233.0746,32
28,Tunalik,U25,70.1959,-161.08,2003,USA,North America,North America,Continuous,T/B393,Borehole,0.3,25,0.14,silt,26,629.0914306640625,3729.2263,157.17153930664062,237.83134,42
29,Niguanak,U29,69.8894,-142.98,2003,USA,North America,North America,Continuous,T/B/30?,Borehole,0.57,22,0.1,silt,84,495.72430419921875,3868.7405,138.2486572265625,192.50778,30
30,Koluktak,U30,69.7516,-154.62,2003,USA,North America,North America,Continuous,T/B/,Borehole,0.14,21,0.08,silt,60,801.0742188,4262.547,133.7686309814453,220.24017,120
31,Piksiksak,U37,70.0366,-157.08,2003,USA,North America,North America,Continuous,T/B/,Borehole,-0.31,21,0.21,silt,33,753.5838623046875,4141.794,108.1873779296875,238.54369,
32,East Teshekpuk,U38,70.5685,-152.97,2003,USA,North America,North America,Continuous,T/B/,Borehole,-0.26,21,0.14,silt,7,546.8975830078125,3987.9355,121.24449920654297,154.78473,
33,North Head (thaw tube),C3 A,69.71972,-134.4619,2003,Canada,North America,North America,Continuous,TT,Thaw Tube,-0.01,13,0.9,silt,2,644.6502685546875,4174.2734,129.6776123046875,138.11255,59
34,Lousy Point (Thaw tube),C5 A,69.21889,-134.2911,2003,Canada,North America,North America,Continuous,TT/T/B30,Thaw Tube,0.57,23,0,sand,30,941.3015747070312,4160.2646,147.09913635253906,146.51546,73
35,Old Man,U16,66.45,-150.6167,2003,USA,North America,North America,Discontinuous,100/T/B63,Probing,0.24,22,0.12,silt,390,1251.4459228515625,3030.485,435.1897888183594,212.32214,39
36,Wickersham,U17,65.1667,-147.9,2003,USA,North America,North America,Discontinuous,TT/P,Probing,0.47,25,0,loam,335,1603.030273,2771.329,394.6829833984375,128.11197,52
37,Pearl Creek,U19,64.9,-147.8167,2003,USA,North America,North America,Discontinuous,TT/P,Probing,5.82,25,0,silt,213,1946.28418,2397.7952,349.6973571777344,114.55007,61
38,Farmers Loop,U41,64.88,-147.67,2003,USA,North America,North America,Discontinuous,100,Probing,0.63,20,0,silt,151,1933.080566,2366.7473,346.4016113,113.59425,
39,Eagle,U51,64.7777,-141.10954,2003,USA,North America,North America,Discontinuous,50/P/T,Probing,0.04,11,0.98,peat,280,1688.6292724609375,2959.3594,320.88262939453125,135.33087,
40,Nenana,U57,64.55446,-149.08339,2003,USA,North America,North America,Discontinuous,50/P/T,Probing,2.57,10,0,loam,111,2056.404785,2411.2158,332.9254150390625,112.66762,
41,Council Grid,U27,64.8442,-163.7202,2003,USA,North America,North America,Discontinuous,1000,Probing,0.82,21,0,loam,61,1194.7357177734375,2466.8071,222.0461883544922,427.65717,59
42,Kougarok,U28,65.454,-164.6268,2003,USA,North America,North America,Discontinuous,1000,Probing,0.4,21,0.04,loam,250,1062.574219,2844.5112,226.46153259277344,264.22382,54
43,Reindeer Depot  (Thaw tube),C7 A,68.68472,-134.1458,2003,Canada,North America,North America,Discontinuous,TT,Thaw Tube,1.21,21,0,silt,34,1076.2398681640625,4133.0586,156.49362182617188,158.31921,129
44,Rengleng River  (Thaw tube),C8 A,67.795,-134.1261,2003,Canada,North America,North America,Discontinuous,TT,Thaw Tube,0.24,14,0.19,sand,11,1370.882080078125,4057.6975,169.0979461669922,125.31993,105
45,"Janssonhaugen, Svalbard",N1,78.1793,16.467,2003,NOR,Norway/Svalbard,Mountains (Europe),Alpine,T/B102,Borehole,1.31,25,0,debris,270,240.85702514648438,4081.6667,47.353965759277344,352.6847,170
46,"Junvvasshoe, Norway",N2,61.6775823,8.3693057,2003,NOR,Norway/Svalbard,Mountains (Europe),Alpine,T/B129,Borehole,1.08,24,0.01,debris,1894,761.1939697265625,1798.1082,477.2043457,546.92896,241
47,"Snoheim DB2, Norway",N5,62.2958,9.352,2003,NOR,Norway/Svalbard,Mountains (Europe),Alpine,T/B9,Borehole,8.45,17,0,debris,1481,874.7462158203125,1768.2686,440.5885314941406,468.69684,486
48,Lapires,CH3,46.106117,7.284349,2003,SWI,Switzerland,Mountains (Europe),Alpine,T/B19,Borehole,12.2,22,0,debris,2656,1777.2000732421875,1269.4849,517.6460571289062,672.67993,440
49,Corvatsch,CH1,46.42879,9.821836,2003,SWI,Switzerland,Mountains (Europe),Alpine,T/B62,Borehole,15.49,23,0,debris,2670,1002.7359008789062,1746.3665,511.9897766113281,602.6135,351
50,Stockhorn,CH4,45.986786,7.824201,2003,SWI,Switzerland,Mountains (Europe),Alpine,T/B100,Borehole,9.08,22,0,debris,3327,736.9075927734375,2212.12,608.9934692382812,824.6085,428
51,Les Attelas,CH5,46.096772,7.273075,2003,SWI,Switzerland,Mountains (Europe),Alpine,T/B26,Borehole,7.08,16,0,debris,2507,1777.2000732421875,1269.4849,517.6460571289062,672.67993,
52,Gentianes,CH7,46.083705,7.302472,2003,SWI,Switzerland,Mountains (Europe),Alpine,T/B20,Borehole,27.76,18,0,debris,2896,1777.2000732421875,1269.4849,517.6460571289062,672.67993,145
53,Schilthorn,CH2,46.558282,7.834426,2003,SWI,Switzerland,Mountains (Europe),Alpine,T/B101,Borehole,36.21,25,0,debris,2900,2006.0128173828125,967.83575,776.1644897460938,692.2456,855
54,Fluela,CH8,46.748868,9.943555,2003,SWI,Switzerland,Mountains (Europe),Alpine,T/B23,Borehole,-0.47,19,0.01,debris,2413,1269.920654296875,1598.0942,515.1191406,596.79675,296
55,Muot da Barba Peider,CH9,46.496573,9.93141,2003,SWI,Switzerland,Mountains (Europe),Alpine,T/B18,Borehole,10.59,19,0.01,debris,2941,1085.698974609375,1803.8124,488.5401916503906,577.89746,247
56,Matterhorn,CH10,45.982321,7.676049,2003,SWI,Switzerland,Mountains (Europe),Alpine,T/B53,Borehole,9.57,15,0,debris,3204,814.1334228515625,2160.3748,594.7162475585938,662.38696,
57,Schafberg,CH11,46.498797,9.925215,2003,SWI,Switzerland,Mountains (Europe),Alpine,T/B60,Borehole,0.89,22,0,debris,2731,1085.698974609375,1803.8124,488.5401916503906,577.89746,510
58,Ritigraben,CH12,46.174694,7.849835,2003,SWI,Switzerland,Mountains (Europe),Alpine,T/B30,Borehole,3.11,22,0.01,debris,2640,1446.854492,1538.2974,403.3034668,617.57855,396
59,Cime Bianche,IT2,45.920046,7.693595,2003,IT,Switzerland,Mountains (Europe),Alpine,T/B41,Borehole,20.21813725,17,0,debris,3100,1396.9315185546875,1521.6892,595.1500854492188,664.6814,
60,Stelvio,IT3,45.5187,10.4569,2003,IT,Switzerland,Mountains (Europe),Alpine,T/B100,Borehole,9.69,24,0,debris,2612,5065.92627,0.9411011,742.3598633,12.560978,-
61,Aiguille du Midi SE,FRA1a,45.878173,6.887653,2003,FRA,Switzerland,Mountains (Europe),Alpine,T/B10,Borehole,17.61356297,12,0,debris,3753,1285.374512,1564.7549,558.7425537109375,805.85144,
62,Aiguille du Midi NW,FRA1b,45.878679,6.887216,2003,FRA,Switzerland,Mountains (Europe),Alpine,T/B10,Borehole,7.678571429,15,0,debris,3745,1285.374512,1564.7549,558.7425537109375,805.85144,
63,Aiguille du Midi NE,FRA1c,45.878585,6.888098,2003,FRA,Switzerland,Mountains (Europe),Alpine,TB/10,Borehole,13.51785714,14,0,debris,3738,1285.374512,1564.7549,558.7425537109375,805.85144,
64,Bolvansky,R24,68.3,54.5,2003,RUS,Russian European North,Russian Northwest,Continuous,100,Probing,0.09,23,0.82,loam,28,1229.281494140625,2322.9814,399.83404541015625,253.58473,113
65,Kashin Island,R24 A,68.23333,53.85,2003,RUS,Russian European North,Russian Northwest,Continuous,100,Probing,3.85,15,0,sand,9,1269.3868408203125,2270.2888,399.6862793,232.51906,
66,Zackenberg; ZEROCALM 1,G1,74.473,-20.5528,2003,DEN,Denmark (Greenland),Nordic Arctic,Continuous,100/T,Probing,0.64,25,0,loam,36,247.28543090820312,4421.042,32.253028869628906,240.09563,73
67,Zackenberg; ZEROCALM 2,G2,74.466,-20.5643,2003,DEN,Denmark (Greenland),Nordic Arctic,Continuous,150/T,Probing,0.5,25,0.02,loam,16,247.28543090820312,4421.042,32.253028869628906,240.09563,63
68,UNISCALM,N3,78.200956,15.836412,2003,NOR,Norway/Svalbard,Nordic Arctic,Continuous,100/T,Probing,0.52,25,0.01,sand,10,310.7372131347656,3843.1145,84.48895263671875,343.44626,93
69,"Ayach-Yakha, Vorkuta",R2,67.58333,64.18333,2003,RUS,Russian European North,Russian Northwest,Discontinuous,100/T,Probing,0.69,25,0,loam,148,1233.123047,3274.3267,349.6087341308594,452.67877,77
70,Talnik,R23,67.33333,63.73333,2003,RUS,Russian European North,Russian Northwest,Discontinuous,100,Probing,2.52,22,0,loam,120,1312.8316650390625,3179.0635,325.6650085449219,445.18118,113
71,Seida,R52,67.06556,62.92508,2003,RUS,Russian European North,Russian Northwest,Discontinuous,100,Probing,1.21,13,0,peat,100,1381.485107421875,3052.5376,314.7994384765625,413.70917,
72,"Abisko area, Sweden",S2,68.33333,18.83333,2003,SWE,Sweden/Svalbard,Nordic Arctic,Discontinuous,100/T,Probing,1.25,24,0,peat,900,983.6020508,1896.9531,429.5338134765625,583.4898,77
73,Nadym; West Siberia,R1,65.314861,72.864194,2003,RUS,West Siberia,West Siberia,Discontinuous,100/T/B10,Probing,3.38,25,0,sand,28,1652.8592529296875,3363.9417,303.9674072265625,221.72136,126
74,Nadym WET; West Siberia,R1b,65.23375,72.518417,2003,RUS,West Siberia,West Siberia,Discontinuous,100,Probing,6.18,12,0,sand,7,1675.1383056640625,3308.806,303.00750732421875,219.49344,
75,"Marre Sale, Yamal Peninsula",R3,69.71667,66.75,2003,RUS,West Siberia,West Siberia,Continuous,1000/T/B10,Probing,0.7,23,0.09,sand,18,513.4373779296875,3190.0662,166.8773956298828,286.4713,109
76,"Vaskiny Dachy, Yamal Peninsula",R5,70.28333,68.9,2003,RUS,West Siberia,West Siberia,Continuous,100/T/B10,Probing,0.43,24,0.05,silt,29,891.7747802734375,3860.1255,169.78936767578125,224.69218,
77,"Vaskiny Dachy, Yamal Peninsula",R5a,70.28333,68.9,2003,RUS,West Siberia,West Siberia,Continuous,50,Probing,0.5,18,0.2,loam,45,891.7747802734375,3860.1255,169.78936767578125,224.69218,
78,"Vaskiny Dachi, Yamal Peninsula",R5b,70.2755,68.89164,2003,RUS,West Siberia,West Siberia,Continuous,50,Probing,0.74,18,0.04,silt,35,891.7747802734375,3860.1255,169.78936767578125,224.69218,
79,"Vaskiny Dachi, Yamal Peninsula",R5c,70.2955,68.88347,2003,RUS,West Siberia,West Siberia,Continuous,50,Probing,1.12,18,0.06,sand,25,891.7747802734375,3860.1255,169.78936767578125,224.69218,
80,Urengoy Gas Field GP5,R50a,66.31325,76.903478,2003,RUS,West Siberia,West Siberia,Discontinuous,100/T/B10,Probing,3.68,17,0,sand,59,1504.009521484375,3817.5503,279.29534912109375,202.39189,
81,Urengoy Gas Field GP15,R50b,67.47791,76.69529,2003,RUS,West Siberia,West Siberia,Discontinuous,100/T/B10,Probing,2.67,16,0,sand,32,1397.912109,3944.1606,215.10003662109375,225.42038,
82,Bely Island (silt),R55,73.32694,70.08528,2003,RUS,West Siberia,West Siberia,Continuous,50,Probing,0.36,15,0.04,silt,4.2,429.0667419433594,3993.4531,165.9060059,230.01282,
83,Bely Island (sand),R55a,73.32861,70.08833,2003,RUS,West Siberia,West Siberia,Continuous,25,Probing,2.08,15,0,sand,3.4,429.0667419433594,3993.4531,165.9060059,230.01282,
84,Bykovsky (Lena delta) (alas),R29 B,71.7855,71.41917,2003,RUS,Central Siberia,Central Siberia,Continuous,100,Probing,0.05,20,0.65,loam,5,709.7703857421875,4177.3525,141.81008911132812,221.32639,
85,Talnah (Norilsk Region),R32,69.43333,88.46667,2003,RUS,Central Siberia,Central Siberia,Continuous,100,Probing,1.02,20,0.01,loam,67,1062.736572265625,4665.127,363.2269592285156,518.383,
86,Igarka,R40,67.48135,86.4347,2003,RUS,Central Siberia,Central Siberia,Discontinuous,100,Probing,2.97,16,0,loam,40,1438.9241943359375,4186.768,226.55117797851562,374.27924,
87,Tuymada (Yakutsk region),R42,62.0133,129.65683,2003,RUS,Central Siberia,Central Siberia,Continuous,50/TT,Thaw Tube,0.5,17,0,sand,101,2005.859130859375,4643.2827,224.34591674804688,85.71965,
88,Neleger (Yakutsk region),R43,62.31618,129.49952,2003,RUS,Central Siberia,Central Siberia,Continuous,50/TT,Thaw Tube,0.06,17,0.77,loam,210,1860.2581787109375,4792.76,234.05325317382812,85.33325,
89,Samoylov,R51,72.369775,126.48063,2003,RUS,Central Siberia,Central Siberia,Continuous,150,Probing,0.42,22,0.02,sand,14,774.7167358398438,5312.6807,222.24009704589844,138.8038,48
90,"Cape Chukochii; edoma, Kolyma",R13 A,70.08333,159.5833,2003,RUS,Northeast Siberia,Northeast Siberia,Continuous,100/T/B30,Probing,-0.04,22,0.84,loam,32,643.3771973,4747.3887,119.83522033691406,90.59006,49
91,"Cape Chukochi, alas, Kolyma",R13 B,70.08333,159.9167,2003,RUS,Northeast Siberia,Northeast Siberia,Continuous,100,Probing,-0.02,22,0.95,loam,32,541.2861328,4666.985,127.68270874023438,93.05265,48
92,"Chukochya River, Kolyma",R14,69.48333,156.9833,2003,RUS,Northeast Siberia,Northeast Siberia,Continuous,100/T/B25,Probing,0.27,16,0.05,loam,31,1037.298828,5018.1294,108.03952026367188,100.58662,
93,"Konkovaya River, Kolyma",R15 A,69.38333,158.4667,2003,RUS,Northeast Siberia,Northeast Siberia,Continuous,100/T/B50,Probing,-0.34,17,0.36,loam,20,1012.9979248046875,4923.0776,116.23060607910156,100.45389,
94,"Konkovaya River, Kolyma",R15 B,69.38333,158.4667,2003,RUS,Northeast Siberia,Northeast Siberia,Continuous,100/T/B50,Probing,-0.19,17,0.45,loam,41,1012.9979248046875,4923.0776,116.23060607910156,100.45389,
95,"Segodnya Pingo, Kolyma",R16,69.08333,158.9,2003,RUS,Northeast Siberia,Northeast Siberia,Continuous,100,Probing,-0.47,19,0.24,peat,30,1156.225098,4904.638,149.98947143554688,79.8475,
96,Akhmelo channel; Kolyma,R17,68.81667,161,2003,RUS,Northeast Siberia,Northeast Siberia,Continuous,100/T,Probing,0.61,23,0,loam,5,1339.3887939453125,4694.841,173.40570068359375,87.68589,51
97,Mt. Rodinka; Kolyma,R18,68.9255,161.5046,2003,RUS,Northeast Siberia,Northeast Siberia,Continuous,100/T,Probing,0.05,23,0.81,loam,152,1318.2186279296875,4587.6816,187.83956909179688,96.005165,81
98,Mt. Rodinka; Kolyma (10 m grid),R18 A,68.7417,161.5042,2003,RUS,Northeast Siberia,Northeast Siberia,Continuous,10/T,Probing,1.03,19,0,loam,152,1355.6612548828125,4538.5015,178.06065368652344,95.24582,91
99,"Lake Glukhoe, Kolyma",R19,68.8,160.95,2003,RUS,Northeast Siberia,Northeast Siberia,Continuous,100,Probing,0.55,21,0.08,sand,15,1339.3887939453125,4694.841,173.40570068359375,87.68589,84
100,"Malchilovskaya Channel, Kolyma",R20,68.51667,161.4333,2003,RUS,Northeast Siberia,Northeast Siberia,Continuous,100,Probing,0.54,23,0,loam,10,1462.2579345703125,4692.507,184.86508178710938,90.178375,48
101,"Lake Akhmelo, Kolyma",R21,68.83333,161.0333,2003,RUS,Northeast Siberia,Northeast Siberia,Continuous,100/T/B15,Probing,0.13,23,0.67,sand,10,1339.3887939453125,4694.841,173.40570068359375,87.68589,96
102,Alazeya River,R22,69.31667,154.9833,2003,RUS,Northeast Siberia,Northeast Siberia,Continuous,100/B23,Probing,0.2,19,0.16,loam,60,1125.1046142578125,5159.1055,97.70992279052734,103.833435,
103,Jakutskoe Lake,R25,69.85,159.5,2003,RUS,Northeast Siberia,Northeast Siberia,Continuous,100,Probing,-0.02,20,0.89,loam,9,686.7878418,4715.4453,141.4024658203125,98.13475,
104,Allaiha (Indigirka basin),R31,70.55,147.4333,2003,RUS,Northeast Siberia,Northeast Siberia,Continuous,100,Probing,-0.02,16,0.96,loam,42,913.6975098,5302.7754,173.4220733642578,126.78416,
105,Omolon,R35,68.73333,158.9,2003,RUS,Northeast Siberia,Northeast Siberia,Continuous,100,Probing,-0.02,17,0.93,loam,4,1298.740966796875,4855.1885,137.2121582,84.21428,
106,Andryushkino,R36,69.16667,154.4333,2003,RUS,Northeast Siberia,Northeast Siberia,Continuous,100,Probing,0.4,19,0.01,loam,21,1166.772216796875,5187.078,94.07603454589844,108.380585,
107,Mt. Rodinka (Control),R38 A,68.7,161.55,2003,RUS,Northeast Siberia,Northeast Siberia,Continuous,10/T,Probing,0.12,15,0.86,loam,75,1343.3597412109375,4524.4487,179.63827514648438,96.054016,115
108,Mt. Rodinka (Station),R38 C,68.74,161.3928,2003,RUS,Northeast Siberia,Northeast Siberia,Continuous,10/T,Probing,-1.03,21,0,loam,31,1363.5091552734375,4560.5625,177.8999023,94.49533,72
109,Cape Rogozhny; Chukotka,R9,64.78333,176.9667,2003,RUS,Chukotka,Northeast Siberia,Continuous,100/T,Probing,0.17,25,0.21,loam,17,1130.7677001953125,3031.302,151.7362060546875,258.2689,50
110,"Mt. Dionisy, Chukotka",R11,64.56667,177.2,2003,RUS,Chukotka,Northeast Siberia,Continuous,100/T,Probing,0.12,24,0.42,loam,148,943.3562012,2780.9346,160.58090209960938,276.94238,55
111,Lavrentia,R27,65.6,-171.05,2003,RUS,Chukotka,Northeast Siberia,Continuous,100,Probing,0.4,25,0.02,loam,100,787.9799805,2966.033,172.8184051513672,413.84766,64
112,Lorino,R41,65.539667,-171.63023,2003,RUS,Chukotka,Northeast Siberia,Continuous,100,Probing,0.87,15,0,sand,45,807.7692871,3154.3713,161.59722900390625,372.6737,
113,Kruglaya (Anadyr),R45,64.63333,176.9667,2003,RUS,Chukotka,Northeast Siberia,Continuous,100,Probing,0.04,15,0.82,silt,2.5,1045.339111328125,2859.1028,159.19932556152344,283.75858,
114,Ploskii Tolbachik (Kamchatka) 2,R30 C,55.89092,160.5375,2003,RUS,Kamchatka,Mountains (Eurasia),Alpine,100,Probing,0.23,17,0.03,silt,1630,825.4774169921875,2940.5918,460.52935791015625,629.08746,
115,Baganuur Depression,M 1,47.68889,108.2625,2003,MNG,Hentei,Mountains (Eurasia),Alpine,T/B15,Borehole,4.42,22,0,sand,1350,2038.292236328125,2430.6167,291.53656005859375,50.85046,
116,Nalaikh – northern slope,M2 A,47.75444,107.25,2003,MNG,Hentei,Mountains (Eurasia),Alpine,T/T/B50,Borehole,1.7,23,0,loam,1512,1923.174560546875,2329.8164,396.6408386230469,61.690228,360
117,Terkh – valley bottom,M6 A,48.08194,99.37333,2003,MNG,Hangai,Mountains (Eurasia),Alpine,T/B15,Borehole,1.22,22,0,sand,2050,1268.6751708984375,3131.5527,356.5317383,92.70123,290
118,Chuluut – pingo top,M7 A,48.04111,100.39167,2003,MNG,Hangai,Mountains (Eurasia),Alpine,T/B15,Borehole,1.74,22,0,silt,1870,1395.6351318359375,2927.706,346.9847717285156,93.583145,160
119,Hatgal – lake terrace,M11,50.43861,100.15028,2003,MNG,Hovsgol,Mountains (Eurasia),Alpine,T/B6,Borehole,5.38,21,0,sand,1662,1387.750488,2816.9387,548.5703125,97.97363,530
120,Darhad Khuurch,M13 A,51.18722,99.4975,2003,MNG,Hovsgol,Mountains (Eurasia),Alpine,T/B100,Borehole,0.15,17,0.36,loam,1558,1518.930664,3151.4702,359.16461181640625,91.64575,
121,Prior Island,A32,-75.692829,162.880554,2003,ANT,SVL,Antarctica,Continuous,T/B1,Borehole,0.8,10,0.55,silt,30,0.045440674,7365.9634,0,154.6376,
122,Finger Point,A33,-77.004683,162.623283,2003,ANT,SVL,Antarctica,Continuous,T/B1,Borehole,-0.3,10,0.66,silt,190,0.011169434,8616.912,0,72.287415,
123,Boulder Clay,A7,-74.745489,164.020308,2003,ANT,SVL,Antarctica,Continuous,T/B3.6,Borehole,0,22,0.99,silt,205,0.045440674,7953.4976,0,296.258,24
124,Oasi,A8,-74.74167,164.1,2003,ANT,SVL,Antarctica,Continuous,T/B30,Borehole,-1.3,13,0.14,debris,52,0.045440674,7495.1646,0,296.258,
125,Apostrophe Island,A30,-73.51885,167.433567,2003,ANT,NVL,Antarctica,Continuous,T/B1,Borehole,0.1,10,0.978,silt,20,0.125518799,7106.1167,0,288.59735,
126,Edmonson Point,A31,-74.328494,165.131881,2003,ANT,NVL,Antarctica,Continuous,T/B1,Borehole,0.5,10,0.65,debris,30,0.123077393,8346.125,0,224.20752,
127,Deception Island (Crater Lake),A16,-62.9856507,-60.6787111,2003,ANT,AP,Antarctica,Discontinuous,100/P/B1.3,Probing,0.3,19,0.27,debris,85,91.63360595703125,807.9439,162.2509307861328,875.30005,
128,Deception Island (Irizar),A26,-62.9837,-60.7156671,2003,ANT,AP,Antarctica,Discontinuous,100/P/B1.2,Probing,4.4,19,0,debris,130,91.63360595703125,807.9439,162.2509307861328,875.30005,
129,Signy Island,A17,-60.7115,-45.5919,2003,ANT,AP,Antarctica,Discontinuous,T/B3.6,Borehole,7.2,12,0,debris,85,9.246429443359375,1421.4496,0,775.492,
130,Signy Island- Bertsen,A17A,-60.7083,-45.5941,2003,ANT,AP,Antarctica,Discontinuous,T/B30,Borehole,-0.9,14,0.07,debris,21,9.246429443359375,1421.4496,0,775.492,
131,King George-Bellingshausen,A18,-62.1983,-58.9842,2003,ANT,AP,Antarctica,Discontinuous,100/T,Probing,1.9,16,0.03,debris,15,94.21206665039062,901.88763,133.8183594,783.2499,
132,Rothera,A19,-67.5719,-68.126,2003,ANT,AP,Antarctica,Discontinuous,T/B31,Probing,-2.2,15,0.42,debris,31,2.686096191,2966.5767,17.52573013305664,1350.9105,
133,Limnopolar Lake (Livingston Island),A25,-62.6498,-61.1047,2003,ANT,AP,Antarctica,Discontinuous,100/T,Probing,0.9,14,0.32,debris,80,90.49835205078125,793.0977,162.19851684570312,873.62695,
134,James Ross Island (JGM),A27,-63.8012464,-57.8834444,2003,ANT,AP,Antarctica,Continuous,70/T/G/B2.0,Probing,1.5,11,0.03,debris,10,11.21691895,2933.0215,67.65271759033203,898.54736,
135,James Ross Island (Berry Hill),A28,-63.80257189,-57.83848112,2003,ANT,AP,Antarctica,Continuous,50/T/B0.9,Probing,0.1,14,0.04,debris,60,11.874664306640625,2907.5747,59.19359588623047,869.12573,
136,Abernethy Flats,A34,-63.881389,-57.934722,2003,ANT,AP,Antarctica,Continuous,70/T/B,Borehole,0.1,13,0,debris,40,11.21691895,2933.0215,67.65271759033203,898.54736,
137,Balcón I (Mendoza),SA2A,-32.9619,-69.3719,2003,ARG,Central Andes,Mountains (South America),Alpine,T/B,Borehole,1.9,13,0.14,debris,3560,774.9135131835938,1243.863,459.9857177734375,230.85977,
138,Balcón I Superior (Mendoza),SA2B,-32.955,-69.3706,2003,ARG,Central Andes,Mountains (South America),Alpine,T/B,Borehole,6.1,15,0,debris,3586,774.9135131835938,1243.863,459.9857177734375,230.85977,
139,Balcón II (Mendoza),SA2C,-32.9597,-69.3803,2003,ARG,Central Andes,Mountains (South America),Alpine,T/B,Borehole,2,22,0,debris,3770,774.9135131835938,1243.863,459.9857177734375,230.85977,
0,Barrow,U1,71.31667,-156.6,2004,USA,North America,North America,Continuous,1000/T,Probing,0.34,25,0.012,loam,3,507.3964538574219,4150.7373,130.7559051513672,121.588684,42
1,"Barrow, CRREL Plots",U2,71.31667,-156.5833,2004,USA,North America,North America,Continuous,10/T,Probing,0.27,25,0.017,loam,3,507.3964538574219,4150.7373,130.7559051513672,121.588684,41
2,Atkasuk,U3,70.45,-157.4,2004,USA,North America,North America,Continuous,1000/T,Probing,0.4,25,0.009,sand,22,977.6805419921875,4534.3936,194.2265625,120.49185,59
3,West Dock 1 ha grid,U4,70.3745,-148.5522,2004,USA,North America,North America,Continuous,100/T/B56,Probing,0.34,24,0.001,loam,3,634.3325195,4358.596,117.81912231445312,119.995476,35
4,West Dock 1 km grid,U5,70.36667,-148.5667,2004,USA,North America,North America,Continuous,1000,Probing,0.25,24,0.039,loam,3,634.3325195,4358.596,117.81912231445312,119.995476,54
5,Deadhorse,U6,70.1613,-148.4653,2004,USA,North America,North America,Continuous,100/T/B60,Probing,0.47,24,0.001,Loam,17,769.9613037109375,4469.932,150.60772705078125,119.643295,67
6,Betty Pingo 1 km grid,U7 A,70.28333,-148.8667,2004,USA,North America,North America,Continuous,1000/T,Probing,0.2,24,0.401,loam,12,732.7418212890625,4448.442,132.1265869140625,118.15407,58
7,Betty Pingo MNT,U7 B,70.2835,-148.8928,2004,USA,North America,North America,Continuous,100,Probing,0.28,24,0.117,loam,12,732.7418212890625,4448.442,132.1265869140625,118.15407,42
8,Betty Pingo WET,U7 C,70.275,-148.919,2004,USA,North America,North America,Continuous,100,Probing,0.14,24,0.06,silt,12,732.7418212890625,4448.442,132.1265869140625,118.15407,45
9,Franklin Bluff,U8,69.6739,-148.7219,2004,USA,North America,North America,Continuous,100/T/B60,Probing,0.59,24,0.001,sand,88,1088.89502,4821.8896,159.66983032226562,156.72383,64
10,Happy Valley,U9 A,69.1466,-148.8483,2004,USA,North America,North America,Continuous,100/T/B40,Probing,0.49,20,0.001,loam,305,1211.7091064453125,4904.076,274.43804931640625,153.39774,
11,Happy Valley 1 km grid,U9 B,69.1482,-148.8505,2004,USA,North America,North America,Continuous,1000/T,Probing,-0.01,25,0.92,silt,305,1209.5118408203125,4907.566,276.3161621,152.96526,45
12,Lupine Hill,U10,69.12883,-148.5928,2004,USA,North America,North America,Continuous,100,Probing,0.29,24,0.003,silt,537,1212.826904296875,4809.2637,272.9915771484375,154.09015,42
13,Imnavait Creek  1 km grid,U11 A,68.6114,-149.3101,2004,USA,North America,North America,Continuous,1000/T,Probing,0.37,25,0.029,loam,910,1057.222900390625,4572.576,313.6582946777344,192.34995,48
14,Imnavait Creek WET,U11 B,68.611,-149.3145,2004,USA,North America,North America,Continuous,100,Probing,0.48,25,0.005,silt,917,1057.222900390625,4572.576,313.6582946777344,192.34995,51
15,Imnavait Creek MAT,U11 C,68.611,-149.30933,2004,USA,North America,North America,Continuous,100,Probing,0.35,25,0.034,silt,938,1057.222900390625,4572.576,313.6582946777344,192.34995,42
16,Toolik 1 km grid,U12 A,68.6215,-149.6063,2004,USA,North America,North America,Continuous,1000/T,Probing,0.28,25,0.073,silt,750,1095.311035,4535.0264,306.3434753417969,190.20264,40
17,Toolik MAT,U12 B,68.624,-149.61817,2004,USA,North America,North America,Continuous,100,Probing,0.29,25,0.049,silt,777,1095.311035,4535.0264,306.3434753417969,190.20264,45
18,Galbraith Lake,U14,68.4774,-149.5024,2004,USA,North America,North America,Continuous,100/T/B75,Probing,0.38,21,0.02,silt,823,1016.7003784179688,4500.005,324.7536926269531,199.86789,
19,Chandalar Shelf,U15,68.0691,-149.5804,2004,USA,North America,North America,Continuous,30/T/B61,Probing,0.45,24,0,silt,976,904.9484863,4380.2773,216.9025879,208.13757,39
20,Ivotuk  1 km grid,U26,68.48333,-155.7333,2004,USA,North America,North America,Continuous,1000,Probing,-0.15,20,0.31,peat,570,1119.7242431640625,4566.843,289.2044677734375,217.39587,53
21,56 Mile,U56,69.5006,-148.5592,2004,USA,North America,North America,Continuous,100,Probing,0.07,25,0.55,loam,349,1171.106445,4916.063,212.12171936035156,149.64389,66
22,Sagwon Hills MNT,U32 A,69.441,-148.67033,2004,USA,North America,North America,Continuous,100,Probing,0.17,25,0.13,silt,269,1182.148926,4983.5825,234.20314025878906,151.03223,56
23,Sagwon Hills MAT,U32 B,69.401,-148.8056,2004,USA,North America,North America,Continuous,100,Probing,0.17,25,0.2,silt,360,1179.014892578125,4974.0303,232.98605346679688,151.10446,42
24,Drew Point,U20,70.8645,-153.91,2004,USA,North America,North America,Continuous,T/B640,Borehole,0.57,20,0,silt,5,592.34375,4289.458,138.6040802001953,124.7436,42
25,Inigok,U21,69.98962,-153.09,2004,USA,North America,North America,Continuous,T/B625,Borehole,0.09,25,0.87,silt,53,1033.063720703125,4623.4536,182.79257202148438,119.54103,61
26,Fish Creek,U22,70.33523,-152.05,2004,USA,North America,North America,Continuous,T/B735,Borehole,0.23,20,0.09,silt,31,884.8372802734375,4502.9854,149.02476501464844,118.77432,37
27,Umiat,U24,69.3957,-152.14,2004,USA,North America,North America,Continuous,T/B640,Borehole,0.07,21,0.62,silt,201,1159.9649658203125,4874.911,168.08425903320312,176.55048,43
28,Tunalik,U25,70.1959,-161.08,2004,USA,North America,North America,Continuous,T/B393,Borehole,0.3,25,0.14,silt,26,930.3265991210938,4156.3955,213.73477172851562,174.67432,55
29,Niguanak,U29,69.8894,-142.98,2004,USA,North America,North America,Continuous,T/B/30?,Borehole,0.57,22,0.1,silt,84,697.7680664,4428.747,123.14926147460938,139.3208,45
30,Koluktak,U30,69.7516,-154.62,2004,USA,North America,North America,Continuous,T/B/,Borehole,0.14,21,0.08,silt,60,1123.03125,4692.4033,222.64707946777344,117.88658,120
31,Piksiksak,U37,70.0366,-157.08,2004,USA,North America,North America,Continuous,T/B/,Borehole,-0.31,21,0.21,silt,33,1070.446533203125,4601.657,235.61660766601562,124.396774,34
32,East Teshekpuk,U38,70.5685,-152.97,2004,USA,North America,North America,Continuous,T/B/,Borehole,-0.26,21,0.14,silt,7,720.4141845703125,4398.206,125.32632446289062,119.702446,24
33,North Head (thaw tube),C3 A,69.71972,-134.4619,2004,Canada,North America,North America,Continuous,TT,Thaw Tube,-0.01,13,0.9,silt,2,806.8990478515625,4941.712,97.38652038574219,115.69555,
34,Lousy Point (Thaw tube),C5 A,69.21889,-134.2911,2004,Canada,North America,North America,Continuous,TT/T/B30,Thaw Tube,0.57,23,0,sand,30,1102.299560546875,5027.64,110.47380065917969,122.9374,68
35,Old Man,U16,66.45,-150.6167,2004,USA,North America,North America,Discontinuous,100/T/B63,Probing,0.24,22,0.12,silt,390,1676.911133,3482.838,275.05535888671875,163.34071,43
36,Wickersham,U17,65.1667,-147.9,2004,USA,North America,North America,Discontinuous,TT/P,Probing,0.47,25,0,loam,335,1953.1895751953125,3049.5356,250.03390502929688,120.02599,38
37,Pearl Creek,U19,64.9,-147.8167,2004,USA,North America,North America,Discontinuous,TT/P,Probing,5.82,25,0,silt,213,2271.967529296875,2662.0146,230.81381225585938,110.600815,61
38,Farmers Loop,U41,64.88,-147.67,2004,USA,North America,North America,Discontinuous,100,Probing,0.63,20,0,silt,151,2258.518066,2622.004,224.57037353515625,109.64157,
39,Eagle,U51,64.7777,-141.10954,2004,USA,North America,North America,Discontinuous,50/P/T,Probing,0.04,11,0.98,peat,280,1986.976318359375,3319.7737,212.47531127929688,148.17604,
40,Nenana,U57,64.55446,-149.08339,2004,USA,North America,North America,Discontinuous,50/P/T,Probing,2.57,10,0,loam,111,2375.204102,2727.4946,233.85391235351562,109.73103,
41,Council Grid,U27,64.8442,-163.7202,2004,USA,North America,North America,Discontinuous,1000,Probing,0.82,21,0,loam,61,1523.299805,2390.6929,300.3382263183594,366.96777,
42,Kougarok,U28,65.454,-164.6268,2004,USA,North America,North America,Discontinuous,1000,Probing,0.4,21,0.04,loam,250,1482.739990234375,2788.6035,245.5736846923828,184.94518,
43,Reindeer Depot  (Thaw tube),C7 A,68.68472,-134.1458,2004,Canada,North America,North America,Discontinuous,TT,Thaw Tube,1.21,21,0,silt,34,1237.431641,4977.4277,115.628418,132.65865,122
44,Rengleng River  (Thaw tube),C8 A,67.795,-134.1261,2004,Canada,North America,North America,Discontinuous,TT,Thaw Tube,0.24,14,0.19,sand,11,1559.337891,4872.1323,127.29279327392578,123.295975,107
45,"Janssonhaugen, Svalbard",N1,78.1793,16.467,2004,NOR,Norway/Svalbard,Mountains (Europe),Alpine,T/B102,Borehole,1.31,25,0,debris,270,246.6140137,3346.7388,84.57408905029297,537.16223,174
46,"Junvvasshoe, Norway",N2,61.6775823,8.3693057,2004,NOR,Norway/Svalbard,Mountains (Europe),Alpine,T/B129,Borehole,1.08,24,0.01,debris,1894,657.6811523,1705.5466,482.52789306640625,614.9212,221
47,"Snoheim DB2, Norway",N5,62.2958,9.352,2004,NOR,Norway/Svalbard,Mountains (Europe),Alpine,T/B9,Borehole,8.45,17,0,debris,1481,756.0384521484375,1836.4758,488.95892333984375,411.9221,489
48,Lapires,CH3,46.106117,7.284349,2004,SWI,Switzerland,Mountains (Europe),Alpine,T/B19,Borehole,12.2,22,0,debris,2656,1440.523193359375,1207.5754,742.3235473632812,668.0516,450
49,Corvatsch,CH1,46.42879,9.821836,2004,SWI,Switzerland,Mountains (Europe),Alpine,T/B62,Borehole,15.49,23,0,debris,2670,788.9549560546875,1754.7809,560.4600830078125,540.20294,350
50,Stockhorn,CH4,45.986786,7.824201,2004,SWI,Switzerland,Mountains (Europe),Alpine,T/B100,Borehole,9.08,22,0,debris,3327,533.3752441,2243.1648,525.5490723,1106.4417,371
51,Les Attelas,CH5,46.096772,7.273075,2004,SWI,Switzerland,Mountains (Europe),Alpine,T/B26,Borehole,7.08,16,0,debris,2507,1440.523193359375,1207.5754,742.3235473632812,668.0516,
52,Gentianes,CH7,46.083705,7.302472,2004,SWI,Switzerland,Mountains (Europe),Alpine,T/B20,Borehole,27.76,18,0,debris,2896,1440.523193359375,1207.5754,742.3235473632812,668.0516,142
53,Schilthorn,CH2,46.558282,7.834426,2004,SWI,Switzerland,Mountains (Europe),Alpine,T/B101,Borehole,36.21,25,0,debris,2900,1653.0982666015625,876.06006,1119.1842041015625,606.29443,478
54,Fluela,CH8,46.748868,9.943555,2004,SWI,Switzerland,Mountains (Europe),Alpine,T/B23,Borehole,-0.47,19,0.01,debris,2413,981.3031005859375,1555.6312,767.5935059,455.53317,290
55,Muot da Barba Peider,CH9,46.496573,9.93141,2004,SWI,Switzerland,Mountains (Europe),Alpine,T/B18,Borehole,10.59,19,0.01,debris,2941,827.0866088867188,1813.5077,528.2310791015625,519.79626,224
56,Matterhorn,CH10,45.982321,7.676049,2004,SWI,Switzerland,Mountains (Europe),Alpine,T/B53,Borehole,9.57,15,0,debris,3204,582.8994750976562,2173.8994,459.2299805,1018.1798,
57,Schafberg,CH11,46.498797,9.925215,2004,SWI,Switzerland,Mountains (Europe),Alpine,T/B60,Borehole,0.89,22,0,debris,2731,827.0866088867188,1813.5077,528.2310791015625,519.79626,504
58,Ritigraben,CH12,46.174694,7.849835,2004,SWI,Switzerland,Mountains (Europe),Alpine,T/B30,Borehole,3.11,22,0.01,debris,2640,1129.7064208984375,1517.6946,667.6860352,652.9036,397
59,Cime Bianche,IT2,45.920046,7.693595,2004,IT,Switzerland,Mountains (Europe),Alpine,T/B41,Borehole,20.21813725,17,0,debris,3100,1135.915283203125,1470.2638,765.2791748046875,715.6782,
60,Stelvio,IT3,45.5187,10.4569,2004,IT,Switzerland,Mountains (Europe),Alpine,T/B100,Borehole,9.69,24,0,debris,2612,4703.464844,0.37609863,1076.8194580078125,54.012905,260
61,Aiguille du Midi SE,FRA1a,45.878173,6.887653,2004,FRA,Switzerland,Mountains (Europe),Alpine,T/B10,Borehole,17.61356297,12,0,debris,3753,987.6550293,1487.151,742.7844238,763.6743,
62,Aiguille du Midi NW,FRA1b,45.878679,6.887216,2004,FRA,Switzerland,Mountains (Europe),Alpine,T/B10,Borehole,7.678571429,15,0,debris,3745,987.6550293,1487.151,742.7844238,763.6743,
63,Aiguille du Midi NE,FRA1c,45.878585,6.888098,2004,FRA,Switzerland,Mountains (Europe),Alpine,TB/10,Borehole,13.51785714,14,0,debris,3738,987.6550293,1487.151,742.7844238,763.6743,
64,Bolvansky,R24,68.3,54.5,2004,RUS,Russian European North,Russian Northwest,Continuous,100,Probing,0.09,23,0.82,loam,28,1138.226318359375,2365.1943,270.76324462890625,301.8842,120
65,Kashin Island,R24 A,68.23333,53.85,2004,RUS,Russian European North,Russian Northwest,Continuous,100,Probing,3.85,15,0,sand,9,1190.2230224609375,2327.1086,259.2852783203125,280.40015,
66,Zackenberg; ZEROCALM 1,G1,74.473,-20.5528,2004,DEN,Denmark (Greenland),Nordic Arctic,Continuous,100/T,Probing,0.64,25,0,loam,36,216.18377685546875,4219.013,48.77739334106445,293.01938,76
67,Zackenberg; ZEROCALM 2,G2,74.466,-20.5643,2004,DEN,Denmark (Greenland),Nordic Arctic,Continuous,150/T,Probing,0.5,25,0.02,loam,16,216.18377685546875,4219.013,48.77739334106445,293.01938,65
68,UNISCALM,N3,78.200956,15.836412,2004,NOR,Norway/Svalbard,Nordic Arctic,Continuous,100/T,Probing,0.52,25,0.01,sand,10,310.48114013671875,3144.7778,111.19084167480469,484.22403,90
69,"Ayach-Yakha, Vorkuta",R2,67.58333,64.18333,2004,RUS,Russian European North,Russian Northwest,Discontinuous,100/T,Probing,0.69,25,0,loam,148,1124.9241943359375,3383.7446,295.9073486328125,397.3174,78
70,Talnik,R23,67.33333,63.73333,2004,RUS,Russian European North,Russian Northwest,Discontinuous,100,Probing,2.52,22,0,loam,120,1198.040527,3277.879,283.4005126953125,378.0296,125
71,Seida,R52,67.06556,62.92508,2004,RUS,Russian European North,Russian Northwest,Discontinuous,100,Probing,1.21,13,0,peat,100,1266.2940673828125,3130.8655,265.5986328,348.98108,
72,"Abisko area, Sweden",S2,68.33333,18.83333,2004,SWE,Sweden/Svalbard,Nordic Arctic,Discontinuous,100/T,Probing,1.25,24,0,peat,900,850.4032592773438,1817.5968,510.7227783203125,471.8021,75
73,Nadym; West Siberia,R1,65.314861,72.864194,2004,RUS,West Siberia,West Siberia,Discontinuous,100/T/B10,Probing,3.38,25,0,sand,28,1364.3104248046875,3399.1794,253.02655029296875,271.4586,134
74,Nadym WET; West Siberia,R1b,65.23375,72.518417,2004,RUS,West Siberia,West Siberia,Discontinuous,100,Probing,6.18,12,0,sand,7,1371.9000244140625,3361.402,253.8306884765625,267.96936,
75,"Marre Sale, Yamal Peninsula",R3,69.71667,66.75,2004,RUS,West Siberia,West Siberia,Continuous,1000/T/B10,Probing,0.7,23,0.09,sand,18,509.9082336425781,3248.358,189.6768798828125,321.17914,114
76,"Vaskiny Dachy, Yamal Peninsula",R5,70.28333,68.9,2004,RUS,West Siberia,West Siberia,Continuous,100/T/B10,Probing,0.43,24,0.05,silt,29,787.918457,3895.333,177.6916504,258.42493,94
77,"Vaskiny Dachy, Yamal Peninsula",R5a,70.28333,68.9,2004,RUS,West Siberia,West Siberia,Continuous,50,Probing,0.5,18,0.2,loam,45,787.918457,3895.333,177.6916504,258.42493,
78,"Vaskiny Dachi, Yamal Peninsula",R5b,70.2755,68.89164,2004,RUS,West Siberia,West Siberia,Continuous,50,Probing,0.74,18,0.04,silt,35,787.918457,3895.333,177.6916504,258.42493,
79,"Vaskiny Dachi, Yamal Peninsula",R5c,70.2955,68.88347,2004,RUS,West Siberia,West Siberia,Continuous,50,Probing,1.12,18,0.06,sand,25,787.918457,3895.333,177.6916504,258.42493,
80,Urengoy Gas Field GP5,R50a,66.31325,76.903478,2004,RUS,West Siberia,West Siberia,Discontinuous,100/T/B10,Probing,3.68,17,0,sand,59,1245.025634765625,3760.9602,248.25347900390625,255.79518,
81,Urengoy Gas Field GP15,R50b,67.47791,76.69529,2004,RUS,West Siberia,West Siberia,Discontinuous,100/T/B10,Probing,2.67,16,0,sand,32,1176.682373046875,3900.1816,204.144043,237.14998,
82,Bely Island (silt),R55,73.32694,70.08528,2004,RUS,West Siberia,West Siberia,Continuous,50,Probing,0.36,15,0.04,silt,4.2,394.3574219,3917.6575,149.9338836669922,219.36807,
83,Bely Island (sand),R55a,73.32861,70.08833,2004,RUS,West Siberia,West Siberia,Continuous,25,Probing,2.08,15,0,sand,3.4,394.3574219,3917.6575,149.9338836669922,219.36807,
84,Bykovsky (Lena delta) (alas),R29 B,71.7855,71.41917,2004,RUS,Central Siberia,Central Siberia,Continuous,100,Probing,0.05,20,0.65,loam,5,579.1262207,4111.685,134.94113159179688,221.04292,26
85,Talnah (Norilsk Region),R32,69.43333,88.46667,2004,RUS,Central Siberia,Central Siberia,Continuous,100,Probing,1.02,20,0.01,loam,67,954.3295288085938,4528.8833,312.3195495605469,437.0142,
86,Igarka,R40,67.48135,86.4347,2004,RUS,Central Siberia,Central Siberia,Discontinuous,100,Probing,2.97,16,0,loam,40,1242.523438,4099.827,287.75970458984375,384.47382,
87,Tuymada (Yakutsk region),R42,62.0133,129.65683,2004,RUS,Central Siberia,Central Siberia,Continuous,50/TT,Thaw Tube,0.5,17,0,sand,101,1763.0657958984375,5230.6133,213.29757690429688,95.65665,
88,Neleger (Yakutsk region),R43,62.31618,129.49952,2004,RUS,Central Siberia,Central Siberia,Continuous,50/TT,Thaw Tube,0.06,17,0.77,loam,210,1627.2208251953125,5340.965,224.39332580566406,95.30931,
89,Samoylov,R51,72.369775,126.48063,2004,RUS,Central Siberia,Central Siberia,Continuous,150,Probing,0.42,22,0.02,sand,14,520.9348145,6078.333,169.97242736816406,93.78377,
90,"Cape Chukochii; edoma, Kolyma",R13 A,70.08333,159.5833,2004,RUS,Northeast Siberia,Northeast Siberia,Continuous,100/T/B30,Probing,-0.04,22,0.84,loam,32,547.7813110351562,4894.919,96.92633056640625,149.21863,
91,"Cape Chukochi, alas, Kolyma",R13 B,70.08333,159.9167,2004,RUS,Northeast Siberia,Northeast Siberia,Continuous,100,Probing,-0.02,22,0.95,loam,32,467.5602111816406,4780.8945,102.62337493896484,154.05222,
92,"Chukochya River, Kolyma",R14,69.48333,156.9833,2004,RUS,Northeast Siberia,Northeast Siberia,Continuous,100/T/B25,Probing,0.27,16,0.05,loam,31,886.4938965,5339.8145,116.77507019042969,141.75012,
93,"Konkovaya River, Kolyma",R15 A,69.38333,158.4667,2004,RUS,Northeast Siberia,Northeast Siberia,Continuous,100/T/B50,Probing,-0.34,17,0.36,loam,20,876.3625488,5239.22,128.75650024414062,139.60725,
94,"Konkovaya River, Kolyma",R15 B,69.38333,158.4667,2004,RUS,Northeast Siberia,Northeast Siberia,Continuous,100/T/B50,Probing,-0.19,17,0.45,loam,41,876.3625488,5239.22,128.75650024414062,139.60725,
95,"Segodnya Pingo, Kolyma",R16,69.08333,158.9,2004,RUS,Northeast Siberia,Northeast Siberia,Continuous,100,Probing,-0.47,19,0.24,peat,30,1027.90918,5314.6743,132.8531494140625,139.50095,
96,Akhmelo channel; Kolyma,R17,68.81667,161,2004,RUS,Northeast Siberia,Northeast Siberia,Continuous,100/T,Probing,0.61,23,0,loam,5,1243.5369873046875,5289.7676,173.68531799316406,150.70438,55
97,Mt. Rodinka; Kolyma,R18,68.9255,161.5046,2004,RUS,Northeast Siberia,Northeast Siberia,Continuous,100/T,Probing,0.05,23,0.81,loam,152,1234.127197265625,5143.323,175.91798400878906,166.82152,85
98,Mt. Rodinka; Kolyma (10 m grid),R18 A,68.7417,161.5042,2004,RUS,Northeast Siberia,Northeast Siberia,Continuous,10/T,Probing,1.03,19,0,loam,152,1256.2025146484375,5156.47,174.79888916015625,159.62555,97
99,"Lake Glukhoe, Kolyma",R19,68.8,160.95,2004,RUS,Northeast Siberia,Northeast Siberia,Continuous,100,Probing,0.55,21,0.08,sand,15,1243.5369873046875,5289.7676,173.68531799316406,150.70438,92
100,"Malchilovskaya Channel, Kolyma",R20,68.51667,161.4333,2004,RUS,Northeast Siberia,Northeast Siberia,Continuous,100,Probing,0.54,23,0,loam,10,1351.245605,5328.049,172.6504364013672,145.88992,56
101,"Lake Akhmelo, Kolyma",R21,68.83333,161.0333,2004,RUS,Northeast Siberia,Northeast Siberia,Continuous,100/T/B15,Probing,0.13,23,0.67,sand,10,1243.5369873046875,5289.7676,173.68531799316406,150.70438,103
102,Alazeya River,R22,69.31667,154.9833,2004,RUS,Northeast Siberia,Northeast Siberia,Continuous,100/B23,Probing,0.2,19,0.16,loam,60,952.8884277,5492.396,113.37049865722656,128.2258,51
103,Jakutskoe Lake,R25,69.85,159.5,2004,RUS,Northeast Siberia,Northeast Siberia,Continuous,100,Probing,-0.02,20,0.89,loam,9,597.8052368164062,4889.207,126.5883560180664,154.29074,
104,Allaiha (Indigirka basin),R31,70.55,147.4333,2004,RUS,Northeast Siberia,Northeast Siberia,Continuous,100,Probing,-0.02,16,0.96,loam,42,730.1447754,5776.111,148.1854248046875,108.124886,39
105,Omolon,R35,68.73333,158.9,2004,RUS,Northeast Siberia,Northeast Siberia,Continuous,100,Probing,-0.02,17,0.93,loam,4,1150.644287109375,5376.0347,149.3338623046875,151.69373,
106,Andryushkino,R36,69.16667,154.4333,2004,RUS,Northeast Siberia,Northeast Siberia,Continuous,100,Probing,0.4,19,0.01,loam,21,982.0668945,5511.101,120.08030700683594,125.2752,
107,Mt. Rodinka (Control),R38 A,68.7,161.55,2004,RUS,Northeast Siberia,Northeast Siberia,Continuous,10/T,Probing,0.12,15,0.86,loam,75,1244.700927734375,5133.9287,178.53115844726562,159.94989,129
108,Mt. Rodinka (Station),R38 C,68.74,161.3928,2004,RUS,Northeast Siberia,Northeast Siberia,Continuous,10/T,Probing,-1.03,21,0,loam,31,1263.5367431640625,5177.0015,174.66452026367188,158.47705,77
109,Cape Rogozhny; Chukotka,R9,64.78333,176.9667,2004,RUS,Chukotka,Northeast Siberia,Continuous,100/T,Probing,0.17,25,0.21,loam,17,1213.112548828125,3062.1667,220.8297576904297,248.00208,57
110,"Mt. Dionisy, Chukotka",R11,64.56667,177.2,2004,RUS,Chukotka,Northeast Siberia,Continuous,100/T,Probing,0.12,24,0.42,loam,148,1031.4132080078125,2873.9917,195.48141479492188,270.42093,64
111,Lavrentia,R27,65.6,-171.05,2004,RUS,Chukotka,Northeast Siberia,Continuous,100,Probing,0.4,25,0.02,loam,100,958.3259277,2796.2974,118.61599731445312,465.00583,65
112,Lorino,R41,65.539667,-171.63023,2004,RUS,Chukotka,Northeast Siberia,Continuous,100,Probing,0.87,15,0,sand,45,998.9328002929688,2930.9487,106.98299407958984,430.2774,
113,Kruglaya (Anadyr),R45,64.63333,176.9667,2004,RUS,Chukotka,Northeast Siberia,Continuous,100,Probing,0.04,15,0.82,silt,2.5,1130.4437255859375,2952.451,197.92648315429688,275.25757,
114,Ploskii Tolbachik (Kamchatka) 2,R30 C,55.89092,160.5375,2004,RUS,Kamchatka,Mountains (Eurasia),Alpine,100,Probing,0.23,17,0.03,silt,1630,685.6196289,2992.1401,415.9913024902344,740.2911,
115,Baganuur Depression,M 1,47.68889,108.2625,2004,MNG,Hentei,Mountains (Eurasia),Alpine,T/B15,Borehole,4.42,22,0,sand,1350,2217.131348,2183.1562,262.0902099609375,37.505013,375
116,Nalaikh – northern slope,M2 A,47.75444,107.25,2004,MNG,Hentei,Mountains (Eurasia),Alpine,T/T/B50,Borehole,1.7,23,0,loam,1512,2038.7476806640625,2318.741,304.3874512,41.036095,345
117,Terkh – valley bottom,M6 A,48.08194,99.37333,2004,MNG,Hangai,Mountains (Eurasia),Alpine,T/B15,Borehole,1.22,22,0,sand,2050,1467.469727,2851.4258,327.42388916015625,55.938705,295
118,Chuluut – pingo top,M7 A,48.04111,100.39167,2004,MNG,Hangai,Mountains (Eurasia),Alpine,T/B15,Borehole,1.74,22,0,silt,1870,1614.4603271484375,2573.8433,281.3748779296875,47.798744,160
119,Hatgal – lake terrace,M11,50.43861,100.15028,2004,MNG,Hovsgol,Mountains (Eurasia),Alpine,T/B6,Borehole,5.38,21,0,sand,1662,1563.936035,2486.8335,478.6783447265625,46.505978,530
120,Darhad Khuurch,M13 A,51.18722,99.4975,2004,MNG,Hovsgol,Mountains (Eurasia),Alpine,T/B100,Borehole,0.15,17,0.36,loam,1558,1600.7806396484375,3058.5256,306.5186767578125,92.21799,
121,Prior Island,A32,-75.692829,162.880554,2004,ANT,SVL,Antarctica,Continuous,T/B1,Borehole,0.8,10,0.55,silt,30,0.120788574,8056.548,0,71.404205,
122,Finger Point,A33,-77.004683,162.623283,2004,ANT,SVL,Antarctica,Continuous,T/B1,Borehole,-0.3,10,0.66,silt,190,0.050231934,9244.785,0,26.803293,
123,Boulder Clay,A7,-74.745489,164.020308,2004,ANT,SVL,Antarctica,Continuous,T/B3.6,Borehole,0,22,0.99,silt,205,0.120788574,8181.695,0,109.10245,
124,Oasi,A8,-74.74167,164.1,2004,ANT,SVL,Antarctica,Continuous,T/B30,Borehole,-1.3,13,0.14,debris,52,0.120788574,7627.5566,0,109.10245,
125,Apostrophe Island,A30,-73.51885,167.433567,2004,ANT,NVL,Antarctica,Continuous,T/B1,Borehole,0.1,10,0.978,silt,20,0.139434814,7312.8247,0,198.14886,
126,Edmonson Point,A31,-74.328494,165.131881,2004,ANT,NVL,Antarctica,Continuous,T/B1,Borehole,0.5,10,0.65,debris,30,0.04864502,8533.748,0,121.93032,
127,Deception Island (Crater Lake),A16,-62.9856507,-60.6787111,2004,ANT,AP,Antarctica,Discontinuous,100/P/B1.3,Probing,0.3,19,0.27,debris,85,120.74200439453125,766.8099,279.3959961,778.8436,
128,Deception Island (Irizar),A26,-62.9837,-60.7156671,2004,ANT,AP,Antarctica,Discontinuous,100/P/B1.2,Probing,4.4,19,0,debris,130,120.74200439453125,766.8099,279.3959961,778.8436,
129,Signy Island,A17,-60.7115,-45.5919,2004,ANT,AP,Antarctica,Discontinuous,T/B3.6,Borehole,7.2,12,0,debris,85,21.818328857421875,1277.822,0,807.72437,
130,Signy Island- Bertsen,A17A,-60.7083,-45.5941,2004,ANT,AP,Antarctica,Discontinuous,T/B30,Borehole,-0.9,14,0.07,debris,21,21.818328857421875,1277.822,0,807.72437,
131,King George-Bellingshausen,A18,-62.1983,-58.9842,2004,ANT,AP,Antarctica,Discontinuous,100/T,Probing,1.9,16,0.03,debris,15,128.5629883,741.8318,229.30352783203125,652.0995,
132,Rothera,A19,-67.5719,-68.126,2004,ANT,AP,Antarctica,Discontinuous,T/B31,Probing,-2.2,15,0.42,debris,31,1.315460205078125,2657.017,279.97174072265625,1440.1179,
133,Limnopolar Lake (Livingston Island),A25,-62.6498,-61.1047,2004,ANT,AP,Antarctica,Discontinuous,100/T,Probing,0.9,14,0.32,debris,80,122.83657836914062,756.4338,280.9690246582031,779.5343,
134,James Ross Island (JGM),A27,-63.8012464,-57.8834444,2004,ANT,AP,Antarctica,Continuous,70/T/G/B2.0,Probing,1.5,11,0.03,debris,10,23.239837646484375,2653.1704,55.69112014770508,732.4623,
135,James Ross Island (Berry Hill),A28,-63.80257189,-57.83848112,2004,ANT,AP,Antarctica,Continuous,50/T/B0.9,Probing,0.1,14,0.04,debris,60,25.271331787109375,2634.4128,55.69112014770508,703.69385,
136,Abernethy Flats,A34,-63.881389,-57.934722,2004,ANT,AP,Antarctica,Continuous,70/T/B,Borehole,0.1,13,0,debris,40,23.239837646484375,2653.1704,55.69112014770508,732.4623,
137,Balcón I (Mendoza),SA2A,-32.9619,-69.3719,2004,ARG,Central Andes,Mountains (South America),Alpine,T/B,Borehole,1.9,13,0.14,debris,3560,691.5844727,1539.2839,669.2730712890625,375.36212,
138,Balcón I Superior (Mendoza),SA2B,-32.955,-69.3706,2004,ARG,Central Andes,Mountains (South America),Alpine,T/B,Borehole,6.1,15,0,debris,3586,691.5844727,1539.2839,669.2730712890625,375.36212,
139,Balcón II (Mendoza),SA2C,-32.9597,-69.3803,2004,ARG,Central Andes,Mountains (South America),Alpine,T/B,Borehole,2,22,0,debris,3770,691.5844727,1539.2839,669.2730712890625,375.36212,320
0,Barrow,U1,71.31667,-156.6,2005,USA,North America,North America,Continuous,1000/T,Probing,0.34,25,0.012,loam,3,340.5666198730469,3698.343,102.16569519042969,130.20467,33
1,"Barrow, CRREL Plots",U2,71.31667,-156.5833,2005,USA,North America,North America,Continuous,10/T,Probing,0.27,25,0.017,loam,3,340.5666198730469,3698.343,102.16569519042969,130.20467,35
2,Atkasuk,U3,70.45,-157.4,2005,USA,North America,North America,Continuous,1000/T,Probing,0.4,25,0.009,sand,22,775.4017333984375,4123.277,121.65202331542969,135.43512,47
3,West Dock 1 ha grid,U4,70.3745,-148.5522,2005,USA,North America,North America,Continuous,100/T/B56,Probing,0.34,24,0.001,loam,3,405.90545654296875,3978.8535,90.77360534667969,128.39215,27
4,West Dock 1 km grid,U5,70.36667,-148.5667,2005,USA,North America,North America,Continuous,1000,Probing,0.25,24,0.039,loam,3,405.90545654296875,3978.8535,90.77360534667969,128.39215,45
5,Deadhorse,U6,70.1613,-148.4653,2005,USA,North America,North America,Continuous,100/T/B60,Probing,0.47,24,0.001,Loam,17,501.5654602050781,4117.769,98.25809478759766,140.92722,56
6,Betty Pingo 1 km grid,U7 A,70.28333,-148.8667,2005,USA,North America,North America,Continuous,1000/T,Probing,0.2,24,0.401,loam,12,474.0486145019531,4073.6118,93.97492218017578,131.3376,49
7,Betty Pingo MNT,U7 B,70.2835,-148.8928,2005,USA,North America,North America,Continuous,100,Probing,0.28,24,0.117,loam,12,474.0486145019531,4073.6118,93.97492218017578,131.3376,35
8,Betty Pingo WET,U7 C,70.275,-148.919,2005,USA,North America,North America,Continuous,100,Probing,0.14,24,0.06,silt,12,474.0486145019531,4073.6118,93.97492218017578,131.3376,36
9,Franklin Bluff,U8,69.6739,-148.7219,2005,USA,North America,North America,Continuous,100/T/B60,Probing,0.59,24,0.001,sand,88,775.2131348,4444.1323,97.93116760253906,149.16634,53
10,Happy Valley,U9 A,69.1466,-148.8483,2005,USA,North America,North America,Continuous,100/T/B40,Probing,0.49,20,0.001,loam,305,954.4324951171875,4539.895,132.71571350097656,164.04991,32
11,Happy Valley 1 km grid,U9 B,69.1482,-148.8505,2005,USA,North America,North America,Continuous,1000/T,Probing,-0.01,25,0.92,silt,305,948.6624755859375,4541.602,133.78054809570312,163.92377,41
12,Lupine Hill,U10,69.12883,-148.5928,2005,USA,North America,North America,Continuous,100,Probing,0.29,24,0.003,silt,537,964.0526733398438,4458.88,131.61851501464844,164.77145,41
13,Imnavait Creek  1 km grid,U11 A,68.6114,-149.3101,2005,USA,North America,North America,Continuous,1000/T,Probing,0.37,25,0.029,loam,910,866.7148438,4197.0386,269.0095520019531,132.68939,55
14,Imnavait Creek WET,U11 B,68.611,-149.3145,2005,USA,North America,North America,Continuous,100,Probing,0.48,25,0.005,silt,917,866.7148438,4197.0386,269.0095520019531,132.68939,44
15,Imnavait Creek MAT,U11 C,68.611,-149.30933,2005,USA,North America,North America,Continuous,100,Probing,0.35,25,0.034,silt,938,866.7148438,4197.0386,269.0095520019531,132.68939,39
16,Toolik 1 km grid,U12 A,68.6215,-149.6063,2005,USA,North America,North America,Continuous,1000/T,Probing,0.28,25,0.073,silt,750,904.1229858398438,4178.32,226.98748779296875,170.63481,51
17,Toolik MAT,U12 B,68.624,-149.61817,2005,USA,North America,North America,Continuous,100,Probing,0.29,25,0.049,silt,777,904.1229858398438,4178.32,226.98748779296875,170.63481,44
18,Galbraith Lake,U14,68.4774,-149.5024,2005,USA,North America,North America,Continuous,100/T/B75,Probing,0.38,21,0.02,silt,823,836.7159423828125,4108.7437,307.24822998046875,133.73892,44
19,Chandalar Shelf,U15,68.0691,-149.5804,2005,USA,North America,North America,Continuous,30/T/B61,Probing,0.45,24,0,silt,976,759.8572998046875,3957.8958,280.0919494628906,206.13167,38
20,Ivotuk  1 km grid,U26,68.48333,-155.7333,2005,USA,North America,North America,Continuous,1000,Probing,-0.15,20,0.31,peat,570,931.8761596679688,4332.0757,202.6975098,152.46591,51
21,56 Mile,U56,69.5006,-148.5592,2005,USA,North America,North America,Continuous,100,Probing,0.07,25,0.55,loam,349,867.7203369140625,4506.011,105.44860076904297,156.6647,56
22,Sagwon Hills MNT,U32 A,69.441,-148.67033,2005,USA,North America,North America,Continuous,100,Probing,0.17,25,0.13,silt,269,885.0809326171875,4556.909,110.30982971191406,160.40173,47
23,Sagwon Hills MAT,U32 B,69.401,-148.8056,2005,USA,North America,North America,Continuous,100,Probing,0.17,25,0.2,silt,360,880.5816040039062,4553.6724,110.70928955078125,159.69194,28
24,Drew Point,U20,70.8645,-153.91,2005,USA,North America,North America,Continuous,T/B640,Borehole,0.57,20,0,silt,5,373.4956055,3841.9539,114.82996368408203,122.91359,39
25,Inigok,U21,69.98962,-153.09,2005,USA,North America,North America,Continuous,T/B625,Borehole,0.09,25,0.87,silt,53,762.1425781,4253.896,98.64904022216797,123.37523,42
26,Fish Creek,U22,70.33523,-152.05,2005,USA,North America,North America,Continuous,T/B735,Borehole,0.23,20,0.09,silt,31,609.6889648,4107.262,89.37409973144531,116.76608,30
27,Umiat,U24,69.3957,-152.14,2005,USA,North America,North America,Continuous,T/B640,Borehole,0.07,21,0.62,silt,201,887.6862793,4534.662,110.89221954345703,146.75632,28
28,Tunalik,U25,70.1959,-161.08,2005,USA,North America,North America,Continuous,T/B393,Borehole,0.3,25,0.14,silt,26,817.6619262695312,3925.8381,153.49664306640625,169.93178,53
29,Niguanak,U29,69.8894,-142.98,2005,USA,North America,North America,Continuous,T/B/30?,Borehole,0.57,22,0.1,silt,84,453.18121337890625,4015.0825,104.20574188232422,159.53107,37
30,Koluktak,U30,69.7516,-154.62,2005,USA,North America,North America,Continuous,T/B/,Borehole,0.14,21,0.08,silt,60,879.4600219726562,4352.907,105.84623718261719,134.40576,120
31,Piksiksak,U37,70.0366,-157.08,2005,USA,North America,North America,Continuous,T/B/,Borehole,-0.31,21,0.21,silt,33,866.5957641601562,4234.2783,120.75798034667969,145.47308,40
32,East Teshekpuk,U38,70.5685,-152.97,2005,USA,North America,North America,Continuous,T/B/,Borehole,-0.26,21,0.14,silt,7,467.15740966796875,3973.3193,99.46678924560547,112.767334,27
33,North Head (thaw tube),C3 A,69.71972,-134.4619,2005,Canada,North America,North America,Continuous,TT,Thaw Tube,-0.01,13,0.9,silt,2,559.1246337890625,3803.8823,136.00572204589844,145.05476,
34,Lousy Point (Thaw tube),C5 A,69.21889,-134.2911,2005,Canada,North America,North America,Continuous,TT/T/B30,Thaw Tube,0.57,23,0,sand,30,830.0578613,3841.7305,144.6707000732422,154.03058,68
35,Old Man,U16,66.45,-150.6167,2005,USA,North America,North America,Discontinuous,100/T/B63,Probing,0.24,22,0.12,silt,390,1639.5931396484375,3101.3015,439.6234436035156,175.98798,41
36,Wickersham,U17,65.1667,-147.9,2005,USA,North America,North America,Discontinuous,TT/P,Probing,0.47,25,0,loam,335,1893.957275390625,2796.435,386.9188232421875,129.61647,41
37,Pearl Creek,U19,64.9,-147.8167,2005,USA,North America,North America,Discontinuous,TT/P,Probing,5.82,25,0,silt,213,2217.863281,2426.4233,321.56927490234375,109.89748,70
38,Farmers Loop,U41,64.88,-147.67,2005,USA,North America,North America,Discontinuous,100,Probing,0.63,20,0,silt,151,2205.621094,2389.5696,317.18377685546875,109.422424,58
39,Eagle,U51,64.7777,-141.10954,2005,USA,North America,North America,Discontinuous,50/P/T,Probing,0.04,11,0.98,peat,280,1985.1556396484375,2902.9973,282.41766357421875,130.40514,
40,Nenana,U57,64.55446,-149.08339,2005,USA,North America,North America,Discontinuous,50/P/T,Probing,2.57,10,0,loam,111,2338.497314453125,2524.3652,269.0025634765625,103.87796,
41,Council Grid,U27,64.8442,-163.7202,2005,USA,North America,North America,Discontinuous,1000,Probing,0.82,21,0,loam,61,1511.929688,2768.1816,425.90948486328125,302.3319,76
42,Kougarok,U28,65.454,-164.6268,2005,USA,North America,North America,Discontinuous,1000,Probing,0.4,21,0.04,loam,250,1348.649169921875,3190.7246,289.4709473,185.16304,75
43,Reindeer Depot  (Thaw tube),C7 A,68.68472,-134.1458,2005,Canada,North America,North America,Discontinuous,TT,Thaw Tube,1.21,21,0,silt,34,984.6108398,3860.1477,185.70144653320312,160.09567,115
44,Rengleng River  (Thaw tube),C8 A,67.795,-134.1261,2005,Canada,North America,North America,Discontinuous,TT,Thaw Tube,0.24,14,0.19,sand,11,1275.941650390625,3793.715,174.4515838623047,206.52292,103
45,"Janssonhaugen, Svalbard",N1,78.1793,16.467,2005,NOR,Norway/Svalbard,Mountains (Europe),Alpine,T/B102,Borehole,1.31,25,0,debris,270,218.22830200195312,2975.6711,115.2950439453125,541.67444,166
46,"Junvvasshoe, Norway",N2,61.6775823,8.3693057,2005,NOR,Norway/Svalbard,Mountains (Europe),Alpine,T/B129,Borehole,1.08,24,0.01,debris,1894,662.6184082,1712.7488,417.29217529296875,696.4415,224
47,"Snoheim DB2, Norway",N5,62.2958,9.352,2005,NOR,Norway/Svalbard,Mountains (Europe),Alpine,T/B9,Borehole,8.45,17,0,debris,1481,762.9909057617188,1652.6085,417.5454406738281,575.93695,488
48,Lapires,CH3,46.106117,7.284349,2005,SWI,Switzerland,Mountains (Europe),Alpine,T/B19,Borehole,12.2,22,0,debris,2656,1569.44043,1366.9874,725.7537841796875,561.61414,460
49,Corvatsch,CH1,46.42879,9.821836,2005,SWI,Switzerland,Mountains (Europe),Alpine,T/B62,Borehole,15.49,23,0,debris,2670,843.3071899414062,1890.6581,674.2905883789062,356.19867,349
50,Stockhorn,CH4,45.986786,7.824201,2005,SWI,Switzerland,Mountains (Europe),Alpine,T/B100,Borehole,9.08,22,0,debris,3327,524.8802490234375,2283.5396,645.5311279296875,644.9873,
51,Les Attelas,CH5,46.096772,7.273075,2005,SWI,Switzerland,Mountains (Europe),Alpine,T/B26,Borehole,7.08,16,0,debris,2507,1569.44043,1366.9874,725.7537841796875,561.61414,
52,Gentianes,CH7,46.083705,7.302472,2005,SWI,Switzerland,Mountains (Europe),Alpine,T/B20,Borehole,27.76,18,0,debris,2896,1569.44043,1366.9874,725.7537841796875,561.61414,148
53,Schilthorn,CH2,46.558282,7.834426,2005,SWI,Switzerland,Mountains (Europe),Alpine,T/B101,Borehole,36.21,25,0,debris,2900,1808.721435546875,1101.7826,1124.1724853515625,580.87695,480
54,Fluela,CH8,46.748868,9.943555,2005,SWI,Switzerland,Mountains (Europe),Alpine,T/B23,Borehole,-0.47,19,0.01,debris,2413,1068.4417724609375,1719.1395,784.1878662109375,460.83124,293
55,Muot da Barba Peider,CH9,46.496573,9.93141,2005,SWI,Switzerland,Mountains (Europe),Alpine,T/B18,Borehole,10.59,19,0.01,debris,2941,902.4971923828125,1967.6108,665.3891602,359.11957,196
56,Matterhorn,CH10,45.982321,7.676049,2005,SWI,Switzerland,Mountains (Europe),Alpine,T/B53,Borehole,9.57,15,0,debris,3204,585.9974365234375,2223.4927,572.6397705078125,642.7997,
57,Schafberg,CH11,46.498797,9.925215,2005,SWI,Switzerland,Mountains (Europe),Alpine,T/B60,Borehole,0.89,22,0,debris,2731,902.4971923828125,1967.6108,665.3891602,359.11957,497
58,Ritigraben,CH12,46.174694,7.849835,2005,SWI,Switzerland,Mountains (Europe),Alpine,T/B30,Borehole,3.11,22,0.01,debris,2640,1211.620849609375,1557.2502,671.1177978515625,466.4702,394
59,Cime Bianche,IT2,45.920046,7.693595,2005,IT,Switzerland,Mountains (Europe),Alpine,T/B41,Borehole,20.21813725,17,0,debris,3100,1157.965332,1586.2421,793.3994750976562,412.75012,
60,Stelvio,IT3,45.5187,10.4569,2005,IT,Switzerland,Mountains (Europe),Alpine,T/B100,Borehole,9.69,24,0,debris,2612,4541.451172,12.776062,1041.7642822265625,115.227264,259
61,Aiguille du Midi SE,FRA1a,45.878173,6.887653,2005,FRA,Switzerland,Mountains (Europe),Alpine,T/B10,Borehole,17.61356297,12,0,debris,3753,1076.8165283203125,1635.3538,678.5272827148438,639.98846,
62,Aiguille du Midi NW,FRA1b,45.878679,6.887216,2005,FRA,Switzerland,Mountains (Europe),Alpine,T/B10,Borehole,7.678571429,15,0,debris,3745,1076.8165283203125,1635.3538,678.5272827148438,639.98846,
63,Aiguille du Midi NE,FRA1c,45.878585,6.888098,2005,FRA,Switzerland,Mountains (Europe),Alpine,TB/10,Borehole,13.51785714,14,0,debris,3738,1076.8165283203125,1635.3538,678.5272827148438,639.98846,
64,Bolvansky,R24,68.3,54.5,2005,RUS,Russian European North,Russian Northwest,Continuous,100,Probing,0.09,23,0.82,loam,28,1307.539063,1948.1569,438.4926758,270.7923,115
65,Kashin Island,R24 A,68.23333,53.85,2005,RUS,Russian European North,Russian Northwest,Continuous,100,Probing,3.85,15,0,sand,9,1355.992676,1922.6697,418.7701416015625,264.35226,
66,Zackenberg; ZEROCALM 1,G1,74.473,-20.5528,2005,DEN,Denmark (Greenland),Nordic Arctic,Continuous,100/T,Probing,0.64,25,0,loam,36,203.08599853515625,3886.288,61.93394852,321.96918,79
67,Zackenberg; ZEROCALM 2,G2,74.466,-20.5643,2005,DEN,Denmark (Greenland),Nordic Arctic,Continuous,150/T,Probing,0.5,25,0.02,loam,16,203.08599853515625,3886.288,61.93394852,321.96918,69
68,UNISCALM,N3,78.200956,15.836412,2005,NOR,Norway/Svalbard,Nordic Arctic,Continuous,100/T,Probing,0.52,25,0.01,sand,10,276.7519836425781,2794.393,120.19173431396484,468.91922,74
69,"Ayach-Yakha, Vorkuta",R2,67.58333,64.18333,2005,RUS,Russian European North,Russian Northwest,Discontinuous,100/T,Probing,0.69,25,0,loam,148,1336.6949462890625,2849.348,461.32867431640625,355.67285,81
70,Talnik,R23,67.33333,63.73333,2005,RUS,Russian European North,Russian Northwest,Discontinuous,100,Probing,2.52,22,0,loam,120,1415.207275390625,2782.7427,406.9730529785156,368.2757,131
71,Seida,R52,67.06556,62.92508,2005,RUS,Russian European North,Russian Northwest,Discontinuous,100,Probing,1.21,13,0,peat,100,1482.081787109375,2654.321,468.47760009765625,255.31721,
72,"Abisko area, Sweden",S2,68.33333,18.83333,2005,SWE,Sweden/Svalbard,Nordic Arctic,Discontinuous,100/T,Probing,1.25,24,0,peat,900,883.6518555,1761.5153,515.5610352,567.73517,67
73,Nadym; West Siberia,R1,65.314861,72.864194,2005,RUS,West Siberia,West Siberia,Discontinuous,100/T/B10,Probing,3.38,25,0,sand,28,1637.4888916015625,2738.377,325.43780517578125,177.94693,141
74,Nadym WET; West Siberia,R1b,65.23375,72.518417,2005,RUS,West Siberia,West Siberia,Discontinuous,100,Probing,6.18,12,0,sand,7,1654.0921630859375,2699.0835,327.9700927734375,177.93344,
75,"Marre Sale, Yamal Peninsula",R3,69.71667,66.75,2005,RUS,West Siberia,West Siberia,Continuous,1000/T/B10,Probing,0.7,23,0.09,sand,18,593.4160156,2599.3823,266.03125,345.26944,116
76,"Vaskiny Dachy, Yamal Peninsula",R5,70.28333,68.9,2005,RUS,West Siberia,West Siberia,Continuous,100/T/B10,Probing,0.43,24,0.05,silt,29,924.9447021484375,3180.9219,254.21902465820312,301.9493,97
77,"Vaskiny Dachy, Yamal Peninsula",R5a,70.28333,68.9,2005,RUS,West Siberia,West Siberia,Continuous,50,Probing,0.5,18,0.2,loam,45,924.9447021484375,3180.9219,254.21902465820312,301.9493,
78,"Vaskiny Dachi, Yamal Peninsula",R5b,70.2755,68.89164,2005,RUS,West Siberia,West Siberia,Continuous,50,Probing,0.74,18,0.04,silt,35,924.9447021484375,3180.9219,254.21902465820312,301.9493,
79,"Vaskiny Dachi, Yamal Peninsula",R5c,70.2955,68.88347,2005,RUS,West Siberia,West Siberia,Continuous,50,Probing,1.12,18,0.06,sand,25,924.9447021484375,3180.9219,254.21902465820312,301.9493,
80,Urengoy Gas Field GP5,R50a,66.31325,76.903478,2005,RUS,West Siberia,West Siberia,Discontinuous,100/T/B10,Probing,3.68,17,0,sand,59,1517.8145751953125,3004.4688,232.0403289794922,237.15019,
81,Urengoy Gas Field GP15,R50b,67.47791,76.69529,2005,RUS,West Siberia,West Siberia,Discontinuous,100/T/B10,Probing,2.67,16,0,sand,32,1402.9725341796875,3109.5872,203.52696228027344,286.64905,
82,Bely Island (silt),R55,73.32694,70.08528,2005,RUS,West Siberia,West Siberia,Continuous,50,Probing,0.36,15,0.04,silt,4.2,486.7823791503906,3053.5632,197.89157104492188,236.75134,
83,Bely Island (sand),R55a,73.32861,70.08833,2005,RUS,West Siberia,West Siberia,Continuous,25,Probing,2.08,15,0,sand,3.4,486.7823791503906,3053.5632,197.89157104492188,236.75134,
84,Bykovsky (Lena delta) (alas),R29 B,71.7855,71.41917,2005,RUS,Central Siberia,Central Siberia,Continuous,100,Probing,0.05,20,0.65,loam,5,711.892334,3318.7668,239.5091552734375,242.50243,33
85,Talnah (Norilsk Region),R32,69.43333,88.46667,2005,RUS,Central Siberia,Central Siberia,Continuous,100,Probing,1.02,20,0.01,loam,67,1136.588379,4142.958,319.0440979003906,552.57056,81
86,Igarka,R40,67.48135,86.4347,2005,RUS,Central Siberia,Central Siberia,Discontinuous,100,Probing,2.97,16,0,loam,40,1433.863281,3596.7366,189.00164794921875,427.72955,
87,Tuymada (Yakutsk region),R42,62.0133,129.65683,2005,RUS,Central Siberia,Central Siberia,Continuous,50/TT,Thaw Tube,0.5,17,0,sand,101,2045.581055,4772.124,251.30178833007812,111.999115,
88,Neleger (Yakutsk region),R43,62.31618,129.49952,2005,RUS,Central Siberia,Central Siberia,Continuous,50/TT,Thaw Tube,0.06,17,0.77,loam,210,1928.390137,4821.83,248.73402404785156,108.00059,
89,Samoylov,R51,72.369775,126.48063,2005,RUS,Central Siberia,Central Siberia,Continuous,150,Probing,0.42,22,0.02,sand,14,732.1016845703125,5091.387,180.2757110595703,160.45651,50
90,"Cape Chukochii; edoma, Kolyma",R13 A,70.08333,159.5833,2005,RUS,Northeast Siberia,Northeast Siberia,Continuous,100/T/B30,Probing,-0.04,22,0.84,loam,32,695.1656494140625,4747.089,101.18637084960938,81.075035,50
91,"Cape Chukochi, alas, Kolyma",R13 B,70.08333,159.9167,2005,RUS,Northeast Siberia,Northeast Siberia,Continuous,100,Probing,-0.02,22,0.95,loam,32,578.1005859,4657.975,94.03618621826172,87.844246,46
92,"Chukochya River, Kolyma",R14,69.48333,156.9833,2005,RUS,Northeast Siberia,Northeast Siberia,Continuous,100/T/B25,Probing,0.27,16,0.05,loam,31,1132.9112548828125,4943.371,132.33865356445312,68.90602,47
93,"Konkovaya River, Kolyma",R15 A,69.38333,158.4667,2005,RUS,Northeast Siberia,Northeast Siberia,Continuous,100/T/B50,Probing,-0.34,17,0.36,loam,20,1133.801513671875,4947.9624,146.828125,71.37529,
94,"Konkovaya River, Kolyma",R15 B,69.38333,158.4667,2005,RUS,Northeast Siberia,Northeast Siberia,Continuous,100/T/B50,Probing,-0.19,17,0.45,loam,41,1133.801513671875,4947.9624,146.828125,71.37529,
95,"Segodnya Pingo, Kolyma",R16,69.08333,158.9,2005,RUS,Northeast Siberia,Northeast Siberia,Continuous,100,Probing,-0.47,19,0.24,peat,30,1260.462402,5008.027,166.00485229492188,66.20297,54
96,Akhmelo channel; Kolyma,R17,68.81667,161,2005,RUS,Northeast Siberia,Northeast Siberia,Continuous,100/T,Probing,0.61,23,0,loam,5,1402.0062255859375,5024.373,165.9927978515625,94.47586,54
97,Mt. Rodinka; Kolyma,R18,68.9255,161.5046,2005,RUS,Northeast Siberia,Northeast Siberia,Continuous,100/T,Probing,0.05,23,0.81,loam,152,1376.492676,4911.7246,175.6881866455078,104.01239,82
98,Mt. Rodinka; Kolyma (10 m grid),R18 A,68.7417,161.5042,2005,RUS,Northeast Siberia,Northeast Siberia,Continuous,10/T,Probing,1.03,19,0,loam,152,1387.185547,4896.623,163.86111450195312,101.39792,100
99,"Lake Glukhoe, Kolyma",R19,68.8,160.95,2005,RUS,Northeast Siberia,Northeast Siberia,Continuous,100,Probing,0.55,21,0.08,sand,15,1402.0062255859375,5024.373,165.9927978515625,94.47586,95
100,"Malchilovskaya Channel, Kolyma",R20,68.51667,161.4333,2005,RUS,Northeast Siberia,Northeast Siberia,Continuous,100,Probing,0.54,23,0,loam,10,1495.118652,5017.747,168.7960205078125,96.37741,53
101,"Lake Akhmelo, Kolyma",R21,68.83333,161.0333,2005,RUS,Northeast Siberia,Northeast Siberia,Continuous,100/T/B15,Probing,0.13,23,0.67,sand,10,1402.0062255859375,5024.373,165.9927978515625,94.47586,113
102,Alazeya River,R22,69.31667,154.9833,2005,RUS,Northeast Siberia,Northeast Siberia,Continuous,100/B23,Probing,0.2,19,0.16,loam,60,1184.831055,5006.959,149.5079345703125,64.409294,53
103,Jakutskoe Lake,R25,69.85,159.5,2005,RUS,Northeast Siberia,Northeast Siberia,Continuous,100,Probing,-0.02,20,0.89,loam,9,760.2900391,4742.245,136.1227569580078,86.13925,55
104,Allaiha (Indigirka basin),R31,70.55,147.4333,2005,RUS,Northeast Siberia,Northeast Siberia,Continuous,100,Probing,-0.02,16,0.96,loam,42,1058.7738037109375,5184.32,137.89459228515625,98.310135,42
105,Omolon,R35,68.73333,158.9,2005,RUS,Northeast Siberia,Northeast Siberia,Continuous,100,Probing,-0.02,17,0.93,loam,4,1347.4644775390625,4993.0137,182.57098388671875,75.29592,
106,Andryushkino,R36,69.16667,154.4333,2005,RUS,Northeast Siberia,Northeast Siberia,Continuous,100,Probing,0.4,19,0.01,loam,21,1216.7454833984375,5017.5146,151.89414978027344,63.528282,38
107,Mt. Rodinka (Control),R38 A,68.7,161.55,2005,RUS,Northeast Siberia,Northeast Siberia,Continuous,10/T,Probing,0.12,15,0.86,loam,75,1371.120849609375,4880.09,168.60545349121094,101.8589,148
108,Mt. Rodinka (Station),R38 C,68.74,161.3928,2005,RUS,Northeast Siberia,Northeast Siberia,Continuous,10/T,Probing,-1.03,21,0,loam,31,1396.551758,4917.539,163.78733825683594,100.77684,80
109,Cape Rogozhny; Chukotka,R9,64.78333,176.9667,2005,RUS,Chukotka,Northeast Siberia,Continuous,100/T,Probing,0.17,25,0.21,loam,17,1072.3148193359375,3543.9177,340.0939636230469,170.20306,57
110,"Mt. Dionisy, Chukotka",R11,64.56667,177.2,2005,RUS,Chukotka,Northeast Siberia,Continuous,100/T,Probing,0.12,24,0.42,loam,148,912.1542358398438,3287.305,311.7349853515625,208.40762,62
111,Lavrentia,R27,65.6,-171.05,2005,RUS,Chukotka,Northeast Siberia,Continuous,100,Probing,0.4,25,0.02,loam,100,886.0145263671875,3228.7634,333.6353759765625,325.69766,67
112,Lorino,R41,65.539667,-171.63023,2005,RUS,Chukotka,Northeast Siberia,Continuous,100,Probing,0.87,15,0,sand,45,924.5423583984375,3433.0881,296.41278076171875,288.82495,
113,Kruglaya (Anadyr),R45,64.63333,176.9667,2005,RUS,Chukotka,Northeast Siberia,Continuous,100,Probing,0.04,15,0.82,silt,2.5,1004.4883422851562,3404.539,304.3312988,209.54625,
114,Ploskii Tolbachik (Kamchatka) 2,R30 C,55.89092,160.5375,2005,RUS,Kamchatka,Mountains (Eurasia),Alpine,100,Probing,0.23,17,0.03,silt,1630,747.1460571289062,2850.1838,530.9170532226562,873.47943,
115,Baganuur Depression,M 1,47.68889,108.2625,2005,MNG,Hentei,Mountains (Eurasia),Alpine,T/B15,Borehole,4.42,22,0,sand,1350,2186.019043,2273.89,247.86648559570312,18.011442,365
116,Nalaikh – northern slope,M2 A,47.75444,107.25,2005,MNG,Hentei,Mountains (Eurasia),Alpine,T/T/B50,Borehole,1.7,23,0,loam,1512,2055.029297,2443.738,283.5362548828125,18.885008,360
117,Terkh – valley bottom,M6 A,48.08194,99.37333,2005,MNG,Hangai,Mountains (Eurasia),Alpine,T/B15,Borehole,1.22,22,0,sand,2050,1365.919189453125,3136.2607,315.4785461425781,81.441086,290
118,Chuluut – pingo top,M7 A,48.04111,100.39167,2005,MNG,Hangai,Mountains (Eurasia),Alpine,T/B15,Borehole,1.74,22,0,silt,1870,1516.3612060546875,2698.399,322.84564208984375,35.559555,160
119,Hatgal – lake terrace,M11,50.43861,100.15028,2005,MNG,Hovsgol,Mountains (Eurasia),Alpine,T/B6,Borehole,5.38,21,0,sand,1662,1497.2318115234375,2903.786,484.6389465332031,50.31961,530
120,Darhad Khuurch,M13 A,51.18722,99.4975,2005,MNG,Hovsgol,Mountains (Eurasia),Alpine,T/B100,Borehole,0.15,17,0.36,loam,1558,1535.3123779296875,3285.6147,319.5444030761719,86.53133,175
121,Prior Island,A32,-75.692829,162.880554,2005,ANT,SVL,Antarctica,Continuous,T/B1,Borehole,0.8,10,0.55,silt,30,0.513641357,8241.521,0,109.45244,
122,Finger Point,A33,-77.004683,162.623283,2005,ANT,SVL,Antarctica,Continuous,T/B1,Borehole,-0.3,10,0.66,silt,190,0.618865967,8903.134,0,61.186905,
123,Boulder Clay,A7,-74.745489,164.020308,2005,ANT,SVL,Antarctica,Continuous,T/B3.6,Borehole,0,22,0.99,silt,205,1.088378906,7946.8833,0,184.13203,29
124,Oasi,A8,-74.74167,164.1,2005,ANT,SVL,Antarctica,Continuous,T/B30,Borehole,-1.3,13,0.14,debris,52,1.088378906,7421.026,0,184.13203,
125,Apostrophe Island,A30,-73.51885,167.433567,2005,ANT,NVL,Antarctica,Continuous,T/B1,Borehole,0.1,10,0.978,silt,20,0.111358643,6878.3745,0,262.10944,
126,Edmonson Point,A31,-74.328494,165.131881,2005,ANT,NVL,Antarctica,Continuous,T/B1,Borehole,0.5,10,0.65,debris,30,0.025726318,8328.401,0,161.37761,
127,Deception Island (Crater Lake),A16,-62.9856507,-60.6787111,2005,ANT,AP,Antarctica,Discontinuous,100/P/B1.3,Probing,0.3,19,0.27,debris,85,98.30255126953125,907.50256,235.03753662109375,684.1877,
128,Deception Island (Irizar),A26,-62.9837,-60.7156671,2005,ANT,AP,Antarctica,Discontinuous,100/P/B1.2,Probing,4.4,19,0,debris,130,98.30255126953125,907.50256,235.03753662109375,684.1877,
129,Signy Island,A17,-60.7115,-45.5919,2005,ANT,AP,Antarctica,Discontinuous,T/B3.6,Borehole,7.2,12,0,debris,85,32.276153564453125,1708.7428,78.19716644,680.5255,
130,Signy Island- Bertsen,A17A,-60.7083,-45.5941,2005,ANT,AP,Antarctica,Discontinuous,T/B30,Borehole,-0.9,14,0.07,debris,21,32.276153564453125,1708.7428,78.19716644,680.5255,
131,King George-Bellingshausen,A18,-62.1983,-58.9842,2005,ANT,AP,Antarctica,Discontinuous,100/T,Probing,1.9,16,0.03,debris,15,109.34909057617188,1028.6262,175.10244750976562,572.1585,
132,Rothera,A19,-67.5719,-68.126,2005,ANT,AP,Antarctica,Discontinuous,T/B31,Probing,-2.2,15,0.42,debris,31,3.063232422,2835.6655,178.04299926757812,1185.6353,
133,Limnopolar Lake (Livingston Island),A25,-62.6498,-61.1047,2005,ANT,AP,Antarctica,Discontinuous,100/T,Probing,0.9,14,0.32,debris,80,98.27050781,893.75867,236.7164306640625,683.7879,
134,James Ross Island (JGM),A27,-63.8012464,-57.8834444,2005,ANT,AP,Antarctica,Continuous,70/T/G/B2.0,Probing,1.5,11,0.03,debris,10,30.199371337890625,3025.4644,52.06568527,635.69055,
135,James Ross Island (Berry Hill),A28,-63.80257189,-57.83848112,2005,ANT,AP,Antarctica,Continuous,50/T/B0.9,Probing,0.1,14,0.04,debris,60,32.1920166,3004.6792,91.53483581542969,609.7938,
136,Abernethy Flats,A34,-63.881389,-57.934722,2005,ANT,AP,Antarctica,Continuous,70/T/B,Borehole,0.1,13,0,debris,40,30.199371337890625,3025.4644,52.06568527,635.69055,
137,Balcón I (Mendoza),SA2A,-32.9619,-69.3719,2005,ARG,Central Andes,Mountains (South America),Alpine,T/B,Borehole,1.9,13,0.14,debris,3560,625.2603759765625,1673.1953,618.7981567382812,561.48236,
138,Balcón I Superior (Mendoza),SA2B,-32.955,-69.3706,2005,ARG,Central Andes,Mountains (South America),Alpine,T/B,Borehole,6.1,15,0,debris,3586,625.2603759765625,1673.1953,618.7981567382812,561.48236,
139,Balcón II (Mendoza),SA2C,-32.9597,-69.3803,2005,ARG,Central Andes,Mountains (South America),Alpine,T/B,Borehole,2,22,0,debris,3770,625.2603759765625,1673.1953,618.7981567382812,561.48236,310
0,Barrow,U1,71.31667,-156.6,2006,USA,North America,North America,Continuous,1000/T,Probing,0.34,25,0.012,loam,3,362.8219299316406,3828.948,124.36161041259766,157.15788,32
1,"Barrow, CRREL Plots",U2,71.31667,-156.5833,2006,USA,North America,North America,Continuous,10/T,Probing,0.27,25,0.017,loam,3,362.8219299316406,3828.948,124.36161041259766,157.15788,34
2,Atkasuk,U3,70.45,-157.4,2006,USA,North America,North America,Continuous,1000/T,Probing,0.4,25,0.009,sand,22,726.6931152,4266.9307,171.0828094482422,141.81262,47
3,West Dock 1 ha grid,U4,70.3745,-148.5522,2006,USA,North America,North America,Continuous,100/T/B56,Probing,0.34,24,0.001,loam,3,589.7523193359375,4063.518,145.2767333984375,110.635864,34
4,West Dock 1 km grid,U5,70.36667,-148.5667,2006,USA,North America,North America,Continuous,1000,Probing,0.25,24,0.039,loam,3,589.7523193359375,4063.518,145.2767333984375,110.635864,53
5,Deadhorse,U6,70.1613,-148.4653,2006,USA,North America,North America,Continuous,100/T/B60,Probing,0.47,24,0.001,Loam,17,695.9763184,4191.7017,158.79428100585938,115.719666,67
6,Betty Pingo 1 km grid,U7 A,70.28333,-148.8667,2006,USA,North America,North America,Continuous,1000/T,Probing,0.2,24,0.401,loam,12,666.6899414,4156.5493,146.3464355,111.82993,56
7,Betty Pingo MNT,U7 B,70.2835,-148.8928,2006,USA,North America,North America,Continuous,100,Probing,0.28,24,0.117,loam,12,666.6899414,4156.5493,146.3464355,111.82993,40
8,Betty Pingo WET,U7 C,70.275,-148.919,2006,USA,North America,North America,Continuous,100,Probing,0.14,24,0.06,silt,12,666.6899414,4156.5493,146.3464355,111.82993,43
9,Franklin Bluff,U8,69.6739,-148.7219,2006,USA,North America,North America,Continuous,100/T/B60,Probing,0.59,24,0.001,sand,88,907.3927612304688,4418.649,181.27980041503906,122.96206,65
10,Happy Valley,U9 A,69.1466,-148.8483,2006,USA,North America,North America,Continuous,100/T/B40,Probing,0.49,20,0.001,loam,305,948.4321899414062,4447.5986,284.33782958984375,152.08548,39
11,Happy Valley 1 km grid,U9 B,69.1482,-148.8505,2006,USA,North America,North America,Continuous,1000/T,Probing,-0.01,25,0.92,silt,305,946.0665893554688,4442.463,287.30035400390625,150.72583,47
12,Lupine Hill,U10,69.12883,-148.5928,2006,USA,North America,North America,Continuous,100,Probing,0.29,24,0.003,silt,537,950.9400634765625,4352.394,282.0037536621094,154.49411,46
13,Imnavait Creek  1 km grid,U11 A,68.6114,-149.3101,2006,USA,North America,North America,Continuous,1000/T,Probing,0.37,25,0.029,loam,910,752.8016357421875,4410.6665,349.0338134765625,176.35455,48
14,Imnavait Creek WET,U11 B,68.611,-149.3145,2006,USA,North America,North America,Continuous,100,Probing,0.48,25,0.005,silt,917,752.8016357421875,4410.6665,349.0338134765625,176.35455,49
15,Imnavait Creek MAT,U11 C,68.611,-149.30933,2006,USA,North America,North America,Continuous,100,Probing,0.35,25,0.034,silt,938,752.8016357421875,4410.6665,349.0338134765625,176.35455,38
16,Toolik 1 km grid,U12 A,68.6215,-149.6063,2006,USA,North America,North America,Continuous,1000/T,Probing,0.28,25,0.073,silt,750,787.8635254,4355.1377,348.8948669433594,176.3974,48
17,Toolik MAT,U12 B,68.624,-149.61817,2006,USA,North America,North America,Continuous,100,Probing,0.29,25,0.049,silt,777,787.8635254,4355.1377,348.8948669433594,176.3974,41
18,Galbraith Lake,U14,68.4774,-149.5024,2006,USA,North America,North America,Continuous,100/T/B75,Probing,0.38,21,0.02,silt,823,697.5289306640625,4365.8345,372.16839599609375,178.70972,48
19,Chandalar Shelf,U15,68.0691,-149.5804,2006,USA,North America,North America,Continuous,30/T/B61,Probing,0.45,24,0,silt,976,563.3314208984375,4336.248,313.5116882324219,179.13449,35
20,Ivotuk  1 km grid,U26,68.48333,-155.7333,2006,USA,North America,North America,Continuous,1000,Probing,-0.15,20,0.31,peat,570,781.5738525390625,4301.042,279.5152893066406,178.73798,54
21,56 Mile,U56,69.5006,-148.5592,2006,USA,North America,North America,Continuous,100,Probing,0.07,25,0.55,loam,349,951.8622436523438,4437.297,220.36534118652344,133.49936,65
22,Sagwon Hills MNT,U32 A,69.441,-148.67033,2006,USA,North America,North America,Continuous,100,Probing,0.17,25,0.13,silt,269,945.5143432617188,4481.7007,239.6039581298828,140.16353,60
23,Sagwon Hills MAT,U32 B,69.401,-148.8056,2006,USA,North America,North America,Continuous,100,Probing,0.17,25,0.2,silt,360,943.0905151367188,4474.8257,238.30116271972656,139.38696,40
24,Drew Point,U20,70.8645,-153.91,2006,USA,North America,North America,Continuous,T/B640,Borehole,0.57,20,0,silt,5,455.69866943359375,3993.1685,136.36199951171875,137.25836,40
25,Inigok,U21,69.98962,-153.09,2006,USA,North America,North America,Continuous,T/B625,Borehole,0.09,25,0.87,silt,53,840.4067383,4331.497,146.7471160888672,123.98274,43
26,Fish Creek,U22,70.33523,-152.05,2006,USA,North America,North America,Continuous,T/B735,Borehole,0.23,20,0.09,silt,31,742.0668945,4234.1445,144.4882354736328,119.00278,29
27,Umiat,U24,69.3957,-152.14,2006,USA,North America,North America,Continuous,T/B640,Borehole,0.07,21,0.62,silt,201,933.9244995117188,4458.7915,187.09449768066406,133.75192,40
28,Tunalik,U25,70.1959,-161.08,2006,USA,North America,North America,Continuous,T/B393,Borehole,0.3,25,0.14,silt,26,605.6837768554688,3981.8525,223.20481872558594,183.80872,54
29,Niguanak,U29,69.8894,-142.98,2006,USA,North America,North America,Continuous,T/B/30?,Borehole,0.57,22,0.1,silt,84,644.4525146484375,3932.053,155.16867065429688,119.62863,57
30,Koluktak,U30,69.7516,-154.62,2006,USA,North America,North America,Continuous,T/B/,Borehole,0.14,21,0.08,silt,60,888.4592285,4390.065,178.9764862060547,137.87854,120
31,Piksiksak,U37,70.0366,-157.08,2006,USA,North America,North America,Continuous,T/B/,Borehole,-0.31,21,0.21,silt,33,808.7171630859375,4320.834,215.91534423828125,146.11026,50
32,East Teshekpuk,U38,70.5685,-152.97,2006,USA,North America,North America,Continuous,T/B/,Borehole,-0.26,21,0.14,silt,7,590.0108642578125,4109.78,136.920166,124.02992,32
33,North Head (thaw tube),C3 A,69.71972,-134.4619,2006,Canada,North America,North America,Continuous,TT,Thaw Tube,-0.01,13,0.9,silt,2,888.3066406,3827.026,114.07431030273438,118.53569,
34,Lousy Point (Thaw tube),C5 A,69.21889,-134.2911,2006,Canada,North America,North America,Continuous,TT/T/B30,Thaw Tube,0.57,23,0,sand,30,1237.632813,3817.5964,149.2119903564453,102.902306,77
35,Old Man,U16,66.45,-150.6167,2006,USA,North America,North America,Discontinuous,100/T/B63,Probing,0.24,22,0.12,silt,390,1399.468994140625,3487.011,340.1760254,146.10101,42
36,Wickersham,U17,65.1667,-147.9,2006,USA,North America,North America,Discontinuous,TT/P,Probing,0.47,25,0,loam,335,1681.62207,3171.6375,354.98040771484375,109.39731,52
37,Pearl Creek,U19,64.9,-147.8167,2006,USA,North America,North America,Discontinuous,TT/P,Probing,5.82,25,0,silt,213,1986.611816,2837.634,327.6223449707031,70.94557,67
38,Farmers Loop,U41,64.88,-147.67,2006,USA,North America,North America,Discontinuous,100,Probing,0.63,20,0,silt,151,1970.397461,2807.4688,326.6123352050781,70.18625,54
39,Eagle,U51,64.7777,-141.10954,2006,USA,North America,North America,Discontinuous,50/P/T,Probing,0.04,11,0.98,peat,280,1746.780029296875,3331.1904,325.68719482421875,106.259705,
40,Nenana,U57,64.55446,-149.08339,2006,USA,North America,North America,Discontinuous,50/P/T,Probing,2.57,10,0,loam,111,2096.614258,2834.8418,274.7758789,63.32728,
41,Council Grid,U27,64.8442,-163.7202,2006,USA,North America,North America,Discontinuous,1000,Probing,0.82,21,0,loam,61,1118.184326171875,2901.9988,380.23126220703125,237.7256,
42,Kougarok,U28,65.454,-164.6268,2006,USA,North America,North America,Discontinuous,1000,Probing,0.4,21,0.04,loam,250,997.5809326171875,3297.4373,216.1809844970703,200.42987,
43,Reindeer Depot  (Thaw tube),C7 A,68.68472,-134.1458,2006,Canada,North America,North America,Discontinuous,TT,Thaw Tube,1.21,21,0,silt,34,1360.650634765625,3891.629,195.4657440185547,98.84302,134
44,Rengleng River  (Thaw tube),C8 A,67.795,-134.1261,2006,Canada,North America,North America,Discontinuous,TT,Thaw Tube,0.24,14,0.19,sand,11,1636.7523193359375,3938.0544,201.44329833984375,105.67404,115
45,"Janssonhaugen, Svalbard",N1,78.1793,16.467,2006,NOR,Norway/Svalbard,Mountains (Europe),Alpine,T/B102,Borehole,1.31,25,0,debris,270,183.57998657226562,2711.6707,72.01933288574219,548.22034,182
46,"Junvvasshoe, Norway",N2,61.6775823,8.3693057,2006,NOR,Norway/Svalbard,Mountains (Europe),Alpine,T/B129,Borehole,1.08,24,0.01,debris,1894,990.3441772460938,1807.9607,389.4363708496094,649.2266,242
47,"Snoheim DB2, Norway",N5,62.2958,9.352,2006,NOR,Norway/Svalbard,Mountains (Europe),Alpine,T/B9,Borehole,8.45,17,0,debris,1481,1072.4063720703125,1768.0359,408.62005615234375,425.0709,494
48,Lapires,CH3,46.106117,7.284349,2006,SWI,Switzerland,Mountains (Europe),Alpine,T/B19,Borehole,12.2,22,0,debris,2656,1680.0333251953125,1044.1764,931.4058227539062,507.37955,
49,Corvatsch,CH1,46.42879,9.821836,2006,SWI,Switzerland,Mountains (Europe),Alpine,T/B62,Borehole,15.49,23,0,debris,2670,905.2522583007812,1591.0339,766.9889526367188,488.2949,350
50,Stockhorn,CH4,45.986786,7.824201,2006,SWI,Switzerland,Mountains (Europe),Alpine,T/B100,Borehole,9.08,22,0,debris,3327,601.7509766,1979.5145,870.5770874023438,692.38574,319
51,Les Attelas,CH5,46.096772,7.273075,2006,SWI,Switzerland,Mountains (Europe),Alpine,T/B26,Borehole,7.08,16,0,debris,2507,1680.0333251953125,1044.1764,931.4058227539062,507.37955,
52,Gentianes,CH7,46.083705,7.302472,2006,SWI,Switzerland,Mountains (Europe),Alpine,T/B20,Borehole,27.76,18,0,debris,2896,1680.0333251953125,1044.1764,931.4058227539062,507.37955,138
53,Schilthorn,CH2,46.558282,7.834426,2006,SWI,Switzerland,Mountains (Europe),Alpine,T/B101,Borehole,36.21,25,0,debris,2900,1897.495361328125,873.329,1363.7093505859375,480.05597,480
54,Fluela,CH8,46.748868,9.943555,2006,SWI,Switzerland,Mountains (Europe),Alpine,T/B23,Borehole,-0.47,19,0.01,debris,2413,1174.193603515625,1487.6101,753.7935180664062,484.4583,295
55,Muot da Barba Peider,CH9,46.496573,9.93141,2006,SWI,Switzerland,Mountains (Europe),Alpine,T/B18,Borehole,10.59,19,0.01,debris,2941,991.3504638671875,1660.6753,718.0555419921875,466.96445,198
56,Matterhorn,CH10,45.982321,7.676049,2006,SWI,Switzerland,Mountains (Europe),Alpine,T/B53,Borehole,9.57,15,0,debris,3204,666.8887939453125,1912.2129,762.6949462890625,676.3851,319
57,Schafberg,CH11,46.498797,9.925215,2006,SWI,Switzerland,Mountains (Europe),Alpine,T/B60,Borehole,0.89,22,0,debris,2731,991.3504638671875,1660.6753,718.0555419921875,466.96445,488
58,Ritigraben,CH12,46.174694,7.849835,2006,SWI,Switzerland,Mountains (Europe),Alpine,T/B30,Borehole,3.11,22,0.01,debris,2640,1350.596923828125,1261.5781,668.9958496,562.63306,381
59,Cime Bianche,IT2,45.920046,7.693595,2006,IT,Switzerland,Mountains (Europe),Alpine,T/B41,Borehole,20.21813725,17,0,debris,3100,1256.3482666015625,1273.5623,935.1296387,515.05457,
60,Stelvio,IT3,45.5187,10.4569,2006,IT,Switzerland,Mountains (Europe),Alpine,T/B100,Borehole,9.69,24,0,debris,2612,4854.314453,5.0386047,739.0427856445312,42.36261,285
61,Aiguille du Midi SE,FRA1a,45.878173,6.887653,2006,FRA,Switzerland,Mountains (Europe),Alpine,T/B10,Borehole,17.61356297,12,0,debris,3753,1147.2420654296875,1326.3782,896.6121215820312,751.39856,
62,Aiguille du Midi NW,FRA1b,45.878679,6.887216,2006,FRA,Switzerland,Mountains (Europe),Alpine,T/B10,Borehole,7.678571429,15,0,debris,3745,1147.2420654296875,1326.3782,896.6121215820312,751.39856,
63,Aiguille du Midi NE,FRA1c,45.878585,6.888098,2006,FRA,Switzerland,Mountains (Europe),Alpine,TB/10,Borehole,13.51785714,14,0,debris,3738,1147.2420654296875,1326.3782,896.6121215820312,751.39856,
64,Bolvansky,R24,68.3,54.5,2006,RUS,Russian European North,Russian Northwest,Continuous,100,Probing,0.09,23,0.82,loam,28,1034.2222900390625,2686.4438,308.65655517578125,259.79907,114
65,Kashin Island,R24 A,68.23333,53.85,2006,RUS,Russian European North,Russian Northwest,Continuous,100,Probing,3.85,15,0,sand,9,1091.7645263671875,2623.7974,262.91314697265625,252.1951,
66,Zackenberg; ZEROCALM 1,G1,74.473,-20.5528,2006,DEN,Denmark (Greenland),Nordic Arctic,Continuous,100/T,Probing,0.64,25,0,loam,36,159.95205688476562,4018.6167,41.32044982910156,401.19424,76
67,Zackenberg; ZEROCALM 2,G2,74.466,-20.5643,2006,DEN,Denmark (Greenland),Nordic Arctic,Continuous,150/T,Probing,0.5,25,0.02,loam,16,159.95205688476562,4018.6167,41.32044982910156,401.19424,68
68,UNISCALM,N3,78.200956,15.836412,2006,NOR,Norway/Svalbard,Nordic Arctic,Continuous,100/T,Probing,0.52,25,0.01,sand,10,241.3061523,2542.3916,124.81489562988281,455.44687,100
69,"Ayach-Yakha, Vorkuta",R2,67.58333,64.18333,2006,RUS,Russian European North,Russian Northwest,Discontinuous,100/T,Probing,0.69,25,0,loam,148,1023.0411376953125,3776.7126,410.786377,321.7472,84
70,Talnik,R23,67.33333,63.73333,2006,RUS,Russian European North,Russian Northwest,Discontinuous,100,Probing,2.52,22,0,loam,120,1103.8524169921875,3721.2258,381.5236511230469,331.32574,137
71,Seida,R52,67.06556,62.92508,2006,RUS,Russian European North,Russian Northwest,Discontinuous,100,Probing,1.21,13,0,peat,100,1160.078125,3639.7607,378.8039855957031,331.562,
72,"Abisko area, Sweden",S2,68.33333,18.83333,2006,SWE,Sweden/Svalbard,Nordic Arctic,Discontinuous,100/T,Probing,1.25,24,0,peat,900,1012.1878051757812,1796.7074,476.8909606933594,521.76324,72
73,Nadym; West Siberia,R1,65.314861,72.864194,2006,RUS,West Siberia,West Siberia,Discontinuous,100/T/B10,Probing,3.38,25,0,sand,28,1392.4049072265625,3966.454,319.4512634277344,253.79639,129
74,Nadym WET; West Siberia,R1b,65.23375,72.518417,2006,RUS,West Siberia,West Siberia,Discontinuous,100,Probing,6.18,12,0,sand,7,1398.755859,3923.5361,325.4294434,256.1488,
75,"Marre Sale, Yamal Peninsula",R3,69.71667,66.75,2006,RUS,West Siberia,West Siberia,Continuous,1000/T/B10,Probing,0.7,23,0.09,sand,18,511.0397644042969,3396.2295,288.9174499511719,213.48071,116
76,"Vaskiny Dachy, Yamal Peninsula",R5,70.28333,68.9,2006,RUS,West Siberia,West Siberia,Continuous,100/T/B10,Probing,0.43,24,0.05,silt,29,781.5349731445312,3936.3818,234.37185668945312,169.46118,94
77,"Vaskiny Dachy, Yamal Peninsula",R5a,70.28333,68.9,2006,RUS,West Siberia,West Siberia,Continuous,50,Probing,0.5,18,0.2,loam,45,781.5349731445312,3936.3818,234.37185668945312,169.46118,
78,"Vaskiny Dachi, Yamal Peninsula",R5b,70.2755,68.89164,2006,RUS,West Siberia,West Siberia,Continuous,50,Probing,0.74,18,0.04,silt,35,781.5349731445312,3936.3818,234.37185668945312,169.46118,
79,"Vaskiny Dachi, Yamal Peninsula",R5c,70.2955,68.88347,2006,RUS,West Siberia,West Siberia,Continuous,50,Probing,1.12,18,0.06,sand,25,781.5349731445312,3936.3818,234.37185668945312,169.46118,
80,Urengoy Gas Field GP5,R50a,66.31325,76.903478,2006,RUS,West Siberia,West Siberia,Discontinuous,100/T/B10,Probing,3.68,17,0,sand,59,1323.15625,4332.4424,232.16795349121094,209.8359,
81,Urengoy Gas Field GP15,R50b,67.47791,76.69529,2006,RUS,West Siberia,West Siberia,Discontinuous,100/T/B10,Probing,2.67,16,0,sand,32,1196.022705078125,4390.671,253.71023559570312,225.582,
82,Bely Island (silt),R55,73.32694,70.08528,2006,RUS,West Siberia,West Siberia,Continuous,50,Probing,0.36,15,0.04,silt,4.2,420.35345458984375,3572.9998,220.3302459716797,196.01398,
83,Bely Island (sand),R55a,73.32861,70.08833,2006,RUS,West Siberia,West Siberia,Continuous,25,Probing,2.08,15,0,sand,3.4,420.35345458984375,3572.9998,220.3302459716797,196.01398,
84,Bykovsky (Lena delta) (alas),R29 B,71.7855,71.41917,2006,RUS,Central Siberia,Central Siberia,Continuous,100,Probing,0.05,20,0.65,loam,5,636.4246826171875,3972.1616,197.2747802734375,168.96155,32
85,Talnah (Norilsk Region),R32,69.43333,88.46667,2006,RUS,Central Siberia,Central Siberia,Continuous,100,Probing,1.02,20,0.01,loam,67,1050.364746,4666.732,316.10272216796875,419.28485,91
86,Igarka,R40,67.48135,86.4347,2006,RUS,Central Siberia,Central Siberia,Discontinuous,100,Probing,2.97,16,0,loam,40,1301.040039,4521.836,287.3055725097656,343.21857,
87,Tuymada (Yakutsk region),R42,62.0133,129.65683,2006,RUS,Central Siberia,Central Siberia,Continuous,50/TT,Thaw Tube,0.5,17,0,sand,101,2080.496337890625,5027.008,307.607666,77.038506,
88,Neleger (Yakutsk region),R43,62.31618,129.49952,2006,RUS,Central Siberia,Central Siberia,Continuous,50/TT,Thaw Tube,0.06,17,0.77,loam,210,1949.543212890625,5118.139,316.1678161621094,75.30786,
89,Samoylov,R51,72.369775,126.48063,2006,RUS,Central Siberia,Central Siberia,Continuous,150,Probing,0.42,22,0.02,sand,14,735.0784301757812,5470.59,174.66737365722656,121.21088,46
90,"Cape Chukochii; edoma, Kolyma",R13 A,70.08333,159.5833,2006,RUS,Northeast Siberia,Northeast Siberia,Continuous,100/T/B30,Probing,-0.04,22,0.84,loam,32,469.41363525390625,4729.9575,151.9603729248047,132.54301,42
91,"Cape Chukochi, alas, Kolyma",R13 B,70.08333,159.9167,2006,RUS,Northeast Siberia,Northeast Siberia,Continuous,100,Probing,-0.02,22,0.95,loam,32,390.7624206542969,4626.866,151.72366333007812,139.32536,32
92,"Chukochya River, Kolyma",R14,69.48333,156.9833,2006,RUS,Northeast Siberia,Northeast Siberia,Continuous,100/T/B25,Probing,0.27,16,0.05,loam,31,833.8382568359375,5068.5586,178.12136840820312,142.69238,44
93,"Konkovaya River, Kolyma",R15 A,69.38333,158.4667,2006,RUS,Northeast Siberia,Northeast Siberia,Continuous,100/T/B50,Probing,-0.34,17,0.36,loam,20,817.2811889648438,4977.3706,191.11566162109375,135.40558,30
94,"Konkovaya River, Kolyma",R15 B,69.38333,158.4667,2006,RUS,Northeast Siberia,Northeast Siberia,Continuous,100/T/B50,Probing,-0.19,17,0.45,loam,41,817.2811889648438,4977.3706,191.11566162109375,135.40558,44
95,"Segodnya Pingo, Kolyma",R16,69.08333,158.9,2006,RUS,Northeast Siberia,Northeast Siberia,Continuous,100,Probing,-0.47,19,0.24,peat,30,948.0612793,5005.291,204.93753051757812,137.58035,42
96,Akhmelo channel; Kolyma,R17,68.81667,161,2006,RUS,Northeast Siberia,Northeast Siberia,Continuous,100/T,Probing,0.61,23,0,loam,5,1103.2906494140625,4907.437,256.33575439453125,120.977356,53
97,Mt. Rodinka; Kolyma,R18,68.9255,161.5046,2006,RUS,Northeast Siberia,Northeast Siberia,Continuous,100/T,Probing,0.05,23,0.81,loam,152,1078.607666015625,4813.716,274.5450744628906,125.83185,83
98,Mt. Rodinka; Kolyma (10 m grid),R18 A,68.7417,161.5042,2006,RUS,Northeast Siberia,Northeast Siberia,Continuous,10/T,Probing,1.03,19,0,loam,152,1131.458251953125,4781.252,256.68133544921875,124.76315,96
99,"Lake Glukhoe, Kolyma",R19,68.8,160.95,2006,RUS,Northeast Siberia,Northeast Siberia,Continuous,100,Probing,0.55,21,0.08,sand,15,1103.2906494140625,4907.437,256.33575439453125,120.977356,93
100,"Malchilovskaya Channel, Kolyma",R20,68.51667,161.4333,2006,RUS,Northeast Siberia,Northeast Siberia,Continuous,100,Probing,0.54,23,0,loam,10,1231.256836,4914.292,254.36940002441406,117.25665,54
101,"Lake Akhmelo, Kolyma",R21,68.83333,161.0333,2006,RUS,Northeast Siberia,Northeast Siberia,Continuous,100/T/B15,Probing,0.13,23,0.67,sand,10,1103.2906494140625,4907.437,256.33575439453125,120.977356,101
102,Alazeya River,R22,69.31667,154.9833,2006,RUS,Northeast Siberia,Northeast Siberia,Continuous,100/B23,Probing,0.2,19,0.16,loam,60,914.0056762695312,5231.47,210.3232422,148.97415,
103,Jakutskoe Lake,R25,69.85,159.5,2006,RUS,Northeast Siberia,Northeast Siberia,Continuous,100,Probing,-0.02,20,0.89,loam,9,520.7357788085938,4695.7446,183.5004883,141.31723,45
104,Allaiha (Indigirka basin),R31,70.55,147.4333,2006,RUS,Northeast Siberia,Northeast Siberia,Continuous,100,Probing,-0.02,16,0.96,loam,42,835.5526123046875,5363.787,205.7752685546875,153.55638,44
105,Omolon,R35,68.73333,158.9,2006,RUS,Northeast Siberia,Northeast Siberia,Continuous,100,Probing,-0.02,17,0.93,loam,4,1075.3739013671875,4972.2725,230.58848571777344,127.55443,
106,Andryushkino,R36,69.16667,154.4333,2006,RUS,Northeast Siberia,Northeast Siberia,Continuous,100,Probing,0.4,19,0.01,loam,21,951.3640747070312,5255.917,212.85142517089844,152.05212,37
107,Mt. Rodinka (Control),R38 A,68.7,161.55,2006,RUS,Northeast Siberia,Northeast Siberia,Continuous,10/T,Probing,0.12,15,0.86,loam,75,1121.587402,4773.324,260.73590087890625,124.10848,137
108,Mt. Rodinka (Station),R38 C,68.74,161.3928,2006,RUS,Northeast Siberia,Northeast Siberia,Continuous,10/T,Probing,-1.03,21,0,loam,31,1137.526855,4800.766,256.0008850097656,124.37463,81
109,Cape Rogozhny; Chukotka,R9,64.78333,176.9667,2006,RUS,Chukotka,Northeast Siberia,Continuous,100/T,Probing,0.17,25,0.21,loam,17,1089.8389892578125,3527.906,210.78672790527344,298.03973,53
110,"Mt. Dionisy, Chukotka",R11,64.56667,177.2,2006,RUS,Chukotka,Northeast Siberia,Continuous,100/T,Probing,0.12,24,0.42,loam,148,959.7471313476562,3304.0156,210.2972412109375,330.0232,
111,Lavrentia,R27,65.6,-171.05,2006,RUS,Chukotka,Northeast Siberia,Continuous,100,Probing,0.4,25,0.02,loam,100,731.2531127929688,3255.0034,174.9797363,425.4346,59
112,Lorino,R41,65.539667,-171.63023,2006,RUS,Chukotka,Northeast Siberia,Continuous,100,Probing,0.87,15,0,sand,45,752.1960449,3405.1233,165.9409942626953,399.28235,
113,Kruglaya (Anadyr),R45,64.63333,176.9667,2006,RUS,Chukotka,Northeast Siberia,Continuous,100,Probing,0.04,15,0.82,silt,2.5,1054.5169677734375,3417.4124,210.6605224609375,332.649,
114,Ploskii Tolbachik (Kamchatka) 2,R30 C,55.89092,160.5375,2006,RUS,Kamchatka,Mountains (Eurasia),Alpine,100,Probing,0.23,17,0.03,silt,1630,973.9527587890625,3115.664,329.39044189453125,606.2218,44
115,Baganuur Depression,M 1,47.68889,108.2625,2006,MNG,Hentei,Mountains (Eurasia),Alpine,T/B15,Borehole,4.42,22,0,sand,1350,2139.160645,2018.8829,214.11843872070312,36.10345,380
116,Nalaikh – northern slope,M2 A,47.75444,107.25,2006,MNG,Hentei,Mountains (Eurasia),Alpine,T/T/B50,Borehole,1.7,23,0,loam,1512,1977.837891,2027.8922,261.78643798828125,38.43037,360
117,Terkh – valley bottom,M6 A,48.08194,99.37333,2006,MNG,Hangai,Mountains (Eurasia),Alpine,T/B15,Borehole,1.22,22,0,sand,2050,1315.624267578125,2732.976,294.45904541015625,86.18929,295
118,Chuluut – pingo top,M7 A,48.04111,100.39167,2006,MNG,Hangai,Mountains (Eurasia),Alpine,T/B15,Borehole,1.74,22,0,silt,1870,1425.097412109375,2187.1934,320.0108642578125,65.997795,160
119,Hatgal – lake terrace,M11,50.43861,100.15028,2006,MNG,Hovsgol,Mountains (Eurasia),Alpine,T/B6,Borehole,5.38,21,0,sand,1662,1359.4764404296875,2444.3228,438.4316101074219,83.27868,530
120,Darhad Khuurch,M13 A,51.18722,99.4975,2006,MNG,Hovsgol,Mountains (Eurasia),Alpine,T/B100,Borehole,0.15,17,0.36,loam,1558,1430.224853515625,2897.1538,320.3498229980469,94.696,175
121,Prior Island,A32,-75.692829,162.880554,2006,ANT,SVL,Antarctica,Continuous,T/B1,Borehole,0.8,10,0.55,silt,30,0,7491.8315,0,122.20477,
122,Finger Point,A33,-77.004683,162.623283,2006,ANT,SVL,Antarctica,Continuous,T/B1,Borehole,-0.3,10,0.66,silt,190,0,8694.41,0,72.22795,
123,Boulder Clay,A7,-74.745489,164.020308,2006,ANT,SVL,Antarctica,Continuous,T/B3.6,Borehole,0,22,0.99,silt,205,0,7959.2676,0,130.18721,29
124,Oasi,A8,-74.74167,164.1,2006,ANT,SVL,Antarctica,Continuous,T/B30,Borehole,-1.3,13,0.14,debris,52,0,7334.8047,0,130.18721,
125,Apostrophe Island,A30,-73.51885,167.433567,2006,ANT,NVL,Antarctica,Continuous,T/B1,Borehole,0.1,10,0.978,silt,20,0.160552979,6928.0176,0,243.53185,
126,Edmonson Point,A31,-74.328494,165.131881,2006,ANT,NVL,Antarctica,Continuous,T/B1,Borehole,0.5,10,0.65,debris,30,0.3331604,8171.5327,0,137.11794,
127,Deception Island (Crater Lake),A16,-62.9856507,-60.6787111,2006,ANT,AP,Antarctica,Discontinuous,100/P/B1.3,Probing,0.3,19,0.27,debris,85,205.70843505859375,803.0321,370.2666016,654.2528,35
128,Deception Island (Irizar),A26,-62.9837,-60.7156671,2006,ANT,AP,Antarctica,Discontinuous,100/P/B1.2,Probing,4.4,19,0,debris,130,205.70843505859375,803.0321,370.2666016,654.2528,
129,Signy Island,A17,-60.7115,-45.5919,2006,ANT,AP,Antarctica,Discontinuous,T/B3.6,Borehole,7.2,12,0,debris,85,54.21722412109375,1562.2158,88.09082031,729.5203,148
130,Signy Island- Bertsen,A17A,-60.7083,-45.5941,2006,ANT,AP,Antarctica,Discontinuous,T/B30,Borehole,-0.9,14,0.07,debris,21,54.21722412109375,1562.2158,88.09082031,729.5203,
131,King George-Bellingshausen,A18,-62.1983,-58.9842,2006,ANT,AP,Antarctica,Discontinuous,100/T,Probing,1.9,16,0.03,debris,15,202.49618530273438,891.9864,318.24346923828125,547.66364,
132,Rothera,A19,-67.5719,-68.126,2006,ANT,AP,Antarctica,Discontinuous,T/B31,Probing,-2.2,15,0.42,debris,31,9.108581543,2698.783,121.3291016,1435.7211,
133,Limnopolar Lake (Livingston Island),A25,-62.6498,-61.1047,2006,ANT,AP,Antarctica,Discontinuous,100/T,Probing,0.9,14,0.32,debris,80,200.87164306640625,790.3086,371.161377,655.147,
134,James Ross Island (JGM),A27,-63.8012464,-57.8834444,2006,ANT,AP,Antarctica,Continuous,70/T/G/B2.0,Probing,1.5,11,0.03,debris,10,55.52282715,2597.3777,24.834449768066406,763.6585,
135,James Ross Island (Berry Hill),A28,-63.80257189,-57.83848112,2006,ANT,AP,Antarctica,Continuous,50/T/B0.9,Probing,0.1,14,0.04,debris,60,57.083526611328125,2577.9316,24.415935516357422,734.67834,
136,Abernethy Flats,A34,-63.881389,-57.934722,2006,ANT,AP,Antarctica,Continuous,70/T/B,Borehole,0.1,13,0,debris,40,55.52282715,2597.3777,24.834449768066406,763.6585,
137,Balcón I (Mendoza),SA2A,-32.9619,-69.3719,2006,ARG,Central Andes,Mountains (South America),Alpine,T/B,Borehole,1.9,13,0.14,debris,3560,782.1511840820312,1145.5857,540.7931518554688,427.27698,
138,Balcón I Superior (Mendoza),SA2B,-32.955,-69.3706,2006,ARG,Central Andes,Mountains (South America),Alpine,T/B,Borehole,6.1,15,0,debris,3586,782.1511840820312,1145.5857,540.7931518554688,427.27698,
139,Balcón II (Mendoza),SA2C,-32.9597,-69.3803,2006,ARG,Central Andes,Mountains (South America),Alpine,T/B,Borehole,2,22,0,debris,3770,782.1511840820312,1145.5857,540.7931518554688,427.27698,305
0,Barrow,U1,71.31667,-156.6,2007,USA,North America,North America,Continuous,1000/T,Probing,0.34,25,0.012,loam,3,527.027832,3580.2046,37.491416931152344,137.40259,32
1,"Barrow, CRREL Plots",U2,71.31667,-156.5833,2007,USA,North America,North America,Continuous,10/T,Probing,0.27,25,0.017,loam,3,527.027832,3580.2046,37.491416931152344,137.40259,35
2,Atkasuk,U3,70.45,-157.4,2007,USA,North America,North America,Continuous,1000/T,Probing,0.4,25,0.009,sand,22,1070.487060546875,4063.4648,44.95341491699219,107.50221,46
3,West Dock 1 ha grid,U4,70.3745,-148.5522,2007,USA,North America,North America,Continuous,100/T/B56,Probing,0.34,24,0.001,loam,3,565.1569824,3874.8657,18.239965438842773,102.804146,27
4,West Dock 1 km grid,U5,70.36667,-148.5667,2007,USA,North America,North America,Continuous,1000,Probing,0.25,24,0.039,loam,3,565.1569824,3874.8657,18.239965438842773,102.804146,44
5,Deadhorse,U6,70.1613,-148.4653,2007,USA,North America,North America,Continuous,100/T/B60,Probing,0.47,24,0.001,Loam,17,692.3525391,4043.733,19.331623077392578,98.45576,58
6,Betty Pingo 1 km grid,U7 A,70.28333,-148.8667,2007,USA,North America,North America,Continuous,1000/T,Probing,0.2,24,0.401,loam,12,651.9039306640625,3999.564,17.96851158,98.75925,46
7,Betty Pingo MNT,U7 B,70.2835,-148.8928,2007,USA,North America,North America,Continuous,100,Probing,0.28,24,0.117,loam,12,651.9039306640625,3999.564,17.96851158,98.75925,32
8,Betty Pingo WET,U7 C,70.275,-148.919,2007,USA,North America,North America,Continuous,100,Probing,0.14,24,0.06,silt,12,651.9039306640625,3999.564,17.96851158,98.75925,34
9,Franklin Bluff,U8,69.6739,-148.7219,2007,USA,North America,North America,Continuous,100/T/B60,Probing,0.59,24,0.001,sand,88,1039.767822265625,4455.7363,23.288307189941406,89.75057,57
10,Happy Valley,U9 A,69.1466,-148.8483,2007,USA,North America,North America,Continuous,100/T/B40,Probing,0.49,20,0.001,loam,305,1292.461669921875,4521.0864,46.73936080932617,96.27359,33
11,Happy Valley 1 km grid,U9 B,69.1482,-148.8505,2007,USA,North America,North America,Continuous,1000/T,Probing,-0.01,25,0.92,silt,305,1288.277587890625,4514.5107,47.390663146972656,95.18428,40
12,Lupine Hill,U10,69.12883,-148.5928,2007,USA,North America,North America,Continuous,100,Probing,0.29,24,0.003,silt,537,1292.111572265625,4430.2812,45.8200798,97.95102,36
13,Imnavait Creek  1 km grid,U11 A,68.6114,-149.3101,2007,USA,North America,North America,Continuous,1000/T,Probing,0.37,25,0.029,loam,910,1138.329102,4359.657,202.86184692382812,114.84457,47
14,Imnavait Creek WET,U11 B,68.611,-149.3145,2007,USA,North America,North America,Continuous,100,Probing,0.48,25,0.005,silt,917,1138.329102,4359.657,202.86184692382812,114.84457,45
15,Imnavait Creek MAT,U11 C,68.611,-149.30933,2007,USA,North America,North America,Continuous,100,Probing,0.35,25,0.034,silt,938,1138.329102,4359.657,202.86184692382812,114.84457,41
16,Toolik 1 km grid,U12 A,68.6215,-149.6063,2007,USA,North America,North America,Continuous,1000/T,Probing,0.28,25,0.073,silt,750,1175.7249755859375,4322.983,200.6411590576172,110.48603,51
17,Toolik MAT,U12 B,68.624,-149.61817,2007,USA,North America,North America,Continuous,100,Probing,0.29,25,0.049,silt,777,1175.7249755859375,4322.983,200.6411590576172,110.48603,38
18,Galbraith Lake,U14,68.4774,-149.5024,2007,USA,North America,North America,Continuous,100/T/B75,Probing,0.38,21,0.02,silt,823,1081.5992431640625,4337.3213,277.8410645,122.04801,54
19,Chandalar Shelf,U15,68.0691,-149.5804,2007,USA,North America,North America,Continuous,30/T/B61,Probing,0.45,24,0,silt,976,964.0184326171875,4277.3022,278.2856445,160.20003,42
20,Ivotuk  1 km grid,U26,68.48333,-155.7333,2007,USA,North America,North America,Continuous,1000,Probing,-0.15,20,0.31,peat,570,1162.753906,4284.2627,220.36013793945312,103.74857,56
21,56 Mile,U56,69.5006,-148.5592,2007,USA,North America,North America,Continuous,100,Probing,0.07,25,0.55,loam,349,1154.071533203125,4525.2046,27.492267608642578,93.5925,54
22,Sagwon Hills MNT,U32 A,69.441,-148.67033,2007,USA,North America,North America,Continuous,100,Probing,0.17,25,0.13,silt,269,1184.7684326171875,4579.3354,29.975271224975586,94.00744,52
23,Sagwon Hills MAT,U32 B,69.401,-148.8056,2007,USA,North America,North America,Continuous,100,Probing,0.17,25,0.2,silt,360,1179.3865966796875,4571.6167,30.679365158081055,93.63408,25
24,Drew Point,U20,70.8645,-153.91,2007,USA,North America,North America,Continuous,T/B640,Borehole,0.57,20,0,silt,5,532.6414794921875,3723.7168,35.838233947753906,121.86835,40
25,Inigok,U21,69.98962,-153.09,2007,USA,North America,North America,Continuous,T/B625,Borehole,0.09,25,0.87,silt,53,1014.507080078125,4252.129,35.994773864746094,92.20607,37
26,Fish Creek,U22,70.33523,-152.05,2007,USA,North America,North America,Continuous,T/B735,Borehole,0.23,20,0.09,silt,31,814.5019531,4097.4663,30.241992950439453,94.64784,27
27,Umiat,U24,69.3957,-152.14,2007,USA,North America,North America,Continuous,T/B640,Borehole,0.07,21,0.62,silt,201,1181.698974609375,4523.8496,45.69026565551758,94.572975,31
28,Tunalik,U25,70.1959,-161.08,2007,USA,North America,North America,Continuous,T/B393,Borehole,0.3,25,0.14,silt,26,1090.4947509765625,3801.751,82.73738861083984,128.00134,63
29,Niguanak,U29,69.8894,-142.98,2007,USA,North America,North America,Continuous,T/B/30?,Borehole,0.57,22,0.1,silt,84,628.1340942382812,3736.7114,47.57950973510742,109.38423,58
30,Koluktak,U30,69.7516,-154.62,2007,USA,North America,North America,Continuous,T/B/,Borehole,0.14,21,0.08,silt,60,1162.6739501953125,4330.046,44.55565262,96.99522,120
31,Piksiksak,U37,70.0366,-157.08,2007,USA,North America,North America,Continuous,T/B/,Borehole,-0.31,21,0.21,silt,33,1178.380371,4192.495,52.68935775756836,115.765434,55
32,East Teshekpuk,U38,70.5685,-152.97,2007,USA,North America,North America,Continuous,T/B/,Borehole,-0.26,21,0.14,silt,7,632.5633544921875,3880.768,30.008216857910156,101.81824,31
33,North Head (thaw tube),C3 A,69.71972,-134.4619,2007,Canada,North America,North America,Continuous,TT,Thaw Tube,-0.01,13,0.9,silt,2,775.5810547,4042.9658,51.157684326171875,93.86284,64
34,Lousy Point (Thaw tube),C5 A,69.21889,-134.2911,2007,Canada,North America,North America,Continuous,TT/T/B30,Thaw Tube,0.57,23,0,sand,30,1103.1593017578125,4124.332,66.73371124267578,101.093155,73
35,Old Man,U16,66.45,-150.6167,2007,USA,North America,North America,Discontinuous,100/T/B63,Probing,0.24,22,0.12,silt,390,1726.3568115234375,3359.0361,382.9156494140625,87.73186,43
36,Wickersham,U17,65.1667,-147.9,2007,USA,North America,North America,Discontinuous,TT/P,Probing,0.47,25,0,loam,335,1912.679199,3071.3745,328.4106750488281,57.039665,53
37,Pearl Creek,U19,64.9,-147.8167,2007,USA,North America,North America,Discontinuous,TT/P,Probing,5.82,25,0,silt,213,2215.458251953125,2707.59,301.3461608886719,55.593414,80
38,Farmers Loop,U41,64.88,-147.67,2007,USA,North America,North America,Discontinuous,100,Probing,0.63,20,0,silt,151,2199.084716796875,2685.636,294.0601501464844,56.12556,57
39,Eagle,U51,64.7777,-141.10954,2007,USA,North America,North America,Discontinuous,50/P/T,Probing,0.04,11,0.98,peat,280,1973.705810546875,3290.4124,324.6885986328125,79.401955,
40,Nenana,U57,64.55446,-149.08339,2007,USA,North America,North America,Discontinuous,50/P/T,Probing,2.57,10,0,loam,111,2333.381103515625,2727.1577,269.0518493652344,61.578003,
41,Council Grid,U27,64.8442,-163.7202,2007,USA,North America,North America,Discontinuous,1000,Probing,0.82,21,0,loam,61,1468.688965,2575.6758,358.5726318359375,287.12827,
42,Kougarok,U28,65.454,-164.6268,2007,USA,North America,North America,Discontinuous,1000,Probing,0.4,21,0.04,loam,250,1334.2960205078125,3013.267,230.29995727539062,174.67175,
43,Reindeer Depot  (Thaw tube),C7 A,68.68472,-134.1458,2007,Canada,North America,North America,Discontinuous,TT,Thaw Tube,1.21,21,0,silt,34,1257.536865234375,4144.076,89.95647430419922,116.8583,128
44,Rengleng River  (Thaw tube),C8 A,67.795,-134.1261,2007,Canada,North America,North America,Discontinuous,TT,Thaw Tube,0.24,14,0.19,sand,11,1471.942626953125,4164.307,131.0738067626953,137.29745,113
45,"Janssonhaugen, Svalbard",N1,78.1793,16.467,2007,NOR,Norway/Svalbard,Mountains (Europe),Alpine,T/B102,Borehole,1.31,25,0,debris,270,148.2239990234375,3082.9307,50.739322662353516,538.8813,177
46,"Junvvasshoe, Norway",N2,61.6775823,8.3693057,2007,NOR,Norway/Svalbard,Mountains (Europe),Alpine,T/B129,Borehole,1.08,24,0.01,debris,1894,674.6254883,1788.7197,400.39581298828125,753.8801,215
47,"Snoheim DB2, Norway",N5,62.2958,9.352,2007,NOR,Norway/Svalbard,Mountains (Europe),Alpine,T/B9,Borehole,8.45,17,0,debris,1481,773.5280762,1898.1008,372.74322509765625,541.0433,
48,Lapires,CH3,46.106117,7.284349,2007,SWI,Switzerland,Mountains (Europe),Alpine,T/B19,Borehole,12.2,22,0,debris,2656,1521.868652,946.24664,994.7738037109375,662.27026,460
49,Corvatsch,CH1,46.42879,9.821836,2007,SWI,Switzerland,Mountains (Europe),Alpine,T/B62,Borehole,15.49,23,0,debris,2670,824.6174316,1377.0004,858.8084716796875,359.68802,351
50,Stockhorn,CH4,45.986786,7.824201,2007,SWI,Switzerland,Mountains (Europe),Alpine,T/B100,Borehole,9.08,22,0,debris,3327,495.7903747558594,1904.5902,740.4616088867188,885.90735,324
51,Les Attelas,CH5,46.096772,7.273075,2007,SWI,Switzerland,Mountains (Europe),Alpine,T/B26,Borehole,7.08,16,0,debris,2507,1521.868652,946.24664,994.7738037109375,662.27026,
52,Gentianes,CH7,46.083705,7.302472,2007,SWI,Switzerland,Mountains (Europe),Alpine,T/B20,Borehole,27.76,18,0,debris,2896,1521.868652,946.24664,994.7738037109375,662.27026,146
53,Schilthorn,CH2,46.558282,7.834426,2007,SWI,Switzerland,Mountains (Europe),Alpine,T/B101,Borehole,36.21,25,0,debris,2900,1716.285888671875,675.8558,1166.0291748046875,808.7273,455
54,Fluela,CH8,46.748868,9.943555,2007,SWI,Switzerland,Mountains (Europe),Alpine,T/B23,Borehole,-0.47,19,0.01,debris,2413,1059.468017578125,1345.541,931.2762451171875,469.5713,298
55,Muot da Barba Peider,CH9,46.496573,9.93141,2007,SWI,Switzerland,Mountains (Europe),Alpine,T/B18,Borehole,10.59,19,0.01,debris,2941,903.9774780273438,1501.1099,815.8114013671875,377.38495,197
56,Matterhorn,CH10,45.982321,7.676049,2007,SWI,Switzerland,Mountains (Europe),Alpine,T/B53,Borehole,9.57,15,0,debris,3204,555.8743286132812,1833.3466,648.3147583007812,861.2338,332
57,Schafberg,CH11,46.498797,9.925215,2007,SWI,Switzerland,Mountains (Europe),Alpine,T/B60,Borehole,0.89,22,0,debris,2731,903.9774780273438,1501.1099,815.8114013671875,377.38495,503
58,Ritigraben,CH12,46.174694,7.849835,2007,SWI,Switzerland,Mountains (Europe),Alpine,T/B30,Borehole,3.11,22,0.01,debris,2640,1179.9761962890625,1195.5261,853.1566162109375,516.9636,355
59,Cime Bianche,IT2,45.920046,7.693595,2007,IT,Switzerland,Mountains (Europe),Alpine,T/B41,Borehole,20.21813725,17,0,debris,3100,1153.073242,1160.4227,1031.469727,428.46332,
60,Stelvio,IT3,45.5187,10.4569,2007,IT,Switzerland,Mountains (Europe),Alpine,T/B100,Borehole,9.69,24,0,debris,2612,5010.454102,0.32626343,853.4324951171875,15.385583,252
61,Aiguille du Midi SE,FRA1a,45.878173,6.887653,2007,FRA,Switzerland,Mountains (Europe),Alpine,T/B10,Borehole,17.61356297,12,0,debris,3753,1026.018555,1247.6885,996.9013672,844.0923,
62,Aiguille du Midi NW,FRA1b,45.878679,6.887216,2007,FRA,Switzerland,Mountains (Europe),Alpine,T/B10,Borehole,7.678571429,15,0,debris,3745,1026.018555,1247.6885,996.9013672,844.0923,
63,Aiguille du Midi NE,FRA1c,45.878585,6.888098,2007,FRA,Switzerland,Mountains (Europe),Alpine,TB/10,Borehole,13.51785714,14,0,debris,3738,1026.018555,1247.6885,996.9013672,844.0923,
64,Bolvansky,R24,68.3,54.5,2007,RUS,Russian European North,Russian Northwest,Continuous,100,Probing,0.09,23,0.82,loam,28,1262.5372314453125,1693.2861,349.8133544921875,293.01352,125
65,Kashin Island,R24 A,68.23333,53.85,2007,RUS,Russian European North,Russian Northwest,Continuous,100,Probing,3.85,15,0,sand,9,1273.9173583984375,1666.3811,314.73297119140625,276.13135,
66,Zackenberg; ZEROCALM 1,G1,74.473,-20.5528,2007,DEN,Denmark (Greenland),Nordic Arctic,Continuous,100/T,Probing,0.64,25,0,loam,36,203.20428466796875,4607.69,55.708229064941406,263.25806,75
67,Zackenberg; ZEROCALM 2,G2,74.466,-20.5643,2007,DEN,Denmark (Greenland),Nordic Arctic,Continuous,150/T,Probing,0.5,25,0.02,loam,16,203.20428466796875,4607.69,55.708229064941406,263.25806,67
68,UNISCALM,N3,78.200956,15.836412,2007,NOR,Norway/Svalbard,Nordic Arctic,Continuous,100/T,Probing,0.52,25,0.01,sand,10,202.63958740234375,2882.4907,88.73357391357422,466.9667,105
69,"Ayach-Yakha, Vorkuta",R2,67.58333,64.18333,2007,RUS,Russian European North,Russian Northwest,Discontinuous,100/T,Probing,0.69,25,0,loam,148,1235.5015869140625,2577.5288,423.4331970214844,386.44745,89
70,Talnik,R23,67.33333,63.73333,2007,RUS,Russian European North,Russian Northwest,Discontinuous,100,Probing,2.52,22,0,loam,120,1321.1954345703125,2501.6934,386.6177978515625,370.6619,138
71,Seida,R52,67.06556,62.92508,2007,RUS,Russian European North,Russian Northwest,Discontinuous,100,Probing,1.21,13,0,peat,100,1386.734375,2400.2068,419.0853271484375,343.68057,
72,"Abisko area, Sweden",S2,68.33333,18.83333,2007,SWE,Sweden/Svalbard,Nordic Arctic,Discontinuous,100/T,Probing,1.25,24,0,peat,900,783.4796142578125,1737.621,387.22064208984375,652.91455,73
73,Nadym; West Siberia,R1,65.314861,72.864194,2007,RUS,West Siberia,West Siberia,Discontinuous,100/T/B10,Probing,3.38,25,0,sand,28,1511.020996,2628.0461,344.0936584472656,225.69455,129
74,Nadym WET; West Siberia,R1b,65.23375,72.518417,2007,RUS,West Siberia,West Siberia,Discontinuous,100,Probing,6.18,12,0,sand,7,1531.962158203125,2585.3242,344.01580810546875,221.2615,
75,"Marre Sale, Yamal Peninsula",R3,69.71667,66.75,2007,RUS,West Siberia,West Siberia,Continuous,1000/T/B10,Probing,0.7,23,0.09,sand,18,694.0249023,2374.8848,263.2922058105469,249.58308,114
76,"Vaskiny Dachy, Yamal Peninsula",R5,70.28333,68.9,2007,RUS,West Siberia,West Siberia,Continuous,100/T/B10,Probing,0.43,24,0.05,silt,29,881.2730712890625,2954.1895,205.30528259277344,225.14214,92
77,"Vaskiny Dachy, Yamal Peninsula",R5a,70.28333,68.9,2007,RUS,West Siberia,West Siberia,Continuous,50,Probing,0.5,18,0.2,loam,45,881.2730712890625,2954.1895,205.30528259277344,225.14214,72
78,"Vaskiny Dachi, Yamal Peninsula",R5b,70.2755,68.89164,2007,RUS,West Siberia,West Siberia,Continuous,50,Probing,0.74,18,0.04,silt,35,881.2730712890625,2954.1895,205.30528259277344,225.14214,72
79,"Vaskiny Dachi, Yamal Peninsula",R5c,70.2955,68.88347,2007,RUS,West Siberia,West Siberia,Continuous,50,Probing,1.12,18,0.06,sand,25,881.2730712890625,2954.1895,205.30528259277344,225.14214,112
80,Urengoy Gas Field GP5,R50a,66.31325,76.903478,2007,RUS,West Siberia,West Siberia,Discontinuous,100/T/B10,Probing,3.68,17,0,sand,59,1375.933105,2992.2744,323.59442138671875,265.716,
81,Urengoy Gas Field GP15,R50b,67.47791,76.69529,2007,RUS,West Siberia,West Siberia,Discontinuous,100/T/B10,Probing,2.67,16,0,sand,32,1285.7994384765625,3109.7866,321.19537353515625,265.67096,
82,Bely Island (silt),R55,73.32694,70.08528,2007,RUS,West Siberia,West Siberia,Continuous,50,Probing,0.36,15,0.04,silt,4.2,451.62542724609375,2957.3418,177.3544158935547,228.61966,
83,Bely Island (sand),R55a,73.32861,70.08833,2007,RUS,West Siberia,West Siberia,Continuous,25,Probing,2.08,15,0,sand,3.4,451.62542724609375,2957.3418,177.3544158935547,228.61966,
84,Bykovsky (Lena delta) (alas),R29 B,71.7855,71.41917,2007,RUS,Central Siberia,Central Siberia,Continuous,100,Probing,0.05,20,0.65,loam,5,614.1557617,3209.0767,165.86392211914062,234.43788,44
85,Talnah (Norilsk Region),R32,69.43333,88.46667,2007,RUS,Central Siberia,Central Siberia,Continuous,100,Probing,1.02,20,0.01,loam,67,1134.669189453125,3938.2734,442.07562255859375,630.5864,90
86,Igarka,R40,67.48135,86.4347,2007,RUS,Central Siberia,Central Siberia,Discontinuous,100,Probing,2.97,16,0,loam,40,1346.349365234375,3470.4556,320.7020263671875,469.76892,
87,Tuymada (Yakutsk region),R42,62.0133,129.65683,2007,RUS,Central Siberia,Central Siberia,Continuous,50/TT,Thaw Tube,0.5,17,0,sand,101,2041.119629,4364.5884,220.21890258789062,93.0513,
88,Neleger (Yakutsk region),R43,62.31618,129.49952,2007,RUS,Central Siberia,Central Siberia,Continuous,50/TT,Thaw Tube,0.06,17,0.77,loam,210,1895.720458984375,4491.1006,233.6921844482422,93.61755,
89,Samoylov,R51,72.369775,126.48063,2007,RUS,Central Siberia,Central Siberia,Continuous,150,Probing,0.42,22,0.02,sand,14,893.4592285,4932.292,170.89364624023438,162.90298,52
90,"Cape Chukochii; edoma, Kolyma",R13 A,70.08333,159.5833,2007,RUS,Northeast Siberia,Northeast Siberia,Continuous,100/T/B30,Probing,-0.04,22,0.84,loam,32,860.1633911132812,4303.8438,172.2616424560547,111.77022,55
91,"Cape Chukochi, alas, Kolyma",R13 B,70.08333,159.9167,2007,RUS,Northeast Siberia,Northeast Siberia,Continuous,100,Probing,-0.02,22,0.95,loam,32,763.2307129,4201.9336,173.56893920898438,114.61271,56
92,"Chukochya River, Kolyma",R14,69.48333,156.9833,2007,RUS,Northeast Siberia,Northeast Siberia,Continuous,100/T/B25,Probing,0.27,16,0.05,loam,31,1261.964111328125,4706.2153,198.41604614257812,98.59137,
93,"Konkovaya River, Kolyma",R15 A,69.38333,158.4667,2007,RUS,Northeast Siberia,Northeast Siberia,Continuous,100/T/B50,Probing,-0.34,17,0.36,loam,20,1268.283203,4619.3306,179.45130920410156,89.95964,60
94,"Konkovaya River, Kolyma",R15 B,69.38333,158.4667,2007,RUS,Northeast Siberia,Northeast Siberia,Continuous,100/T/B50,Probing,-0.19,17,0.45,loam,41,1268.283203,4619.3306,179.45130920410156,89.95964,54
95,"Segodnya Pingo, Kolyma",R16,69.08333,158.9,2007,RUS,Northeast Siberia,Northeast Siberia,Continuous,100,Probing,-0.47,19,0.24,peat,30,1412.1658935546875,4660.985,196.22280883789062,89.22016,75
96,Akhmelo channel; Kolyma,R17,68.81667,161,2007,RUS,Northeast Siberia,Northeast Siberia,Continuous,100/T,Probing,0.61,23,0,loam,5,1588.912109,4588.6084,219.98562622070312,92.98304,60
97,Mt. Rodinka; Kolyma,R18,68.9255,161.5046,2007,RUS,Northeast Siberia,Northeast Siberia,Continuous,100/T,Probing,0.05,23,0.81,loam,152,1587.5150146484375,4488.8086,207.8017578,98.947525,86
98,Mt. Rodinka; Kolyma (10 m grid),R18 A,68.7417,161.5042,2007,RUS,Northeast Siberia,Northeast Siberia,Continuous,10/T,Probing,1.03,19,0,loam,152,1589.8743896484375,4447.5566,213.74615478515625,95.677376,104
99,"Lake Glukhoe, Kolyma",R19,68.8,160.95,2007,RUS,Northeast Siberia,Northeast Siberia,Continuous,100,Probing,0.55,21,0.08,sand,15,1588.912109,4588.6084,219.98562622070312,92.98304,
100,"Malchilovskaya Channel, Kolyma",R20,68.51667,161.4333,2007,RUS,Northeast Siberia,Northeast Siberia,Continuous,100,Probing,0.54,23,0,loam,10,1685.5704345703125,4591.3506,207.65997314453125,92.616714,57
101,"Lake Akhmelo, Kolyma",R21,68.83333,161.0333,2007,RUS,Northeast Siberia,Northeast Siberia,Continuous,100/T/B15,Probing,0.13,23,0.67,sand,10,1588.912109,4588.6084,219.98562622070312,92.98304,117
102,Alazeya River,R22,69.31667,154.9833,2007,RUS,Northeast Siberia,Northeast Siberia,Continuous,100/B23,Probing,0.2,19,0.16,loam,60,1292.315918,4853.3193,249.97862243652344,109.48824,57
103,Jakutskoe Lake,R25,69.85,159.5,2007,RUS,Northeast Siberia,Northeast Siberia,Continuous,100,Probing,-0.02,20,0.89,loam,9,921.7003173828125,4311.5425,176.05172729492188,109.90967,65
104,Allaiha (Indigirka basin),R31,70.55,147.4333,2007,RUS,Northeast Siberia,Northeast Siberia,Continuous,100,Probing,-0.02,16,0.96,loam,42,1141.4317626953125,4986.06,271.0292663574219,127.0387,48
105,Omolon,R35,68.73333,158.9,2007,RUS,Northeast Siberia,Northeast Siberia,Continuous,100,Probing,-0.02,17,0.93,loam,4,1515.5284423828125,4634.9478,226.58847045898438,96.45284,41
106,Andryushkino,R36,69.16667,154.4333,2007,RUS,Northeast Siberia,Northeast Siberia,Continuous,100,Probing,0.4,19,0.01,loam,21,1313.200684,4874.3896,261.2298889160156,114.55459,43
107,Mt. Rodinka (Control),R38 A,68.7,161.55,2007,RUS,Northeast Siberia,Northeast Siberia,Continuous,10/T,Probing,0.12,15,0.86,loam,75,1577.4207763671875,4432.823,211.63900756835938,96.00681,151
108,Mt. Rodinka (Station),R38 C,68.74,161.3928,2007,RUS,Northeast Siberia,Northeast Siberia,Continuous,10/T,Probing,-1.03,21,0,loam,31,1597.7149658203125,4469.845,214.95883178710938,95.29753,84
109,Cape Rogozhny; Chukotka,R9,64.78333,176.9667,2007,RUS,Chukotka,Northeast Siberia,Continuous,100/T,Probing,0.17,25,0.21,loam,17,1314.965087890625,2859.9294,179.14773559570312,205.79051,59
110,"Mt. Dionisy, Chukotka",R11,64.56667,177.2,2007,RUS,Chukotka,Northeast Siberia,Continuous,100/T,Probing,0.12,24,0.42,loam,148,1138.521484,2623.928,197.7960205078125,234.74661,67
111,Lavrentia,R27,65.6,-171.05,2007,RUS,Chukotka,Northeast Siberia,Continuous,100,Probing,0.4,25,0.02,loam,100,1075.9932861328125,2716.511,187.44834899902344,383.17285,74
112,Lorino,R41,65.539667,-171.63023,2007,RUS,Chukotka,Northeast Siberia,Continuous,100,Probing,0.87,15,0,sand,45,1068.174072265625,2872.7095,165.51040649414062,353.1554,
113,Kruglaya (Anadyr),R45,64.63333,176.9667,2007,RUS,Chukotka,Northeast Siberia,Continuous,100,Probing,0.04,15,0.82,silt,2.5,1241.933349609375,2725.5547,199.4986114501953,235.96408,
114,Ploskii Tolbachik (Kamchatka) 2,R30 C,55.89092,160.5375,2007,RUS,Kamchatka,Mountains (Eurasia),Alpine,100,Probing,0.23,17,0.03,silt,1630,707.9671630859375,3002.9775,483.97747802734375,671.8334,45
115,Baganuur Depression,M 1,47.68889,108.2625,2007,MNG,Hentei,Mountains (Eurasia),Alpine,T/B15,Borehole,4.42,22,0,sand,1350,2527.030517578125,1749.0122,157.2189483642578,49.316944,380
116,Nalaikh – northern slope,M2 A,47.75444,107.25,2007,MNG,Hentei,Mountains (Eurasia),Alpine,T/T/B50,Borehole,1.7,23,0,loam,1512,2324.720215,1874.3842,234.24407958984375,47.43239,360
117,Terkh – valley bottom,M6 A,48.08194,99.37333,2007,MNG,Hangai,Mountains (Eurasia),Alpine,T/B15,Borehole,1.22,22,0,sand,2050,1609.1495361328125,2769.549,307.4899902,90.38809,295
118,Chuluut – pingo top,M7 A,48.04111,100.39167,2007,MNG,Hangai,Mountains (Eurasia),Alpine,T/B15,Borehole,1.74,22,0,silt,1870,1752.13623,2139.7615,343.5954895019531,42.088417,160
119,Hatgal – lake terrace,M11,50.43861,100.15028,2007,MNG,Hovsgol,Mountains (Eurasia),Alpine,T/B6,Borehole,5.38,21,0,sand,1662,1720.666259765625,2105.6204,430.76971435546875,44.289,530
120,Darhad Khuurch,M13 A,51.18722,99.4975,2007,MNG,Hovsgol,Mountains (Eurasia),Alpine,T/B100,Borehole,0.15,17,0.36,loam,1558,1814.932861328125,2667.5554,245.62832641601562,52.986984,175
121,Prior Island,A32,-75.692829,162.880554,2007,ANT,SVL,Antarctica,Continuous,T/B1,Borehole,0.8,10,0.55,silt,30,0.279846191,7040.365,0,94.41977,
122,Finger Point,A33,-77.004683,162.623283,2007,ANT,SVL,Antarctica,Continuous,T/B1,Borehole,-0.3,10,0.66,silt,190,0.515258789,8243.339,0,38.753708,
123,Boulder Clay,A7,-74.745489,164.020308,2007,ANT,SVL,Antarctica,Continuous,T/B3.6,Borehole,0,22,0.99,silt,205,0.279846191,7669.6543,0,88.86545,25
124,Oasi,A8,-74.74167,164.1,2007,ANT,SVL,Antarctica,Continuous,T/B30,Borehole,-1.3,13,0.14,debris,52,0.279846191,7052.266,0,88.86545,
125,Apostrophe Island,A30,-73.51885,167.433567,2007,ANT,NVL,Antarctica,Continuous,T/B1,Borehole,0.1,10,0.978,silt,20,0.162353516,6684.6035,0,186.28258,
126,Edmonson Point,A31,-74.328494,165.131881,2007,ANT,NVL,Antarctica,Continuous,T/B1,Borehole,0.5,10,0.65,debris,30,0.131103516,7727.684,0,89.58438,
127,Deception Island (Crater Lake),A16,-62.9856507,-60.6787111,2007,ANT,AP,Antarctica,Discontinuous,100/P/B1.3,Probing,0.3,19,0.27,debris,85,83.18908691,1198.096,136.43441772460938,816.77814,32
128,Deception Island (Irizar),A26,-62.9837,-60.7156671,2007,ANT,AP,Antarctica,Discontinuous,100/P/B1.2,Probing,4.4,19,0,debris,130,83.18908691,1198.096,136.43441772460938,816.77814,
129,Signy Island,A17,-60.7115,-45.5919,2007,ANT,AP,Antarctica,Discontinuous,T/B3.6,Borehole,7.2,12,0,debris,85,12.593353271484375,1732.2772,0,772.2033,148
130,Signy Island- Bertsen,A17A,-60.7083,-45.5941,2007,ANT,AP,Antarctica,Discontinuous,T/B30,Borehole,-0.9,14,0.07,debris,21,12.593353271484375,1732.2772,0,772.2033,
131,King George-Bellingshausen,A18,-62.1983,-58.9842,2007,ANT,AP,Antarctica,Discontinuous,100/T,Probing,1.9,16,0.03,debris,15,84.73031616210938,1442.108,125.80496215820312,711.2159,67
132,Rothera,A19,-67.5719,-68.126,2007,ANT,AP,Antarctica,Discontinuous,T/B31,Probing,-2.2,15,0.42,debris,31,5.027954102,3267.727,115.69585418701172,990.2912,
133,Limnopolar Lake (Livingston Island),A25,-62.6498,-61.1047,2007,ANT,AP,Antarctica,Discontinuous,100/T,Probing,0.9,14,0.32,debris,80,81.78201293945312,1175.7971,135.66036987304688,815.2433,
134,James Ross Island (JGM),A27,-63.8012464,-57.8834444,2007,ANT,AP,Antarctica,Continuous,70/T/G/B2.0,Probing,1.5,11,0.03,debris,10,20.369781494140625,3612.235,67.3651123,742.0082,
135,James Ross Island (Berry Hill),A28,-63.80257189,-57.83848112,2007,ANT,AP,Antarctica,Continuous,50/T/B0.9,Probing,0.1,14,0.04,debris,60,21.758514404296875,3592.4536,67.3651123,722.37415,
136,Abernethy Flats,A34,-63.881389,-57.934722,2007,ANT,AP,Antarctica,Continuous,70/T/B,Borehole,0.1,13,0,debris,40,20.369781494140625,3612.235,67.3651123,742.0082,
137,Balcón I (Mendoza),SA2A,-32.9619,-69.3719,2007,ARG,Central Andes,Mountains (South America),Alpine,T/B,Borehole,1.9,13,0.14,debris,3560,617.8701172,1778.8817,532.4019165039062,371.2083,
138,Balcón I Superior (Mendoza),SA2B,-32.955,-69.3706,2007,ARG,Central Andes,Mountains (South America),Alpine,T/B,Borehole,6.1,15,0,debris,3586,617.8701172,1778.8817,532.4019165039062,371.2083,
139,Balcón II (Mendoza),SA2C,-32.9597,-69.3803,2007,ARG,Central Andes,Mountains (South America),Alpine,T/B,Borehole,2,22,0,debris,3770,617.8701172,1778.8817,532.4019165039062,371.2083,305
0,Barrow,U1,71.31667,-156.6,2008,USA,North America,North America,Continuous,1000/T,Probing,0.34,25,0.012,loam,3,350.43341064453125,3847.5244,79.18892669677734,151.20285,34
1,"Barrow, CRREL Plots",U2,71.31667,-156.5833,2008,USA,North America,North America,Continuous,10/T,Probing,0.27,25,0.017,loam,3,350.43341064453125,3847.5244,79.18892669677734,151.20285,35
2,Atkasuk,U3,70.45,-157.4,2008,USA,North America,North America,Continuous,1000/T,Probing,0.4,25,0.009,sand,22,735.8395996,4316.1494,103.35420227050781,139.34723,49
3,West Dock 1 ha grid,U4,70.3745,-148.5522,2008,USA,North America,North America,Continuous,100/T/B56,Probing,0.34,24,0.001,loam,3,531.5924072265625,4058.0315,82.61491394042969,167.30153,30
4,West Dock 1 km grid,U5,70.36667,-148.5667,2008,USA,North America,North America,Continuous,1000,Probing,0.25,24,0.039,loam,3,531.5924072265625,4058.0315,82.61491394042969,167.30153,47
5,Deadhorse,U6,70.1613,-148.4653,2008,USA,North America,North America,Continuous,100/T/B60,Probing,0.47,24,0.001,Loam,17,640.4853516,4168.775,102.39738464355469,178.11954,63
6,Betty Pingo 1 km grid,U7 A,70.28333,-148.8667,2008,USA,North America,North America,Continuous,1000/T,Probing,0.2,24,0.401,loam,12,610.8654785,4157.2153,90.65426635742188,169.39963,51
7,Betty Pingo MNT,U7 B,70.2835,-148.8928,2008,USA,North America,North America,Continuous,100,Probing,0.28,24,0.117,loam,12,610.8654785,4157.2153,90.65426635742188,169.39963,34
8,Betty Pingo WET,U7 C,70.275,-148.919,2008,USA,North America,North America,Continuous,100,Probing,0.14,24,0.06,silt,12,610.8654785,4157.2153,90.65426635742188,169.39963,40
9,Franklin Bluff,U8,69.6739,-148.7219,2008,USA,North America,North America,Continuous,100/T/B60,Probing,0.59,24,0.001,sand,88,868.6183471679688,4486.139,127.38165283203125,187.35059,57
10,Happy Valley,U9 A,69.1466,-148.8483,2008,USA,North America,North America,Continuous,100/T/B40,Probing,0.49,20,0.001,loam,305,893.3786010742188,4729.2383,169.9374542236328,224.05133,43
11,Happy Valley 1 km grid,U9 B,69.1482,-148.8505,2008,USA,North America,North America,Continuous,1000/T,Probing,-0.01,25,0.92,silt,305,890.5365600585938,4720,172.32972717285156,222.58484,44
12,Lupine Hill,U10,69.12883,-148.5928,2008,USA,North America,North America,Continuous,100,Probing,0.29,24,0.003,silt,537,892.6403809,4635.31,167.8365936279297,226.3171,48
13,Imnavait Creek  1 km grid,U11 A,68.6114,-149.3101,2008,USA,North America,North America,Continuous,1000/T,Probing,0.37,25,0.029,loam,910,692.7084961,4727.3994,286.9473571777344,240.36316,52
14,Imnavait Creek WET,U11 B,68.611,-149.3145,2008,USA,North America,North America,Continuous,100,Probing,0.48,25,0.005,silt,917,692.7084961,4727.3994,286.9473571777344,240.36316,54
15,Imnavait Creek MAT,U11 C,68.611,-149.30933,2008,USA,North America,North America,Continuous,100,Probing,0.35,25,0.034,silt,938,692.7084961,4727.3994,286.9473571777344,240.36316,45
16,Toolik 1 km grid,U12 A,68.6215,-149.6063,2008,USA,North America,North America,Continuous,1000/T,Probing,0.28,25,0.073,silt,750,724.3504638671875,4681.4575,287.4848633,238.59634,50
17,Toolik MAT,U12 B,68.624,-149.61817,2008,USA,North America,North America,Continuous,100,Probing,0.29,25,0.049,silt,777,724.3504638671875,4681.4575,287.4848633,238.59634,44
18,Galbraith Lake,U14,68.4774,-149.5024,2008,USA,North America,North America,Continuous,100/T/B75,Probing,0.38,21,0.02,silt,823,655.2359619140625,4696.488,296.90045166015625,238.973,53
19,Chandalar Shelf,U15,68.0691,-149.5804,2008,USA,North America,North America,Continuous,30/T/B61,Probing,0.45,24,0,silt,976,579.6499023,4603.79,241.00857543945312,222.01779,36
20,Ivotuk  1 km grid,U26,68.48333,-155.7333,2008,USA,North America,North America,Continuous,1000,Probing,-0.15,20,0.31,peat,570,726.7595215,4590.226,228.99652099609375,220.67798,50
21,56 Mile,U56,69.5006,-148.5592,2008,USA,North America,North America,Continuous,100,Probing,0.07,25,0.55,loam,349,905.5064086914062,4589.306,148.80087280273438,196.54803,65
22,Sagwon Hills MNT,U32 A,69.441,-148.67033,2008,USA,North America,North America,Continuous,100,Probing,0.17,25,0.13,silt,269,896.5676879882812,4683.9805,155.37786865234375,200.04108,59
23,Sagwon Hills MAT,U32 B,69.401,-148.8056,2008,USA,North America,North America,Continuous,100,Probing,0.17,25,0.2,silt,360,895.0737915039062,4675.315,154.4214630126953,199.56413,41
24,Drew Point,U20,70.8645,-153.91,2008,USA,North America,North America,Continuous,T/B640,Borehole,0.57,20,0,silt,5,443.1645812988281,4008.2222,96.51451110839844,154.36186,41
25,Inigok,U21,69.98962,-153.09,2008,USA,North America,North America,Continuous,T/B625,Borehole,0.09,25,0.87,silt,53,833.7257690429688,4376.4863,111.00062561035156,147.06737,37
26,Fish Creek,U22,70.33523,-152.05,2008,USA,North America,North America,Continuous,T/B735,Borehole,0.23,20,0.09,silt,31,722.4571533203125,4284.8174,91.54257202148438,142.54794,27
27,Umiat,U24,69.3957,-152.14,2008,USA,North America,North America,Continuous,T/B640,Borehole,0.07,21,0.62,silt,201,910.9185180664062,4539.4526,117.8575210571289,201.8103,35
28,Tunalik,U25,70.1959,-161.08,2008,USA,North America,North America,Continuous,T/B393,Borehole,0.3,25,0.14,silt,26,561.7852783203125,3944.2532,115.99690246582031,167.00235,57
29,Niguanak,U29,69.8894,-142.98,2008,USA,North America,North America,Continuous,T/B/30?,Borehole,0.57,22,0.1,silt,84,638.3576049804688,3918.4753,115.75484466552734,159.86009,55
30,Koluktak,U30,69.7516,-154.62,2008,USA,North America,North America,Continuous,T/B/,Borehole,0.14,21,0.08,silt,60,876.6000366210938,4440.67,140.7802276611328,151.47577,120
31,Piksiksak,U37,70.0366,-157.08,2008,USA,North America,North America,Continuous,T/B/,Borehole,-0.31,21,0.21,silt,33,800.7636108398438,4358.8765,122.11988067626953,158.40782,53
32,East Teshekpuk,U38,70.5685,-152.97,2008,USA,North America,North America,Continuous,T/B/,Borehole,-0.26,21,0.14,silt,7,566.1399536132812,4165.1055,89.28399658203125,140.9721,34
33,North Head (thaw tube),C3 A,69.71972,-134.4619,2008,Canada,North America,North America,Continuous,TT,Thaw Tube,-0.01,13,0.9,silt,2,793.0147705078125,3896.2285,157.27728271484375,161.77853,63
34,Lousy Point (Thaw tube),C5 A,69.21889,-134.2911,2008,Canada,North America,North America,Continuous,TT/T/B30,Thaw Tube,0.57,23,0,sand,30,1025.0338134765625,4044.2776,183.44403076171875,161.75012,68
35,Old Man,U16,66.45,-150.6167,2008,USA,North America,North America,Discontinuous,100/T/B63,Probing,0.24,22,0.12,silt,390,1279.388672,3702.5518,306.5084228515625,189.12704,38
36,Wickersham,U17,65.1667,-147.9,2008,USA,North America,North America,Discontinuous,TT/P,Probing,0.47,25,0,loam,335,1512.134277,3324.9534,362.3513184,124.39799,54
37,Pearl Creek,U19,64.9,-147.8167,2008,USA,North America,North America,Discontinuous,TT/P,Probing,5.82,25,0,silt,213,1808.1922607421875,2978.5273,318.5773010253906,111.623764,79
38,Farmers Loop,U41,64.88,-147.67,2008,USA,North America,North America,Discontinuous,100,Probing,0.63,20,0,silt,151,1794.2855224609375,2956.5825,315.78131103515625,111.366165,57
39,Eagle,U51,64.7777,-141.10954,2008,USA,North America,North America,Discontinuous,50/P/T,Probing,0.04,11,0.98,peat,280,1600.9793701171875,3558.4456,395.66571044921875,113.29521,
40,Nenana,U57,64.55446,-149.08339,2008,USA,North America,North America,Discontinuous,50/P/T,Probing,2.57,10,0,loam,111,1870.060791015625,3013.201,277.81793212890625,114.845764,
41,Council Grid,U27,64.8442,-163.7202,2008,USA,North America,North America,Discontinuous,1000,Probing,0.82,21,0,loam,61,1136.78125,3139.8235,220.56654357910156,307.0537,75
42,Kougarok,U28,65.454,-164.6268,2008,USA,North America,North America,Discontinuous,1000,Probing,0.4,21,0.04,loam,250,991.4423828,3621.2122,188.97421264648438,179.06866,62
43,Reindeer Depot  (Thaw tube),C7 A,68.68472,-134.1458,2008,Canada,North America,North America,Discontinuous,TT,Thaw Tube,1.21,21,0,silt,34,1110.8782958984375,4096.063,234.2056884765625,134.45345,131
44,Rengleng River  (Thaw tube),C8 A,67.795,-134.1261,2008,Canada,North America,North America,Discontinuous,TT,Thaw Tube,0.24,14,0.19,sand,11,1335.805419921875,4098.296,282.0961608886719,136.75949,110
45,"Janssonhaugen, Svalbard",N1,78.1793,16.467,2008,NOR,Norway/Svalbard,Mountains (Europe),Alpine,T/B102,Borehole,1.31,25,0,debris,270,185.60931396484375,3442.5588,60.455108642578125,462.61835,168
46,"Junvvasshoe, Norway",N2,61.6775823,8.3693057,2008,NOR,Norway/Svalbard,Mountains (Europe),Alpine,T/B129,Borehole,1.08,24,0.01,debris,1894,705.2799682617188,1907.0779,477.8090515136719,724.25354,220
47,"Snoheim DB2, Norway",N5,62.2958,9.352,2008,NOR,Norway/Svalbard,Mountains (Europe),Alpine,T/B9,Borehole,8.45,17,0,debris,1481,781.2091674804688,1846.0242,392.6363830566406,503.9519,521
48,Lapires,CH3,46.106117,7.284349,2008,SWI,Switzerland,Mountains (Europe),Alpine,T/B19,Borehole,12.2,22,0,debris,2656,1473.880615234375,1075.3391,786.4385375976562,769.67584,
49,Corvatsch,CH1,46.42879,9.821836,2008,SWI,Switzerland,Mountains (Europe),Alpine,T/B62,Borehole,15.49,23,0,debris,2670,785.4632568359375,1572.3989,913.5240478515625,693.19574,351
50,Stockhorn,CH4,45.986786,7.824201,2008,SWI,Switzerland,Mountains (Europe),Alpine,T/B100,Borehole,9.08,22,0,debris,3327,504.4035949707031,2057.8906,745.3152465820312,1265.9158,327
51,Les Attelas,CH5,46.096772,7.273075,2008,SWI,Switzerland,Mountains (Europe),Alpine,T/B26,Borehole,7.08,16,0,debris,2507,1473.880615234375,1075.3391,786.4385375976562,769.67584,
52,Gentianes,CH7,46.083705,7.302472,2008,SWI,Switzerland,Mountains (Europe),Alpine,T/B20,Borehole,27.76,18,0,debris,2896,1473.880615234375,1075.3391,786.4385375976562,769.67584,
53,Schilthorn,CH2,46.558282,7.834426,2008,SWI,Switzerland,Mountains (Europe),Alpine,T/B101,Borehole,36.21,25,0,debris,2900,1676.8878173828125,767.67566,961.9672241210938,849.0999,497
54,Fluela,CH8,46.748868,9.943555,2008,SWI,Switzerland,Mountains (Europe),Alpine,T/B23,Borehole,-0.47,19,0.01,debris,2413,1037.6995849609375,1404.713,878.6745605,650.0398,298
55,Muot da Barba Peider,CH9,46.496573,9.93141,2008,SWI,Switzerland,Mountains (Europe),Alpine,T/B18,Borehole,10.59,19,0.01,debris,2941,868.1385498046875,1643.2664,823.0906982421875,650.12573,205
56,Matterhorn,CH10,45.982321,7.676049,2008,SWI,Switzerland,Mountains (Europe),Alpine,T/B53,Borehole,9.57,15,0,debris,3204,565.4950561523438,1992.541,641.9709473,1156.7107,289
57,Schafberg,CH11,46.498797,9.925215,2008,SWI,Switzerland,Mountains (Europe),Alpine,T/B60,Borehole,0.89,22,0,debris,2731,868.1385498046875,1643.2664,823.0906982421875,650.12573,502
58,Ritigraben,CH12,46.174694,7.849835,2008,SWI,Switzerland,Mountains (Europe),Alpine,T/B30,Borehole,3.11,22,0.01,debris,2640,1150.983642578125,1338.1908,808.8568115234375,774.2679,377
59,Cime Bianche,IT2,45.920046,7.693595,2008,IT,Switzerland,Mountains (Europe),Alpine,T/B41,Borehole,20.21813725,17,0,debris,3100,1127.801513671875,1323.8312,966.9566650390625,853.2248,390
60,Stelvio,IT3,45.5187,10.4569,2008,IT,Switzerland,Mountains (Europe),Alpine,T/B100,Borehole,9.69,24,0,debris,2612,4889.291992,0.14978027,1257.864258,299.53152,368
61,Aiguille du Midi SE,FRA1a,45.878173,6.887653,2008,FRA,Switzerland,Mountains (Europe),Alpine,T/B10,Borehole,17.61356297,12,0,debris,3753,1013.697509765625,1361.0657,698.4848633,850.9689,
62,Aiguille du Midi NW,FRA1b,45.878679,6.887216,2008,FRA,Switzerland,Mountains (Europe),Alpine,T/B10,Borehole,7.678571429,15,0,debris,3745,1013.697509765625,1361.0657,698.4848633,850.9689,
63,Aiguille du Midi NE,FRA1c,45.878585,6.888098,2008,FRA,Switzerland,Mountains (Europe),Alpine,TB/10,Borehole,13.51785714,14,0,debris,3738,1013.697509765625,1361.0657,698.4848633,850.9689,
64,Bolvansky,R24,68.3,54.5,2008,RUS,Russian European North,Russian Northwest,Continuous,100,Probing,0.09,23,0.82,loam,28,1180.0169677734375,1766.407,330.5270080566406,240.51685,124
65,Kashin Island,R24 A,68.23333,53.85,2008,RUS,Russian European North,Russian Northwest,Continuous,100,Probing,3.85,15,0,sand,9,1182.695068359375,1748.584,316.220459,230.44785,
66,Zackenberg; ZEROCALM 1,G1,74.473,-20.5528,2008,DEN,Denmark (Greenland),Nordic Arctic,Continuous,100/T,Probing,0.64,25,0,loam,36,258.4977111816406,4652.066,96.49474334716797,461.6932,79
67,Zackenberg; ZEROCALM 2,G2,74.466,-20.5643,2008,DEN,Denmark (Greenland),Nordic Arctic,Continuous,150/T,Probing,0.5,25,0.02,loam,16,258.4977111816406,4652.066,96.49474334716797,461.6932,68
68,UNISCALM,N3,78.200956,15.836412,2008,NOR,Norway/Svalbard,Nordic Arctic,Continuous,100/T,Probing,0.52,25,0.01,sand,10,250.3513184,3129.416,135.59939575195312,395.0097,110
69,"Ayach-Yakha, Vorkuta",R2,67.58333,64.18333,2008,RUS,Russian European North,Russian Northwest,Discontinuous,100/T,Probing,0.69,25,0,loam,148,1088.316406,2763.0737,276.5067138671875,438.33673,87
70,Talnik,R23,67.33333,63.73333,2008,RUS,Russian European North,Russian Northwest,Discontinuous,100,Probing,2.52,22,0,loam,120,1153.489013671875,2692.5835,261.6281738,411.22906,152
71,Seida,R52,67.06556,62.92508,2008,RUS,Russian European North,Russian Northwest,Discontinuous,100,Probing,1.21,13,0,peat,100,1218.3621826171875,2564.1333,270.30108642578125,381.6399,
72,"Abisko area, Sweden",S2,68.33333,18.83333,2008,SWE,Sweden/Svalbard,Nordic Arctic,Discontinuous,100/T,Probing,1.25,24,0,peat,900,738.6734619140625,1899.7057,352.2988281,492.8865,71
73,Nadym; West Siberia,R1,65.314861,72.864194,2008,RUS,West Siberia,West Siberia,Discontinuous,100/T/B10,Probing,3.38,25,0,sand,28,1355.006836,2669.7153,348.7433776855469,263.8023,136
74,Nadym WET; West Siberia,R1b,65.23375,72.518417,2008,RUS,West Siberia,West Siberia,Discontinuous,100,Probing,6.18,12,0,sand,7,1363.291259765625,2635.756,346.5515137,259.31506,
75,"Marre Sale, Yamal Peninsula",R3,69.71667,66.75,2008,RUS,West Siberia,West Siberia,Continuous,1000/T/B10,Probing,0.7,23,0.09,sand,18,791.4419555664062,2285.87,203.550293,327.40457,114
76,"Vaskiny Dachy, Yamal Peninsula",R5,70.28333,68.9,2008,RUS,West Siberia,West Siberia,Continuous,100/T/B10,Probing,0.43,24,0.05,silt,29,847.8037109,2962.6963,217.5498809814453,289.82794,93
77,"Vaskiny Dachy, Yamal Peninsula",R5a,70.28333,68.9,2008,RUS,West Siberia,West Siberia,Continuous,50,Probing,0.5,18,0.2,loam,45,847.8037109,2962.6963,217.5498809814453,289.82794,75
78,"Vaskiny Dachi, Yamal Peninsula",R5b,70.2755,68.89164,2008,RUS,West Siberia,West Siberia,Continuous,50,Probing,0.74,18,0.04,silt,35,847.8037109,2962.6963,217.5498809814453,289.82794,73
79,"Vaskiny Dachi, Yamal Peninsula",R5c,70.2955,68.88347,2008,RUS,West Siberia,West Siberia,Continuous,50,Probing,1.12,18,0.06,sand,25,847.8037109,2962.6963,217.5498809814453,289.82794,113
80,Urengoy Gas Field GP5,R50a,66.31325,76.903478,2008,RUS,West Siberia,West Siberia,Discontinuous,100/T/B10,Probing,3.68,17,0,sand,59,1267.621337890625,3118.4404,255.74215698242188,270.70364,84
81,Urengoy Gas Field GP15,R50b,67.47791,76.69529,2008,RUS,West Siberia,West Siberia,Discontinuous,100/T/B10,Probing,2.67,16,0,sand,32,1170.9637451171875,3210.9597,200.5266876220703,277.89264,84
82,Bely Island (silt),R55,73.32694,70.08528,2008,RUS,West Siberia,West Siberia,Continuous,50,Probing,0.36,15,0.04,silt,4.2,608.1533813476562,2832.4778,130.17391967773438,247.3841,
83,Bely Island (sand),R55a,73.32861,70.08833,2008,RUS,West Siberia,West Siberia,Continuous,25,Probing,2.08,15,0,sand,3.4,608.1533813476562,2832.4778,130.17391967773438,247.3841,
84,Bykovsky (Lena delta) (alas),R29 B,71.7855,71.41917,2008,RUS,Central Siberia,Central Siberia,Continuous,100,Probing,0.05,20,0.65,loam,5,723.1505126953125,3146.8013,160.5285186767578,253.44475,37
85,Talnah (Norilsk Region),R32,69.43333,88.46667,2008,RUS,Central Siberia,Central Siberia,Continuous,100,Probing,1.02,20,0.01,loam,67,1132.1878662109375,4228.812,287.01226806640625,590.3491,94
86,Igarka,R40,67.48135,86.4347,2008,RUS,Central Siberia,Central Siberia,Discontinuous,100,Probing,2.97,16,0,loam,40,1339.827392578125,3814.6665,217.69332885742188,431.17096,70
87,Tuymada (Yakutsk region),R42,62.0133,129.65683,2008,RUS,Central Siberia,Central Siberia,Continuous,50/TT,Thaw Tube,0.5,17,0,sand,101,2233.711181640625,4577.231,210.50784301757812,90.64238,203
88,Neleger (Yakutsk region),R43,62.31618,129.49952,2008,RUS,Central Siberia,Central Siberia,Continuous,50/TT,Thaw Tube,0.06,17,0.77,loam,210,2098.420898,4728.707,239.3599853515625,95.5289,124
89,Samoylov,R51,72.369775,126.48063,2008,RUS,Central Siberia,Central Siberia,Continuous,150,Probing,0.42,22,0.02,sand,14,814.6356811523438,5218.182,164.16880798339844,146.72015,54
90,"Cape Chukochii; edoma, Kolyma",R13 A,70.08333,159.5833,2008,RUS,Northeast Siberia,Northeast Siberia,Continuous,100/T/B30,Probing,-0.04,22,0.84,loam,32,574.8186035,4895.1973,119.37846374511719,95.10339,50
91,"Cape Chukochi, alas, Kolyma",R13 B,70.08333,159.9167,2008,RUS,Northeast Siberia,Northeast Siberia,Continuous,100,Probing,-0.02,22,0.95,loam,32,496.1156921386719,4799.7646,117.7183609008789,101.204796,37
92,"Chukochya River, Kolyma",R14,69.48333,156.9833,2008,RUS,Northeast Siberia,Northeast Siberia,Continuous,100/T/B25,Probing,0.27,16,0.05,loam,31,923.4197998046875,5124.715,159.72189331054688,73.1965,39
93,"Konkovaya River, Kolyma",R15 A,69.38333,158.4667,2008,RUS,Northeast Siberia,Northeast Siberia,Continuous,100/T/B50,Probing,-0.34,17,0.36,loam,20,902.9228516,5045.0664,159.4416504,72.19072,38
94,"Konkovaya River, Kolyma",R15 B,69.38333,158.4667,2008,RUS,Northeast Siberia,Northeast Siberia,Continuous,100/T/B50,Probing,-0.19,17,0.45,loam,41,902.9228516,5045.0664,159.4416504,72.19072,44
95,"Segodnya Pingo, Kolyma",R16,69.08333,158.9,2008,RUS,Northeast Siberia,Northeast Siberia,Continuous,100,Probing,-0.47,19,0.24,peat,30,1029.442383,5019.363,156.49009704589844,75.63661,49
96,Akhmelo channel; Kolyma,R17,68.81667,161,2008,RUS,Northeast Siberia,Northeast Siberia,Continuous,100/T,Probing,0.61,23,0,loam,5,1191.1163330078125,4791.85,169.29286193847656,98.61248,49
97,Mt. Rodinka; Kolyma,R18,68.9255,161.5046,2008,RUS,Northeast Siberia,Northeast Siberia,Continuous,100/T,Probing,0.05,23,0.81,loam,152,1171.6717529296875,4710.773,174.29598999023438,110.776855,80
98,Mt. Rodinka; Kolyma (10 m grid),R18 A,68.7417,161.5042,2008,RUS,Northeast Siberia,Northeast Siberia,Continuous,10/T,Probing,1.03,19,0,loam,152,1211.208496,4612.7593,170.8148651123047,110.23706,98
99,"Lake Glukhoe, Kolyma",R19,68.8,160.95,2008,RUS,Northeast Siberia,Northeast Siberia,Continuous,100,Probing,0.55,21,0.08,sand,15,1191.1163330078125,4791.85,169.29286193847656,98.61248,92
100,"Malchilovskaya Channel, Kolyma",R20,68.51667,161.4333,2008,RUS,Northeast Siberia,Northeast Siberia,Continuous,100,Probing,0.54,23,0,loam,10,1305.356201171875,4772.5537,161.03170776367188,103.03673,55
101,"Lake Akhmelo, Kolyma",R21,68.83333,161.0333,2008,RUS,Northeast Siberia,Northeast Siberia,Continuous,100/T/B15,Probing,0.13,23,0.67,sand,10,1191.1163330078125,4791.85,169.29286193847656,98.61248,100
102,Alazeya River,R22,69.31667,154.9833,2008,RUS,Northeast Siberia,Northeast Siberia,Continuous,100/B23,Probing,0.2,19,0.16,loam,60,1004.856934,5263.5894,143.1741485595703,76.59898,53
103,Jakutskoe Lake,R25,69.85,159.5,2008,RUS,Northeast Siberia,Northeast Siberia,Continuous,100,Probing,-0.02,20,0.89,loam,9,640.2362060546875,4834.1396,139.55526733398438,99.4976,43
104,Allaiha (Indigirka basin),R31,70.55,147.4333,2008,RUS,Northeast Siberia,Northeast Siberia,Continuous,100,Probing,-0.02,16,0.96,loam,42,943.7583008,5326.639,196.24063110351562,105.06966,47
105,Omolon,R35,68.73333,158.9,2008,RUS,Northeast Siberia,Northeast Siberia,Continuous,100,Probing,-0.02,17,0.93,loam,4,1144.6812744140625,4908.293,169.67405700683594,82.995,34
106,Andryushkino,R36,69.16667,154.4333,2008,RUS,Northeast Siberia,Northeast Siberia,Continuous,100,Probing,0.4,19,0.01,loam,21,1043.394287109375,5284.1035,147.27366638183594,79.02858,43
107,Mt. Rodinka (Control),R38 A,68.7,161.55,2008,RUS,Northeast Siberia,Northeast Siberia,Continuous,10/T,Probing,0.12,15,0.86,loam,75,1199.444580078125,4602.1064,171.7299805,111.54909,133
108,Mt. Rodinka (Station),R38 C,68.74,161.3928,2008,RUS,Northeast Siberia,Northeast Siberia,Continuous,10/T,Probing,-1.03,21,0,loam,31,1217.561279296875,4640.162,170.36119079589844,109.15856,79
109,Cape Rogozhny; Chukotka,R9,64.78333,176.9667,2008,RUS,Chukotka,Northeast Siberia,Continuous,100/T,Probing,0.17,25,0.21,loam,17,1104.231689453125,3734.3867,118.28981018066406,166.01419,52
110,"Mt. Dionisy, Chukotka",R11,64.56667,177.2,2008,RUS,Chukotka,Northeast Siberia,Continuous,100/T,Probing,0.12,24,0.42,loam,148,1018.1184692382812,3389.9785,117.89070129394531,175.05008,61
111,Lavrentia,R27,65.6,-171.05,2008,RUS,Chukotka,Northeast Siberia,Continuous,100,Probing,0.4,25,0.02,loam,100,593.4567871,3485.2847,185.5356903076172,314.47882,61
112,Lorino,R41,65.539667,-171.63023,2008,RUS,Chukotka,Northeast Siberia,Continuous,100,Probing,0.87,15,0,sand,45,620.5397949,3698.5188,166.22708129882812,290.95502,
113,Kruglaya (Anadyr),R45,64.63333,176.9667,2008,RUS,Chukotka,Northeast Siberia,Continuous,100,Probing,0.04,15,0.82,silt,2.5,1072.479248046875,3553.8408,110.61295318603516,170.262,
114,Ploskii Tolbachik (Kamchatka) 2,R30 C,55.89092,160.5375,2008,RUS,Kamchatka,Mountains (Eurasia),Alpine,100,Probing,0.23,17,0.03,silt,1630,949.8057861328125,2815.8237,600.7910156,730.40295,49
115,Baganuur Depression,M 1,47.68889,108.2625,2008,MNG,Hentei,Mountains (Eurasia),Alpine,T/B15,Borehole,4.42,22,0,sand,1350,2230.444824,1943.4735,244.03982543945312,48.955975,370
116,Nalaikh – northern slope,M2 A,47.75444,107.25,2008,MNG,Hentei,Mountains (Eurasia),Alpine,T/T/B50,Borehole,1.7,23,0,loam,1512,2059.140380859375,2082.5427,275.59136962890625,55.432274,360
117,Terkh – valley bottom,M6 A,48.08194,99.37333,2008,MNG,Hangai,Mountains (Eurasia),Alpine,T/B15,Borehole,1.22,22,0,sand,2050,1494.8135986328125,2999.3987,297.815918,102.19873,295
118,Chuluut – pingo top,M7 A,48.04111,100.39167,2008,MNG,Hangai,Mountains (Eurasia),Alpine,T/B15,Borehole,1.74,22,0,silt,1870,1613.809814453125,2522.7627,305.83917236328125,80.39763,165
119,Hatgal – lake terrace,M11,50.43861,100.15028,2008,MNG,Hovsgol,Mountains (Eurasia),Alpine,T/B6,Borehole,5.38,21,0,sand,1662,1518.498779296875,2433.8423,482.1888122558594,37.348145,530
120,Darhad Khuurch,M13 A,51.18722,99.4975,2008,MNG,Hovsgol,Mountains (Eurasia),Alpine,T/B100,Borehole,0.15,17,0.36,loam,1558,1592.984863,2890.0305,319.7218322753906,62.469807,170
121,Prior Island,A32,-75.692829,162.880554,2008,ANT,SVL,Antarctica,Continuous,T/B1,Borehole,0.8,10,0.55,silt,30,1.631347656,7525.404,0,157.03029,
122,Finger Point,A33,-77.004683,162.623283,2008,ANT,SVL,Antarctica,Continuous,T/B1,Borehole,-0.3,10,0.66,silt,190,0.13394165,8750.692,0,47.09806,
123,Boulder Clay,A7,-74.745489,164.020308,2008,ANT,SVL,Antarctica,Continuous,T/B3.6,Borehole,0,22,0.99,silt,205,1.110504150390625,7763.931,0,281.4645,28
124,Oasi,A8,-74.74167,164.1,2008,ANT,SVL,Antarctica,Continuous,T/B30,Borehole,-1.3,13,0.14,debris,52,1.110504150390625,7212.057,0,281.4645,
125,Apostrophe Island,A30,-73.51885,167.433567,2008,ANT,NVL,Antarctica,Continuous,T/B1,Borehole,0.1,10,0.978,silt,20,0.143463135,6891.0195,0,328.08136,
126,Edmonson Point,A31,-74.328494,165.131881,2008,ANT,NVL,Antarctica,Continuous,T/B1,Borehole,0.5,10,0.65,debris,30,1.110504150390625,8009.3022,0,239.481,
127,Deception Island (Crater Lake),A16,-62.9856507,-60.6787111,2008,ANT,AP,Antarctica,Discontinuous,100/P/B1.3,Probing,0.3,19,0.27,debris,85,132.94805908203125,641.999,381.2886962890625,700.0803,32
128,Deception Island (Irizar),A26,-62.9837,-60.7156671,2008,ANT,AP,Antarctica,Discontinuous,100/P/B1.2,Probing,4.4,19,0,debris,130,132.94805908203125,641.999,381.2886962890625,700.0803,
129,Signy Island,A17,-60.7115,-45.5919,2008,ANT,AP,Antarctica,Discontinuous,T/B3.6,Borehole,7.2,12,0,debris,85,32.86413574,1378.7998,0,715.3534,160
130,Signy Island- Bertsen,A17A,-60.7083,-45.5941,2008,ANT,AP,Antarctica,Discontinuous,T/B30,Borehole,-0.9,14,0.07,debris,21,32.86413574,1378.7998,0,715.3534,
131,King George-Bellingshausen,A18,-62.1983,-58.9842,2008,ANT,AP,Antarctica,Discontinuous,100/T,Probing,1.9,16,0.03,debris,15,146.53054809570312,663.9209,298.1075744628906,554.1054,62
132,Rothera,A19,-67.5719,-68.126,2008,ANT,AP,Antarctica,Discontinuous,T/B31,Probing,-2.2,15,0.42,debris,31,0.952148438,2556.709,274.6021728515625,1807.3159,
133,Limnopolar Lake (Livingston Island),A25,-62.6498,-61.1047,2008,ANT,AP,Antarctica,Discontinuous,100/T,Probing,0.9,14,0.32,debris,80,135.2993164,630.9914,384.76409912109375,699.7263,
134,James Ross Island (JGM),A27,-63.8012464,-57.8834444,2008,ANT,AP,Antarctica,Continuous,70/T/G/B2.0,Probing,1.5,11,0.03,debris,10,32.784637451171875,2603.6777,43.98049545288086,826.99744,
135,James Ross Island (Berry Hill),A28,-63.80257189,-57.83848112,2008,ANT,AP,Antarctica,Continuous,50/T/B0.9,Probing,0.1,14,0.04,debris,60,34.12145996,2582.7385,43.98049545288086,788.66016,
136,Abernethy Flats,A34,-63.881389,-57.934722,2008,ANT,AP,Antarctica,Continuous,70/T/B,Borehole,0.1,13,0,debris,40,32.784637451171875,2603.6777,43.98049545288086,826.99744,
137,Balcón I (Mendoza),SA2A,-32.9619,-69.3719,2008,ARG,Central Andes,Mountains (South America),Alpine,T/B,Borehole,1.9,13,0.14,debris,3560,594.6513672,1698.8159,937.1390380859375,383.42178,750
138,Balcón I Superior (Mendoza),SA2B,-32.955,-69.3706,2008,ARG,Central Andes,Mountains (South America),Alpine,T/B,Borehole,6.1,15,0,debris,3586,594.6513672,1698.8159,937.1390380859375,383.42178,510
139,Balcón II (Mendoza),SA2C,-32.9597,-69.3803,2008,ARG,Central Andes,Mountains (South America),Alpine,T/B,Borehole,2,22,0,debris,3770,594.6513672,1698.8159,937.1390380859375,383.42178,300
0,Barrow,U1,71.31667,-156.6,2009,USA,North America,North America,Continuous,1000/T,Probing,0.34,25,0.012,loam,3,466.9942932128906,3884.9053,113.1119384765625,160.29642,34
1,"Barrow, CRREL Plots",U2,71.31667,-156.5833,2009,USA,North America,North America,Continuous,10/T,Probing,0.27,25,0.017,loam,3,466.9942932128906,3884.9053,113.1119384765625,160.29642,36
2,Atkasuk,U3,70.45,-157.4,2009,USA,North America,North America,Continuous,1000/T,Probing,0.4,25,0.009,sand,22,927.0812988,4273.8765,146.49139404296875,164.75752,54
3,West Dock 1 ha grid,U4,70.3745,-148.5522,2009,USA,North America,North America,Continuous,100/T/B56,Probing,0.34,24,0.001,loam,3,545.2420654296875,4020.9973,103.14817810058594,139.51193,25
4,West Dock 1 km grid,U5,70.36667,-148.5667,2009,USA,North America,North America,Continuous,1000,Probing,0.25,24,0.039,loam,3,545.2420654296875,4020.9973,103.14817810058594,139.51193,44
5,Deadhorse,U6,70.1613,-148.4653,2009,USA,North America,North America,Continuous,100/T/B60,Probing,0.47,24,0.001,Loam,17,662.9970703,4149.5303,125.33726501464844,141.3042,58
6,Betty Pingo 1 km grid,U7 A,70.28333,-148.8667,2009,USA,North America,North America,Continuous,1000/T,Probing,0.2,24,0.401,loam,12,628.611084,4120.1943,111.25595092773438,140.74744,48
7,Betty Pingo MNT,U7 B,70.2835,-148.8928,2009,USA,North America,North America,Continuous,100,Probing,0.28,24,0.117,loam,12,628.611084,4120.1943,111.25595092773438,140.74744,32
8,Betty Pingo WET,U7 C,70.275,-148.919,2009,USA,North America,North America,Continuous,100,Probing,0.14,24,0.06,silt,12,628.611084,4120.1943,111.25595092773438,140.74744,37
9,Franklin Bluff,U8,69.6739,-148.7219,2009,USA,North America,North America,Continuous,100/T/B60,Probing,0.59,24,0.001,sand,88,956.4069824,4477.2173,160.8095245361328,150.99338,60
10,Happy Valley,U9 A,69.1466,-148.8483,2009,USA,North America,North America,Continuous,100/T/B40,Probing,0.49,20,0.001,loam,305,1042.8546142578125,4613.6367,250.80345153808594,176.67409,38
11,Happy Valley 1 km grid,U9 B,69.1482,-148.8505,2009,USA,North America,North America,Continuous,1000/T,Probing,-0.01,25,0.92,silt,305,1041.8145751953125,4607.4814,253.40872192382812,175.7177,49
12,Lupine Hill,U10,69.12883,-148.5928,2009,USA,North America,North America,Continuous,100,Probing,0.29,24,0.003,silt,537,1046.5784912109375,4502.8247,247.6478729248047,178.47627,51
13,Imnavait Creek  1 km grid,U11 A,68.6114,-149.3101,2009,USA,North America,North America,Continuous,1000/T,Probing,0.37,25,0.029,loam,910,846.9696655273438,4550.034,275.50543212890625,242.79922,58
14,Imnavait Creek WET,U11 B,68.611,-149.3145,2009,USA,North America,North America,Continuous,100,Probing,0.48,25,0.005,silt,917,846.9696655273438,4550.034,275.50543212890625,242.79922,58
15,Imnavait Creek MAT,U11 C,68.611,-149.30933,2009,USA,North America,North America,Continuous,100,Probing,0.35,25,0.034,silt,938,846.9696655273438,4550.034,275.50543212890625,242.79922,47
16,Toolik 1 km grid,U12 A,68.6215,-149.6063,2009,USA,North America,North America,Continuous,1000/T,Probing,0.28,25,0.073,silt,750,887.6788330078125,4493.076,270.6364746,243.45212,55
17,Toolik MAT,U12 B,68.624,-149.61817,2009,USA,North America,North America,Continuous,100,Probing,0.29,25,0.049,silt,777,887.6788330078125,4493.076,270.6364746,243.45212,47
18,Galbraith Lake,U14,68.4774,-149.5024,2009,USA,North America,North America,Continuous,100/T/B75,Probing,0.38,21,0.02,silt,823,800.8766479492188,4504.8755,285.66485595703125,238.70459,59
19,Chandalar Shelf,U15,68.0691,-149.5804,2009,USA,North America,North America,Continuous,30/T/B61,Probing,0.45,24,0,silt,976,663.1478271484375,4523.8096,246.5294189453125,231.29721,38
20,Ivotuk  1 km grid,U26,68.48333,-155.7333,2009,USA,North America,North America,Continuous,1000,Probing,-0.15,20,0.31,peat,570,927.2073974609375,4396.945,228.72671508789062,233.6919,55
21,56 Mile,U56,69.5006,-148.5592,2009,USA,North America,North America,Continuous,100,Probing,0.07,25,0.55,loam,349,1031.891357421875,4561.908,183.8087158203125,163.49623,64
22,Sagwon Hills MNT,U32 A,69.441,-148.67033,2009,USA,North America,North America,Continuous,100,Probing,0.17,25,0.13,silt,269,1031.308837890625,4625.6196,203.81686401367188,169.66173,61
23,Sagwon Hills MAT,U32 B,69.401,-148.8056,2009,USA,North America,North America,Continuous,100,Probing,0.17,25,0.2,silt,360,1028.992919921875,4616.8975,204.3875732421875,168.95728,42
24,Drew Point,U20,70.8645,-153.91,2009,USA,North America,North America,Continuous,T/B640,Borehole,0.57,20,0,silt,5,545.6788330078125,3978.8196,110.44953918457031,153.33328,41
25,Inigok,U21,69.98962,-153.09,2009,USA,North America,North America,Continuous,T/B625,Borehole,0.09,25,0.87,silt,53,962.6503906,4340.2095,141.1826629638672,153.39122,41
26,Fish Creek,U22,70.33523,-152.05,2009,USA,North America,North America,Continuous,T/B735,Borehole,0.23,20,0.09,silt,31,817.9642333984375,4207.9614,113.6435775756836,144.36656,29
27,Umiat,U24,69.3957,-152.14,2009,USA,North America,North America,Continuous,T/B640,Borehole,0.07,21,0.62,silt,201,1077.365234,4542.3213,188.7217254638672,161.95705,35
28,Tunalik,U25,70.1959,-161.08,2009,USA,North America,North America,Continuous,T/B393,Borehole,0.3,25,0.14,silt,26,826.2237548828125,4025.8008,152.9118652,186.81848,63
29,Niguanak,U29,69.8894,-142.98,2009,USA,North America,North America,Continuous,T/B/30?,Borehole,0.57,22,0.1,silt,84,543.5286865234375,3883.4163,129.44781494140625,140.36075,44
30,Koluktak,U30,69.7516,-154.62,2009,USA,North America,North America,Continuous,T/B/,Borehole,0.14,21,0.08,silt,60,1055.7484130859375,4452.615,170.7717742919922,171.77148,120
31,Piksiksak,U37,70.0366,-157.08,2009,USA,North America,North America,Continuous,T/B/,Borehole,-0.31,21,0.21,silt,33,1011.5391845703125,4365.4473,158.99819946289062,179.85556,55
32,East Teshekpuk,U38,70.5685,-152.97,2009,USA,North America,North America,Continuous,T/B/,Borehole,-0.26,21,0.14,silt,7,656.2425537109375,4089.5366,103.78288269042969,146.06393,33
33,North Head (thaw tube),C3 A,69.71972,-134.4619,2009,Canada,North America,North America,Continuous,TT,Thaw Tube,-0.01,13,0.9,silt,2,688.7478027,3901.8945,86.94993591308594,120.30828,
34,Lousy Point (Thaw tube),C5 A,69.21889,-134.2911,2009,Canada,North America,North America,Continuous,TT/T/B30,Thaw Tube,0.57,23,0,sand,30,1020.4830322265625,4029.082,115.3538818359375,116.28064,67
35,Old Man,U16,66.45,-150.6167,2009,USA,North America,North America,Discontinuous,100/T/B63,Probing,0.24,22,0.12,silt,390,1519.322509765625,3504.6377,230.99676513671875,176.4848,38
36,Wickersham,U17,65.1667,-147.9,2009,USA,North America,North America,Discontinuous,TT/P,Probing,0.47,25,0,loam,335,1818.9122314453125,3132.9421,262.4937744140625,114.831215,53
37,Pearl Creek,U19,64.9,-147.8167,2009,USA,North America,North America,Discontinuous,TT/P,Probing,5.82,25,0,silt,213,2126.265137,2747.0327,220.92242431640625,105.85838,77
38,Farmers Loop,U41,64.88,-147.67,2009,USA,North America,North America,Discontinuous,100,Probing,0.63,20,0,silt,151,2111.700195,2723.1282,217.93402099609375,105.72484,53
39,Eagle,U51,64.7777,-141.10954,2009,USA,North America,North America,Discontinuous,50/P/T,Probing,0.04,11,0.98,peat,280,1879.868652,3323.6506,284.21978759765625,108.111305,32
40,Nenana,U57,64.55446,-149.08339,2009,USA,North America,North America,Discontinuous,50/P/T,Probing,2.57,10,0,loam,111,2239.245117,2727.9487,178.03346252441406,95.87369,
41,Council Grid,U27,64.8442,-163.7202,2009,USA,North America,North America,Discontinuous,1000,Probing,0.82,21,0,loam,61,1206.643798828125,2920.495,266.13580322265625,465.012,63
42,Kougarok,U28,65.454,-164.6268,2009,USA,North America,North America,Discontinuous,1000,Probing,0.4,21,0.04,loam,250,1170.9986572265625,3310.2617,177.49513244628906,259.99152,61
43,Reindeer Depot  (Thaw tube),C7 A,68.68472,-134.1458,2009,Canada,North America,North America,Discontinuous,TT,Thaw Tube,1.21,21,0,silt,34,1181.697998046875,4044.4001,143.1335906982422,112.25317,129
44,Rengleng River  (Thaw tube),C8 A,67.795,-134.1261,2009,Canada,North America,North America,Discontinuous,TT,Thaw Tube,0.24,14,0.19,sand,11,1458.8497314453125,4040.7673,186.6862793,105.28134,
45,"Janssonhaugen, Svalbard",N1,78.1793,16.467,2009,NOR,Norway/Svalbard,Mountains (Europe),Alpine,T/B102,Borehole,1.31,25,0,debris,270,224.58834838867188,3177.0833,45.956520080566406,508.39258,176
46,"Junvvasshoe, Norway",N2,61.6775823,8.3693057,2009,NOR,Norway/Svalbard,Mountains (Europe),Alpine,T/B129,Borehole,1.08,24,0.01,debris,1894,709.6523438,1954.0872,597.0885009765625,426.25366,231
47,"Snoheim DB2, Norway",N5,62.2958,9.352,2009,NOR,Norway/Svalbard,Mountains (Europe),Alpine,T/B9,Borehole,8.45,17,0,debris,1481,785.6422729492188,1867.6824,532.8595581054688,310.64383,
48,Lapires,CH3,46.106117,7.284349,2009,SWI,Switzerland,Mountains (Europe),Alpine,T/B19,Borehole,12.2,22,0,debris,2656,1709.933594,1152.0457,798.0689697265625,662.3214,510
49,Corvatsch,CH1,46.42879,9.821836,2009,SWI,Switzerland,Mountains (Europe),Alpine,T/B62,Borehole,15.49,23,0,debris,2670,927.5660400390625,1718.7444,552.8118896484375,805.2648,353
50,Stockhorn,CH4,45.986786,7.824201,2009,SWI,Switzerland,Mountains (Europe),Alpine,T/B100,Borehole,9.08,22,0,debris,3327,612.5591430664062,2175.3403,758.1083374023438,991.617,
51,Les Attelas,CH5,46.096772,7.273075,2009,SWI,Switzerland,Mountains (Europe),Alpine,T/B26,Borehole,7.08,16,0,debris,2507,1709.933594,1152.0457,798.0689697265625,662.3214,393
52,Gentianes,CH7,46.083705,7.302472,2009,SWI,Switzerland,Mountains (Europe),Alpine,T/B20,Borehole,27.76,18,0,debris,2896,1709.933594,1152.0457,798.0689697265625,662.3214,214
53,Schilthorn,CH2,46.558282,7.834426,2009,SWI,Switzerland,Mountains (Europe),Alpine,T/B101,Borehole,36.21,25,0,debris,2900,1886.3563232421875,921.19556,939.9812012,767.0348,699
54,Fluela,CH8,46.748868,9.943555,2009,SWI,Switzerland,Mountains (Europe),Alpine,T/B23,Borehole,-0.47,19,0.01,debris,2413,1144.871582,1547.4001,663.4782715,763.7277,295
55,Muot da Barba Peider,CH9,46.496573,9.93141,2009,SWI,Switzerland,Mountains (Europe),Alpine,T/B18,Borehole,10.59,19,0.01,debris,2941,995.0532836914062,1793.5264,524.208252,752.4032,202
56,Matterhorn,CH10,45.982321,7.676049,2009,SWI,Switzerland,Mountains (Europe),Alpine,T/B53,Borehole,9.57,15,0,debris,3204,682.0250244140625,2102.4688,643.0576172,929.26306,368
57,Schafberg,CH11,46.498797,9.925215,2009,SWI,Switzerland,Mountains (Europe),Alpine,T/B60,Borehole,0.89,22,0,debris,2731,995.0532836914062,1793.5264,524.208252,752.4032,511
58,Ritigraben,CH12,46.174694,7.849835,2009,SWI,Switzerland,Mountains (Europe),Alpine,T/B30,Borehole,3.11,22,0.01,debris,2640,1329.693848,1461.3716,593.9324951171875,836.77795,370
59,Cime Bianche,IT2,45.920046,7.693595,2009,IT,Switzerland,Mountains (Europe),Alpine,T/B41,Borehole,20.21813725,17,0,debris,3100,1290.808105,1468.2649,725.7774658203125,864.91235,480
60,Stelvio,IT3,45.5187,10.4569,2009,IT,Switzerland,Mountains (Europe),Alpine,T/B100,Borehole,9.69,24,0,debris,2612,4986.397949,9.563538,1071.703125,76.439606,330
61,Aiguille du Midi SE,FRA1a,45.878173,6.887653,2009,FRA,Switzerland,Mountains (Europe),Alpine,T/B10,Borehole,17.61356297,12,0,debris,3753,1210.3739013671875,1434.5721,585.0486450195312,858.06464,
62,Aiguille du Midi NW,FRA1b,45.878679,6.887216,2009,FRA,Switzerland,Mountains (Europe),Alpine,T/B10,Borehole,7.678571429,15,0,debris,3745,1210.3739013671875,1434.5721,585.0486450195312,858.06464,
63,Aiguille du Midi NE,FRA1c,45.878585,6.888098,2009,FRA,Switzerland,Mountains (Europe),Alpine,TB/10,Borehole,13.51785714,14,0,debris,3738,1210.3739013671875,1434.5721,585.0486450195312,858.06464,
64,Bolvansky,R24,68.3,54.5,2009,RUS,Russian European North,Russian Northwest,Continuous,100,Probing,0.09,23,0.82,loam,28,1142.722168,2590.618,206.53675842285156,289.28314,112
65,Kashin Island,R24 A,68.23333,53.85,2009,RUS,Russian European North,Russian Northwest,Continuous,100,Probing,3.85,15,0,sand,9,1159.952392578125,2540.4268,203.8259277,219.32251,
66,Zackenberg; ZEROCALM 1,G1,74.473,-20.5528,2009,DEN,Denmark (Greenland),Nordic Arctic,Continuous,100/T,Probing,0.64,25,0,loam,36,168.44781494140625,4610.37,85.21322631835938,257.4221,79
67,Zackenberg; ZEROCALM 2,G2,74.466,-20.5643,2009,DEN,Denmark (Greenland),Nordic Arctic,Continuous,150/T,Probing,0.5,25,0.02,loam,16,168.44781494140625,4610.37,85.21322631835938,257.4221,73
68,UNISCALM,N3,78.200956,15.836412,2009,NOR,Norway/Svalbard,Nordic Arctic,Continuous,100/T,Probing,0.52,25,0.01,sand,10,299.9831848144531,2896.9934,49.097686767578125,467.70352,100
69,"Ayach-Yakha, Vorkuta",R2,67.58333,64.18333,2009,RUS,Russian European North,Russian Northwest,Discontinuous,100/T,Probing,0.69,25,0,loam,148,1074.428223,3796.6548,249.5315399169922,392.899,86
70,Talnik,R23,67.33333,63.73333,2009,RUS,Russian European North,Russian Northwest,Discontinuous,100,Probing,2.52,22,0,loam,120,1142.7962646484375,3728.1409,252.59552001953125,393.08136,144
71,Seida,R52,67.06556,62.92508,2009,RUS,Russian European North,Russian Northwest,Discontinuous,100,Probing,1.21,13,0,peat,100,1202.9381103515625,3603.6953,262.6988830566406,362.89694,
72,"Abisko area, Sweden",S2,68.33333,18.83333,2009,SWE,Sweden/Svalbard,Nordic Arctic,Discontinuous,100/T,Probing,1.25,24,0,peat,900,919.1644287109375,2040.8047,498.35955810546875,317.6084,69
73,Nadym; West Siberia,R1,65.314861,72.864194,2009,RUS,West Siberia,West Siberia,Discontinuous,100/T/B10,Probing,3.38,25,0,sand,28,1479.057129,3941.1829,259.1606750488281,278.4783,101
74,Nadym WET; West Siberia,R1b,65.23375,72.518417,2009,RUS,West Siberia,West Siberia,Discontinuous,100,Probing,6.18,12,0,sand,7,1488.642333984375,3904.5908,259.29779052734375,277.95944,
75,"Marre Sale, Yamal Peninsula",R3,69.71667,66.75,2009,RUS,West Siberia,West Siberia,Continuous,1000/T/B10,Probing,0.7,23,0.09,sand,18,755.4107055664062,3280.095,182.15342712402344,313.25232,85
76,"Vaskiny Dachy, Yamal Peninsula",R5,70.28333,68.9,2009,RUS,West Siberia,West Siberia,Continuous,100/T/B10,Probing,0.43,24,0.05,silt,29,870.0477294921875,4116.283,158.30502319335938,219.73828,76
77,"Vaskiny Dachy, Yamal Peninsula",R5a,70.28333,68.9,2009,RUS,West Siberia,West Siberia,Continuous,50,Probing,0.5,18,0.2,loam,45,870.0477294921875,4116.283,158.30502319335938,219.73828,47
78,"Vaskiny Dachi, Yamal Peninsula",R5b,70.2755,68.89164,2009,RUS,West Siberia,West Siberia,Continuous,50,Probing,0.74,18,0.04,silt,35,870.0477294921875,4116.283,158.30502319335938,219.73828,57
79,"Vaskiny Dachi, Yamal Peninsula",R5c,70.2955,68.88347,2009,RUS,West Siberia,West Siberia,Continuous,50,Probing,1.12,18,0.06,sand,25,870.0477294921875,4116.283,158.30502319335938,219.73828,82
80,Urengoy Gas Field GP5,R50a,66.31325,76.903478,2009,RUS,West Siberia,West Siberia,Discontinuous,100/T/B10,Probing,3.68,17,0,sand,59,1376.903809,4295.3325,249.45303344726562,249.24521,65
81,Urengoy Gas Field GP15,R50b,67.47791,76.69529,2009,RUS,West Siberia,West Siberia,Discontinuous,100/T/B10,Probing,2.67,16,0,sand,32,1307.6202392578125,4356.9766,212.80563354492188,248.66599,65
82,Bely Island (silt),R55,73.32694,70.08528,2009,RUS,West Siberia,West Siberia,Continuous,50,Probing,0.36,15,0.04,silt,4.2,536.5969238,3531.4238,213.9351806640625,216.10442,54
83,Bely Island (sand),R55a,73.32861,70.08833,2009,RUS,West Siberia,West Siberia,Continuous,25,Probing,2.08,15,0,sand,3.4,536.5969238,3531.4238,213.9351806640625,216.10442,100
84,Bykovsky (Lena delta) (alas),R29 B,71.7855,71.41917,2009,RUS,Central Siberia,Central Siberia,Continuous,100,Probing,0.05,20,0.65,loam,5,758.4918212890625,4124.033,184.05023193359375,208.57794,25
85,Talnah (Norilsk Region),R32,69.43333,88.46667,2009,RUS,Central Siberia,Central Siberia,Continuous,100,Probing,1.02,20,0.01,loam,67,1248.4805908203125,4791.847,336.9803161621094,452.62982,94
86,Igarka,R40,67.48135,86.4347,2009,RUS,Central Siberia,Central Siberia,Discontinuous,100,Probing,2.97,16,0,loam,40,1472.695313,4621.419,207.87118530273438,298.00095,67
87,Tuymada (Yakutsk region),R42,62.0133,129.65683,2009,RUS,Central Siberia,Central Siberia,Continuous,50/TT,Thaw Tube,0.5,17,0,sand,101,2263.585205078125,5041.5527,169.82191467285156,83.33948,199
88,Neleger (Yakutsk region),R43,62.31618,129.49952,2009,RUS,Central Siberia,Central Siberia,Continuous,50/TT,Thaw Tube,0.06,17,0.77,loam,210,2112.902344,5128.1577,162.2576904296875,84.11717,122
89,Samoylov,R51,72.369775,126.48063,2009,RUS,Central Siberia,Central Siberia,Continuous,150,Probing,0.42,22,0.02,sand,14,775.0545654296875,5274.6904,130.59390258789062,152.52448,42
90,"Cape Chukochii; edoma, Kolyma",R13 A,70.08333,159.5833,2009,RUS,Northeast Siberia,Northeast Siberia,Continuous,100/T/B30,Probing,-0.04,22,0.84,loam,32,484.7436828613281,4453.121,69.68432617,119.9552,36
91,"Cape Chukochi, alas, Kolyma",R13 B,70.08333,159.9167,2009,RUS,Northeast Siberia,Northeast Siberia,Continuous,100,Probing,-0.02,22,0.95,loam,32,421.0388184,4341.537,76.99392700195312,127.20487,25
92,"Chukochya River, Kolyma",R14,69.48333,156.9833,2009,RUS,Northeast Siberia,Northeast Siberia,Continuous,100/T/B25,Probing,0.27,16,0.05,loam,31,802.3992309570312,4863.5405,73.41173553466797,113.87149,46
93,"Konkovaya River, Kolyma",R15 A,69.38333,158.4667,2009,RUS,Northeast Siberia,Northeast Siberia,Continuous,100/T/B50,Probing,-0.34,17,0.36,loam,20,786.3525391,4792.664,72.20005798339844,108.038536,28
94,"Konkovaya River, Kolyma",R15 B,69.38333,158.4667,2009,RUS,Northeast Siberia,Northeast Siberia,Continuous,100/T/B50,Probing,-0.19,17,0.45,loam,41,786.3525391,4792.664,72.20005798339844,108.038536,39
95,"Segodnya Pingo, Kolyma",R16,69.08333,158.9,2009,RUS,Northeast Siberia,Northeast Siberia,Continuous,100,Probing,-0.47,19,0.24,peat,30,929.692627,4877.097,98.59461212158203,89.0912,43
96,Akhmelo channel; Kolyma,R17,68.81667,161,2009,RUS,Northeast Siberia,Northeast Siberia,Continuous,100/T,Probing,0.61,23,0,loam,5,1097.466309,5006.7134,154.76246643066406,100.48654,47
97,Mt. Rodinka; Kolyma,R18,68.9255,161.5046,2009,RUS,Northeast Siberia,Northeast Siberia,Continuous,100/T,Probing,0.05,23,0.81,loam,152,1078.783691,4956.906,168.41665649414062,105.219894,78
98,Mt. Rodinka; Kolyma (10 m grid),R18 A,68.7417,161.5042,2009,RUS,Northeast Siberia,Northeast Siberia,Continuous,10/T,Probing,1.03,19,0,loam,152,1113.040039,4902.2583,161.2053680419922,105.68945,96
99,"Lake Glukhoe, Kolyma",R19,68.8,160.95,2009,RUS,Northeast Siberia,Northeast Siberia,Continuous,100,Probing,0.55,21,0.08,sand,15,1097.466309,5006.7134,154.76246643066406,100.48654,92
100,"Malchilovskaya Channel, Kolyma",R20,68.51667,161.4333,2009,RUS,Northeast Siberia,Northeast Siberia,Continuous,100,Probing,0.54,23,0,loam,10,1205.080810546875,5076.6216,154.3381805419922,103.09899,49
101,"Lake Akhmelo, Kolyma",R21,68.83333,161.0333,2009,RUS,Northeast Siberia,Northeast Siberia,Continuous,100/T/B15,Probing,0.13,23,0.67,sand,10,1097.466309,5006.7134,154.76246643066406,100.48654,96
102,Alazeya River,R22,69.31667,154.9833,2009,RUS,Northeast Siberia,Northeast Siberia,Continuous,100/B23,Probing,0.2,19,0.16,loam,60,889.7841186523438,5015.527,80.60046387,110.33031,51
103,Jakutskoe Lake,R25,69.85,159.5,2009,RUS,Northeast Siberia,Northeast Siberia,Continuous,100,Probing,-0.02,20,0.89,loam,9,539.4442138671875,4433.4766,77.01361083984375,132.78566,42
104,Allaiha (Indigirka basin),R31,70.55,147.4333,2009,RUS,Northeast Siberia,Northeast Siberia,Continuous,100,Probing,-0.02,16,0.96,loam,42,827.9285888671875,5306.474,154.8761749267578,145.49533,49
105,Omolon,R35,68.73333,158.9,2009,RUS,Northeast Siberia,Northeast Siberia,Continuous,100,Probing,-0.02,17,0.93,loam,4,1066.0675048828125,4925.5933,102.26164245605469,96.59421,32
106,Andryushkino,R36,69.16667,154.4333,2009,RUS,Northeast Siberia,Northeast Siberia,Continuous,100,Probing,0.4,19,0.01,loam,21,934.2349853515625,5041.2144,80.49002075195312,110.45935,41
107,Mt. Rodinka (Control),R38 A,68.7,161.55,2009,RUS,Northeast Siberia,Northeast Siberia,Continuous,10/T,Probing,0.12,15,0.86,loam,75,1102.466797,4900.502,162.12698364257812,105.68031,122
108,Mt. Rodinka (Station),R38 C,68.74,161.3928,2009,RUS,Northeast Siberia,Northeast Siberia,Continuous,10/T,Probing,-1.03,21,0,loam,31,1119.359619140625,4922.9995,160.66973876953125,105.25397,78
109,Cape Rogozhny; Chukotka,R9,64.78333,176.9667,2009,RUS,Chukotka,Northeast Siberia,Continuous,100/T,Probing,0.17,25,0.21,loam,17,985.4656372070312,3540.2554,297.3720703,242.82028,52
110,"Mt. Dionisy, Chukotka",R11,64.56667,177.2,2009,RUS,Chukotka,Northeast Siberia,Continuous,100/T,Probing,0.12,24,0.42,loam,148,903.0883178710938,3249.6428,300.5382995605469,279.90894,60
111,Lavrentia,R27,65.6,-171.05,2009,RUS,Chukotka,Northeast Siberia,Continuous,100,Probing,0.4,25,0.02,loam,100,672.8122559,3068.4788,219.71316528320312,458.58972,64
112,Lorino,R41,65.539667,-171.63023,2009,RUS,Chukotka,Northeast Siberia,Continuous,100,Probing,0.87,15,0,sand,45,693.2886962890625,3222.3376,208.97955322265625,418.35657,
113,Kruglaya (Anadyr),R45,64.63333,176.9667,2009,RUS,Chukotka,Northeast Siberia,Continuous,100,Probing,0.04,15,0.82,silt,2.5,953.9043579101562,3400.088,288.1688537597656,279.60785,
114,Ploskii Tolbachik (Kamchatka) 2,R30 C,55.89092,160.5375,2009,RUS,Kamchatka,Mountains (Eurasia),Alpine,100,Probing,0.23,17,0.03,silt,1630,923.5390014648438,3124.8477,445.9980469,593.0901,49
115,Baganuur Depression,M 1,47.68889,108.2625,2009,MNG,Hentei,Mountains (Eurasia),Alpine,T/B15,Borehole,4.42,22,0,sand,1350,2244.094238,2331.7302,201.10641479492188,55.884266,350
116,Nalaikh – northern slope,M2 A,47.75444,107.25,2009,MNG,Hentei,Mountains (Eurasia),Alpine,T/T/B50,Borehole,1.7,23,0,loam,1512,2079.118896484375,2361.209,235.3988037109375,59.860054,340
117,Terkh – valley bottom,M6 A,48.08194,99.37333,2009,MNG,Hangai,Mountains (Eurasia),Alpine,T/B15,Borehole,1.22,22,0,sand,2050,1389.923095703125,3213.5425,323.2042541503906,86.82312,295
118,Chuluut – pingo top,M7 A,48.04111,100.39167,2009,MNG,Hangai,Mountains (Eurasia),Alpine,T/B15,Borehole,1.74,22,0,silt,1870,1532.737548828125,2944.6572,342.1360778808594,71.52428,165
119,Hatgal – lake terrace,M11,50.43861,100.15028,2009,MNG,Hovsgol,Mountains (Eurasia),Alpine,T/B6,Borehole,5.38,21,0,sand,1662,1515.7147216796875,2636.3877,417.0048522949219,39.298866,580
120,Darhad Khuurch,M13 A,51.18722,99.4975,2009,MNG,Hovsgol,Mountains (Eurasia),Alpine,T/B100,Borehole,0.15,17,0.36,loam,1558,1556.3270263671875,3334.2036,289.9246826171875,60.63353,175
121,Prior Island,A32,-75.692829,162.880554,2009,ANT,SVL,Antarctica,Continuous,T/B1,Borehole,0.8,10,0.55,silt,30,0,7551.5356,0,166.01947,
122,Finger Point,A33,-77.004683,162.623283,2009,ANT,SVL,Antarctica,Continuous,T/B1,Borehole,-0.3,10,0.66,silt,190,0,8698.758,0,83.7437,
123,Boulder Clay,A7,-74.745489,164.020308,2009,ANT,SVL,Antarctica,Continuous,T/B3.6,Borehole,0,22,0.99,silt,205,0,7756.896,0,150.82675,30
124,Oasi,A8,-74.74167,164.1,2009,ANT,SVL,Antarctica,Continuous,T/B30,Borehole,-1.3,13,0.14,debris,52,0,7233.9478,0,150.82675,
125,Apostrophe Island,A30,-73.51885,167.433567,2009,ANT,NVL,Antarctica,Continuous,T/B1,Borehole,0.1,10,0.978,silt,20,0,6740.739,0,209.52512,
126,Edmonson Point,A31,-74.328494,165.131881,2009,ANT,NVL,Antarctica,Continuous,T/B1,Borehole,0.5,10,0.65,debris,30,0,7982.007,0,138.93005,
127,Deception Island (Crater Lake),A16,-62.9856507,-60.6787111,2009,ANT,AP,Antarctica,Discontinuous,100/P/B1.3,Probing,0.3,19,0.27,debris,85,117.97186279296875,1086.5002,265.6310729980469,821.7794,34
128,Deception Island (Irizar),A26,-62.9837,-60.7156671,2009,ANT,AP,Antarctica,Discontinuous,100/P/B1.2,Probing,4.4,19,0,debris,130,117.97186279296875,1086.5002,265.6310729980469,821.7794,67
129,Signy Island,A17,-60.7115,-45.5919,2009,ANT,AP,Antarctica,Discontinuous,T/B3.6,Borehole,7.2,12,0,debris,85,39.75744629,1542.4297,88.11135101,775.5089,148
130,Signy Island- Bertsen,A17A,-60.7083,-45.5941,2009,ANT,AP,Antarctica,Discontinuous,T/B30,Borehole,-0.9,14,0.07,debris,21,39.75744629,1542.4297,88.11135101,775.5089,
131,King George-Bellingshausen,A18,-62.1983,-58.9842,2009,ANT,AP,Antarctica,Discontinuous,100/T,Probing,1.9,16,0.03,debris,15,122.48660278320312,1255.1411,220.48834228515625,776.5144,86
132,Rothera,A19,-67.5719,-68.126,2009,ANT,AP,Antarctica,Discontinuous,T/B31,Probing,-2.2,15,0.42,debris,31,1.37890625,3158.9082,85.19214630126953,968.28973,97
133,Limnopolar Lake (Livingston Island),A25,-62.6498,-61.1047,2009,ANT,AP,Antarctica,Discontinuous,100/T,Probing,0.9,14,0.32,debris,80,115.7869873046875,1066.5765,266.18817138671875,818.43884,47
134,James Ross Island (JGM),A27,-63.8012464,-57.8834444,2009,ANT,AP,Antarctica,Continuous,70/T/G/B2.0,Probing,1.5,11,0.03,debris,10,18.606781005859375,3392.465,61.44978713989258,961.3364,
135,James Ross Island (Berry Hill),A28,-63.80257189,-57.83848112,2009,ANT,AP,Antarctica,Continuous,50/T/B0.9,Probing,0.1,14,0.04,debris,60,19.2154541,3368.476,61.44978713989258,935.91736,
136,Abernethy Flats,A34,-63.881389,-57.934722,2009,ANT,AP,Antarctica,Continuous,70/T/B,Borehole,0.1,13,0,debris,40,18.606781005859375,3392.465,61.44978713989258,961.3364,
137,Balcón I (Mendoza),SA2A,-32.9619,-69.3719,2009,ARG,Central Andes,Mountains (South America),Alpine,T/B,Borehole,1.9,13,0.14,debris,3560,726.6115723,1457.6914,634.1264648,287.36026,780
138,Balcón I Superior (Mendoza),SA2B,-32.955,-69.3706,2009,ARG,Central Andes,Mountains (South America),Alpine,T/B,Borehole,6.1,15,0,debris,3586,726.6115723,1457.6914,634.1264648,287.36026,530
139,Balcón II (Mendoza),SA2C,-32.9597,-69.3803,2009,ARG,Central Andes,Mountains (South America),Alpine,T/B,Borehole,2,22,0,debris,3770,726.6115723,1457.6914,634.1264648,287.36026,320
0,Barrow,U1,71.31667,-156.6,2010,USA,North America,North America,Continuous,1000/T,Probing,0.34,25,0.012,loam,3,461.5810241699219,3725.5662,96.75489807128906,159.24898,41
1,"Barrow, CRREL Plots",U2,71.31667,-156.5833,2010,USA,North America,North America,Continuous,10/T,Probing,0.27,25,0.017,loam,3,461.5810241699219,3725.5662,96.75489807128906,159.24898,41
2,Atkasuk,U3,70.45,-157.4,2010,USA,North America,North America,Continuous,1000/T,Probing,0.4,25,0.009,sand,22,901.0323486328125,4059.0483,100.46685028076172,144.3606,49
3,West Dock 1 ha grid,U4,70.3745,-148.5522,2010,USA,North America,North America,Continuous,100/T/B56,Probing,0.34,24,0.001,loam,3,677.3394165039062,3839.7336,58.318023681640625,141.10182,29
4,West Dock 1 km grid,U5,70.36667,-148.5667,2010,USA,North America,North America,Continuous,1000,Probing,0.25,24,0.039,loam,3,677.3394165039062,3839.7336,58.318023681640625,141.10182,46
5,Deadhorse,U6,70.1613,-148.4653,2010,USA,North America,North America,Continuous,100/T/B60,Probing,0.47,24,0.001,Loam,17,780.4918823242188,3990.6665,74.64199829101562,155.90437,65
6,Betty Pingo 1 km grid,U7 A,70.28333,-148.8667,2010,USA,North America,North America,Continuous,1000/T,Probing,0.2,24,0.401,loam,12,755.2979125976562,3946.6401,64.88630676269531,145.94164,49
7,Betty Pingo MNT,U7 B,70.2835,-148.8928,2010,USA,North America,North America,Continuous,100,Probing,0.28,24,0.117,loam,12,755.2979125976562,3946.6401,64.88630676269531,145.94164,34
8,Betty Pingo WET,U7 C,70.275,-148.919,2010,USA,North America,North America,Continuous,100,Probing,0.14,24,0.06,silt,12,755.2979125976562,3946.6401,64.88630676269531,145.94164,40
9,Franklin Bluff,U8,69.6739,-148.7219,2010,USA,North America,North America,Continuous,100/T/B60,Probing,0.59,24,0.001,sand,88,1032.2593994140625,4351.4136,118.49284362792969,170.07457,66
10,Happy Valley,U9 A,69.1466,-148.8483,2010,USA,North America,North America,Continuous,100/T/B40,Probing,0.49,20,0.001,loam,305,1165.3363037109375,4569.771,223.44064331054688,169.7956,43
11,Happy Valley 1 km grid,U9 B,69.1482,-148.8505,2010,USA,North America,North America,Continuous,1000/T,Probing,-0.01,25,0.92,silt,305,1160.2191162109375,4567.0806,226.7403106689453,169.23877,44
12,Lupine Hill,U10,69.12883,-148.5928,2010,USA,North America,North America,Continuous,100,Probing,0.29,24,0.003,silt,537,1169.04834,4490.8438,219.36148071289062,170.60318,54
13,Imnavait Creek  1 km grid,U11 A,68.6114,-149.3101,2010,USA,North America,North America,Continuous,1000/T,Probing,0.37,25,0.029,loam,910,1044.47168,4300.381,371.8414611816406,152.35912,63
14,Imnavait Creek WET,U11 B,68.611,-149.3145,2010,USA,North America,North America,Continuous,100,Probing,0.48,25,0.005,silt,917,1044.47168,4300.381,371.8414611816406,152.35912,64
15,Imnavait Creek MAT,U11 C,68.611,-149.30933,2010,USA,North America,North America,Continuous,100,Probing,0.35,25,0.034,silt,938,1044.47168,4300.381,371.8414611816406,152.35912,55
16,Toolik 1 km grid,U12 A,68.6215,-149.6063,2010,USA,North America,North America,Continuous,1000/T,Probing,0.28,25,0.073,silt,750,1080.036621,4290.536,355.42816162109375,151.99463,61
17,Toolik MAT,U12 B,68.624,-149.61817,2010,USA,North America,North America,Continuous,100,Probing,0.29,25,0.049,silt,777,1080.036621,4290.536,355.42816162109375,151.99463,53
18,Galbraith Lake,U14,68.4774,-149.5024,2010,USA,North America,North America,Continuous,100/T/B75,Probing,0.38,21,0.02,silt,823,1003.746094,4244.425,408.76446533203125,151.80215,59
19,Chandalar Shelf,U15,68.0691,-149.5804,2010,USA,North America,North America,Continuous,30/T/B61,Probing,0.45,24,0,silt,976,871.4955444335938,4059.3694,371.2502441,133.82834,43
20,Ivotuk  1 km grid,U26,68.48333,-155.7333,2010,USA,North America,North America,Continuous,1000,Probing,-0.15,20,0.31,peat,570,1022.5202026367188,4373.1973,239.67123413085938,182.84476,57
21,56 Mile,U56,69.5006,-148.5592,2010,USA,North America,North America,Continuous,100,Probing,0.07,25,0.55,loam,349,1107.7601318359375,4461.125,150.5371551513672,174.5621,67
22,Sagwon Hills MNT,U32 A,69.441,-148.67033,2010,USA,North America,North America,Continuous,100,Probing,0.17,25,0.13,silt,269,1116.9234619140625,4539.866,169.75070190429688,174.52045,62
23,Sagwon Hills MAT,U32 B,69.401,-148.8056,2010,USA,North America,North America,Continuous,100,Probing,0.17,25,0.2,silt,360,1112.4564208984375,4534.8774,170.11520385742188,174.61234,43
24,Drew Point,U20,70.8645,-153.91,2010,USA,North America,North America,Continuous,T/B640,Borehole,0.57,20,0,silt,5,590.3443603515625,3789.8108,90.50335693359375,150.77104,42
25,Inigok,U21,69.98962,-153.09,2010,USA,North America,North America,Continuous,T/B625,Borehole,0.09,25,0.87,silt,53,979.7459716796875,4133.854,88.28623962402344,157.24542,43
26,Fish Creek,U22,70.33523,-152.05,2010,USA,North America,North America,Continuous,T/B735,Borehole,0.23,20,0.09,silt,31,860.6925048828125,4002.4731,72.92660522460938,148.5358,33
27,Umiat,U24,69.3957,-152.14,2010,USA,North America,North America,Continuous,T/B640,Borehole,0.07,21,0.62,silt,201,1085.7493896484375,4447.71,137.5977325439453,180.62387,37
28,Tunalik,U25,70.1959,-161.08,2010,USA,North America,North America,Continuous,T/B393,Borehole,0.3,25,0.14,silt,26,848.1542969,3773.274,128.53106689453125,177.73209,64
29,Niguanak,U29,69.8894,-142.98,2010,USA,North America,North America,Continuous,T/B/30?,Borehole,0.57,22,0.1,silt,84,751.130127,3718.811,109.04566192626953,149.10178,59
30,Koluktak,U30,69.7516,-154.62,2010,USA,North America,North America,Continuous,T/B/,Borehole,0.14,21,0.08,silt,60,1052.892333984375,4240.829,97.90322113,164.91837,120
31,Piksiksak,U37,70.0366,-157.08,2010,USA,North America,North America,Continuous,T/B/,Borehole,-0.31,21,0.21,silt,33,997.532959,4134.9087,113.81729125976562,160.78775,55
32,East Teshekpuk,U38,70.5685,-152.97,2010,USA,North America,North America,Continuous,T/B/,Borehole,-0.26,21,0.14,silt,7,719.5428466796875,3887.115,64.16918945,142.36209,36
33,North Head (thaw tube),C3 A,69.71972,-134.4619,2010,Canada,North America,North America,Continuous,TT,Thaw Tube,-0.01,13,0.9,silt,2,964.0985107421875,3612.0903,115.57196807861328,147.05745,
34,Lousy Point (Thaw tube),C5 A,69.21889,-134.2911,2010,Canada,North America,North America,Continuous,TT/T/B30,Thaw Tube,0.57,23,0,sand,30,1230.025146484375,3740.4414,132.70169067382812,136.57054,74
35,Old Man,U16,66.45,-150.6167,2010,USA,North America,North America,Discontinuous,100/T/B63,Probing,0.24,22,0.12,silt,390,1662.2481689453125,3301.875,293.6780090332031,148.75334,46
36,Wickersham,U17,65.1667,-147.9,2010,USA,North America,North America,Discontinuous,TT/P,Probing,0.47,25,0,loam,335,1882.414306640625,3006.6436,284.1572266,110.152794,48
37,Pearl Creek,U19,64.9,-147.8167,2010,USA,North America,North America,Discontinuous,TT/P,Probing,5.82,25,0,silt,213,2195.686035,2681.0088,252.38455200195312,91.95396,78
38,Farmers Loop,U41,64.88,-147.67,2010,USA,North America,North America,Discontinuous,100,Probing,0.63,20,0,silt,151,2181.991699,2641.195,247.56301879882812,91.21481,57
39,Eagle,U51,64.7777,-141.10954,2010,USA,North America,North America,Discontinuous,50/P/T,Probing,0.04,11,0.98,peat,280,1872.5274658203125,2969.062,398.0111999511719,120.21675,65
40,Nenana,U57,64.55446,-149.08339,2010,USA,North America,North America,Discontinuous,50/P/T,Probing,2.57,10,0,loam,111,2286.809082,2755.8853,211.03768920898438,93.58519,61
41,Council Grid,U27,64.8442,-163.7202,2010,USA,North America,North America,Discontinuous,1000,Probing,0.82,21,0,loam,61,1312.383301,2877.891,280.0327148,258.275,65
42,Kougarok,U28,65.454,-164.6268,2010,USA,North America,North America,Discontinuous,1000,Probing,0.4,21,0.04,loam,250,1168.413086,3188.6768,207.09385681152344,158.53976,64
43,Reindeer Depot  (Thaw tube),C7 A,68.68472,-134.1458,2010,Canada,North America,North America,Discontinuous,TT,Thaw Tube,1.21,21,0,silt,34,1372.2203369140625,3766.1348,178.91549682617188,119.06369,137
44,Rengleng River  (Thaw tube),C8 A,67.795,-134.1261,2010,Canada,North America,North America,Discontinuous,TT,Thaw Tube,0.24,14,0.19,sand,11,1638.629638671875,3850.9587,218.11045837402344,116.05739,
45,"Janssonhaugen, Svalbard",N1,78.1793,16.467,2010,NOR,Norway/Svalbard,Mountains (Europe),Alpine,T/B102,Borehole,1.31,25,0,debris,270,202.14944458007812,3344.6487,49.11289596557617,433.64185,184
46,"Junvvasshoe, Norway",N2,61.6775823,8.3693057,2010,NOR,Norway/Svalbard,Mountains (Europe),Alpine,T/B129,Borehole,1.08,24,0.01,debris,1894,703.8961181640625,2608.2837,537.0767822265625,384.0611,217
47,"Snoheim DB2, Norway",N5,62.2958,9.352,2010,NOR,Norway/Svalbard,Mountains (Europe),Alpine,T/B9,Borehole,8.45,17,0,debris,1481,771.8432617,2548.7637,457.2254638671875,348.10944,
48,Lapires,CH3,46.106117,7.284349,2010,SWI,Switzerland,Mountains (Europe),Alpine,T/B19,Borehole,12.2,22,0,debris,2656,1417.0836181640625,1421.3604,1022.981689453125,514.11957,540
49,Corvatsch,CH1,46.42879,9.821836,2010,SWI,Switzerland,Mountains (Europe),Alpine,T/B62,Borehole,15.49,23,0,debris,2670,764.8253173828125,1989.8135,596.932373,891.33057,353
50,Stockhorn,CH4,45.986786,7.824201,2010,SWI,Switzerland,Mountains (Europe),Alpine,T/B100,Borehole,9.08,22,0,debris,3327,513.050293,2495.8503,658.3465576171875,1104.7854,329
51,Les Attelas,CH5,46.096772,7.273075,2010,SWI,Switzerland,Mountains (Europe),Alpine,T/B26,Borehole,7.08,16,0,debris,2507,1417.0836181640625,1421.3604,1022.981689453125,514.11957,383
52,Gentianes,CH7,46.083705,7.302472,2010,SWI,Switzerland,Mountains (Europe),Alpine,T/B20,Borehole,27.76,18,0,debris,2896,1417.0836181640625,1421.3604,1022.981689453125,514.11957,201
53,Schilthorn,CH2,46.558282,7.834426,2010,SWI,Switzerland,Mountains (Europe),Alpine,T/B101,Borehole,36.21,25,0,debris,2900,1621.1539306640625,1107.279,1277.8101806640625,542.727,674
54,Fluela,CH8,46.748868,9.943555,2010,SWI,Switzerland,Mountains (Europe),Alpine,T/B23,Borehole,-0.47,19,0.01,debris,2413,958.4001465,1823.6069,883.1714477539062,601.92523,294
55,Muot da Barba Peider,CH9,46.496573,9.93141,2010,SWI,Switzerland,Mountains (Europe),Alpine,T/B18,Borehole,10.59,19,0.01,debris,2941,810.3336181640625,2059.073,563.0249023,802.57434,203
56,Matterhorn,CH10,45.982321,7.676049,2010,SWI,Switzerland,Mountains (Europe),Alpine,T/B53,Borehole,9.57,15,0,debris,3204,568.8695678710938,2424.2495,580.1938477,1032.1758,298
57,Schafberg,CH11,46.498797,9.925215,2010,SWI,Switzerland,Mountains (Europe),Alpine,T/B60,Borehole,0.89,22,0,debris,2731,810.3336181640625,2059.073,563.0249023,802.57434,510
58,Ritigraben,CH12,46.174694,7.849835,2010,SWI,Switzerland,Mountains (Europe),Alpine,T/B30,Borehole,3.11,22,0.01,debris,2640,1112.900146484375,1717.3995,880.2307129,535.2863,342
59,Cime Bianche,IT2,45.920046,7.693595,2010,IT,Switzerland,Mountains (Europe),Alpine,T/B41,Borehole,20.21813725,17,0,debris,3100,1060.2847900390625,1739.855,893.6998291015625,748.01575,381
60,Stelvio,IT3,45.5187,10.4569,2010,IT,Switzerland,Mountains (Europe),Alpine,T/B100,Borehole,9.69,24,0,debris,2612,4508.467285,4.9863586,1568.334716796875,215.32193,281
61,Aiguille du Midi SE,FRA1a,45.878173,6.887653,2010,FRA,Switzerland,Mountains (Europe),Alpine,T/B10,Borehole,17.61356297,12,0,debris,3753,1005.0789184570312,1734.7185,870.2266845703125,723.76074,519
62,Aiguille du Midi NW,FRA1b,45.878679,6.887216,2010,FRA,Switzerland,Mountains (Europe),Alpine,T/B10,Borehole,7.678571429,15,0,debris,3745,1005.0789184570312,1734.7185,870.2266845703125,723.76074,182
63,Aiguille du Midi NE,FRA1c,45.878585,6.888098,2010,FRA,Switzerland,Mountains (Europe),Alpine,TB/10,Borehole,13.51785714,14,0,debris,3738,1005.0789184570312,1734.7185,870.2266845703125,723.76074,306
64,Bolvansky,R24,68.3,54.5,2010,RUS,Russian European North,Russian Northwest,Continuous,100,Probing,0.09,23,0.82,loam,28,1091.438720703125,2425.289,393.6593017578125,211.88853,104
65,Kashin Island,R24 A,68.23333,53.85,2010,RUS,Russian European North,Russian Northwest,Continuous,100,Probing,3.85,15,0,sand,9,1115.127441,2418.1704,360.9997253417969,206.30252,58
66,Zackenberg; ZEROCALM 1,G1,74.473,-20.5528,2010,DEN,Denmark (Greenland),Nordic Arctic,Continuous,100/T,Probing,0.64,25,0,loam,36,204.41757202148438,4281.106,21.02025795,234.92549,78
67,Zackenberg; ZEROCALM 2,G2,74.466,-20.5643,2010,DEN,Denmark (Greenland),Nordic Arctic,Continuous,150/T,Probing,0.5,25,0.02,loam,16,204.41757202148438,4281.106,21.02025795,234.92549,70
68,UNISCALM,N3,78.200956,15.836412,2010,NOR,Norway/Svalbard,Nordic Arctic,Continuous,100/T,Probing,0.52,25,0.01,sand,10,264.60723876953125,3074.3083,73.94227600097656,414.14456,101
69,"Ayach-Yakha, Vorkuta",R2,67.58333,64.18333,2010,RUS,Russian European North,Russian Northwest,Discontinuous,100/T,Probing,0.69,25,0,loam,148,832.2426758,3498.1072,414.30206298828125,363.07205,89
70,Talnik,R23,67.33333,63.73333,2010,RUS,Russian European North,Russian Northwest,Discontinuous,100,Probing,2.52,22,0,loam,120,909.3115844726562,3423.1553,493.5231018066406,283.13525,138
71,Seida,R52,67.06556,62.92508,2010,RUS,Russian European North,Russian Northwest,Discontinuous,100,Probing,1.21,13,0,peat,100,1006.485595703125,3288.5981,493.9425964355469,233.55602,
72,"Abisko area, Sweden",S2,68.33333,18.83333,2010,SWE,Sweden/Svalbard,Nordic Arctic,Discontinuous,100/T,Probing,1.25,24,0,peat,900,777.1627807617188,2374.3894,507.90106201171875,396.8355,69
73,Nadym; West Siberia,R1,65.314861,72.864194,2010,RUS,West Siberia,West Siberia,Discontinuous,100/T/B10,Probing,3.38,25,0,sand,28,1148.949462890625,3692.9307,400.85247802734375,194.66176,114
74,Nadym WET; West Siberia,R1b,65.23375,72.518417,2010,RUS,West Siberia,West Siberia,Discontinuous,100,Probing,6.18,12,0,sand,7,1173.4998779296875,3661.6792,397.7720947265625,190.20374,
75,"Marre Sale, Yamal Peninsula",R3,69.71667,66.75,2010,RUS,West Siberia,West Siberia,Continuous,1000/T/B10,Probing,0.7,23,0.09,sand,18,487.48126220703125,3030.6545,354.24542236328125,244.66267,98
76,"Vaskiny Dachy, Yamal Peninsula",R5,70.28333,68.9,2010,RUS,West Siberia,West Siberia,Continuous,100/T/B10,Probing,0.43,24,0.05,silt,29,570.0042724609375,3906.19,231.3276824951172,245.98114,87
77,"Vaskiny Dachy, Yamal Peninsula",R5a,70.28333,68.9,2010,RUS,West Siberia,West Siberia,Continuous,50,Probing,0.5,18,0.2,loam,45,570.0042724609375,3906.19,231.3276824951172,245.98114,67
78,"Vaskiny Dachi, Yamal Peninsula",R5b,70.2755,68.89164,2010,RUS,West Siberia,West Siberia,Continuous,50,Probing,0.74,18,0.04,silt,35,570.0042724609375,3906.19,231.3276824951172,245.98114,65
79,"Vaskiny Dachi, Yamal Peninsula",R5c,70.2955,68.88347,2010,RUS,West Siberia,West Siberia,Continuous,50,Probing,1.12,18,0.06,sand,25,570.0042724609375,3906.19,231.3276824951172,245.98114,106
80,Urengoy Gas Field GP5,R50a,66.31325,76.903478,2010,RUS,West Siberia,West Siberia,Discontinuous,100/T/B10,Probing,3.68,17,0,sand,59,974.248291,4111.881,300.47589111328125,271.89685,77
81,Urengoy Gas Field GP15,R50b,67.47791,76.69529,2010,RUS,West Siberia,West Siberia,Discontinuous,100/T/B10,Probing,2.67,16,0,sand,32,890.416748,4200.5537,288.33538818359375,267.4638,80
82,Bely Island (silt),R55,73.32694,70.08528,2010,RUS,West Siberia,West Siberia,Continuous,50,Probing,0.36,15,0.04,silt,4.2,380.0416564941406,3338.2441,202.1592254638672,246.89844,50
83,Bely Island (sand),R55a,73.32861,70.08833,2010,RUS,West Siberia,West Siberia,Continuous,25,Probing,2.08,15,0,sand,3.4,380.0416564941406,3338.2441,202.1592254638672,246.89844,90
84,Bykovsky (Lena delta) (alas),R29 B,71.7855,71.41917,2010,RUS,Central Siberia,Central Siberia,Continuous,100,Probing,0.05,20,0.65,loam,5,464.6617126464844,3897.4434,229.60714721679688,233.434,28
85,Talnah (Norilsk Region),R32,69.43333,88.46667,2010,RUS,Central Siberia,Central Siberia,Continuous,100,Probing,1.02,20,0.01,loam,67,868.5947266,4610.3726,493.0765686035156,372.34354,94
86,Igarka,R40,67.48135,86.4347,2010,RUS,Central Siberia,Central Siberia,Discontinuous,100,Probing,2.97,16,0,loam,40,1004.5570068359375,4439.2246,350.6929931640625,331.4691,62
87,Tuymada (Yakutsk region),R42,62.0133,129.65683,2010,RUS,Central Siberia,Central Siberia,Continuous,50/TT,Thaw Tube,0.5,17,0,sand,101,2164.712891,4936.835,183.70823669433594,78.10195,197
88,Neleger (Yakutsk region),R43,62.31618,129.49952,2010,RUS,Central Siberia,Central Siberia,Continuous,50/TT,Thaw Tube,0.06,17,0.77,loam,210,2015.802978515625,5033.4043,194.17987060546875,84.60988,123
89,Samoylov,R51,72.369775,126.48063,2010,RUS,Central Siberia,Central Siberia,Continuous,150,Probing,0.42,22,0.02,sand,14,1068.2921142578125,5037.517,162.36746215820312,155.06702,58
90,"Cape Chukochii; edoma, Kolyma",R13 A,70.08333,159.5833,2010,RUS,Northeast Siberia,Northeast Siberia,Continuous,100/T/B30,Probing,-0.04,22,0.84,loam,32,692.2312622070312,4516.441,136.5130615234375,111.068756,52
91,"Cape Chukochi, alas, Kolyma",R13 B,70.08333,159.9167,2010,RUS,Northeast Siberia,Northeast Siberia,Continuous,100,Probing,-0.02,22,0.95,loam,32,605.7047729492188,4401.026,147.32696533203125,117.86374,46
92,"Chukochya River, Kolyma",R14,69.48333,156.9833,2010,RUS,Northeast Siberia,Northeast Siberia,Continuous,100/T/B25,Probing,0.27,16,0.05,loam,31,1083.531005859375,4869.372,179.01455688476562,97.95085,49
93,"Konkovaya River, Kolyma",R15 A,69.38333,158.4667,2010,RUS,Northeast Siberia,Northeast Siberia,Continuous,100/T/B50,Probing,-0.34,17,0.36,loam,20,1080.408935546875,4818.866,162.7642822265625,96.26587,48
94,"Konkovaya River, Kolyma",R15 B,69.38333,158.4667,2010,RUS,Northeast Siberia,Northeast Siberia,Continuous,100/T/B50,Probing,-0.19,17,0.45,loam,41,1080.408935546875,4818.866,162.7642822265625,96.26587,45
95,"Segodnya Pingo, Kolyma",R16,69.08333,158.9,2010,RUS,Northeast Siberia,Northeast Siberia,Continuous,100,Probing,-0.47,19,0.24,peat,30,1233.593017578125,4885.3594,165.78128051757812,98.25986,56
96,Akhmelo channel; Kolyma,R17,68.81667,161,2010,RUS,Northeast Siberia,Northeast Siberia,Continuous,100/T,Probing,0.61,23,0,loam,5,1438.540527,4848.164,194.01304626464844,113.55637,56
97,Mt. Rodinka; Kolyma,R18,68.9255,161.5046,2010,RUS,Northeast Siberia,Northeast Siberia,Continuous,100/T,Probing,0.05,23,0.81,loam,152,1432.3917236328125,4799.4805,194.1503143310547,129.21043,84
98,Mt. Rodinka; Kolyma (10 m grid),R18 A,68.7417,161.5042,2010,RUS,Northeast Siberia,Northeast Siberia,Continuous,10/T,Probing,1.03,19,0,loam,152,1473.851563,4726.4736,200.41452026367188,122.00293,104
99,"Lake Glukhoe, Kolyma",R19,68.8,160.95,2010,RUS,Northeast Siberia,Northeast Siberia,Continuous,100,Probing,0.55,21,0.08,sand,15,1438.540527,4848.164,194.01304626464844,113.55637,103
100,"Malchilovskaya Channel, Kolyma",R20,68.51667,161.4333,2010,RUS,Northeast Siberia,Northeast Siberia,Continuous,100,Probing,0.54,23,0,loam,10,1584.0782470703125,4897.6074,189.09207153320312,111.065125,53
101,"Lake Akhmelo, Kolyma",R21,68.83333,161.0333,2010,RUS,Northeast Siberia,Northeast Siberia,Continuous,100/T/B15,Probing,0.13,23,0.67,sand,10,1438.540527,4848.164,194.01304626464844,113.55637,110
102,Alazeya River,R22,69.31667,154.9833,2010,RUS,Northeast Siberia,Northeast Siberia,Continuous,100/B23,Probing,0.2,19,0.16,loam,60,1167.799316,4999.678,190.22882080078125,95.98943,57
103,Jakutskoe Lake,R25,69.85,159.5,2010,RUS,Northeast Siberia,Northeast Siberia,Continuous,100,Probing,-0.02,20,0.89,loam,9,764.9304809570312,4482.1074,162.5266571044922,126.21997,65
104,Allaiha (Indigirka basin),R31,70.55,147.4333,2010,RUS,Northeast Siberia,Northeast Siberia,Continuous,100,Probing,-0.02,16,0.96,loam,42,1067.90918,5114.325,192.2327880859375,143.99597,52
105,Omolon,R35,68.73333,158.9,2010,RUS,Northeast Siberia,Northeast Siberia,Continuous,100,Probing,-0.02,17,0.93,loam,4,1373.4412841796875,4917.1484,173.7595672607422,105.22171,52
106,Andryushkino,R36,69.16667,154.4333,2010,RUS,Northeast Siberia,Northeast Siberia,Continuous,100,Probing,0.4,19,0.01,loam,21,1208.6041259765625,5025.061,190.50653076171875,95.7993,31
107,Mt. Rodinka (Control),R38 A,68.7,161.55,2010,RUS,Northeast Siberia,Northeast Siberia,Continuous,10/T,Probing,0.12,15,0.86,loam,75,1466.280762,4719.6133,201.30099487304688,122.98164,145
108,Mt. Rodinka (Station),R38 C,68.74,161.3928,2010,RUS,Northeast Siberia,Northeast Siberia,Continuous,10/T,Probing,-1.03,21,0,loam,31,1479.683105,4750.17,199.90182495117188,120.88825,82
109,Cape Rogozhny; Chukotka,R9,64.78333,176.9667,2010,RUS,Chukotka,Northeast Siberia,Continuous,100/T,Probing,0.17,25,0.21,loam,17,1269.959228515625,3378.15,245.55508422851562,203.85785,52
110,"Mt. Dionisy, Chukotka",R11,64.56667,177.2,2010,RUS,Chukotka,Northeast Siberia,Continuous,100/T,Probing,0.12,24,0.42,loam,148,1161.117919921875,3117.1792,245.45431518554688,217.58295,53
111,Lavrentia,R27,65.6,-171.05,2010,RUS,Chukotka,Northeast Siberia,Continuous,100,Probing,0.4,25,0.02,loam,100,826.3197021484375,3014.057,233.69097900390625,307.62988,74
112,Lorino,R41,65.539667,-171.63023,2010,RUS,Chukotka,Northeast Siberia,Continuous,100,Probing,0.87,15,0,sand,45,854.8341064453125,3226.4902,203.50241088867188,284.53812,47
113,Kruglaya (Anadyr),R45,64.63333,176.9667,2010,RUS,Chukotka,Northeast Siberia,Continuous,100,Probing,0.04,15,0.82,silt,2.5,1228.397949,3278.8977,234.29420471191406,216.42815,42
114,Ploskii Tolbachik (Kamchatka) 2,R30 C,55.89092,160.5375,2010,RUS,Kamchatka,Mountains (Eurasia),Alpine,100,Probing,0.23,17,0.03,silt,1630,902.8276367,3128.3132,535.4181518554688,603.8478,50
115,Baganuur Depression,M 1,47.68889,108.2625,2010,MNG,Hentei,Mountains (Eurasia),Alpine,T/B15,Borehole,4.42,22,0,sand,1350,2325.054443359375,2779.4136,201.99185180664062,49.119858,360
116,Nalaikh – northern slope,M2 A,47.75444,107.25,2010,MNG,Hentei,Mountains (Eurasia),Alpine,T/T/B50,Borehole,1.7,23,0,loam,1512,2178.864013671875,2837.9856,207.46046447753906,58.350746,340
117,Terkh – valley bottom,M6 A,48.08194,99.37333,2010,MNG,Hangai,Mountains (Eurasia),Alpine,T/B15,Borehole,1.22,22,0,sand,2050,1448.135742,3360.3425,336.8325195,109.07883,290
118,Chuluut – pingo top,M7 A,48.04111,100.39167,2010,MNG,Hangai,Mountains (Eurasia),Alpine,T/B15,Borehole,1.74,22,0,silt,1870,1602.8187255859375,3059.8428,338.0760498046875,98.56697,165
119,Hatgal – lake terrace,M11,50.43861,100.15028,2010,MNG,Hovsgol,Mountains (Eurasia),Alpine,T/B6,Borehole,5.38,21,0,sand,1662,1551.1253662109375,3158.9634,368.37982177734375,96.026566,580
120,Darhad Khuurch,M13 A,51.18722,99.4975,2010,MNG,Hovsgol,Mountains (Eurasia),Alpine,T/B100,Borehole,0.15,17,0.36,loam,1558,1549.660645,3538.2505,329.74578857421875,103.19397,175
121,Prior Island,A32,-75.692829,162.880554,2010,ANT,SVL,Antarctica,Continuous,T/B1,Borehole,0.8,10,0.55,silt,30,0.253448486,7634.989,0,81.27222,
122,Finger Point,A33,-77.004683,162.623283,2010,ANT,SVL,Antarctica,Continuous,T/B1,Borehole,-0.3,10,0.66,silt,190,0.14944458,8785.772,0,40.616734,
123,Boulder Clay,A7,-74.745489,164.020308,2010,ANT,SVL,Antarctica,Continuous,T/B3.6,Borehole,0,22,0.99,silt,205,0.272613525,8047.039,0,125.71385,28
124,Oasi,A8,-74.74167,164.1,2010,ANT,SVL,Antarctica,Continuous,T/B30,Borehole,-1.3,13,0.14,debris,52,0.272613525,7355.5986,0,125.71385,149
125,Apostrophe Island,A30,-73.51885,167.433567,2010,ANT,NVL,Antarctica,Continuous,T/B1,Borehole,0.1,10,0.978,silt,20,0.045562744,6866.712,0,166.0918,
126,Edmonson Point,A31,-74.328494,165.131881,2010,ANT,NVL,Antarctica,Continuous,T/B1,Borehole,0.5,10,0.65,debris,30,0.000396729,8089.075,0,108.39514,
127,Deception Island (Crater Lake),A16,-62.9856507,-60.6787111,2010,ANT,AP,Antarctica,Discontinuous,100/P/B1.3,Probing,0.3,19,0.27,debris,85,63.67993164,675.49915,131.23178100585938,1208.2866,31
128,Deception Island (Irizar),A26,-62.9837,-60.7156671,2010,ANT,AP,Antarctica,Discontinuous,100/P/B1.2,Probing,4.4,19,0,debris,130,63.67993164,675.49915,131.23178100585938,1208.2866,46
129,Signy Island,A17,-60.7115,-45.5919,2010,ANT,AP,Antarctica,Discontinuous,T/B3.6,Borehole,7.2,12,0,debris,85,20.733306884765625,1158.6478,0,849.2066,130
130,Signy Island- Bertsen,A17A,-60.7083,-45.5941,2010,ANT,AP,Antarctica,Discontinuous,T/B30,Borehole,-0.9,14,0.07,debris,21,20.733306884765625,1158.6478,0,849.2066,
131,King George-Bellingshausen,A18,-62.1983,-58.9842,2010,ANT,AP,Antarctica,Discontinuous,100/T,Probing,1.9,16,0.03,debris,15,77.21414184570312,718.00085,92.68950653076172,1027.3022,45
132,Rothera,A19,-67.5719,-68.126,2010,ANT,AP,Antarctica,Discontinuous,T/B31,Probing,-2.2,15,0.42,debris,31,0.907470703,2530.0852,48.85475540161133,1658.0208,129
133,Limnopolar Lake (Livingston Island),A25,-62.6498,-61.1047,2010,ANT,AP,Antarctica,Discontinuous,100/T,Probing,0.9,14,0.32,debris,80,66.64340209960938,664.1967,131.23178100585938,1207.3215,43
134,James Ross Island (JGM),A27,-63.8012464,-57.8834444,2010,ANT,AP,Antarctica,Continuous,70/T/G/B2.0,Probing,1.5,11,0.03,debris,10,2.612396240234375,2668.5266,92.68950653076172,947.97095,
135,James Ross Island (Berry Hill),A28,-63.80257189,-57.83848112,2010,ANT,AP,Antarctica,Continuous,50/T/B0.9,Probing,0.1,14,0.04,debris,60,2.810089111328125,2643.083,92.68950653076172,907.79224,
136,Abernethy Flats,A34,-63.881389,-57.934722,2010,ANT,AP,Antarctica,Continuous,70/T/B,Borehole,0.1,13,0,debris,40,2.612396240234375,2668.5266,92.68950653076172,947.97095,
137,Balcón I (Mendoza),SA2A,-32.9619,-69.3719,2010,ARG,Central Andes,Mountains (South America),Alpine,T/B,Borehole,1.9,13,0.14,debris,3560,730.0648803710938,1588.9296,493.61712646484375,218.30249,830
138,Balcón I Superior (Mendoza),SA2B,-32.955,-69.3706,2010,ARG,Central Andes,Mountains (South America),Alpine,T/B,Borehole,6.1,15,0,debris,3586,730.0648803710938,1588.9296,493.61712646484375,218.30249,540
139,Balcón II (Mendoza),SA2C,-32.9597,-69.3803,2010,ARG,Central Andes,Mountains (South America),Alpine,T/B,Borehole,2,22,0,debris,3770,730.0648803710938,1588.9296,493.61712646484375,218.30249,320
0,Barrow,U1,71.31667,-156.6,2011,USA,North America,North America,Continuous,1000/T,Probing,0.34,25,0.012,loam,3,448.9181823730469,3703.166,85.41911315917969,148.58911,41
1,"Barrow, CRREL Plots",U2,71.31667,-156.5833,2011,USA,North America,North America,Continuous,10/T,Probing,0.27,25,0.017,loam,3,448.9181823730469,3703.166,85.41911315917969,148.58911,39
2,Atkasuk,U3,70.45,-157.4,2011,USA,North America,North America,Continuous,1000/T,Probing,0.4,25,0.009,sand,22,852.5653076171875,4095.1182,111.06834411621094,129.42258,50
3,West Dock 1 ha grid,U4,70.3745,-148.5522,2011,USA,North America,North America,Continuous,100/T/B56,Probing,0.34,24,0.001,loam,3,592.8779297,4081.2944,79.75872802734375,124.458916,29
4,West Dock 1 km grid,U5,70.36667,-148.5667,2011,USA,North America,North America,Continuous,1000,Probing,0.25,24,0.039,loam,3,592.8779297,4081.2944,79.75872802734375,124.458916,51
5,Deadhorse,U6,70.1613,-148.4653,2011,USA,North America,North America,Continuous,100/T/B60,Probing,0.47,24,0.001,Loam,17,692.5422363,4183.8794,91.47949219,122.52931,63
6,Betty Pingo 1 km grid,U7 A,70.28333,-148.8667,2011,USA,North America,North America,Continuous,1000/T,Probing,0.2,24,0.401,loam,12,666.5796508789062,4163.7173,85.28759766,122.08538,54
7,Betty Pingo MNT,U7 B,70.2835,-148.8928,2011,USA,North America,North America,Continuous,100,Probing,0.28,24,0.117,loam,12,666.5796508789062,4163.7173,85.28759766,122.08538,36
8,Betty Pingo WET,U7 C,70.275,-148.919,2011,USA,North America,North America,Continuous,100,Probing,0.14,24,0.06,silt,12,666.5796508789062,4163.7173,85.28759766,122.08538,43
9,Franklin Bluff,U8,69.6739,-148.7219,2011,USA,North America,North America,Continuous,100/T/B60,Probing,0.59,24,0.001,sand,88,945.8948364257812,4398.702,106.35038757324219,124.79292,65
10,Happy Valley,U9 A,69.1466,-148.8483,2011,USA,North America,North America,Continuous,100/T/B40,Probing,0.49,20,0.001,loam,305,1065.685302734375,4457.44,166.96710205078125,143.00607,40
11,Happy Valley 1 km grid,U9 B,69.1482,-148.8505,2011,USA,North America,North America,Continuous,1000/T,Probing,-0.01,25,0.92,silt,305,1060.641602,4448.985,169.9569549560547,142.4689,47
12,Lupine Hill,U10,69.12883,-148.5928,2011,USA,North America,North America,Continuous,100,Probing,0.29,24,0.003,silt,537,1070.710449,4375.147,162.9327392578125,144.22745,57
13,Imnavait Creek  1 km grid,U11 A,68.6114,-149.3101,2011,USA,North America,North America,Continuous,1000/T,Probing,0.37,25,0.029,loam,910,866.8789063,4293.805,199.07595825195312,234.85371,59
14,Imnavait Creek WET,U11 B,68.611,-149.3145,2011,USA,North America,North America,Continuous,100,Probing,0.48,25,0.005,silt,917,866.8789063,4293.805,199.07595825195312,234.85371,56
15,Imnavait Creek MAT,U11 C,68.611,-149.30933,2011,USA,North America,North America,Continuous,100,Probing,0.35,25,0.034,silt,938,866.8789063,4293.805,199.07595825195312,234.85371,47
16,Toolik 1 km grid,U12 A,68.6215,-149.6063,2011,USA,North America,North America,Continuous,1000/T,Probing,0.28,25,0.073,silt,750,901.9333496,4225.283,260.40985107421875,165.03885,55
17,Toolik MAT,U12 B,68.624,-149.61817,2011,USA,North America,North America,Continuous,100,Probing,0.29,25,0.049,silt,777,901.9333496,4225.283,260.40985107421875,165.03885,47
18,Galbraith Lake,U14,68.4774,-149.5024,2011,USA,North America,North America,Continuous,100/T/B75,Probing,0.38,21,0.02,silt,823,810.3984375,4247.871,211.8842773,241.61176,50
19,Chandalar Shelf,U15,68.0691,-149.5804,2011,USA,North America,North America,Continuous,30/T/B61,Probing,0.45,24,0,silt,976,660.3693848,4225.4106,228.06442260742188,247.52652,41
20,Ivotuk  1 km grid,U26,68.48333,-155.7333,2011,USA,North America,North America,Continuous,1000,Probing,-0.15,20,0.31,peat,570,874.6715087890625,4193.6934,238.05764770507812,182.05481,53
21,56 Mile,U56,69.5006,-148.5592,2011,USA,North America,North America,Continuous,100,Probing,0.07,25,0.55,loam,349,1018.5076293945312,4424.047,119.04246520996094,130.14554,75
22,Sagwon Hills MNT,U32 A,69.441,-148.67033,2011,USA,North America,North America,Continuous,100,Probing,0.17,25,0.13,silt,269,1026.3702392578125,4479.9463,131.07342529296875,134.97119,65
23,Sagwon Hills MAT,U32 B,69.401,-148.8056,2011,USA,North America,North America,Continuous,100,Probing,0.17,25,0.2,silt,360,1021.2242431640625,4468.1123,132.23802185058594,134.6377,47
24,Drew Point,U20,70.8645,-153.91,2011,USA,North America,North America,Continuous,T/B640,Borehole,0.57,20,0,silt,5,528.6704102,3916.8774,86.76271057128906,149.60706,44
25,Inigok,U21,69.98962,-153.09,2011,USA,North America,North America,Continuous,T/B625,Borehole,0.09,25,0.87,silt,53,911.1619873046875,4217.8237,114.71188354492188,121.66317,41
26,Fish Creek,U22,70.33523,-152.05,2011,USA,North America,North America,Continuous,T/B735,Borehole,0.23,20,0.09,silt,31,795.6306762695312,4184.6465,88.90333557128906,122.097336,31
27,Umiat,U24,69.3957,-152.14,2011,USA,North America,North America,Continuous,T/B640,Borehole,0.07,21,0.62,silt,201,1006.6216430664062,4346.5884,123.93827056884766,133.75267,39
28,Tunalik,U25,70.1959,-161.08,2011,USA,North America,North America,Continuous,T/B393,Borehole,0.3,25,0.14,silt,26,796.6347045898438,3667.5796,157.02243041992188,162.19197,64
29,Niguanak,U29,69.8894,-142.98,2011,USA,North America,North America,Continuous,T/B/30?,Borehole,0.57,22,0.1,silt,84,634.6329345703125,3985.1553,112.27642822265625,121.0916,60
30,Koluktak,U30,69.7516,-154.62,2011,USA,North America,North America,Continuous,T/B/,Borehole,0.14,21,0.08,silt,60,985.7474365234375,4237.7515,121.49514770507812,129.41798,120
31,Piksiksak,U37,70.0366,-157.08,2011,USA,North America,North America,Continuous,T/B/,Borehole,-0.31,21,0.21,silt,33,929.6353759765625,4111.3555,128.61557006835938,136.22537,54
32,East Teshekpuk,U38,70.5685,-152.97,2011,USA,North America,North America,Continuous,T/B/,Borehole,-0.26,21,0.14,silt,7,637.4128418,4057.1504,75.26785278320312,134.12177,34
33,North Head (thaw tube),C3 A,69.71972,-134.4619,2011,Canada,North America,North America,Continuous,TT,Thaw Tube,-0.01,13,0.9,silt,2,853.4694824,3974.4707,82.00024414,118.633644,
34,Lousy Point (Thaw tube),C5 A,69.21889,-134.2911,2011,Canada,North America,North America,Continuous,TT/T/B30,Thaw Tube,0.57,23,0,sand,30,1208.854004,4039.9082,97.78119659423828,123.229095,72
35,Old Man,U16,66.45,-150.6167,2011,USA,North America,North America,Discontinuous,100/T/B63,Probing,0.24,22,0.12,silt,390,1410.613525390625,3374.1533,388.4928894042969,191.72691,43
36,Wickersham,U17,65.1667,-147.9,2011,USA,North America,North America,Discontinuous,TT/P,Probing,0.47,25,0,loam,335,1666.604492,3043.417,323.3373107910156,125.7188,48
37,Pearl Creek,U19,64.9,-147.8167,2011,USA,North America,North America,Discontinuous,TT/P,Probing,5.82,25,0,silt,213,1998.444824,2733.4766,245.66754150390625,113.777115,77
38,Farmers Loop,U41,64.88,-147.67,2011,USA,North America,North America,Discontinuous,100,Probing,0.63,20,0,silt,151,1984.846923828125,2694.7983,243.5068359,112.82861,57
39,Eagle,U51,64.7777,-141.10954,2011,USA,North America,North America,Discontinuous,50/P/T,Probing,0.04,11,0.98,peat,280,1719.744873046875,3287.6445,355.04132080078125,110.837906,63
40,Nenana,U57,64.55446,-149.08339,2011,USA,North America,North America,Discontinuous,50/P/T,Probing,2.57,10,0,loam,111,2110.483154296875,2688.2783,183.8433074951172,114.539505,59
41,Council Grid,U27,64.8442,-163.7202,2011,USA,North America,North America,Discontinuous,1000,Probing,0.82,21,0,loam,61,1208.173095703125,2661.75,319.4209899902344,413.5625,71
42,Kougarok,U28,65.454,-164.6268,2011,USA,North America,North America,Discontinuous,1000,Probing,0.4,21,0.04,loam,250,1109.1024169921875,3013.1934,248.89703369140625,230.07509,68
43,Reindeer Depot  (Thaw tube),C7 A,68.68472,-134.1458,2011,Canada,North America,North America,Discontinuous,TT,Thaw Tube,1.21,21,0,silt,34,1374.843505859375,4030.3667,116.84044647216797,124.30439,138
44,Rengleng River  (Thaw tube),C8 A,67.795,-134.1261,2011,Canada,North America,North America,Discontinuous,TT,Thaw Tube,0.24,14,0.19,sand,11,1611.526855,3974.0503,151.11370849609375,133.19295,
45,"Janssonhaugen, Svalbard",N1,78.1793,16.467,2011,NOR,Norway/Svalbard,Mountains (Europe),Alpine,T/B102,Borehole,1.31,25,0,debris,270,257.62030029296875,3141.9905,143.03704833984375,470.76184,185
46,"Junvvasshoe, Norway",N2,61.6775823,8.3693057,2011,NOR,Norway/Svalbard,Mountains (Europe),Alpine,T/B129,Borehole,1.08,24,0.01,debris,1894,547.4257813,1756.6462,704.8198242,648.3233,232
47,"Snoheim DB2, Norway",N5,62.2958,9.352,2011,NOR,Norway/Svalbard,Mountains (Europe),Alpine,T/B9,Borehole,8.45,17,0,debris,1481,593.6649169921875,1875.6119,521.9588623046875,477.80396,
48,Lapires,CH3,46.106117,7.284349,2011,SWI,Switzerland,Mountains (Europe),Alpine,T/B19,Borehole,12.2,22,0,debris,2656,1722.530273,816.78625,944.8603516,467.255,556
49,Corvatsch,CH1,46.42879,9.821836,2011,SWI,Switzerland,Mountains (Europe),Alpine,T/B62,Borehole,15.49,23,0,debris,2670,835.4650268554688,1395.0793,774.5130615234375,436.38214,375
50,Stockhorn,CH4,45.986786,7.824201,2011,SWI,Switzerland,Mountains (Europe),Alpine,T/B100,Borehole,9.08,22,0,debris,3327,604.3271484,1766.043,914.9581909179688,721.5537,402
51,Les Attelas,CH5,46.096772,7.273075,2011,SWI,Switzerland,Mountains (Europe),Alpine,T/B26,Borehole,7.08,16,0,debris,2507,1722.530273,816.78625,944.8603516,467.255,389
52,Gentianes,CH7,46.083705,7.302472,2011,SWI,Switzerland,Mountains (Europe),Alpine,T/B20,Borehole,27.76,18,0,debris,2896,1722.530273,816.78625,944.8603516,467.255,278
53,Schilthorn,CH2,46.558282,7.834426,2011,SWI,Switzerland,Mountains (Europe),Alpine,T/B101,Borehole,36.21,25,0,debris,2900,1931.437012,592.6008,1131.8450927734375,575.0229,672
54,Fluela,CH8,46.748868,9.943555,2011,SWI,Switzerland,Mountains (Europe),Alpine,T/B23,Borehole,-0.47,19,0.01,debris,2413,1053.279541015625,1224.3302,744.2537231445312,463.10602,297
55,Muot da Barba Peider,CH9,46.496573,9.93141,2011,SWI,Switzerland,Mountains (Europe),Alpine,T/B18,Borehole,10.59,19,0.01,debris,2941,866.0772705078125,1500.179,701.7803955078125,420.8138,281
56,Matterhorn,CH10,45.982321,7.676049,2011,SWI,Switzerland,Mountains (Europe),Alpine,T/B53,Borehole,9.57,15,0,debris,3204,675.0064697265625,1702.2432,810.2376708984375,687.0781,359
57,Schafberg,CH11,46.498797,9.925215,2011,SWI,Switzerland,Mountains (Europe),Alpine,T/B60,Borehole,0.89,22,0,debris,2731,866.0772705078125,1500.179,701.7803955078125,420.8138,515
58,Ritigraben,CH12,46.174694,7.849835,2011,SWI,Switzerland,Mountains (Europe),Alpine,T/B30,Borehole,3.11,22,0.01,debris,2640,1341.427246,1083.1116,810.5651855,480.71817,343
59,Cime Bianche,IT2,45.920046,7.693595,2011,IT,Switzerland,Mountains (Europe),Alpine,T/B41,Borehole,20.21813725,17,0,debris,3100,1293.447509765625,1106.9021,941.3568115234375,566.9241,509
60,Stelvio,IT3,45.5187,10.4569,2011,IT,Switzerland,Mountains (Europe),Alpine,T/B100,Borehole,9.69,24,0,debris,2612,4989.188477,0.78601074,952.6829833984375,75.4834,290
61,Aiguille du Midi SE,FRA1a,45.878173,6.887653,2011,FRA,Switzerland,Mountains (Europe),Alpine,T/B10,Borehole,17.61356297,12,0,debris,3753,1195.5577392578125,1067.8861,884.4233398,630.23773,591
62,Aiguille du Midi NW,FRA1b,45.878679,6.887216,2011,FRA,Switzerland,Mountains (Europe),Alpine,T/B10,Borehole,7.678571429,15,0,debris,3745,1195.5577392578125,1067.8861,884.4233398,630.23773,230
63,Aiguille du Midi NE,FRA1c,45.878585,6.888098,2011,FRA,Switzerland,Mountains (Europe),Alpine,TB/10,Borehole,13.51785714,14,0,debris,3738,1195.5577392578125,1067.8861,884.4233398,630.23773,270
64,Bolvansky,R24,68.3,54.5,2011,RUS,Russian European North,Russian Northwest,Continuous,100,Probing,0.09,23,0.82,loam,28,1281.943115234375,1781.7041,260.0884704589844,199.33035,107
65,Kashin Island,R24 A,68.23333,53.85,2011,RUS,Russian European North,Russian Northwest,Continuous,100,Probing,3.85,15,0,sand,9,1312.946533203125,1763.1672,259.14666748046875,177.49039,64
66,Zackenberg; ZEROCALM 1,G1,74.473,-20.5528,2011,DEN,Denmark (Greenland),Nordic Arctic,Continuous,100/T,Probing,0.64,25,0,loam,36,219.08316040039062,4192.112,34.670780181884766,448.42255,82
67,Zackenberg; ZEROCALM 2,G2,74.466,-20.5643,2011,DEN,Denmark (Greenland),Nordic Arctic,Continuous,150/T,Probing,0.5,25,0.02,loam,16,219.08316040039062,4192.112,34.670780181884766,448.42255,75
68,UNISCALM,N3,78.200956,15.836412,2011,NOR,Norway/Svalbard,Nordic Arctic,Continuous,100/T,Probing,0.52,25,0.01,sand,10,338.7861328,2883.51,162.55416870117188,463.89667,101
69,"Ayach-Yakha, Vorkuta",R2,67.58333,64.18333,2011,RUS,Russian European North,Russian Northwest,Discontinuous,100/T,Probing,0.69,25,0,loam,148,1093.030517578125,2565.1687,213.11990356445312,397.37985,88
70,Talnik,R23,67.33333,63.73333,2011,RUS,Russian European North,Russian Northwest,Discontinuous,100,Probing,2.52,22,0,loam,120,1183.813965,2533.9102,195.38821411132812,393.88818,144
71,Seida,R52,67.06556,62.92508,2011,RUS,Russian European North,Russian Northwest,Discontinuous,100,Probing,1.21,13,0,peat,100,1278.14209,2432.16,196.67173767089844,360.25012,
72,"Abisko area, Sweden",S2,68.33333,18.83333,2011,SWE,Sweden/Svalbard,Nordic Arctic,Discontinuous,100/T,Probing,1.25,24,0,peat,900,1018.6681518554688,1659.0339,483.57904052734375,641.5409,69
73,Nadym; West Siberia,R1,65.314861,72.864194,2011,RUS,West Siberia,West Siberia,Discontinuous,100/T/B10,Probing,3.38,25,0,sand,28,1609.73291,2518.2024,389.9023132324219,187.86557,129
74,Nadym WET; West Siberia,R1b,65.23375,72.518417,2011,RUS,West Siberia,West Siberia,Discontinuous,100,Probing,6.18,12,0,sand,7,1625.1268310546875,2485.162,389.52581787109375,179.05035,
75,"Marre Sale, Yamal Peninsula",R3,69.71667,66.75,2011,RUS,West Siberia,West Siberia,Continuous,1000/T/B10,Probing,0.7,23,0.09,sand,18,734.5863037109375,2115.2893,225.6816406,264.45047,102
76,"Vaskiny Dachy, Yamal Peninsula",R5,70.28333,68.9,2011,RUS,West Siberia,West Siberia,Continuous,100/T/B10,Probing,0.43,24,0.05,silt,29,894.1383666992188,2669.1575,117.50079345703125,279.9474,87
77,"Vaskiny Dachy, Yamal Peninsula",R5a,70.28333,68.9,2011,RUS,West Siberia,West Siberia,Continuous,50,Probing,0.5,18,0.2,loam,45,894.1383666992188,2669.1575,117.50079345703125,279.9474,67
78,"Vaskiny Dachi, Yamal Peninsula",R5b,70.2755,68.89164,2011,RUS,West Siberia,West Siberia,Continuous,50,Probing,0.74,18,0.04,silt,35,894.1383666992188,2669.1575,117.50079345703125,279.9474,65
79,"Vaskiny Dachi, Yamal Peninsula",R5c,70.2955,68.88347,2011,RUS,West Siberia,West Siberia,Continuous,50,Probing,1.12,18,0.06,sand,25,894.1383666992188,2669.1575,117.50079345703125,279.9474,114
80,Urengoy Gas Field GP5,R50a,66.31325,76.903478,2011,RUS,West Siberia,West Siberia,Discontinuous,100/T/B10,Probing,3.68,17,0,sand,59,1488.6365966796875,2838.5034,317.4326477050781,253.617,72
81,Urengoy Gas Field GP15,R50b,67.47791,76.69529,2011,RUS,West Siberia,West Siberia,Discontinuous,100/T/B10,Probing,2.67,16,0,sand,32,1399.604736328125,2885.2793,249.66615295410156,245.88477,82
82,Bely Island (silt),R55,73.32694,70.08528,2011,RUS,West Siberia,West Siberia,Continuous,50,Probing,0.36,15,0.04,silt,4.2,648.0515747070312,2320.5952,119.92952728271484,284.61115,53
83,Bely Island (sand),R55a,73.32861,70.08833,2011,RUS,West Siberia,West Siberia,Continuous,25,Probing,2.08,15,0,sand,3.4,648.0515747070312,2320.5952,119.92952728271484,284.61115,98
84,Bykovsky (Lena delta) (alas),R29 B,71.7855,71.41917,2011,RUS,Central Siberia,Central Siberia,Continuous,100,Probing,0.05,20,0.65,loam,5,786.6671752929688,2714.521,117.33309936523438,274.93445,35
85,Talnah (Norilsk Region),R32,69.43333,88.46667,2011,RUS,Central Siberia,Central Siberia,Continuous,100,Probing,1.02,20,0.01,loam,67,1289.4005126953125,3617.0635,378.9707031,621.181,96
86,Igarka,R40,67.48135,86.4347,2011,RUS,Central Siberia,Central Siberia,Discontinuous,100,Probing,2.97,16,0,loam,40,1549.1109619140625,3188.255,331.9632568359375,384.70163,67
87,Tuymada (Yakutsk region),R42,62.0133,129.65683,2011,RUS,Central Siberia,Central Siberia,Continuous,50/TT,Thaw Tube,0.5,17,0,sand,101,2227.568115234375,4705.111,198.0603790283203,94.44873,201
88,Neleger (Yakutsk region),R43,62.31618,129.49952,2011,RUS,Central Siberia,Central Siberia,Continuous,50/TT,Thaw Tube,0.06,17,0.77,loam,210,2071.650879,4838.722,205.9360352,99.19826,123
89,Samoylov,R51,72.369775,126.48063,2011,RUS,Central Siberia,Central Siberia,Continuous,150,Probing,0.42,22,0.02,sand,14,962.8151245117188,4840.0894,184.4414063,130.56978,57
90,"Cape Chukochii; edoma, Kolyma",R13 A,70.08333,159.5833,2011,RUS,Northeast Siberia,Northeast Siberia,Continuous,100/T/B30,Probing,-0.04,22,0.84,loam,32,525.0944824,4685.722,96.01293945,113.59555,45
91,"Cape Chukochi, alas, Kolyma",R13 B,70.08333,159.9167,2011,RUS,Northeast Siberia,Northeast Siberia,Continuous,100,Probing,-0.02,22,0.95,loam,32,450.4422607421875,4545.08,98.35784912109375,119.68365,46
92,"Chukochya River, Kolyma",R14,69.48333,156.9833,2011,RUS,Northeast Siberia,Northeast Siberia,Continuous,100/T/B25,Probing,0.27,16,0.05,loam,31,927.520752,5074.9995,119.84452819824219,109.74031,47
93,"Konkovaya River, Kolyma",R15 A,69.38333,158.4667,2011,RUS,Northeast Siberia,Northeast Siberia,Continuous,100/T/B50,Probing,-0.34,17,0.36,loam,20,894.6946411132812,5035.9985,98.78968048095703,106.696,32
94,"Konkovaya River, Kolyma",R15 B,69.38333,158.4667,2011,RUS,Northeast Siberia,Northeast Siberia,Continuous,100/T/B50,Probing,-0.19,17,0.45,loam,41,894.6946411132812,5035.9985,98.78968048095703,106.696,54
95,"Segodnya Pingo, Kolyma",R16,69.08333,158.9,2011,RUS,Northeast Siberia,Northeast Siberia,Continuous,100,Probing,-0.47,19,0.24,peat,30,1052.356689453125,5056.46,106.80390167236328,106.25167,72
96,Akhmelo channel; Kolyma,R17,68.81667,161,2011,RUS,Northeast Siberia,Northeast Siberia,Continuous,100/T,Probing,0.61,23,0,loam,5,1235.144531,4987.834,121.35589599609375,113.979675,61
97,Mt. Rodinka; Kolyma,R18,68.9255,161.5046,2011,RUS,Northeast Siberia,Northeast Siberia,Continuous,100/T,Probing,0.05,23,0.81,loam,152,1225.852051,4901.621,118.07185363769531,120.25839,84
98,Mt. Rodinka; Kolyma (10 m grid),R18 A,68.7417,161.5042,2011,RUS,Northeast Siberia,Northeast Siberia,Continuous,10/T,Probing,1.03,19,0,loam,152,1246.9232177734375,4858.5464,125.84591674804688,119.46551,104
99,"Lake Glukhoe, Kolyma",R19,68.8,160.95,2011,RUS,Northeast Siberia,Northeast Siberia,Continuous,100,Probing,0.55,21,0.08,sand,15,1235.144531,4987.834,121.35589599609375,113.979675,94
100,"Malchilovskaya Channel, Kolyma",R20,68.51667,161.4333,2011,RUS,Northeast Siberia,Northeast Siberia,Continuous,100,Probing,0.54,23,0,loam,10,1333.1424560546875,5022.7544,133.80679321289062,111.51999,59
101,"Lake Akhmelo, Kolyma",R21,68.83333,161.0333,2011,RUS,Northeast Siberia,Northeast Siberia,Continuous,100/T/B15,Probing,0.13,23,0.67,sand,10,1235.144531,4987.834,121.35589599609375,113.979675,105
102,Alazeya River,R22,69.31667,154.9833,2011,RUS,Northeast Siberia,Northeast Siberia,Continuous,100/B23,Probing,0.2,19,0.16,loam,60,1039.3941650390625,5185.4,137.63613891601562,104.612305,50
103,Jakutskoe Lake,R25,69.85,159.5,2011,RUS,Northeast Siberia,Northeast Siberia,Continuous,100,Probing,-0.02,20,0.89,loam,9,573.6779785,4665.13,113.62590026855469,126.122246,60
104,Allaiha (Indigirka basin),R31,70.55,147.4333,2011,RUS,Northeast Siberia,Northeast Siberia,Continuous,100,Probing,-0.02,16,0.96,loam,42,975.7460938,5186.009,251.6289825439453,120.50677,52
105,Omolon,R35,68.73333,158.9,2011,RUS,Northeast Siberia,Northeast Siberia,Continuous,100,Probing,-0.02,17,0.93,loam,4,1171.542969,5030.2456,127.15165710449219,110.83097,45
106,Andryushkino,R36,69.16667,154.4333,2011,RUS,Northeast Siberia,Northeast Siberia,Continuous,100,Probing,0.4,19,0.01,loam,21,1078.632568359375,5191.285,147.95046997070312,106.12059,35
107,Mt. Rodinka (Control),R38 A,68.7,161.55,2011,RUS,Northeast Siberia,Northeast Siberia,Continuous,10/T,Probing,0.12,15,0.86,loam,75,1236.128173828125,4851.346,128.38287353515625,119.78557,149
108,Mt. Rodinka (Station),R38 C,68.74,161.3928,2011,RUS,Northeast Siberia,Northeast Siberia,Continuous,10/T,Probing,-1.03,21,0,loam,31,1253.6646728515625,4878.0938,125.86001586914062,118.80732,79
109,Cape Rogozhny; Chukotka,R9,64.78333,176.9667,2011,RUS,Chukotka,Northeast Siberia,Continuous,100/T,Probing,0.17,25,0.21,loam,17,1054.449951171875,3196.0757,326.2953796386719,238.37097,51
110,"Mt. Dionisy, Chukotka",R11,64.56667,177.2,2011,RUS,Chukotka,Northeast Siberia,Continuous,100/T,Probing,0.12,24,0.42,loam,148,960.0280151367188,2866.7974,328.3819274902344,268.63754,57
111,Lavrentia,R27,65.6,-171.05,2011,RUS,Chukotka,Northeast Siberia,Continuous,100,Probing,0.4,25,0.02,loam,100,723.9061279296875,2702.3125,363.0617980957031,442.5427,65
112,Lorino,R41,65.539667,-171.63023,2011,RUS,Chukotka,Northeast Siberia,Continuous,100,Probing,0.87,15,0,sand,45,739.9414063,2840.7773,342.1821594238281,412.20117,47
113,Kruglaya (Anadyr),R45,64.63333,176.9667,2011,RUS,Chukotka,Northeast Siberia,Continuous,100,Probing,0.04,15,0.82,silt,2.5,1005.364990234375,3009.0059,320.22247314453125,263.30347,44
114,Ploskii Tolbachik (Kamchatka) 2,R30 C,55.89092,160.5375,2011,RUS,Kamchatka,Mountains (Eurasia),Alpine,100,Probing,0.23,17,0.03,silt,1630,854.5410766601562,3275.4028,480.6442871,770.67676,50
115,Baganuur Depression,M 1,47.68889,108.2625,2011,MNG,Hentei,Mountains (Eurasia),Alpine,T/B15,Borehole,4.42,22,0,sand,1350,2127.175781,2321.337,303.0096130371094,35.578133,360
116,Nalaikh – northern slope,M2 A,47.75444,107.25,2011,MNG,Hentei,Mountains (Eurasia),Alpine,T/T/B50,Borehole,1.7,23,0,loam,1512,1989.522216796875,2519.3179,321.7974548339844,40.580223,345
117,Terkh – valley bottom,M6 A,48.08194,99.37333,2011,MNG,Hangai,Mountains (Eurasia),Alpine,T/B15,Borehole,1.22,22,0,sand,2050,1404.7369384765625,3266.791,277.2745361328125,82.60692,300
118,Chuluut – pingo top,M7 A,48.04111,100.39167,2011,MNG,Hangai,Mountains (Eurasia),Alpine,T/B15,Borehole,1.74,22,0,silt,1870,1484.9605712890625,3055.088,366.4234924316406,63.49958,165
119,Hatgal – lake terrace,M11,50.43861,100.15028,2011,MNG,Hovsgol,Mountains (Eurasia),Alpine,T/B6,Borehole,5.38,21,0,sand,1662,1523.768798828125,2626.8174,344.9604492,44.55238,580
120,Darhad Khuurch,M13 A,51.18722,99.4975,2011,MNG,Hovsgol,Mountains (Eurasia),Alpine,T/B100,Borehole,0.15,17,0.36,loam,1558,1582.245117,2933.0889,268.0220031738281,26.255781,175
121,Prior Island,A32,-75.692829,162.880554,2011,ANT,SVL,Antarctica,Continuous,T/B1,Borehole,0.8,10,0.55,silt,30,0.215789795,6919.3525,0,208.47186,
122,Finger Point,A33,-77.004683,162.623283,2011,ANT,SVL,Antarctica,Continuous,T/B1,Borehole,-0.3,10,0.66,silt,190,0.215789795,8079.411,0,97.664185,
123,Boulder Clay,A7,-74.745489,164.020308,2011,ANT,SVL,Antarctica,Continuous,T/B3.6,Borehole,0,22,0.99,silt,205,0.165588379,7239.63,0,291.03253,
124,Oasi,A8,-74.74167,164.1,2011,ANT,SVL,Antarctica,Continuous,T/B30,Borehole,-1.3,13,0.14,debris,52,0.165588379,6757.8975,0,291.03253,163
125,Apostrophe Island,A30,-73.51885,167.433567,2011,ANT,NVL,Antarctica,Continuous,T/B1,Borehole,0.1,10,0.978,silt,20,0.559631348,6355.27,0,292.65445,
126,Edmonson Point,A31,-74.328494,165.131881,2011,ANT,NVL,Antarctica,Continuous,T/B1,Borehole,0.5,10,0.65,debris,30,0.035705566,7462.4653,0,206.04337,
127,Deception Island (Crater Lake),A16,-62.9856507,-60.6787111,2011,ANT,AP,Antarctica,Discontinuous,100/P/B1.3,Probing,0.3,19,0.27,debris,85,105.49990844726562,1105.8579,398.78265380859375,707.65216,28
128,Deception Island (Irizar),A26,-62.9837,-60.7156671,2011,ANT,AP,Antarctica,Discontinuous,100/P/B1.2,Probing,4.4,19,0,debris,130,105.49990844726562,1105.8579,398.78265380859375,707.65216,49
129,Signy Island,A17,-60.7115,-45.5919,2011,ANT,AP,Antarctica,Discontinuous,T/B3.6,Borehole,7.2,12,0,debris,85,60.59020996,1529.8853,126.42281341552734,653.545,150
130,Signy Island- Bertsen,A17A,-60.7083,-45.5941,2011,ANT,AP,Antarctica,Discontinuous,T/B30,Borehole,-0.9,14,0.07,debris,21,60.59020996,1529.8853,126.42281341552734,653.545,
131,King George-Bellingshausen,A18,-62.1983,-58.9842,2011,ANT,AP,Antarctica,Discontinuous,100/T,Probing,1.9,16,0.03,debris,15,125.66159057617188,1258.1567,302.6746826171875,607.6089,62
132,Rothera,A19,-67.5719,-68.126,2011,ANT,AP,Antarctica,Discontinuous,T/B31,Probing,-2.2,15,0.42,debris,31,0.183197021,2980.321,205.61630249023438,1240.9072,94
133,Limnopolar Lake (Livingston Island),A25,-62.6498,-61.1047,2011,ANT,AP,Antarctica,Discontinuous,100/T,Probing,0.9,14,0.32,debris,80,108.65423583984375,1089.5995,401.2590332,705.7162,40
134,James Ross Island (JGM),A27,-63.8012464,-57.8834444,2011,ANT,AP,Antarctica,Continuous,70/T/G/B2.0,Probing,1.5,11,0.03,debris,10,12.74566650390625,3298.5361,117.13926696777344,879.8436,
135,James Ross Island (Berry Hill),A28,-63.80257189,-57.83848112,2011,ANT,AP,Antarctica,Continuous,50/T/B0.9,Probing,0.1,14,0.04,debris,60,13.47729492,3277.6914,53.271141052246094,848.7256,83
136,Abernethy Flats,A34,-63.881389,-57.934722,2011,ANT,AP,Antarctica,Continuous,70/T/B,Borehole,0.1,13,0,debris,40,12.74566650390625,3298.5361,53.271141052246094,879.8436,
137,Balcón I (Mendoza),SA2A,-32.9619,-69.3719,2011,ARG,Central Andes,Mountains (South America),Alpine,T/B,Borehole,1.9,13,0.14,debris,3560,639.5041504,1489.7726,701.984375,198.38187,
138,Balcón I Superior (Mendoza),SA2B,-32.955,-69.3706,2011,ARG,Central Andes,Mountains (South America),Alpine,T/B,Borehole,6.1,15,0,debris,3586,639.5041504,1489.7726,701.984375,198.38187,550
139,Balcón II (Mendoza),SA2C,-32.9597,-69.3803,2011,ARG,Central Andes,Mountains (South America),Alpine,T/B,Borehole,2,22,0,debris,3770,639.5041504,1489.7726,701.984375,198.38187,310
0,Barrow,U1,71.31667,-156.6,2012,USA,North America,North America,Continuous,1000/T,Probing,0.34,25,0.012,loam,3,545.2666016,3968.018,102.2945785522461,120.58272,38
1,"Barrow, CRREL Plots",U2,71.31667,-156.5833,2012,USA,North America,North America,Continuous,10/T,Probing,0.27,25,0.017,loam,3,545.2666016,3968.018,102.2945785522461,120.58272,38
2,Atkasuk,U3,70.45,-157.4,2012,USA,North America,North America,Continuous,1000/T,Probing,0.4,25,0.009,sand,22,996.6733398,4558.3945,133.16018676757812,101.059784,50
3,West Dock 1 ha grid,U4,70.3745,-148.5522,2012,USA,North America,North America,Continuous,100/T/B56,Probing,0.34,24,0.001,loam,3,858.3751220703125,4452.788,112.6367188,140.47058,34
4,West Dock 1 km grid,U5,70.36667,-148.5667,2012,USA,North America,North America,Continuous,1000,Probing,0.25,24,0.039,loam,3,858.3751220703125,4452.788,112.6367188,140.47058,52
5,Deadhorse,U6,70.1613,-148.4653,2012,USA,North America,North America,Continuous,100/T/B60,Probing,0.47,24,0.001,Loam,17,958.7202148,4588.887,136.1560821533203,149.95366,69
6,Betty Pingo 1 km grid,U7 A,70.28333,-148.8667,2012,USA,North America,North America,Continuous,1000/T,Probing,0.2,24,0.401,loam,12,931.4145508,4559.4326,121.04824829101562,141.36893,56
7,Betty Pingo MNT,U7 B,70.2835,-148.8928,2012,USA,North America,North America,Continuous,100,Probing,0.28,24,0.117,loam,12,931.4145508,4559.4326,121.04824829101562,141.36893,40
8,Betty Pingo WET,U7 C,70.275,-148.919,2012,USA,North America,North America,Continuous,100,Probing,0.14,24,0.06,silt,12,931.4145508,4559.4326,121.04824829101562,141.36893,45
9,Franklin Bluff,U8,69.6739,-148.7219,2012,USA,North America,North America,Continuous,100/T/B60,Probing,0.59,24,0.001,sand,88,1202.620117,4878.812,167.2103271484375,154.16379,69
10,Happy Valley,U9 A,69.1466,-148.8483,2012,USA,North America,North America,Continuous,100/T/B40,Probing,0.49,20,0.001,loam,305,1211.319336,5082.0986,279.46368408203125,176.03287,42
11,Happy Valley 1 km grid,U9 B,69.1482,-148.8505,2012,USA,North America,North America,Continuous,1000/T,Probing,-0.01,25,0.92,silt,305,1211.342529296875,5078.1514,281.12408447265625,174.08252,43
12,Lupine Hill,U10,69.12883,-148.5928,2012,USA,North America,North America,Continuous,100,Probing,0.29,24,0.003,silt,537,1209.9678955078125,4998.4,279.21600341796875,179.4969,49
13,Imnavait Creek  1 km grid,U11 A,68.6114,-149.3101,2012,USA,North America,North America,Continuous,1000/T,Probing,0.37,25,0.029,loam,910,927.7478637695312,4885.3955,310.8031005859375,258.12604,55
14,Imnavait Creek WET,U11 B,68.611,-149.3145,2012,USA,North America,North America,Continuous,100,Probing,0.48,25,0.005,silt,917,927.7478637695312,4885.3955,310.8031005859375,258.12604,51
15,Imnavait Creek MAT,U11 C,68.611,-149.30933,2012,USA,North America,North America,Continuous,100,Probing,0.35,25,0.034,silt,938,927.7478637695312,4885.3955,310.8031005859375,258.12604,50
16,Toolik 1 km grid,U12 A,68.6215,-149.6063,2012,USA,North America,North America,Continuous,1000/T,Probing,0.28,25,0.073,silt,750,973.4783935546875,4880.4805,317.50164794921875,260.43192,50
17,Toolik MAT,U12 B,68.624,-149.61817,2012,USA,North America,North America,Continuous,100,Probing,0.29,25,0.049,silt,777,973.4783935546875,4880.4805,317.50164794921875,260.43192,48
18,Galbraith Lake,U14,68.4774,-149.5024,2012,USA,North America,North America,Continuous,100/T/B75,Probing,0.38,21,0.02,silt,823,857.3654785,4856.2656,327.1325988769531,261.135,56
19,Chandalar Shelf,U15,68.0691,-149.5804,2012,USA,North America,North America,Continuous,30/T/B61,Probing,0.45,24,0,silt,976,648.2208251953125,4760.4087,261.24468994140625,237.58627,44
20,Ivotuk  1 km grid,U26,68.48333,-155.7333,2012,USA,North America,North America,Continuous,1000,Probing,-0.15,20,0.31,peat,570,953.9136962890625,4918.131,230.97897338867188,260.57434,50
21,56 Mile,U56,69.5006,-148.5592,2012,USA,North America,North America,Continuous,100,Probing,0.07,25,0.55,loam,349,1256.2796630859375,4951.5215,199.80921936035156,163.74176,69
22,Sagwon Hills MNT,U32 A,69.441,-148.67033,2012,USA,North America,North America,Continuous,100,Probing,0.17,25,0.13,silt,269,1238.9835205078125,5032.421,223.0586700439453,170.11075,61
23,Sagwon Hills MAT,U32 B,69.401,-148.8056,2012,USA,North America,North America,Continuous,100,Probing,0.17,25,0.2,silt,360,1236.921875,5028.465,221.20257568359375,168.74022,38
24,Drew Point,U20,70.8645,-153.91,2012,USA,North America,North America,Continuous,T/B640,Borehole,0.57,20,0,silt,5,736.5357666015625,4216.742,121.02931213378906,124.84917,46
25,Inigok,U21,69.98962,-153.09,2012,USA,North America,North America,Continuous,T/B625,Borehole,0.09,25,0.87,silt,53,1115.351806640625,4729.802,151.77468872070312,124.39191,44
26,Fish Creek,U22,70.33523,-152.05,2012,USA,North America,North America,Continuous,T/B735,Borehole,0.23,20,0.09,silt,31,1012.5912475585938,4577.697,125.06832122802734,126.63094,34
27,Umiat,U24,69.3957,-152.14,2012,USA,North America,North America,Continuous,T/B640,Borehole,0.07,21,0.62,silt,201,1212.332275390625,4982.7188,187.85336303710938,148.77185,40
28,Tunalik,U25,70.1959,-161.08,2012,USA,North America,North America,Continuous,T/B393,Borehole,0.3,25,0.14,silt,26,792.6413574,4180.148,202.83924865722656,125.04207,61
29,Niguanak,U29,69.8894,-142.98,2012,USA,North America,North America,Continuous,T/B/30?,Borehole,0.57,22,0.1,silt,84,946.7305908203125,4156.168,140.6877441,179.12349,65
30,Koluktak,U30,69.7516,-154.62,2012,USA,North America,North America,Continuous,T/B/,Borehole,0.14,21,0.08,silt,60,1162.542969,4846.176,189.34446716308594,118.01661,120
31,Piksiksak,U37,70.0366,-157.08,2012,USA,North America,North America,Continuous,T/B/,Borehole,-0.31,21,0.21,silt,33,1076.521728515625,4675.0723,177.8515167236328,107.1916,49
32,East Teshekpuk,U38,70.5685,-152.97,2012,USA,North America,North America,Continuous,T/B/,Borehole,-0.26,21,0.14,silt,7,882.2508544921875,4409.688,120.42019653320312,116.4836,38
33,North Head (thaw tube),C3 A,69.71972,-134.4619,2012,Canada,North America,North America,Continuous,TT,Thaw Tube,-0.01,13,0.9,silt,2,1221.953125,3932.977,97.15666198730469,136.92383,
34,Lousy Point (Thaw tube),C5 A,69.21889,-134.2911,2012,Canada,North America,North America,Continuous,TT/T/B30,Thaw Tube,0.57,23,0,sand,30,1516.637451171875,4090.9473,126.06531524658203,125.89089,83
35,Old Man,U16,66.45,-150.6167,2012,USA,North America,North America,Discontinuous,100/T/B63,Probing,0.24,22,0.12,silt,390,1430.842285,3841.3313,351.83245849609375,90.017685,42
36,Wickersham,U17,65.1667,-147.9,2012,USA,North America,North America,Discontinuous,TT/P,Probing,0.47,25,0,loam,335,1690.191650390625,3565.5322,305.0511779785156,120.54935,49
37,Pearl Creek,U19,64.9,-147.8167,2012,USA,North America,North America,Discontinuous,TT/P,Probing,5.82,25,0,silt,213,2031.762695,3259.4949,259.0251770019531,113.787544,76
38,Farmers Loop,U41,64.88,-147.67,2012,USA,North America,North America,Discontinuous,100,Probing,0.63,20,0,silt,151,2016.439697265625,3218.7776,259.9735412597656,113.66399,57
39,Eagle,U51,64.7777,-141.10954,2012,USA,North America,North America,Discontinuous,50/P/T,Probing,0.04,11,0.98,peat,280,1818.122314453125,3753.9146,286.27630615234375,145.18149,52
40,Nenana,U57,64.55446,-149.08339,2012,USA,North America,North America,Discontinuous,50/P/T,Probing,2.57,10,0,loam,111,2124.680664,3325.9941,232.46536254882812,114.63571,60
41,Council Grid,U27,64.8442,-163.7202,2012,USA,North America,North America,Discontinuous,1000,Probing,0.82,21,0,loam,61,1155.2227783203125,3486.622,388.65582275390625,193.59595,57
42,Kougarok,U28,65.454,-164.6268,2012,USA,North America,North America,Discontinuous,1000,Probing,0.4,21,0.04,loam,250,1045.7857666015625,3911.1035,283.2430419921875,122.706894,56
43,Reindeer Depot  (Thaw tube),C7 A,68.68472,-134.1458,2012,Canada,North America,North America,Discontinuous,TT,Thaw Tube,1.21,21,0,silt,34,1657.7430419921875,4163.472,163.7566680908203,129.20929,154
44,Rengleng River  (Thaw tube),C8 A,67.795,-134.1261,2012,Canada,North America,North America,Discontinuous,TT,Thaw Tube,0.24,14,0.19,sand,11,1905.7198486328125,4280.747,202.54339599609375,123.46124,
45,"Janssonhaugen, Svalbard",N1,78.1793,16.467,2012,NOR,Norway/Svalbard,Mountains (Europe),Alpine,T/B102,Borehole,1.31,25,0,debris,270,199.65802001953125,2579.6428,105.86947631835938,563.85724,177
46,"Junvvasshoe, Norway",N2,61.6775823,8.3693057,2012,NOR,Norway/Svalbard,Mountains (Europe),Alpine,T/B129,Borehole,1.08,24,0.01,debris,1894,536.3242188,2139.416,486.4887390136719,642.965,
47,"Snoheim DB2, Norway",N5,62.2958,9.352,2012,NOR,Norway/Svalbard,Mountains (Europe),Alpine,T/B9,Borehole,8.45,17,0,debris,1481,585.3101806640625,2192.925,438.6596374511719,549.2573,
48,Lapires,CH3,46.106117,7.284349,2012,SWI,Switzerland,Mountains (Europe),Alpine,T/B19,Borehole,12.2,22,0,debris,2656,1672.4959716796875,1139.1537,847.1005249023438,816.3262,557
49,Corvatsch,CH1,46.42879,9.821836,2012,SWI,Switzerland,Mountains (Europe),Alpine,T/B62,Borehole,15.49,23,0,debris,2670,838.6960449,1687.5074,787.6716309,748.6377,406
50,Stockhorn,CH4,45.986786,7.824201,2012,SWI,Switzerland,Mountains (Europe),Alpine,T/B100,Borehole,9.08,22,0,debris,3327,636.3338623046875,2110.0786,687.2207031,998.60803,367
51,Les Attelas,CH5,46.096772,7.273075,2012,SWI,Switzerland,Mountains (Europe),Alpine,T/B26,Borehole,7.08,16,0,debris,2507,1672.4959716796875,1139.1537,847.1005249023438,816.3262,394
52,Gentianes,CH7,46.083705,7.302472,2012,SWI,Switzerland,Mountains (Europe),Alpine,T/B20,Borehole,27.76,18,0,debris,2896,1672.4959716796875,1139.1537,847.1005249023438,816.3262,330
53,Schilthorn,CH2,46.558282,7.834426,2012,SWI,Switzerland,Mountains (Europe),Alpine,T/B101,Borehole,36.21,25,0,debris,2900,1822.8546142578125,840.6405,1252.900146484375,702.0796,681
54,Fluela,CH8,46.748868,9.943555,2012,SWI,Switzerland,Mountains (Europe),Alpine,T/B23,Borehole,-0.47,19,0.01,debris,2413,1034.6346435546875,1542.256,938.1908569335938,643.89404,295
55,Muot da Barba Peider,CH9,46.496573,9.93141,2012,SWI,Switzerland,Mountains (Europe),Alpine,T/B18,Borehole,10.59,19,0.01,debris,2941,854.7105712890625,1792.7041,715.5914916992188,735.79565,281
56,Matterhorn,CH10,45.982321,7.676049,2012,SWI,Switzerland,Mountains (Europe),Alpine,T/B53,Borehole,9.57,15,0,debris,3204,706.0969238,2048.602,602.4287719726562,962.5563,336
57,Schafberg,CH11,46.498797,9.925215,2012,SWI,Switzerland,Mountains (Europe),Alpine,T/B60,Borehole,0.89,22,0,debris,2731,854.7105712890625,1792.7041,715.5914916992188,735.79565,513
58,Ritigraben,CH12,46.174694,7.849835,2012,SWI,Switzerland,Mountains (Europe),Alpine,T/B30,Borehole,3.11,22,0.01,debris,2640,1323.7093505859375,1418.0476,728.8171387,717.0092,347
59,Cime Bianche,IT2,45.920046,7.693595,2012,IT,Switzerland,Mountains (Europe),Alpine,T/B41,Borehole,20.21813725,17,0,debris,3100,1283.853027,1393.1382,858.001709,687.7811,539
60,Stelvio,IT3,45.5187,10.4569,2012,IT,Switzerland,Mountains (Europe),Alpine,T/B100,Borehole,9.69,24,0,debris,2612,4877.847168,27.97232,995.7935791015625,39.91281,337
61,Aiguille du Midi SE,FRA1a,45.878173,6.887653,2012,FRA,Switzerland,Mountains (Europe),Alpine,T/B10,Borehole,17.61356297,12,0,debris,3753,1179.472900390625,1451.858,797.4041137695312,919.1848,
62,Aiguille du Midi NW,FRA1b,45.878679,6.887216,2012,FRA,Switzerland,Mountains (Europe),Alpine,T/B10,Borehole,7.678571429,15,0,debris,3745,1179.472900390625,1451.858,797.4041137695312,919.1848,147
63,Aiguille du Midi NE,FRA1c,45.878585,6.888098,2012,FRA,Switzerland,Mountains (Europe),Alpine,TB/10,Borehole,13.51785714,14,0,debris,3738,1179.472900390625,1451.858,797.4041137695312,919.1848,330
64,Bolvansky,R24,68.3,54.5,2012,RUS,Russian European North,Russian Northwest,Continuous,100,Probing,0.09,23,0.82,loam,28,1378.9215087890625,1965.9341,455.3609924316406,139.80301,135
65,Kashin Island,R24 A,68.23333,53.85,2012,RUS,Russian European North,Russian Northwest,Continuous,100,Probing,3.85,15,0,sand,9,1396.0645751953125,1957.0347,428.8981018066406,136.47963,88
66,Zackenberg; ZEROCALM 1,G1,74.473,-20.5528,2012,DEN,Denmark (Greenland),Nordic Arctic,Continuous,100/T,Probing,0.64,25,0,loam,36,280.2899169921875,4250.7227,41.42510986328125,315.46747,82
67,Zackenberg; ZEROCALM 2,G2,74.466,-20.5643,2012,DEN,Denmark (Greenland),Nordic Arctic,Continuous,150/T,Probing,0.5,25,0.02,loam,16,280.2899169921875,4250.7227,41.42510986328125,315.46747,72
68,UNISCALM,N3,78.200956,15.836412,2012,NOR,Norway/Svalbard,Nordic Arctic,Continuous,100/T,Probing,0.52,25,0.01,sand,10,256.1469421386719,2394.8882,124.2988281,493.75763,101
69,"Ayach-Yakha, Vorkuta",R2,67.58333,64.18333,2012,RUS,Russian European North,Russian Northwest,Discontinuous,100/T,Probing,0.69,25,0,loam,148,1338.313720703125,2899.0771,308.5131530761719,363.21698,91
70,Talnik,R23,67.33333,63.73333,2012,RUS,Russian European North,Russian Northwest,Discontinuous,100,Probing,2.52,22,0,loam,120,1414.290771484375,2860.566,352.42291259765625,266.99823,161
71,Seida,R52,67.06556,62.92508,2012,RUS,Russian European North,Russian Northwest,Discontinuous,100,Probing,1.21,13,0,peat,100,1485.343262,2744.893,343.8293457,234.47781,48
72,"Abisko area, Sweden",S2,68.33333,18.83333,2012,SWE,Sweden/Svalbard,Nordic Arctic,Discontinuous,100/T,Probing,1.25,24,0,peat,900,639.4005126953125,2121.7322,452.21343994140625,503.2421,67
73,Nadym; West Siberia,R1,65.314861,72.864194,2012,RUS,West Siberia,West Siberia,Discontinuous,100/T/B10,Probing,3.38,25,0,sand,28,1805.766113,2796.0598,353.38043212890625,196.95638,134
74,Nadym WET; West Siberia,R1b,65.23375,72.518417,2012,RUS,West Siberia,West Siberia,Discontinuous,100,Probing,6.18,12,0,sand,7,1824.822021484375,2752.416,337.00335693359375,189.91559,
75,"Marre Sale, Yamal Peninsula",R3,69.71667,66.75,2012,RUS,West Siberia,West Siberia,Continuous,1000/T/B10,Probing,0.7,23,0.09,sand,18,976.1660156,2134.5667,351.6724853515625,228.24054,127
76,"Vaskiny Dachy, Yamal Peninsula",R5,70.28333,68.9,2012,RUS,West Siberia,West Siberia,Continuous,100/T/B10,Probing,0.43,24,0.05,silt,29,1047.323486328125,2741.821,264.6368713378906,216.1045,102
77,"Vaskiny Dachy, Yamal Peninsula",R5a,70.28333,68.9,2012,RUS,West Siberia,West Siberia,Continuous,50,Probing,0.5,18,0.2,loam,45,1047.323486328125,2741.821,264.6368713378906,216.1045,77
78,"Vaskiny Dachi, Yamal Peninsula",R5b,70.2755,68.89164,2012,RUS,West Siberia,West Siberia,Continuous,50,Probing,0.74,18,0.04,silt,35,1047.323486328125,2741.821,264.6368713378906,216.1045,77
79,"Vaskiny Dachi, Yamal Peninsula",R5c,70.2955,68.88347,2012,RUS,West Siberia,West Siberia,Continuous,50,Probing,1.12,18,0.06,sand,25,1047.323486328125,2741.821,264.6368713378906,216.1045,128
80,Urengoy Gas Field GP5,R50a,66.31325,76.903478,2012,RUS,West Siberia,West Siberia,Discontinuous,100/T/B10,Probing,3.68,17,0,sand,59,1613.046875,3063.1724,275.2034606933594,279.31284,87
81,Urengoy Gas Field GP15,R50b,67.47791,76.69529,2012,RUS,West Siberia,West Siberia,Discontinuous,100/T/B10,Probing,2.67,16,0,sand,32,1460.456543,3126.1968,278.4538269042969,257.0899,95
82,Bely Island (silt),R55,73.32694,70.08528,2012,RUS,West Siberia,West Siberia,Continuous,50,Probing,0.36,15,0.04,silt,4.2,670.871582,2225.8887,221.21389770507812,192.86472,60
83,Bely Island (sand),R55a,73.32861,70.08833,2012,RUS,West Siberia,West Siberia,Continuous,25,Probing,2.08,15,0,sand,3.4,670.871582,2225.8887,221.21389770507812,192.86472,114
84,Bykovsky (Lena delta) (alas),R29 B,71.7855,71.41917,2012,RUS,Central Siberia,Central Siberia,Continuous,100,Probing,0.05,20,0.65,loam,5,912.9244384765625,2793.7083,213.5220947265625,191.69815,30
85,Talnah (Norilsk Region),R32,69.43333,88.46667,2012,RUS,Central Siberia,Central Siberia,Continuous,100,Probing,1.02,20,0.01,loam,67,1259.731934,4166.419,415.8841857910156,378.6563,104
86,Igarka,R40,67.48135,86.4347,2012,RUS,Central Siberia,Central Siberia,Discontinuous,100,Probing,2.97,16,0,loam,40,1499.7257080078125,3843.6772,263.1585998535156,295.7896,68
87,Tuymada (Yakutsk region),R42,62.0133,129.65683,2012,RUS,Central Siberia,Central Siberia,Continuous,50/TT,Thaw Tube,0.5,17,0,sand,101,2288.125732421875,5006.605,162.03616333007812,106.02806,201
88,Neleger (Yakutsk region),R43,62.31618,129.49952,2012,RUS,Central Siberia,Central Siberia,Continuous,50/TT,Thaw Tube,0.06,17,0.77,loam,210,2145.324462890625,5077.1367,164.17312622070312,95.15879,124
89,Samoylov,R51,72.369775,126.48063,2012,RUS,Central Siberia,Central Siberia,Continuous,150,Probing,0.42,22,0.02,sand,14,1044.343017578125,5188.005,144.12008666992188,150.25345,55
90,"Cape Chukochii; edoma, Kolyma",R13 A,70.08333,159.5833,2012,RUS,Northeast Siberia,Northeast Siberia,Continuous,100/T/B30,Probing,-0.04,22,0.84,loam,32,543.0346069335938,4111.0713,158.67442321777344,92.24588,43
91,"Cape Chukochi, alas, Kolyma",R13 B,70.08333,159.9167,2012,RUS,Northeast Siberia,Northeast Siberia,Continuous,100,Probing,-0.02,22,0.95,loam,32,468.61785888671875,4009.4805,164.7199707,98.17557,41
92,"Chukochya River, Kolyma",R14,69.48333,156.9833,2012,RUS,Northeast Siberia,Northeast Siberia,Continuous,100/T/B25,Probing,0.27,16,0.05,loam,31,846.8402709960938,4522.889,186.9956817626953,75.18892,46
93,"Konkovaya River, Kolyma",R15 A,69.38333,158.4667,2012,RUS,Northeast Siberia,Northeast Siberia,Continuous,100/T/B50,Probing,-0.34,17,0.36,loam,20,825.7197875976562,4457.338,186.42840576171875,70.92836,30
94,"Konkovaya River, Kolyma",R15 B,69.38333,158.4667,2012,RUS,Northeast Siberia,Northeast Siberia,Continuous,100/T/B50,Probing,-0.19,17,0.45,loam,41,825.7197875976562,4457.338,186.42840576171875,70.92836,46
95,"Segodnya Pingo, Kolyma",R16,69.08333,158.9,2012,RUS,Northeast Siberia,Northeast Siberia,Continuous,100,Probing,-0.47,19,0.24,peat,30,917.4876708984375,4507.3564,201.28924560546875,73.08855,54
96,Akhmelo channel; Kolyma,R17,68.81667,161,2012,RUS,Northeast Siberia,Northeast Siberia,Continuous,100/T,Probing,0.61,23,0,loam,5,1009.1068115234375,4449.163,235.85140991210938,81.49671,53
97,Mt. Rodinka; Kolyma,R18,68.9255,161.5046,2012,RUS,Northeast Siberia,Northeast Siberia,Continuous,100/T,Probing,0.05,23,0.81,loam,152,990.2233887,4374.406,243.34127807617188,88.46217,77
98,Mt. Rodinka; Kolyma (10 m grid),R18 A,68.7417,161.5042,2012,RUS,Northeast Siberia,Northeast Siberia,Continuous,10/T,Probing,1.03,19,0,loam,152,1020.5955810546875,4296.4844,240.9602813720703,89.32457,97
99,"Lake Glukhoe, Kolyma",R19,68.8,160.95,2012,RUS,Northeast Siberia,Northeast Siberia,Continuous,100,Probing,0.55,21,0.08,sand,15,1009.1068115234375,4449.163,235.85140991210938,81.49671,83
100,"Malchilovskaya Channel, Kolyma",R20,68.51667,161.4333,2012,RUS,Northeast Siberia,Northeast Siberia,Continuous,100,Probing,0.54,23,0,loam,10,1106.906738,4465.511,242.0793457,86.87454,54
101,"Lake Akhmelo, Kolyma",R21,68.83333,161.0333,2012,RUS,Northeast Siberia,Northeast Siberia,Continuous,100/T/B15,Probing,0.13,23,0.67,sand,10,1009.1068115234375,4449.163,235.85140991210938,81.49671,92
102,Alazeya River,R22,69.31667,154.9833,2012,RUS,Northeast Siberia,Northeast Siberia,Continuous,100/B23,Probing,0.2,19,0.16,loam,60,924.8652954101562,4690.428,189.07955932617188,81.72772,52
103,Jakutskoe Lake,R25,69.85,159.5,2012,RUS,Northeast Siberia,Northeast Siberia,Continuous,100,Probing,-0.02,20,0.89,loam,9,601.7766113,4088.556,187.76663208007812,100.66676,41
104,Allaiha (Indigirka basin),R31,70.55,147.4333,2012,RUS,Northeast Siberia,Northeast Siberia,Continuous,100,Probing,-0.02,16,0.96,loam,42,901.3225098,5053.89,164.0358428955078,147.59933,50
105,Omolon,R35,68.73333,158.9,2012,RUS,Northeast Siberia,Northeast Siberia,Continuous,100,Probing,-0.02,17,0.93,loam,4,1008.844238,4483.7954,215.64492797851562,77.6674,44
106,Andryushkino,R36,69.16667,154.4333,2012,RUS,Northeast Siberia,Northeast Siberia,Continuous,100,Probing,0.4,19,0.01,loam,21,965.1980590820312,4727.3887,184.81898498535156,84.84761,34
107,Mt. Rodinka (Control),R38 A,68.7,161.55,2012,RUS,Northeast Siberia,Northeast Siberia,Continuous,10/T,Probing,0.12,15,0.86,loam,75,1011.9151611328125,4282.2725,241.3852539,90.01662,130
108,Mt. Rodinka (Station),R38 C,68.74,161.3928,2012,RUS,Northeast Siberia,Northeast Siberia,Continuous,10/T,Probing,-1.03,21,0,loam,31,1026.6085205078125,4326.0757,241.12448120117188,88.69422,72
109,Cape Rogozhny; Chukotka,R9,64.78333,176.9667,2012,RUS,Chukotka,Northeast Siberia,Continuous,100/T,Probing,0.17,25,0.21,loam,17,944.7169799804688,3505.6643,276.7456970214844,202.13489,53
110,"Mt. Dionisy, Chukotka",R11,64.56667,177.2,2012,RUS,Chukotka,Northeast Siberia,Continuous,100/T,Probing,0.12,24,0.42,loam,148,851.1365356445312,3192.411,266.1723937988281,214.68457,54
111,Lavrentia,R27,65.6,-171.05,2012,RUS,Chukotka,Northeast Siberia,Continuous,100,Probing,0.4,25,0.02,loam,100,644.6496582,3534.1052,242.90017700195312,215.44484,67
112,Lorino,R41,65.539667,-171.63023,2012,RUS,Chukotka,Northeast Siberia,Continuous,100,Probing,0.87,15,0,sand,45,670.7293090820312,3705.1187,233.3861083984375,203.36263,47
113,Kruglaya (Anadyr),R45,64.63333,176.9667,2012,RUS,Chukotka,Northeast Siberia,Continuous,100,Probing,0.04,15,0.82,silt,2.5,917.8294067382812,3330.3684,262.1971130371094,214.6948,44
114,Ploskii Tolbachik (Kamchatka) 2,R30 C,55.89092,160.5375,2012,RUS,Kamchatka,Mountains (Eurasia),Alpine,100,Probing,0.23,17,0.03,silt,1630,941.3854370117188,2925.9077,497.2724609,616.7091,48
115,Baganuur Depression,M 1,47.68889,108.2625,2012,MNG,Hentei,Mountains (Eurasia),Alpine,T/B15,Borehole,4.42,22,0,sand,1350,2126.786865234375,2803.9038,272.6845703,40.076866,360
116,Nalaikh – northern slope,M2 A,47.75444,107.25,2012,MNG,Hentei,Mountains (Eurasia),Alpine,T/T/B50,Borehole,1.7,23,0,loam,1512,1982.321289,2915.2073,292.37066650390625,46.617104,345
117,Terkh – valley bottom,M6 A,48.08194,99.37333,2012,MNG,Hangai,Mountains (Eurasia),Alpine,T/B15,Borehole,1.22,22,0,sand,2050,1440.2076416015625,3324.8225,280.2692565917969,87.44164,305
118,Chuluut – pingo top,M7 A,48.04111,100.39167,2012,MNG,Hangai,Mountains (Eurasia),Alpine,T/B15,Borehole,1.74,22,0,silt,1870,1512.9354248046875,3027.735,359.6444396972656,42.952587,165
119,Hatgal – lake terrace,M11,50.43861,100.15028,2012,MNG,Hovsgol,Mountains (Eurasia),Alpine,T/B6,Borehole,5.38,21,0,sand,1662,1495.526367,2974.8064,394.79840087890625,81.76454,580
120,Darhad Khuurch,M13 A,51.18722,99.4975,2012,MNG,Hovsgol,Mountains (Eurasia),Alpine,T/B100,Borehole,0.15,17,0.36,loam,1558,1609.8565673828125,3462.0122,204.70376586914062,78.293335,
121,Prior Island,A32,-75.692829,162.880554,2012,ANT,SVL,Antarctica,Continuous,T/B1,Borehole,0.8,10,0.55,silt,30,0.191558838,7285.9375,0,149.14459,
122,Finger Point,A33,-77.004683,162.623283,2012,ANT,SVL,Antarctica,Continuous,T/B1,Borehole,-0.3,10,0.66,silt,190,0.130371094,8600.547,0,64.0295,
123,Boulder Clay,A7,-74.745489,164.020308,2012,ANT,SVL,Antarctica,Continuous,T/B3.6,Borehole,0,22,0.99,silt,205,0.026153564,7692.901,0,189.14212,31
124,Oasi,A8,-74.74167,164.1,2012,ANT,SVL,Antarctica,Continuous,T/B30,Borehole,-1.3,13,0.14,debris,52,0.026153564,7131.2617,0,189.14212,187
125,Apostrophe Island,A30,-73.51885,167.433567,2012,ANT,NVL,Antarctica,Continuous,T/B1,Borehole,0.1,10,0.978,silt,20,0.253356934,6778.3267,0,240.58832,
126,Edmonson Point,A31,-74.328494,165.131881,2012,ANT,NVL,Antarctica,Continuous,T/B1,Borehole,0.5,10,0.65,debris,30,0.118438721,7849.7666,0,165.31827,
127,Deception Island (Crater Lake),A16,-62.9856507,-60.6787111,2012,ANT,AP,Antarctica,Discontinuous,100/P/B1.3,Probing,0.3,19,0.27,debris,85,71.05038452148438,927.3521,157.60394287109375,915.2903,29
128,Deception Island (Irizar),A26,-62.9837,-60.7156671,2012,ANT,AP,Antarctica,Discontinuous,100/P/B1.2,Probing,4.4,19,0,debris,130,71.05038452148438,927.3521,157.60394287109375,915.2903,65
129,Signy Island,A17,-60.7115,-45.5919,2012,ANT,AP,Antarctica,Discontinuous,T/B3.6,Borehole,7.2,12,0,debris,85,17.44787598,1588.0137,0,805.7345,139
130,Signy Island- Bertsen,A17A,-60.7083,-45.5941,2012,ANT,AP,Antarctica,Discontinuous,T/B30,Borehole,-0.9,14,0.07,debris,21,17.44787598,1588.0137,0,805.7345,
131,King George-Bellingshausen,A18,-62.1983,-58.9842,2012,ANT,AP,Antarctica,Discontinuous,100/T,Probing,1.9,16,0.03,debris,15,78.01950073242188,1053.2666,45.896385192871094,873.76996,
132,Rothera,A19,-67.5719,-68.126,2012,ANT,AP,Antarctica,Discontinuous,T/B31,Probing,-2.2,15,0.42,debris,31,0.339385986,3042.9692,0,1145.2554,81
133,Limnopolar Lake (Livingston Island),A25,-62.6498,-61.1047,2012,ANT,AP,Antarctica,Discontinuous,100/T,Probing,0.9,14,0.32,debris,80,73.53964233398438,911.624,158.7266845703125,913.38135,39
134,James Ross Island (JGM),A27,-63.8012464,-57.8834444,2012,ANT,AP,Antarctica,Continuous,70/T/G/B2.0,Probing,1.5,11,0.03,debris,10,2.221221923828125,3312.1792,45.81855010986328,835.20544,
135,James Ross Island (Berry Hill),A28,-63.80257189,-57.83848112,2012,ANT,AP,Antarctica,Continuous,50/T/B0.9,Probing,0.1,14,0.04,debris,60,2.394592285,3286.2402,45.81855010986328,809.4127,90
136,Abernethy Flats,A34,-63.881389,-57.934722,2012,ANT,AP,Antarctica,Continuous,70/T/B,Borehole,0.1,13,0,debris,40,2.221221923828125,3312.1792,24.517526626586914,835.20544,65
137,Balcón I (Mendoza),SA2A,-32.9619,-69.3719,2012,ARG,Central Andes,Mountains (South America),Alpine,T/B,Borehole,1.9,13,0.14,debris,3560,756.9644165039062,1337.1753,472.4528809,304.8472,740
138,Balcón I Superior (Mendoza),SA2B,-32.955,-69.3706,2012,ARG,Central Andes,Mountains (South America),Alpine,T/B,Borehole,6.1,15,0,debris,3586,756.9644165039062,1337.1753,472.4528809,304.8472,540
139,Balcón II (Mendoza),SA2C,-32.9597,-69.3803,2012,ARG,Central Andes,Mountains (South America),Alpine,T/B,Borehole,2,22,0,debris,3770,756.9644165039062,1337.1753,472.4528809,304.8472,320
0,Barrow,U1,71.31667,-156.6,2013,USA,North America,North America,Continuous,1000/T,Probing,0.34,25,0.012,loam,3,410.75811767578125,3719.8071,124.08943176269531,207.4453,41
1,"Barrow, CRREL Plots",U2,71.31667,-156.5833,2013,USA,North America,North America,Continuous,10/T,Probing,0.27,25,0.017,loam,3,410.75811767578125,3719.8071,124.08943176269531,207.4453,40
2,Atkasuk,U3,70.45,-157.4,2013,USA,North America,North America,Continuous,1000/T,Probing,0.4,25,0.009,sand,22,859.4836426,4120.9414,168.33937072753906,218.41042,58
3,West Dock 1 ha grid,U4,70.3745,-148.5522,2013,USA,North America,North America,Continuous,100/T/B56,Probing,0.34,24,0.001,loam,3,634.064209,4044.2368,117.4961929321289,211.98917,35
4,West Dock 1 km grid,U5,70.36667,-148.5667,2013,USA,North America,North America,Continuous,1000,Probing,0.25,24,0.039,loam,3,634.064209,4044.2368,117.4961929321289,211.98917,54
5,Deadhorse,U6,70.1613,-148.4653,2013,USA,North America,North America,Continuous,100/T/B60,Probing,0.47,24,0.001,Loam,17,744.7467041015625,4187.2993,137.7909393310547,226.47252,72
6,Betty Pingo 1 km grid,U7 A,70.28333,-148.8667,2013,USA,North America,North America,Continuous,1000/T,Probing,0.2,24,0.401,loam,12,715.4888916015625,4144.2593,125.32086944580078,214.77576,58
7,Betty Pingo MNT,U7 B,70.2835,-148.8928,2013,USA,North America,North America,Continuous,100,Probing,0.28,24,0.117,loam,12,715.4888916015625,4144.2593,125.32086944580078,214.77576,43
8,Betty Pingo WET,U7 C,70.275,-148.919,2013,USA,North America,North America,Continuous,100,Probing,0.14,24,0.06,silt,12,715.4888916015625,4144.2593,125.32086944580078,214.77576,44
9,Franklin Bluff,U8,69.6739,-148.7219,2013,USA,North America,North America,Continuous,100/T/B60,Probing,0.59,24,0.001,sand,88,965.2850341796875,4537.1655,170.02658081054688,249.4031,70
10,Happy Valley,U9 A,69.1466,-148.8483,2013,USA,North America,North America,Continuous,100/T/B40,Probing,0.49,20,0.001,loam,305,998.6380615234375,4675.6724,271.10272216796875,283.6388,44
11,Happy Valley 1 km grid,U9 B,69.1482,-148.8505,2013,USA,North America,North America,Continuous,1000/T,Probing,-0.01,25,0.92,silt,305,999.1903686523438,4671.0474,271.2908630371094,281.93958,47
12,Lupine Hill,U10,69.12883,-148.5928,2013,USA,North America,North America,Continuous,100,Probing,0.29,24,0.003,silt,537,1001.9881591796875,4572.5195,272.4472961425781,287.4888,54
13,Imnavait Creek  1 km grid,U11 A,68.6114,-149.3101,2013,USA,North America,North America,Continuous,1000/T,Probing,0.37,25,0.029,loam,910,835.3343505859375,4590.8125,313.4838867,301.65936,55
14,Imnavait Creek WET,U11 B,68.611,-149.3145,2013,USA,North America,North America,Continuous,100,Probing,0.48,25,0.005,silt,917,835.3343505859375,4590.8125,313.4838867,301.65936,60
15,Imnavait Creek MAT,U11 C,68.611,-149.30933,2013,USA,North America,North America,Continuous,100,Probing,0.35,25,0.034,silt,938,835.3343505859375,4590.8125,313.4838867,301.65936,53
16,Toolik 1 km grid,U12 A,68.6215,-149.6063,2013,USA,North America,North America,Continuous,1000/T,Probing,0.28,25,0.073,silt,750,870.8331909179688,4548.0874,311.8477783203125,297.35706,51
17,Toolik MAT,U12 B,68.624,-149.61817,2013,USA,North America,North America,Continuous,100,Probing,0.29,25,0.049,silt,777,870.8331909179688,4548.0874,311.8477783203125,297.35706,51
18,Galbraith Lake,U14,68.4774,-149.5024,2013,USA,North America,North America,Continuous,100/T/B75,Probing,0.38,21,0.02,silt,823,805.6101684570312,4556.2847,306.9472351074219,305.91296,57
19,Chandalar Shelf,U15,68.0691,-149.5804,2013,USA,North America,North America,Continuous,30/T/B61,Probing,0.45,24,0,silt,976,731.5382080078125,4509.337,182.08285522460938,271.54663,37
20,Ivotuk  1 km grid,U26,68.48333,-155.7333,2013,USA,North America,North America,Continuous,1000,Probing,-0.15,20,0.31,peat,570,898.0612182617188,4510.3384,182.86964416503906,303.58463,54
21,56 Mile,U56,69.5006,-148.5592,2013,USA,North America,North America,Continuous,100,Probing,0.07,25,0.55,loam,349,1007.5929565429688,4632.252,256.7138672,216.38004,70
22,Sagwon Hills MNT,U32 A,69.441,-148.67033,2013,USA,North America,North America,Continuous,100,Probing,0.17,25,0.13,silt,269,1001.0145874023438,4696.4307,220.0845947265625,276.15015,60
23,Sagwon Hills MAT,U32 B,69.401,-148.8056,2013,USA,North America,North America,Continuous,100,Probing,0.17,25,0.2,silt,360,1001.0353393554688,4690.973,220.206543,274.8927,41
24,Drew Point,U20,70.8645,-153.91,2013,USA,North America,North America,Continuous,T/B640,Borehole,0.57,20,0,silt,5,543.0631103515625,3856.8315,157.60157775878906,210.22034,45
25,Inigok,U21,69.98962,-153.09,2013,USA,North America,North America,Continuous,T/B625,Borehole,0.09,25,0.87,silt,53,931.1732788085938,4322.651,140.5498047,223.70177,45
26,Fish Creek,U22,70.33523,-152.05,2013,USA,North America,North America,Continuous,T/B735,Borehole,0.23,20,0.09,silt,31,825.0009766,4172.1196,131.2332305908203,210.48463,33
27,Umiat,U24,69.3957,-152.14,2013,USA,North America,North America,Continuous,T/B640,Borehole,0.07,21,0.62,silt,201,1020.7450561523438,4637.8496,170.3284454345703,258.28198,38
28,Tunalik,U25,70.1959,-161.08,2013,USA,North America,North America,Continuous,T/B393,Borehole,0.3,25,0.14,silt,26,728.0708008,3754.8442,233.55909729003906,223.52158,58
29,Niguanak,U29,69.8894,-142.98,2013,USA,North America,North America,Continuous,T/B/30?,Borehole,0.57,22,0.1,silt,84,665.0191650390625,4039.3213,189.27923583984375,201.87979,62
30,Koluktak,U30,69.7516,-154.62,2013,USA,North America,North America,Continuous,T/B/,Borehole,0.14,21,0.08,silt,60,992.0527954101562,4405.4316,175.21292114257812,247.65714,120
31,Piksiksak,U37,70.0366,-157.08,2013,USA,North America,North America,Continuous,T/B/,Borehole,-0.31,21,0.21,silt,33,939.3683471679688,4239.2246,172.77159118652344,242.85344,53
32,East Teshekpuk,U38,70.5685,-152.97,2013,USA,North America,North America,Continuous,T/B/,Borehole,-0.26,21,0.14,silt,7,679.8007813,4010.255,134.0429688,204.67387,35
33,North Head (thaw tube),C3 A,69.71972,-134.4619,2013,Canada,North America,North America,Continuous,TT,Thaw Tube,-0.01,13,0.9,silt,2,788.0905762,4082.8875,135.3974609,152.25888,
34,Lousy Point (Thaw tube),C5 A,69.21889,-134.2911,2013,Canada,North America,North America,Continuous,TT/T/B30,Thaw Tube,0.57,23,0,sand,30,1074.7669677734375,4163.8687,149.0935059,157.25073,78
35,Old Man,U16,66.45,-150.6167,2013,USA,North America,North America,Discontinuous,100/T/B63,Probing,0.24,22,0.12,silt,390,1456.0233154296875,3382.4717,212.38670349121094,249.2038,36
36,Wickersham,U17,65.1667,-147.9,2013,USA,North America,North America,Discontinuous,TT/P,Probing,0.47,25,0,loam,335,1734.196289,3033.9443,260.1144714355469,165.91556,52
37,Pearl Creek,U19,64.9,-147.8167,2013,USA,North America,North America,Discontinuous,TT/P,Probing,5.82,25,0,silt,213,2028.029052734375,2606.0173,227.2045898,157.19772,77
38,Farmers Loop,U41,64.88,-147.67,2013,USA,North America,North America,Discontinuous,100,Probing,0.63,20,0,silt,151,2016.266113,2574.9075,224.0268096923828,156.8235,55
39,Eagle,U51,64.7777,-141.10954,2013,USA,North America,North America,Discontinuous,50/P/T,Probing,0.04,11,0.98,peat,280,1751.1275634765625,3191.1636,312.0129699707031,185.67427,41
40,Nenana,U57,64.55446,-149.08339,2013,USA,North America,North America,Discontinuous,50/P/T,Probing,2.57,10,0,loam,111,2134.972656,2606.1372,197.37545776367188,142.6001,60
41,Council Grid,U27,64.8442,-163.7202,2013,USA,North America,North America,Discontinuous,1000,Probing,0.82,21,0,loam,61,1193.276611328125,2691.7617,472.32708740234375,315.08423,55
42,Kougarok,U28,65.454,-164.6268,2013,USA,North America,North America,Discontinuous,1000,Probing,0.4,21,0.04,loam,250,1131.105957,3107.2869,276.9570313,199.99216,58
43,Reindeer Depot  (Thaw tube),C7 A,68.68472,-134.1458,2013,Canada,North America,North America,Discontinuous,TT,Thaw Tube,1.21,21,0,silt,34,1206.1395263671875,4200.5283,190.2366180419922,162.57751,150
44,Rengleng River  (Thaw tube),C8 A,67.795,-134.1261,2013,Canada,North America,North America,Discontinuous,TT,Thaw Tube,0.24,14,0.19,sand,11,1522.083984,4154.9844,226.23582458496094,131.57288,
45,"Janssonhaugen, Svalbard",N1,78.1793,16.467,2013,NOR,Norway/Svalbard,Mountains (Europe),Alpine,T/B102,Borehole,1.31,25,0,debris,270,289.9458923339844,3476.4639,216.9213409423828,286.7161,180
46,"Junvvasshoe, Norway",N2,61.6775823,8.3693057,2013,NOR,Norway/Svalbard,Mountains (Europe),Alpine,T/B129,Borehole,1.08,24,0.01,debris,1894,774.7447509765625,2055.454,648.4780273,488.88403,212
47,"Snoheim DB2, Norway",N5,62.2958,9.352,2013,NOR,Norway/Svalbard,Mountains (Europe),Alpine,T/B9,Borehole,8.45,17,0,debris,1481,913.4432373046875,2042.2208,535.9257813,402.36566,
48,Lapires,CH3,46.106117,7.284349,2013,SWI,Switzerland,Mountains (Europe),Alpine,T/B19,Borehole,12.2,22,0,debris,2656,1419.0238037109375,1208.7806,972.6610107421875,562.2655,560
49,Corvatsch,CH1,46.42879,9.821836,2013,SWI,Switzerland,Mountains (Europe),Alpine,T/B62,Borehole,15.49,23,0,debris,2670,753.1742553710938,1534.2576,476.94256591796875,1100.5236,418
50,Stockhorn,CH4,45.986786,7.824201,2013,SWI,Switzerland,Mountains (Europe),Alpine,T/B100,Borehole,9.08,22,0,debris,3327,522.1068725585938,2207.0242,686.7603149414062,1240.5284,344
51,Les Attelas,CH5,46.096772,7.273075,2013,SWI,Switzerland,Mountains (Europe),Alpine,T/B26,Borehole,7.08,16,0,debris,2507,1419.0238037109375,1208.7806,972.6610107421875,562.2655,391
52,Gentianes,CH7,46.083705,7.302472,2013,SWI,Switzerland,Mountains (Europe),Alpine,T/B20,Borehole,27.76,18,0,debris,2896,1419.0238037109375,1208.7806,972.6610107421875,562.2655,396
53,Schilthorn,CH2,46.558282,7.834426,2013,SWI,Switzerland,Mountains (Europe),Alpine,T/B101,Borehole,36.21,25,0,debris,2900,1664.096923828125,836.9282,1197.7584228515625,627.6852,742
54,Fluela,CH8,46.748868,9.943555,2013,SWI,Switzerland,Mountains (Europe),Alpine,T/B23,Borehole,-0.47,19,0.01,debris,2413,989.6390991210938,1454.0994,901.3487548828125,582.0548,295
55,Muot da Barba Peider,CH9,46.496573,9.93141,2013,SWI,Switzerland,Mountains (Europe),Alpine,T/B18,Borehole,10.59,19,0.01,debris,2941,808.3447875976562,1616.0356,657.8287353515625,801.5751,298
56,Matterhorn,CH10,45.982321,7.676049,2013,SWI,Switzerland,Mountains (Europe),Alpine,T/B53,Borehole,9.57,15,0,debris,3204,573.1681518554688,2145.793,586.300293,1165.8894,342
57,Schafberg,CH11,46.498797,9.925215,2013,SWI,Switzerland,Mountains (Europe),Alpine,T/B60,Borehole,0.89,22,0,debris,2731,808.3447875976562,1616.0356,657.8287353515625,801.5751,513
58,Ritigraben,CH12,46.174694,7.849835,2013,SWI,Switzerland,Mountains (Europe),Alpine,T/B30,Borehole,3.11,22,0.01,debris,2640,1111.287109,1435.2699,592.9313354492188,900.2034,
59,Cime Bianche,IT2,45.920046,7.693595,2013,IT,Switzerland,Mountains (Europe),Alpine,T/B41,Borehole,20.21813725,17,0,debris,3100,1086.582763671875,1459.3778,712.1731567382812,1052.8641,453
60,Stelvio,IT3,45.5187,10.4569,2013,IT,Switzerland,Mountains (Europe),Alpine,T/B100,Borehole,9.69,24,0,debris,2612,4775.972656,1.0680542,1375.415283203125,84.76576,286
61,Aiguille du Midi SE,FRA1a,45.878173,6.887653,2013,FRA,Switzerland,Mountains (Europe),Alpine,T/B10,Borehole,17.61356297,12,0,debris,3753,998.4975586,1527.5845,622.4916381835938,1033.6798,
62,Aiguille du Midi NW,FRA1b,45.878679,6.887216,2013,FRA,Switzerland,Mountains (Europe),Alpine,T/B10,Borehole,7.678571429,15,0,debris,3745,998.4975586,1527.5845,622.4916381835938,1033.6798,220
63,Aiguille du Midi NE,FRA1c,45.878585,6.888098,2013,FRA,Switzerland,Mountains (Europe),Alpine,TB/10,Borehole,13.51785714,14,0,debris,3738,998.4975586,1527.5845,622.4916381835938,1033.6798,338
64,Bolvansky,R24,68.3,54.5,2013,RUS,Russian European North,Russian Northwest,Continuous,100,Probing,0.09,23,0.82,loam,28,1328.4678955078125,2268.7593,188.79319763183594,343.39484,117
65,Kashin Island,R24 A,68.23333,53.85,2013,RUS,Russian European North,Russian Northwest,Continuous,100,Probing,3.85,15,0,sand,9,1365.4647216796875,2220.5596,180.53530883789062,327.4356,87
66,Zackenberg; ZEROCALM 1,G1,74.473,-20.5528,2013,DEN,Denmark (Greenland),Nordic Arctic,Continuous,100/T,Probing,0.64,25,0,loam,36,182.80825805664062,4446.284,138.5742188,424.47278,75
67,Zackenberg; ZEROCALM 2,G2,74.466,-20.5643,2013,DEN,Denmark (Greenland),Nordic Arctic,Continuous,150/T,Probing,0.5,25,0.02,loam,16,182.80825805664062,4446.284,138.5742188,424.47278,70
68,UNISCALM,N3,78.200956,15.836412,2013,NOR,Norway/Svalbard,Nordic Arctic,Continuous,100/T,Probing,0.52,25,0.01,sand,10,356.9134216308594,3164.1,264.6670837402344,272.3381,103
69,"Ayach-Yakha, Vorkuta",R2,67.58333,64.18333,2013,RUS,Russian European North,Russian Northwest,Discontinuous,100/T,Probing,0.69,25,0,loam,148,1235.2169189453125,3298.6018,253.48590087890625,418.0157,93
70,Talnik,R23,67.33333,63.73333,2013,RUS,Russian European North,Russian Northwest,Discontinuous,100,Probing,2.52,22,0,loam,120,1316.501465,3236.3833,229.93374633789062,431.9112,156
71,Seida,R52,67.06556,62.92508,2013,RUS,Russian European North,Russian Northwest,Discontinuous,100,Probing,1.21,13,0,peat,100,1390.242188,3107.7944,225.35165405273438,404.78314,52
72,"Abisko area, Sweden",S2,68.33333,18.83333,2013,SWE,Sweden/Svalbard,Nordic Arctic,Discontinuous,100/T,Probing,1.25,24,0,peat,900,1092.779052734375,1794.5962,521.8215942382812,606.6421,74
73,Nadym; West Siberia,R1,65.314861,72.864194,2013,RUS,West Siberia,West Siberia,Discontinuous,100/T/B10,Probing,3.38,25,0,sand,28,1414.845215,3205.3787,248.28866577148438,320.81525,136
74,Nadym WET; West Siberia,R1b,65.23375,72.518417,2013,RUS,West Siberia,West Siberia,Discontinuous,100,Probing,6.18,12,0,sand,7,1423.34082,3163.1506,247.72325134277344,312.24234,95
75,"Marre Sale, Yamal Peninsula",R3,69.71667,66.75,2013,RUS,West Siberia,West Siberia,Continuous,1000/T/B10,Probing,0.7,23,0.09,sand,18,699.4559936523438,3038.2817,169.9314727783203,249.7573,115
76,"Vaskiny Dachy, Yamal Peninsula",R5,70.28333,68.9,2013,RUS,West Siberia,West Siberia,Continuous,100/T/B10,Probing,0.43,24,0.05,silt,29,971.1870117,3829.0234,155.70640563964844,186.91534,103
77,"Vaskiny Dachy, Yamal Peninsula",R5a,70.28333,68.9,2013,RUS,West Siberia,West Siberia,Continuous,50,Probing,0.5,18,0.2,loam,45,971.1870117,3829.0234,155.70640563964844,186.91534,80
78,"Vaskiny Dachi, Yamal Peninsula",R5b,70.2755,68.89164,2013,RUS,West Siberia,West Siberia,Continuous,50,Probing,0.74,18,0.04,silt,35,971.1870117,3829.0234,155.70640563964844,186.91534,78
79,"Vaskiny Dachi, Yamal Peninsula",R5c,70.2955,68.88347,2013,RUS,West Siberia,West Siberia,Continuous,50,Probing,1.12,18,0.06,sand,25,971.1870117,3829.0234,155.70640563964844,186.91534,126
80,Urengoy Gas Field GP5,R50a,66.31325,76.903478,2013,RUS,West Siberia,West Siberia,Discontinuous,100/T/B10,Probing,3.68,17,0,sand,59,1381.0079345703125,3570.9067,215.16798400878906,306.05652,70
81,Urengoy Gas Field GP15,R50b,67.47791,76.69529,2013,RUS,West Siberia,West Siberia,Discontinuous,100/T/B10,Probing,2.67,16,0,sand,32,1327.5220947265625,3762.2163,210.9824219,294.75385,92
82,Bely Island (silt),R55,73.32694,70.08528,2013,RUS,West Siberia,West Siberia,Continuous,50,Probing,0.36,15,0.04,silt,4.2,601.847168,3529.1191,126.4019775390625,201.98802,55
83,Bely Island (sand),R55a,73.32861,70.08833,2013,RUS,West Siberia,West Siberia,Continuous,25,Probing,2.08,15,0,sand,3.4,601.847168,3529.1191,126.4019775390625,201.98802,112
84,Bykovsky (Lena delta) (alas),R29 B,71.7855,71.41917,2013,RUS,Central Siberia,Central Siberia,Continuous,100,Probing,0.05,20,0.65,loam,5,797.7507324,3927.8147,143.47885131835938,209.34189,24
85,Talnah (Norilsk Region),R32,69.43333,88.46667,2013,RUS,Central Siberia,Central Siberia,Continuous,100,Probing,1.02,20,0.01,loam,67,1513.2479248046875,4265.035,218.1937255859375,393.9898,86
86,Igarka,R40,67.48135,86.4347,2013,RUS,Central Siberia,Central Siberia,Discontinuous,100,Probing,2.97,16,0,loam,40,1606.691650390625,3806.7397,240.6869354248047,398.52054,68
87,Tuymada (Yakutsk region),R42,62.0133,129.65683,2013,RUS,Central Siberia,Central Siberia,Continuous,50/TT,Thaw Tube,0.5,17,0,sand,101,2073.860352,4739.868,287.1707458496094,72.51199,201
88,Neleger (Yakutsk region),R43,62.31618,129.49952,2013,RUS,Central Siberia,Central Siberia,Continuous,50/TT,Thaw Tube,0.06,17,0.77,loam,210,1954.858642578125,4852.6514,268.2364196777344,75.69517,129
89,Samoylov,R51,72.369775,126.48063,2013,RUS,Central Siberia,Central Siberia,Continuous,150,Probing,0.42,22,0.02,sand,14,842.3436889648438,5158.67,142.9027099609375,82.147705,46
90,"Cape Chukochii; edoma, Kolyma",R13 A,70.08333,159.5833,2013,RUS,Northeast Siberia,Northeast Siberia,Continuous,100/T/B30,Probing,-0.04,22,0.84,loam,32,432.27154541015625,4452.499,114.8593521118164,138.32439,47
91,"Cape Chukochi, alas, Kolyma",R13 B,70.08333,159.9167,2013,RUS,Northeast Siberia,Northeast Siberia,Continuous,100,Probing,-0.02,22,0.95,loam,32,372.0155029296875,4315.877,148.54615783691406,117.45552,47
92,"Chukochya River, Kolyma",R14,69.48333,156.9833,2013,RUS,Northeast Siberia,Northeast Siberia,Continuous,100/T/B25,Probing,0.27,16,0.05,loam,31,722.7556152,5025.316,155.1747589111328,113.65938,42
93,"Konkovaya River, Kolyma",R15 A,69.38333,158.4667,2013,RUS,Northeast Siberia,Northeast Siberia,Continuous,100/T/B50,Probing,-0.34,17,0.36,loam,20,721.8582763671875,4918.3467,141.6821289,115.37236,30
94,"Konkovaya River, Kolyma",R15 B,69.38333,158.4667,2013,RUS,Northeast Siberia,Northeast Siberia,Continuous,100/T/B50,Probing,-0.19,17,0.45,loam,41,721.8582763671875,4918.3467,141.6821289,115.37236,43
95,"Segodnya Pingo, Kolyma",R16,69.08333,158.9,2013,RUS,Northeast Siberia,Northeast Siberia,Continuous,100,Probing,-0.47,19,0.24,peat,30,873.6576538085938,4996.312,135.74884033203125,111.0932,50
96,Akhmelo channel; Kolyma,R17,68.81667,161,2013,RUS,Northeast Siberia,Northeast Siberia,Continuous,100/T,Probing,0.61,23,0,loam,5,1121.530517578125,4970.431,173.3786621,83.58153,55
97,Mt. Rodinka; Kolyma,R18,68.9255,161.5046,2013,RUS,Northeast Siberia,Northeast Siberia,Continuous,100/T,Probing,0.05,23,0.81,loam,152,1122.9986572265625,4853.719,168.9337615966797,87.62465,74
98,Mt. Rodinka; Kolyma (10 m grid),R18 A,68.7417,161.5042,2013,RUS,Northeast Siberia,Northeast Siberia,Continuous,10/T,Probing,1.03,19,0,loam,152,1159.763184,4801.001,180.1833038330078,88.54939,94
99,"Lake Glukhoe, Kolyma",R19,68.8,160.95,2013,RUS,Northeast Siberia,Northeast Siberia,Continuous,100,Probing,0.55,21,0.08,sand,15,1121.530517578125,4970.431,173.3786621,83.58153,89
100,"Malchilovskaya Channel, Kolyma",R20,68.51667,161.4333,2013,RUS,Northeast Siberia,Northeast Siberia,Continuous,100,Probing,0.54,23,0,loam,10,1240.2645263671875,4970.27,191.69393920898438,88.12463,61
101,"Lake Akhmelo, Kolyma",R21,68.83333,161.0333,2013,RUS,Northeast Siberia,Northeast Siberia,Continuous,100/T/B15,Probing,0.13,23,0.67,sand,10,1121.530517578125,4970.431,173.3786621,83.58153,96
102,Alazeya River,R22,69.31667,154.9833,2013,RUS,Northeast Siberia,Northeast Siberia,Continuous,100/B23,Probing,0.2,19,0.16,loam,60,788.0296630859375,5196.0693,167.93545532226562,106.488045,49
103,Jakutskoe Lake,R25,69.85,159.5,2013,RUS,Northeast Siberia,Northeast Siberia,Continuous,100,Probing,-0.02,20,0.89,loam,9,488.42279052734375,4458.17,170.41334533691406,128.54677,41
104,Allaiha (Indigirka basin),R31,70.55,147.4333,2013,RUS,Northeast Siberia,Northeast Siberia,Continuous,100,Probing,-0.02,16,0.96,loam,42,858.5272216796875,5571.502,127.60921478271484,98.19634,47
105,Omolon,R35,68.73333,158.9,2013,RUS,Northeast Siberia,Northeast Siberia,Continuous,100,Probing,-0.02,17,0.93,loam,4,1007.5806884765625,5029.6426,181.7133331298828,86.25827,40
106,Andryushkino,R36,69.16667,154.4333,2013,RUS,Northeast Siberia,Northeast Siberia,Continuous,100,Probing,0.4,19,0.01,loam,21,825.4627685546875,5238.5396,174.59976196289062,107.55499,44
107,Mt. Rodinka (Control),R38 A,68.7,161.55,2013,RUS,Northeast Siberia,Northeast Siberia,Continuous,10/T,Probing,0.12,15,0.86,loam,75,1152.572266,4777.961,182.18646240234375,89.04204,124
108,Mt. Rodinka (Station),R38 C,68.74,161.3928,2013,RUS,Northeast Siberia,Northeast Siberia,Continuous,10/T,Probing,-1.03,21,0,loam,31,1164.428955078125,4829.5586,180.3989258,88.20604,66
109,Cape Rogozhny; Chukotka,R9,64.78333,176.9667,2013,RUS,Chukotka,Northeast Siberia,Continuous,100/T,Probing,0.17,25,0.21,loam,17,1055.0638427734375,3316.839,327.6750793457031,259.29306,52
110,"Mt. Dionisy, Chukotka",R11,64.56667,177.2,2013,RUS,Chukotka,Northeast Siberia,Continuous,100/T,Probing,0.12,24,0.42,loam,148,981.4615478515625,3012.6707,319.81317138671875,318.70615,57
111,Lavrentia,R27,65.6,-171.05,2013,RUS,Chukotka,Northeast Siberia,Continuous,100,Probing,0.4,25,0.02,loam,100,689.8151855,2892.2495,201.93856811523438,365.63147,69
112,Lorino,R41,65.539667,-171.63023,2013,RUS,Chukotka,Northeast Siberia,Continuous,100,Probing,0.87,15,0,sand,45,719.8289794921875,3066.0596,196.3543243408203,319.04395,51
113,Kruglaya (Anadyr),R45,64.63333,176.9667,2013,RUS,Chukotka,Northeast Siberia,Continuous,100,Probing,0.04,15,0.82,silt,2.5,1031.108642578125,3160.4744,345.5102233886719,293.4254,47
114,Ploskii Tolbachik (Kamchatka) 2,R30 C,55.89092,160.5375,2013,RUS,Kamchatka,Mountains (Eurasia),Alpine,100,Probing,0.23,17,0.03,silt,1630,927.9580078,2742.383,501.8352051,731.335,46
115,Baganuur Depression,M 1,47.68889,108.2625,2013,MNG,Hentei,Mountains (Eurasia),Alpine,T/B15,Borehole,4.42,22,0,sand,1350,2086.744141,2349.3306,240.24241638183594,76.009735,360
116,Nalaikh – northern slope,M2 A,47.75444,107.25,2013,MNG,Hentei,Mountains (Eurasia),Alpine,T/T/B50,Borehole,1.7,23,0,loam,1512,1914.374512,2368.7812,256.1784668,79.11311,355
117,Terkh – valley bottom,M6 A,48.08194,99.37333,2013,MNG,Hangai,Mountains (Eurasia),Alpine,T/B15,Borehole,1.22,22,0,sand,2050,1435.377441,2816.7305,247.1740723,93.43822,300
118,Chuluut – pingo top,M7 A,48.04111,100.39167,2013,MNG,Hangai,Mountains (Eurasia),Alpine,T/B15,Borehole,1.74,22,0,silt,1870,1512.6478271484375,2393.831,289.0348815917969,70.24343,165
119,Hatgal – lake terrace,M11,50.43861,100.15028,2013,MNG,Hovsgol,Mountains (Eurasia),Alpine,T/B6,Borehole,5.38,21,0,sand,1662,1402.4432373046875,2434.8188,452.2223205566406,74.68155,580
120,Darhad Khuurch,M13 A,51.18722,99.4975,2013,MNG,Hovsgol,Mountains (Eurasia),Alpine,T/B100,Borehole,0.15,17,0.36,loam,1558,1495.768798828125,3029.6074,254.8432159423828,81.67289,168
121,Prior Island,A32,-75.692829,162.880554,2013,ANT,SVL,Antarctica,Continuous,T/B1,Borehole,0.8,10,0.55,silt,30,0.088623047,7180.4126,0,214.10095,
122,Finger Point,A33,-77.004683,162.623283,2013,ANT,SVL,Antarctica,Continuous,T/B1,Borehole,-0.3,10,0.66,silt,190,0.088623047,8559.945,0,74.29017,
123,Boulder Clay,A7,-74.745489,164.020308,2013,ANT,SVL,Antarctica,Continuous,T/B3.6,Borehole,0,22,0.99,silt,205,0.088623047,7670.369,0,235.81947,33
124,Oasi,A8,-74.74167,164.1,2013,ANT,SVL,Antarctica,Continuous,T/B30,Borehole,-1.3,13,0.14,debris,52,0.088623047,7054.2485,0,235.81947,177
125,Apostrophe Island,A30,-73.51885,167.433567,2013,ANT,NVL,Antarctica,Continuous,T/B1,Borehole,0.1,10,0.978,silt,20,0.205566406,6667.3413,0,191.59906,
126,Edmonson Point,A31,-74.328494,165.131881,2013,ANT,NVL,Antarctica,Continuous,T/B1,Borehole,0.5,10,0.65,debris,30,0.088623047,7793.039,0,171.79251,
127,Deception Island (Crater Lake),A16,-62.9856507,-60.6787111,2013,ANT,AP,Antarctica,Discontinuous,100/P/B1.3,Probing,0.3,19,0.27,debris,85,100.25347900390625,984.8021,352.5371398925781,672.1339,23
128,Deception Island (Irizar),A26,-62.9837,-60.7156671,2013,ANT,AP,Antarctica,Discontinuous,100/P/B1.2,Probing,4.4,19,0,debris,130,100.25347900390625,984.8021,352.5371398925781,672.1339,52
129,Signy Island,A17,-60.7115,-45.5919,2013,ANT,AP,Antarctica,Discontinuous,T/B3.6,Borehole,7.2,12,0,debris,85,10.945098876953125,1488.3616,0,791.2517,97
130,Signy Island- Bertsen,A17A,-60.7083,-45.5941,2013,ANT,AP,Antarctica,Discontinuous,T/B30,Borehole,-0.9,14,0.07,debris,21,10.945098876953125,1488.3616,0,791.2517,280
131,King George-Bellingshausen,A18,-62.1983,-58.9842,2013,ANT,AP,Antarctica,Discontinuous,100/T,Probing,1.9,16,0.03,debris,15,110.25262451171875,1006.04333,297.31695556640625,635.6377,47
132,Rothera,A19,-67.5719,-68.126,2013,ANT,AP,Antarctica,Discontinuous,T/B31,Probing,-2.2,15,0.42,debris,31,1.722808837890625,3080.8586,258.2175598144531,1310.4435,106
133,Limnopolar Lake (Livingston Island),A25,-62.6498,-61.1047,2013,ANT,AP,Antarctica,Discontinuous,100/T,Probing,0.9,14,0.32,debris,80,103.19317626953125,975.49304,355.0917663574219,670.2806,12
134,James Ross Island (JGM),A27,-63.8012464,-57.8834444,2013,ANT,AP,Antarctica,Continuous,70/T/G/B2.0,Probing,1.5,11,0.03,debris,10,16.302398681640625,2899.9885,296.2915039,844.6995,
135,James Ross Island (Berry Hill),A28,-63.80257189,-57.83848112,2013,ANT,AP,Antarctica,Continuous,50/T/B0.9,Probing,0.1,14,0.04,debris,60,17.0189209,2875.1255,296.2915039,812.0194,86
136,Abernethy Flats,A34,-63.881389,-57.934722,2013,ANT,AP,Antarctica,Continuous,70/T/B,Borehole,0.1,13,0,debris,40,16.302398681640625,2899.9885,296.2915039,844.6995,58
137,Balcón I (Mendoza),SA2A,-32.9619,-69.3719,2013,ARG,Central Andes,Mountains (South America),Alpine,T/B,Borehole,1.9,13,0.14,debris,3560,678.2780762,1602.2136,555.7258911132812,380.82816,770
138,Balcón I Superior (Mendoza),SA2B,-32.955,-69.3706,2013,ARG,Central Andes,Mountains (South America),Alpine,T/B,Borehole,6.1,15,0,debris,3586,678.2780762,1602.2136,555.7258911132812,380.82816,560
139,Balcón II (Mendoza),SA2C,-32.9597,-69.3803,2013,ARG,Central Andes,Mountains (South America),Alpine,T/B,Borehole,2,22,0,debris,3770,678.2780762,1602.2136,555.7258911132812,380.82816,320
0,Barrow,U1,71.31667,-156.6,2014,USA,North America,North America,Continuous,1000/T,Probing,0.34,25,0.012,loam,3,297.8635254,3403.129,155.19366455078125,130.94745,34
1,"Barrow, CRREL Plots",U2,71.31667,-156.5833,2014,USA,North America,North America,Continuous,10/T,Probing,0.27,25,0.017,loam,3,297.8635254,3403.129,155.19366455078125,130.94745,34
2,Atkasuk,U3,70.45,-157.4,2014,USA,North America,North America,Continuous,1000/T,Probing,0.4,25,0.009,sand,22,642.4683837890625,3662.9307,167.61944580078125,136.37964,52
3,West Dock 1 ha grid,U4,70.3745,-148.5522,2014,USA,North America,North America,Continuous,100/T/B56,Probing,0.34,24,0.001,loam,3,528.3748168945312,3542.6118,119.3372802734375,138.52118,31
4,West Dock 1 km grid,U5,70.36667,-148.5667,2014,USA,North America,North America,Continuous,1000,Probing,0.25,24,0.039,loam,3,528.3748168945312,3542.6118,119.3372802734375,138.52118,48
5,Deadhorse,U6,70.1613,-148.4653,2014,USA,North America,North America,Continuous,100/T/B60,Probing,0.47,24,0.001,Loam,17,614.0952148,3651.1333,141.39056396484375,149.23862,70
6,Betty Pingo 1 km grid,U7 A,70.28333,-148.8667,2014,USA,North America,North America,Continuous,1000/T,Probing,0.2,24,0.401,loam,12,586.4468994140625,3625.7861,127.91142272949219,140.70168,49
7,Betty Pingo MNT,U7 B,70.2835,-148.8928,2014,USA,North America,North America,Continuous,100,Probing,0.28,24,0.117,loam,12,586.4468994140625,3625.7861,127.91142272949219,140.70168,35
8,Betty Pingo WET,U7 C,70.275,-148.919,2014,USA,North America,North America,Continuous,100,Probing,0.14,24,0.06,silt,12,586.4468994140625,3625.7861,127.91142272949219,140.70168,41
9,Franklin Bluff,U8,69.6739,-148.7219,2014,USA,North America,North America,Continuous,100/T/B60,Probing,0.59,24,0.001,sand,88,784.8937377929688,3998.456,190.62710571289062,174.10355,68
10,Happy Valley,U9 A,69.1466,-148.8483,2014,USA,North America,North America,Continuous,100/T/B40,Probing,0.49,20,0.001,loam,305,870.0257568359375,4034.4248,252.51429748535156,285.3361,42
11,Happy Valley 1 km grid,U9 B,69.1482,-148.8505,2014,USA,North America,North America,Continuous,1000/T,Probing,-0.01,25,0.92,silt,305,866.7813720703125,4027.627,254.57254028320312,283.7542,47
12,Lupine Hill,U10,69.12883,-148.5928,2014,USA,North America,North America,Continuous,100,Probing,0.29,24,0.003,silt,537,878.1002197265625,3925.834,249.91360473632812,288.9842,51
13,Imnavait Creek  1 km grid,U11 A,68.6114,-149.3101,2014,USA,North America,North America,Continuous,1000/T,Probing,0.37,25,0.029,loam,910,726.9141235351562,3953.9883,330.8350524902344,302.13678,50
14,Imnavait Creek WET,U11 B,68.611,-149.3145,2014,USA,North America,North America,Continuous,100,Probing,0.48,25,0.005,silt,917,726.9141235351562,3953.9883,330.8350524902344,302.13678,55
15,Imnavait Creek MAT,U11 C,68.611,-149.30933,2014,USA,North America,North America,Continuous,100,Probing,0.35,25,0.034,silt,938,726.9141235351562,3953.9883,330.8350524902344,302.13678,46
16,Toolik 1 km grid,U12 A,68.6215,-149.6063,2014,USA,North America,North America,Continuous,1000/T,Probing,0.28,25,0.073,silt,750,758.9234008789062,3921.115,326.21295166015625,302.5946,50
17,Toolik MAT,U12 B,68.624,-149.61817,2014,USA,North America,North America,Continuous,100,Probing,0.29,25,0.049,silt,777,758.9234008789062,3921.115,326.21295166015625,302.5946,45
18,Galbraith Lake,U14,68.4774,-149.5024,2014,USA,North America,North America,Continuous,100/T/B75,Probing,0.38,21,0.02,silt,823,675.8721923828125,3922.7983,337.2294922,299.37488,55
19,Chandalar Shelf,U15,68.0691,-149.5804,2014,USA,North America,North America,Continuous,30/T/B61,Probing,0.45,24,0,silt,976,539.1464233398438,3830.6167,324.26116943359375,206.25684,36
20,Ivotuk  1 km grid,U26,68.48333,-155.7333,2014,USA,North America,North America,Continuous,1000,Probing,-0.15,20,0.31,peat,570,747.9385375976562,3790.4646,254.5053253173828,271.7795,52
21,56 Mile,U56,69.5006,-148.5592,2014,USA,North America,North America,Continuous,100,Probing,0.07,25,0.55,loam,349,838.1953125,4062.3547,233.0366211,194.60515,64
22,Sagwon Hills MNT,U32 A,69.441,-148.67033,2014,USA,North America,North America,Continuous,100,Probing,0.17,25,0.13,silt,269,838.5585938,4114.3496,257.8230285644531,205.1057,55
23,Sagwon Hills MAT,U32 B,69.401,-148.8056,2014,USA,North America,North America,Continuous,100,Probing,0.17,25,0.2,silt,360,835.0932617,4103.4907,258.12481689453125,203.92613,42
24,Drew Point,U20,70.8645,-153.91,2014,USA,North America,North America,Continuous,T/B640,Borehole,0.57,20,0,silt,5,408.7719421386719,3500.9155,132.67787170410156,135.14581,40
25,Inigok,U21,69.98962,-153.09,2014,USA,North America,North America,Continuous,T/B625,Borehole,0.09,25,0.87,silt,53,741.0742188,3783.0332,121.65235137939453,137.2844,37
26,Fish Creek,U22,70.33523,-152.05,2014,USA,North America,North America,Continuous,T/B735,Borehole,0.23,20,0.09,silt,31,652.2160645,3685.1948,106.25733947753906,129.7672,28
27,Umiat,U24,69.3957,-152.14,2014,USA,North America,North America,Continuous,T/B640,Borehole,0.07,21,0.62,silt,201,828.6359252929688,4005.0056,204.1458282470703,165.0473,37
28,Tunalik,U25,70.1959,-161.08,2014,USA,North America,North America,Continuous,T/B393,Borehole,0.3,25,0.14,silt,26,555.4161987304688,3323.6714,190.29458618164062,184.64993,51
29,Niguanak,U29,69.8894,-142.98,2014,USA,North America,North America,Continuous,T/B/30?,Borehole,0.57,22,0.1,silt,84,615.2774658203125,3404.2646,138.69508361816406,176.29736,45
30,Koluktak,U30,69.7516,-154.62,2014,USA,North America,North America,Continuous,T/B/,Borehole,0.14,21,0.08,silt,60,804.6925048828125,3856.487,191.4703369140625,111.148476,120
31,Piksiksak,U37,70.0366,-157.08,2014,USA,North America,North America,Continuous,T/B/,Borehole,-0.31,21,0.21,silt,33,734.8028564453125,3688.76,165.58384704589844,157.37686,46
32,East Teshekpuk,U38,70.5685,-152.97,2014,USA,North America,North America,Continuous,T/B/,Borehole,-0.26,21,0.14,silt,7,517.1380615234375,3587.3296,105.14899444580078,127.25708,25
33,North Head (thaw tube),C3 A,69.71972,-134.4619,2014,Canada,North America,North America,Continuous,TT,Thaw Tube,-0.01,13,0.9,silt,2,797.7896728515625,3568.504,144.02005004882812,137.46039,
34,Lousy Point (Thaw tube),C5 A,69.21889,-134.2911,2014,Canada,North America,North America,Continuous,TT/T/B30,Thaw Tube,0.57,23,0,sand,30,1040.090576171875,3677.8699,209.27464294433594,105.94756,81
35,Old Man,U16,66.45,-150.6167,2014,USA,North America,North America,Discontinuous,100/T/B63,Probing,0.24,22,0.12,silt,390,1309.657715,2752.5913,449.0262756347656,133.34758,43
36,Wickersham,U17,65.1667,-147.9,2014,USA,North America,North America,Discontinuous,TT/P,Probing,0.47,25,0,loam,335,1598.28418,2523.4836,477.12762451171875,98.31554,54
37,Pearl Creek,U19,64.9,-147.8167,2014,USA,North America,North America,Discontinuous,TT/P,Probing,5.82,25,0,silt,213,1909.936523,2098.4844,418.9231872558594,85.330536,90
38,Farmers Loop,U41,64.88,-147.67,2014,USA,North America,North America,Discontinuous,100,Probing,0.63,20,0,silt,151,1892.667236328125,2071.9128,413.7271423339844,84.77384,59
39,Eagle,U51,64.7777,-141.10954,2014,USA,North America,North America,Discontinuous,50/P/T,Probing,0.04,11,0.98,peat,280,1705.3966064453125,2874.438,338.1441650390625,122.92992,51
40,Nenana,U57,64.55446,-149.08339,2014,USA,North America,North America,Discontinuous,50/P/T,Probing,2.57,10,0,loam,111,2037.9061279296875,2146.2163,330.74407958984375,75.91542,65
41,Council Grid,U27,64.8442,-163.7202,2014,USA,North America,North America,Discontinuous,1000,Probing,0.82,21,0,loam,61,1294.311279296875,2026.7583,270.2251281738281,268.40622,60
42,Kougarok,U28,65.454,-164.6268,2014,USA,North America,North America,Discontinuous,1000,Probing,0.4,21,0.04,loam,250,1164.702392578125,2333.897,273.22454833984375,140.41739,58
43,Reindeer Depot  (Thaw tube),C7 A,68.68472,-134.1458,2014,Canada,North America,North America,Discontinuous,TT,Thaw Tube,1.21,21,0,silt,34,1173.896484,3733.4934,259.0079345703125,118.09628,144
44,Rengleng River  (Thaw tube),C8 A,67.795,-134.1261,2014,Canada,North America,North America,Discontinuous,TT,Thaw Tube,0.24,14,0.19,sand,11,1479.426513671875,3842.5667,270.3725280761719,159.09622,
45,"Janssonhaugen, Svalbard",N1,78.1793,16.467,2014,NOR,Norway/Svalbard,Mountains (Europe),Alpine,T/B102,Borehole,1.31,25,0,debris,270,221.40579223632812,2938.5444,48.59565734863281,453.1449,181
46,"Junvvasshoe, Norway",N2,61.6775823,8.3693057,2014,NOR,Norway/Svalbard,Mountains (Europe),Alpine,T/B129,Borehole,1.08,24,0.01,debris,1894,869.0800781,1644.0085,480.2509460449219,640.8741,243
47,"Snoheim DB2, Norway",N5,62.2958,9.352,2014,NOR,Norway/Svalbard,Mountains (Europe),Alpine,T/B9,Borehole,8.45,17,0,debris,1481,983.8553466796875,1663.4298,469.1924743652344,357.06116,540
48,Lapires,CH3,46.106117,7.284349,2014,SWI,Switzerland,Mountains (Europe),Alpine,T/B19,Borehole,12.2,22,0,debris,2656,1192.9854736328125,751.86395,769.9284668,628.7687,568
49,Corvatsch,CH1,46.42879,9.821836,2014,SWI,Switzerland,Mountains (Europe),Alpine,T/B62,Borehole,15.49,23,0,debris,2670,669.9387207,1280.4473,641.7496948242188,935.86865,422
50,Stockhorn,CH4,45.986786,7.824201,2014,SWI,Switzerland,Mountains (Europe),Alpine,T/B100,Borehole,9.08,22,0,debris,3327,359.2294922,1709.0654,512.0106811523438,1322.4736,327
51,Les Attelas,CH5,46.096772,7.273075,2014,SWI,Switzerland,Mountains (Europe),Alpine,T/B26,Borehole,7.08,16,0,debris,2507,1192.9854736328125,751.86395,769.9284668,628.7687,393
52,Gentianes,CH7,46.083705,7.302472,2014,SWI,Switzerland,Mountains (Europe),Alpine,T/B20,Borehole,27.76,18,0,debris,2896,1192.9854736328125,751.86395,769.9284668,628.7687,467
53,Schilthorn,CH2,46.558282,7.834426,2014,SWI,Switzerland,Mountains (Europe),Alpine,T/B101,Borehole,36.21,25,0,debris,2900,1615.4915771484375,515.74133,1279.306152,480.60065,482
54,Fluela,CH8,46.748868,9.943555,2014,SWI,Switzerland,Mountains (Europe),Alpine,T/B23,Borehole,-0.47,19,0.01,debris,2413,880.3394775390625,1038.0978,706.6662598,676.67786,300
55,Muot da Barba Peider,CH9,46.496573,9.93141,2014,SWI,Switzerland,Mountains (Europe),Alpine,T/B18,Borehole,10.59,19,0.01,debris,2941,713.1179199,1296.3564,561.8204956054688,852.25305,286
56,Matterhorn,CH10,45.982321,7.676049,2014,SWI,Switzerland,Mountains (Europe),Alpine,T/B53,Borehole,9.57,15,0,debris,3204,394.5736999511719,1654.3958,453.9597168,1201.5813,273
57,Schafberg,CH11,46.498797,9.925215,2014,SWI,Switzerland,Mountains (Europe),Alpine,T/B60,Borehole,0.89,22,0,debris,2731,713.1179199,1296.3564,561.8204956054688,852.25305,513
58,Ritigraben,CH12,46.174694,7.849835,2014,SWI,Switzerland,Mountains (Europe),Alpine,T/B30,Borehole,3.11,22,0.01,debris,2640,973.8331298828125,1016.3025,637.5062255859375,843.9811,317
59,Cime Bianche,IT2,45.920046,7.693595,2014,IT,Switzerland,Mountains (Europe),Alpine,T/B41,Borehole,20.21813725,17,0,debris,3100,972.5736694335938,997.018,742.4570313,960.7102,315
60,Stelvio,IT3,45.5187,10.4569,2014,IT,Switzerland,Mountains (Europe),Alpine,T/B100,Borehole,9.69,24,0,debris,2612,5128.905762,0.679718,1576.519531,228.02791,349
61,Aiguille du Midi SE,FRA1a,45.878173,6.887653,2014,FRA,Switzerland,Mountains (Europe),Alpine,T/B10,Borehole,17.61356297,12,0,debris,3753,745.4276123046875,1020.5902,703.4334106445312,739.7067,477
62,Aiguille du Midi NW,FRA1b,45.878679,6.887216,2014,FRA,Switzerland,Mountains (Europe),Alpine,T/B10,Borehole,7.678571429,15,0,debris,3745,745.4276123046875,1020.5902,703.4334106445312,739.7067,126
63,Aiguille du Midi NE,FRA1c,45.878585,6.888098,2014,FRA,Switzerland,Mountains (Europe),Alpine,TB/10,Borehole,13.51785714,14,0,debris,3738,745.4276123046875,1020.5902,703.4334106445312,739.7067,204
64,Bolvansky,R24,68.3,54.5,2014,RUS,Russian European North,Russian Northwest,Continuous,100,Probing,0.09,23,0.82,loam,28,972.8509521484375,2282.2175,271.6827697753906,384.7818,102
65,Kashin Island,R24 A,68.23333,53.85,2014,RUS,Russian European North,Russian Northwest,Continuous,100,Probing,3.85,15,0,sand,9,991.9338379,2215.171,261.25189208984375,360.1128,65
66,Zackenberg; ZEROCALM 1,G1,74.473,-20.5528,2014,DEN,Denmark (Greenland),Nordic Arctic,Continuous,100/T,Probing,0.64,25,0,loam,36,202.18954467773438,4094.0322,139.83865356445312,429.17825,74
67,Zackenberg; ZEROCALM 2,G2,74.466,-20.5643,2014,DEN,Denmark (Greenland),Nordic Arctic,Continuous,150/T,Probing,0.5,25,0.02,loam,16,202.18954467773438,4094.0322,139.83865356445312,429.17825,67
68,UNISCALM,N3,78.200956,15.836412,2014,NOR,Norway/Svalbard,Nordic Arctic,Continuous,100/T,Probing,0.52,25,0.01,sand,10,277.01544189453125,2662.2134,84.82172393798828,412.19266,103
69,"Ayach-Yakha, Vorkuta",R2,67.58333,64.18333,2014,RUS,Russian European North,Russian Northwest,Discontinuous,100/T,Probing,0.69,25,0,loam,148,863.9441528320312,3363.308,291.7994384765625,464.5665,91
70,Talnik,R23,67.33333,63.73333,2014,RUS,Russian European North,Russian Northwest,Discontinuous,100,Probing,2.52,22,0,loam,120,947.2041016,3274.6733,296.6415100097656,441.1308,
71,Seida,R52,67.06556,62.92508,2014,RUS,Russian European North,Russian Northwest,Discontinuous,100,Probing,1.21,13,0,peat,100,1023.8114013671875,3168.846,322.8768310546875,413.89096,53
72,"Abisko area, Sweden",S2,68.33333,18.83333,2014,SWE,Sweden/Svalbard,Nordic Arctic,Discontinuous,100/T,Probing,1.25,24,0,peat,900,1021.688720703125,1733.1216,393.42877197265625,495.44244,84
73,Nadym; West Siberia,R1,65.314861,72.864194,2014,RUS,West Siberia,West Siberia,Discontinuous,100/T/B10,Probing,3.38,25,0,sand,28,1231.2259521484375,3432.3413,412.71038818359375,280.23267,164
74,Nadym WET; West Siberia,R1b,65.23375,72.518417,2014,RUS,West Siberia,West Siberia,Discontinuous,100,Probing,6.18,12,0,sand,7,1248.935547,3390.994,413.7171630859375,277.02283,95
75,"Marre Sale, Yamal Peninsula",R3,69.71667,66.75,2014,RUS,West Siberia,West Siberia,Continuous,1000/T/B10,Probing,0.7,23,0.09,sand,18,519.3658447265625,3005.3901,221.1568145751953,340.99243,102
76,"Vaskiny Dachy, Yamal Peninsula",R5,70.28333,68.9,2014,RUS,West Siberia,West Siberia,Continuous,100/T/B10,Probing,0.43,24,0.05,silt,29,644.6883544921875,3727.3018,188.7980499267578,275.52228,93
77,"Vaskiny Dachy, Yamal Peninsula",R5a,70.28333,68.9,2014,RUS,West Siberia,West Siberia,Continuous,50,Probing,0.5,18,0.2,loam,45,644.6883544921875,3727.3018,188.7980499267578,275.52228,71
78,"Vaskiny Dachi, Yamal Peninsula",R5b,70.2755,68.89164,2014,RUS,West Siberia,West Siberia,Continuous,50,Probing,0.74,18,0.04,silt,35,644.6883544921875,3727.3018,188.7980499267578,275.52228,70
79,"Vaskiny Dachi, Yamal Peninsula",R5c,70.2955,68.88347,2014,RUS,West Siberia,West Siberia,Continuous,50,Probing,1.12,18,0.06,sand,25,644.6883544921875,3727.3018,188.7980499267578,275.52228,112
80,Urengoy Gas Field GP5,R50a,66.31325,76.903478,2014,RUS,West Siberia,West Siberia,Discontinuous,100/T/B10,Probing,3.68,17,0,sand,59,1074.359619140625,3763.5886,307.5096435546875,330.54718,76
81,Urengoy Gas Field GP15,R50b,67.47791,76.69529,2014,RUS,West Siberia,West Siberia,Discontinuous,100/T/B10,Probing,2.67,16,0,sand,32,992.7738037109375,3854.2305,227.9489746,296.3688,84
82,Bely Island (silt),R55,73.32694,70.08528,2014,RUS,West Siberia,West Siberia,Continuous,50,Probing,0.36,15,0.04,silt,4.2,352.0968017578125,3339.26,208.62684631347656,235.87213,41
83,Bely Island (sand),R55a,73.32861,70.08833,2014,RUS,West Siberia,West Siberia,Continuous,25,Probing,2.08,15,0,sand,3.4,352.0968017578125,3339.26,208.62684631347656,235.87213,91
84,Bykovsky (Lena delta) (alas),R29 B,71.7855,71.41917,2014,RUS,Central Siberia,Central Siberia,Continuous,100,Probing,0.05,20,0.65,loam,5,481.66143798828125,3821.4875,181.57839965820312,246.05327,33
85,Talnah (Norilsk Region),R32,69.43333,88.46667,2014,RUS,Central Siberia,Central Siberia,Continuous,100,Probing,1.02,20,0.01,loam,67,926.7734985351562,4552.735,521.4305419921875,481.95377,95
86,Igarka,R40,67.48135,86.4347,2014,RUS,Central Siberia,Central Siberia,Discontinuous,100,Probing,2.97,16,0,loam,40,1088.477539,4106.15,286.03314208984375,381.3899,75
87,Tuymada (Yakutsk region),R42,62.0133,129.65683,2014,RUS,Central Siberia,Central Siberia,Continuous,50/TT,Thaw Tube,0.5,17,0,sand,101,2161.771240234375,4889.2344,199.8844451904297,90.61264,203
88,Neleger (Yakutsk region),R43,62.31618,129.49952,2014,RUS,Central Siberia,Central Siberia,Continuous,50/TT,Thaw Tube,0.06,17,0.77,loam,210,2028.5916748046875,4977.308,210.7097625732422,88.106674,126
89,Samoylov,R51,72.369775,126.48063,2014,RUS,Central Siberia,Central Siberia,Continuous,150,Probing,0.42,22,0.02,sand,14,981.1615600585938,5124.0957,153.1233367919922,119.552666,51
90,"Cape Chukochii; edoma, Kolyma",R13 A,70.08333,159.5833,2014,RUS,Northeast Siberia,Northeast Siberia,Continuous,100/T/B30,Probing,-0.04,22,0.84,loam,32,644.4377441,4236.996,106.41387939453125,122.18466,
91,"Cape Chukochi, alas, Kolyma",R13 B,70.08333,159.9167,2014,RUS,Northeast Siberia,Northeast Siberia,Continuous,100,Probing,-0.02,22,0.95,loam,32,567.5234375,4107.723,110.24897766113281,128.72762,
92,"Chukochya River, Kolyma",R14,69.48333,156.9833,2014,RUS,Northeast Siberia,Northeast Siberia,Continuous,100/T/B25,Probing,0.27,16,0.05,loam,31,991.5223388671875,4678.911,134.42396545410156,106.86678,
93,"Konkovaya River, Kolyma",R15 A,69.38333,158.4667,2014,RUS,Northeast Siberia,Northeast Siberia,Continuous,100/T/B50,Probing,-0.34,17,0.36,loam,20,980.7478027,4575.8545,129.76568603515625,109.97221,
94,"Konkovaya River, Kolyma",R15 B,69.38333,158.4667,2014,RUS,Northeast Siberia,Northeast Siberia,Continuous,100/T/B50,Probing,-0.19,17,0.45,loam,41,980.7478027,4575.8545,129.76568603515625,109.97221,
95,"Segodnya Pingo, Kolyma",R16,69.08333,158.9,2014,RUS,Northeast Siberia,Northeast Siberia,Continuous,100,Probing,-0.47,19,0.24,peat,30,1130.980712890625,4624.948,125.36051940917969,114.1344,57
96,Akhmelo channel; Kolyma,R17,68.81667,161,2014,RUS,Northeast Siberia,Northeast Siberia,Continuous,100/T,Probing,0.61,23,0,loam,5,1311.12207,4650.7812,170.43246459960938,125.82202,64
97,Mt. Rodinka; Kolyma,R18,68.9255,161.5046,2014,RUS,Northeast Siberia,Northeast Siberia,Continuous,100/T,Probing,0.05,23,0.81,loam,152,1295.808837890625,4513.044,182.97335815429688,130.53291,79
98,Mt. Rodinka; Kolyma (10 m grid),R18 A,68.7417,161.5042,2014,RUS,Northeast Siberia,Northeast Siberia,Continuous,10/T,Probing,1.03,19,0,loam,152,1318.048828,4569.1875,184.90072631835938,129.76305,101
99,"Lake Glukhoe, Kolyma",R19,68.8,160.95,2014,RUS,Northeast Siberia,Northeast Siberia,Continuous,100,Probing,0.55,21,0.08,sand,15,1311.12207,4650.7812,170.43246459960938,125.82202,95
100,"Malchilovskaya Channel, Kolyma",R20,68.51667,161.4333,2014,RUS,Northeast Siberia,Northeast Siberia,Continuous,100,Probing,0.54,23,0,loam,10,1386.682861328125,4757.6167,188.34861755371094,123.960815,65
101,"Lake Akhmelo, Kolyma",R21,68.83333,161.0333,2014,RUS,Northeast Siberia,Northeast Siberia,Continuous,100/T/B15,Probing,0.13,23,0.67,sand,10,1311.12207,4650.7812,170.43246459960938,125.82202,108
102,Alazeya River,R22,69.31667,154.9833,2014,RUS,Northeast Siberia,Northeast Siberia,Continuous,100/B23,Probing,0.2,19,0.16,loam,60,1098.010742,4851.825,136.64527893066406,105.05188,45
103,Jakutskoe Lake,R25,69.85,159.5,2014,RUS,Northeast Siberia,Northeast Siberia,Continuous,100,Probing,-0.02,20,0.89,loam,9,722.7277832,4204.009,122.7432632446289,126.44803,
104,Allaiha (Indigirka basin),R31,70.55,147.4333,2014,RUS,Northeast Siberia,Northeast Siberia,Continuous,100,Probing,-0.02,16,0.96,loam,42,1072.468994140625,5285.3975,198.07443237304688,133.53287,47
105,Omolon,R35,68.73333,158.9,2014,RUS,Northeast Siberia,Northeast Siberia,Continuous,100,Probing,-0.02,17,0.93,loam,4,1251.251953,4666.089,143.1047821044922,122.51894,40
106,Andryushkino,R36,69.16667,154.4333,2014,RUS,Northeast Siberia,Northeast Siberia,Continuous,100,Probing,0.4,19,0.01,loam,21,1146.343994140625,4877.5737,131.76136779785156,105.93465,38
107,Mt. Rodinka (Control),R38 A,68.7,161.55,2014,RUS,Northeast Siberia,Northeast Siberia,Continuous,10/T,Probing,0.12,15,0.86,loam,75,1306.0079345703125,4546.211,187.4113311767578,129.35815,132
108,Mt. Rodinka (Station),R38 C,68.74,161.3928,2014,RUS,Northeast Siberia,Northeast Siberia,Continuous,10/T,Probing,-1.03,21,0,loam,31,1324.231445,4592.62,184.3688965,129.37244,75
109,Cape Rogozhny; Chukotka,R9,64.78333,176.9667,2014,RUS,Chukotka,Northeast Siberia,Continuous,100/T,Probing,0.17,25,0.21,loam,17,1298.652099609375,2564.5725,249.2954864501953,266.05264,59
110,"Mt. Dionisy, Chukotka",R11,64.56667,177.2,2014,RUS,Chukotka,Northeast Siberia,Continuous,100/T,Probing,0.12,24,0.42,loam,148,1224.357422,2349.4548,242.79388427734375,298.08093,60
111,Lavrentia,R27,65.6,-171.05,2014,RUS,Chukotka,Northeast Siberia,Continuous,100,Probing,0.4,25,0.02,loam,100,853.9077148,2224.3337,159.4844512939453,430.30518,70
112,Lorino,R41,65.539667,-171.63023,2014,RUS,Chukotka,Northeast Siberia,Continuous,100,Probing,0.87,15,0,sand,45,881.1781616210938,2341.2822,144.92767333984375,415.6441,56
113,Kruglaya (Anadyr),R45,64.63333,176.9667,2014,RUS,Chukotka,Northeast Siberia,Continuous,100,Probing,0.04,15,0.82,silt,2.5,1276.4766845703125,2438.5142,241.32278442382812,296.14465,49
114,Ploskii Tolbachik (Kamchatka) 2,R30 C,55.89092,160.5375,2014,RUS,Kamchatka,Mountains (Eurasia),Alpine,100,Probing,0.23,17,0.03,silt,1630,992.0490723,2815.29,481.92230224609375,773.006,
115,Baganuur Depression,M 1,47.68889,108.2625,2014,MNG,Hentei,Mountains (Eurasia),Alpine,T/B15,Borehole,4.42,22,0,sand,1350,2181.413086,1993.7588,289.8884277,14.995765,360
116,Nalaikh – northern slope,M2 A,47.75444,107.25,2014,MNG,Hentei,Mountains (Eurasia),Alpine,T/T/B50,Borehole,1.7,23,0,loam,1512,2000.3822021484375,2087.086,324.9176330566406,19.05013,350
117,Terkh – valley bottom,M6 A,48.08194,99.37333,2014,MNG,Hangai,Mountains (Eurasia),Alpine,T/B15,Borehole,1.22,22,0,sand,2050,1443.007813,2693.2336,256.2375793457031,92.95978,295
118,Chuluut – pingo top,M7 A,48.04111,100.39167,2014,MNG,Hangai,Mountains (Eurasia),Alpine,T/B15,Borehole,1.74,22,0,silt,1870,1519.585449,2251.094,335.05767822265625,39.824535,165
119,Hatgal – lake terrace,M11,50.43861,100.15028,2014,MNG,Hovsgol,Mountains (Eurasia),Alpine,T/B6,Borehole,5.38,21,0,sand,1662,1419.5162353515625,2518.962,432.03948974609375,38.17072,580
120,Darhad Khuurch,M13 A,51.18722,99.4975,2014,MNG,Hovsgol,Mountains (Eurasia),Alpine,T/B100,Borehole,0.15,17,0.36,loam,1558,1488.9647216796875,3005.6885,278.1929016113281,45.616158,170
121,Prior Island,A32,-75.692829,162.880554,2014,ANT,SVL,Antarctica,Continuous,T/B1,Borehole,0.8,10,0.55,silt,30,0.109588623,7110.6997,0,115.61347,
122,Finger Point,A33,-77.004683,162.623283,2014,ANT,SVL,Antarctica,Continuous,T/B1,Borehole,-0.3,10,0.66,silt,190,0.044403076,8432.137,0,49.816376,
123,Boulder Clay,A7,-74.745489,164.020308,2014,ANT,SVL,Antarctica,Continuous,T/B3.6,Borehole,0,22,0.99,silt,205,0.109588623,7654.415,0,132.65933,37
124,Oasi,A8,-74.74167,164.1,2014,ANT,SVL,Antarctica,Continuous,T/B30,Borehole,-1.3,13,0.14,debris,52,0.109588623,7002.6636,0,132.65933,170
125,Apostrophe Island,A30,-73.51885,167.433567,2014,ANT,NVL,Antarctica,Continuous,T/B1,Borehole,0.1,10,0.978,silt,20,0.302215576,6535.966,0,226.21042,
126,Edmonson Point,A31,-74.328494,165.131881,2014,ANT,NVL,Antarctica,Continuous,T/B1,Borehole,0.5,10,0.65,debris,30,0.034393311,7665.5684,0,129.40932,
127,Deception Island (Crater Lake),A16,-62.9856507,-60.6787111,2014,ANT,AP,Antarctica,Discontinuous,100/P/B1.3,Probing,0.3,19,0.27,debris,85,39.087249755859375,834.46936,142.30856323242188,1052.5212,23
128,Deception Island (Irizar),A26,-62.9837,-60.7156671,2014,ANT,AP,Antarctica,Discontinuous,100/P/B1.2,Probing,4.4,19,0,debris,130,39.087249755859375,834.46936,142.30856323242188,1052.5212,45
129,Signy Island,A17,-60.7115,-45.5919,2014,ANT,AP,Antarctica,Discontinuous,T/B3.6,Borehole,7.2,12,0,debris,85,5.372009277,1560.6774,0,767.4458,96
130,Signy Island- Bertsen,A17A,-60.7083,-45.5941,2014,ANT,AP,Antarctica,Discontinuous,T/B30,Borehole,-0.9,14,0.07,debris,21,5.372009277,1560.6774,0,767.4458,299
131,King George-Bellingshausen,A18,-62.1983,-58.9842,2014,ANT,AP,Antarctica,Discontinuous,100/T,Probing,1.9,16,0.03,debris,15,48.36999512,878.12616,142.30856323242188,887.21826,
132,Rothera,A19,-67.5719,-68.126,2014,ANT,AP,Antarctica,Discontinuous,T/B31,Probing,-2.2,15,0.42,debris,31,0.247955322,2810.7544,0,1319.5446,51
133,Limnopolar Lake (Livingston Island),A25,-62.6498,-61.1047,2014,ANT,AP,Antarctica,Discontinuous,100/T,Probing,0.9,14,0.32,debris,80,40.589141845703125,820.84436,142.30856323242188,1051.758,
134,James Ross Island (JGM),A27,-63.8012464,-57.8834444,2014,ANT,AP,Antarctica,Continuous,70/T/G/B2.0,Probing,1.5,11,0.03,debris,10,6.193817138671875,2928.0298,14.69824504852295,834.0211,66
135,James Ross Island (Berry Hill),A28,-63.80257189,-57.83848112,2014,ANT,AP,Antarctica,Continuous,50/T/B0.9,Probing,0.1,14,0.04,debris,60,6.584716797,2905.1978,14.69824504852295,808.40955,86
136,Abernethy Flats,A34,-63.881389,-57.934722,2014,ANT,AP,Antarctica,Continuous,70/T/B,Borehole,0.1,13,0,debris,40,6.193817138671875,2928.0298,14.69824504852295,834.0211,54
137,Balcón I (Mendoza),SA2A,-32.9619,-69.3719,2014,ARG,Central Andes,Mountains (South America),Alpine,T/B,Borehole,1.9,13,0.14,debris,3560,655.9830932617188,1340.7188,536.0332031,184.83667,
138,Balcón I Superior (Mendoza),SA2B,-32.955,-69.3706,2014,ARG,Central Andes,Mountains (South America),Alpine,T/B,Borehole,6.1,15,0,debris,3586,655.9830932617188,1340.7188,536.0332031,184.83667,610
139,Balcón II (Mendoza),SA2C,-32.9597,-69.3803,2014,ARG,Central Andes,Mountains (South America),Alpine,T/B,Borehole,2,22,0,debris,3770,655.9830932617188,1340.7188,536.0332031,184.83667,330
0,Barrow,U1,71.31667,-156.6,2015,USA,North America,North America,Continuous,1000/T,Probing,0.34,25,0.012,loam,3,443.31414794921875,3619.974,109.09365844726562,154.72037,40
1,"Barrow, CRREL Plots",U2,71.31667,-156.5833,2015,USA,North America,North America,Continuous,10/T,Probing,0.27,25,0.017,loam,3,443.31414794921875,3619.974,109.09365844726562,154.72037,39
2,Atkasuk,U3,70.45,-157.4,2015,USA,North America,North America,Continuous,1000/T,Probing,0.4,25,0.009,sand,22,872.5812988,4083.3984,124.69242095947266,124.87071,54
3,West Dock 1 ha grid,U4,70.3745,-148.5522,2015,USA,North America,North America,Continuous,100/T/B56,Probing,0.34,24,0.001,loam,3,602.2210083007812,3789.8992,125.35763549804688,117.94255,37
4,West Dock 1 km grid,U5,70.36667,-148.5667,2015,USA,North America,North America,Continuous,1000,Probing,0.25,24,0.039,loam,3,602.2210083007812,3789.8992,125.35763549804688,117.94255,54
5,Deadhorse,U6,70.1613,-148.4653,2015,USA,North America,North America,Continuous,100/T/B60,Probing,0.47,24,0.001,Loam,17,725.9915771484375,3893.7227,149.86868286132812,131.96356,73
6,Betty Pingo 1 km grid,U7 A,70.28333,-148.8667,2015,USA,North America,North America,Continuous,1000/T,Probing,0.2,24,0.401,loam,12,689.7276611328125,3883.0557,133.88858032226562,122.50589,54
7,Betty Pingo MNT,U7 B,70.2835,-148.8928,2015,USA,North America,North America,Continuous,100,Probing,0.28,24,0.117,loam,12,689.7276611328125,3883.0557,133.88858032226562,122.50589,39
8,Betty Pingo WET,U7 C,70.275,-148.919,2015,USA,North America,North America,Continuous,100,Probing,0.14,24,0.06,silt,12,689.7276611328125,3883.0557,133.88858032226562,122.50589,43
9,Franklin Bluff,U8,69.6739,-148.7219,2015,USA,North America,North America,Continuous,100/T/B60,Probing,0.59,24,0.001,sand,88,968.5922241210938,4166.5933,173.61016845703125,156.22267,68
10,Happy Valley,U9 A,69.1466,-148.8483,2015,USA,North America,North America,Continuous,100/T/B40,Probing,0.49,20,0.001,loam,305,1035.810059,4217.628,221.5380401611328,189.3873,42
11,Happy Valley 1 km grid,U9 B,69.1482,-148.8505,2015,USA,North America,North America,Continuous,1000/T,Probing,-0.01,25,0.92,silt,305,1034.630371,4209.552,223.57632446289062,188.02606,46
12,Lupine Hill,U10,69.12883,-148.5928,2015,USA,North America,North America,Continuous,100,Probing,0.29,24,0.003,silt,537,1033.7218017578125,4109.418,219.2015838623047,192.1954,50
13,Imnavait Creek  1 km grid,U11 A,68.6114,-149.3101,2015,USA,North America,North America,Continuous,1000/T,Probing,0.37,25,0.029,loam,910,836.626709,4097.2236,298.5391845703125,200.32443,59
14,Imnavait Creek WET,U11 B,68.611,-149.3145,2015,USA,North America,North America,Continuous,100,Probing,0.48,25,0.005,silt,917,836.626709,4097.2236,298.5391845703125,200.32443,55
15,Imnavait Creek MAT,U11 C,68.611,-149.30933,2015,USA,North America,North America,Continuous,100,Probing,0.35,25,0.034,silt,938,836.626709,4097.2236,298.5391845703125,200.32443,54
16,Toolik 1 km grid,U12 A,68.6215,-149.6063,2015,USA,North America,North America,Continuous,1000/T,Probing,0.28,25,0.073,silt,750,876.6716309,4032.9368,297.0192871,200.5331,51
17,Toolik MAT,U12 B,68.624,-149.61817,2015,USA,North America,North America,Continuous,100,Probing,0.29,25,0.049,silt,777,876.6716309,4032.9368,297.0192871,200.5331,50
18,Galbraith Lake,U14,68.4774,-149.5024,2015,USA,North America,North America,Continuous,100/T/B75,Probing,0.38,21,0.02,silt,823,794.0404052734375,4038.8105,312.4521179199219,202.00967,57
19,Chandalar Shelf,U15,68.0691,-149.5804,2015,USA,North America,North America,Continuous,30/T/B61,Probing,0.45,24,0,silt,976,698.4957885742188,3990.0356,293.5897521972656,168.10854,38
20,Ivotuk  1 km grid,U26,68.48333,-155.7333,2015,USA,North America,North America,Continuous,1000,Probing,-0.15,20,0.31,peat,570,921.4495239257812,4013.123,273.9058837890625,171.63023,
21,56 Mile,U56,69.5006,-148.5592,2015,USA,North America,North America,Continuous,100,Probing,0.07,25,0.55,loam,349,1021.7207641601562,4220.491,192.82540893554688,174.1034,65
22,Sagwon Hills MNT,U32 A,69.441,-148.67033,2015,USA,North America,North America,Continuous,100,Probing,0.17,25,0.13,silt,269,1021.9874877929688,4282.133,197.0646973,179.43048,57
23,Sagwon Hills MAT,U32 B,69.401,-148.8056,2015,USA,North America,North America,Continuous,100,Probing,0.17,25,0.2,silt,360,1021.1937866210938,4276.5234,197.03915405273438,178.19426,41
24,Drew Point,U20,70.8645,-153.91,2015,USA,North America,North America,Continuous,T/B640,Borehole,0.57,20,0,silt,5,530.6341552734375,3758.974,115.88128662109375,142.48631,41
25,Inigok,U21,69.98962,-153.09,2015,USA,North America,North America,Continuous,T/B625,Borehole,0.09,25,0.87,silt,53,937.5045776367188,4090.4656,131.94631958007812,136.93062,36
26,Fish Creek,U22,70.33523,-152.05,2015,USA,North America,North America,Continuous,T/B735,Borehole,0.23,20,0.09,silt,31,799.7847290039062,3985.4663,121.58964538574219,122.912766,29
27,Umiat,U24,69.3957,-152.14,2015,USA,North America,North America,Continuous,T/B640,Borehole,0.07,21,0.62,silt,201,1054.55957,4250.277,191.746582,159.1388,34
28,Tunalik,U25,70.1959,-161.08,2015,USA,North America,North America,Continuous,T/B393,Borehole,0.3,25,0.14,silt,26,809.9881591796875,3736.8408,164.04635620117188,127.65033,52
29,Niguanak,U29,69.8894,-142.98,2015,USA,North America,North America,Continuous,T/B/30?,Borehole,0.57,22,0.1,silt,84,679.6857299804688,3565.3193,144.96853637695312,153.2446,44
30,Koluktak,U30,69.7516,-154.62,2015,USA,North America,North America,Continuous,T/B/,Borehole,0.14,21,0.08,silt,60,1013.4859619140625,4169.8213,135.94264221191406,151.49663,120
31,Piksiksak,U37,70.0366,-157.08,2015,USA,North America,North America,Continuous,T/B/,Borehole,-0.31,21,0.21,silt,33,960.0665283203125,4118.5156,126.25392150878906,143.0301,45
32,East Teshekpuk,U38,70.5685,-152.97,2015,USA,North America,North America,Continuous,T/B/,Borehole,-0.26,21,0.14,silt,7,659.1931152,3890.784,117.45732116699219,124.7448,29
33,North Head (thaw tube),C3 A,69.71972,-134.4619,2015,Canada,North America,North America,Continuous,TT,Thaw Tube,-0.01,13,0.9,silt,2,882.5588379,3492.1055,189.0778809,98.76615,56
34,Lousy Point (Thaw tube),C5 A,69.21889,-134.2911,2015,Canada,North America,North America,Continuous,TT/T/B30,Thaw Tube,0.57,23,0,sand,30,1112.5123291015625,3614.8958,198.3547363,103.86261,82
35,Old Man,U16,66.45,-150.6167,2015,USA,North America,North America,Discontinuous,100/T/B63,Probing,0.24,22,0.12,silt,390,1500.4664306640625,2936.974,362.9477539,156.44177,39
36,Wickersham,U17,65.1667,-147.9,2015,USA,North America,North America,Discontinuous,TT/P,Probing,0.47,25,0,loam,335,1741.4669189453125,2563.7751,366.4333801269531,126.53711,56
37,Pearl Creek,U19,64.9,-147.8167,2015,USA,North America,North America,Discontinuous,TT/P,Probing,5.82,25,0,silt,213,2073.900634765625,2224.687,334.9825439453125,104.09241,101
38,Farmers Loop,U41,64.88,-147.67,2015,USA,North America,North America,Discontinuous,100,Probing,0.63,20,0,silt,151,2055.098876953125,2191.5618,333.4671325683594,103.81728,56
39,Eagle,U51,64.7777,-141.10954,2015,USA,North America,North America,Discontinuous,50/P/T,Probing,0.04,11,0.98,peat,280,1749.3839111328125,2833.4429,444.18695068359375,141.66336,
40,Nenana,U57,64.55446,-149.08339,2015,USA,North America,North America,Discontinuous,50/P/T,Probing,2.57,10,0,loam,111,2218.910645,2184.7734,324.5209045410156,100.473526,59
41,Council Grid,U27,64.8442,-163.7202,2015,USA,North America,North America,Discontinuous,1000,Probing,0.82,21,0,loam,61,1335.1319580078125,2341.4092,258.9812927246094,408.6496,68
42,Kougarok,U28,65.454,-164.6268,2015,USA,North America,North America,Discontinuous,1000,Probing,0.4,21,0.04,loam,250,1228.369873046875,2751.3064,214.4905548095703,205.56364,57
43,Reindeer Depot  (Thaw tube),C7 A,68.68472,-134.1458,2015,Canada,North America,North America,Discontinuous,TT,Thaw Tube,1.21,21,0,silt,34,1199.5521240234375,3685.8198,240.17257690429688,118.49742,146
44,Rengleng River  (Thaw tube),C8 A,67.795,-134.1261,2015,Canada,North America,North America,Discontinuous,TT,Thaw Tube,0.24,14,0.19,sand,11,1422.0452880859375,3743.42,273.58563232421875,157.82175,111
45,"Janssonhaugen, Svalbard",N1,78.1793,16.467,2015,NOR,Norway/Svalbard,Mountains (Europe),Alpine,T/B102,Borehole,1.31,25,0,debris,270,257.36444091796875,2791.276,123.05158996582031,539.14716,191
46,"Junvvasshoe, Norway",N2,61.6775823,8.3693057,2015,NOR,Norway/Svalbard,Mountains (Europe),Alpine,T/B129,Borehole,1.08,24,0.01,debris,1894,601.7490234,1574.6804,466.2322082519531,723.87,216
47,"Snoheim DB2, Norway",N5,62.2958,9.352,2015,NOR,Norway/Svalbard,Mountains (Europe),Alpine,T/B9,Borehole,8.45,17,0,debris,1481,692.3674316,1622.7441,433.36126708984375,510.30646,520
48,Lapires,CH3,46.106117,7.284349,2015,SWI,Switzerland,Mountains (Europe),Alpine,T/B19,Borehole,12.2,22,0,debris,2656,1746.5408935546875,866.88574,826.5709228515625,480.65805,560
49,Corvatsch,CH1,46.42879,9.821836,2015,SWI,Switzerland,Mountains (Europe),Alpine,T/B62,Borehole,15.49,23,0,debris,2670,963.3873291015625,1248.9814,742.9628295898438,452.02625,437
50,Stockhorn,CH4,45.986786,7.824201,2015,SWI,Switzerland,Mountains (Europe),Alpine,T/B100,Borehole,9.08,22,0,debris,3327,683.6241455078125,1737.8206,753.4885254,774.7334,383
51,Les Attelas,CH5,46.096772,7.273075,2015,SWI,Switzerland,Mountains (Europe),Alpine,T/B26,Borehole,7.08,16,0,debris,2507,1746.5408935546875,866.88574,826.5709228515625,480.65805,397
52,Gentianes,CH7,46.083705,7.302472,2015,SWI,Switzerland,Mountains (Europe),Alpine,T/B20,Borehole,27.76,18,0,debris,2896,1746.5408935546875,866.88574,826.5709228515625,480.65805,499
53,Schilthorn,CH2,46.558282,7.834426,2015,SWI,Switzerland,Mountains (Europe),Alpine,T/B101,Borehole,36.21,25,0,debris,2900,1985.2840576171875,619.40375,1201.32373,468.47702,986
54,Fluela,CH8,46.748868,9.943555,2015,SWI,Switzerland,Mountains (Europe),Alpine,T/B23,Borehole,-0.47,19,0.01,debris,2413,1202.718994140625,1097.7737,740.7647094726562,502.08432,
55,Muot da Barba Peider,CH9,46.496573,9.93141,2015,SWI,Switzerland,Mountains (Europe),Alpine,T/B18,Borehole,10.59,19,0.01,debris,2941,1025.396973,1303.3103,657.1772461,431.87042,359
56,Matterhorn,CH10,45.982321,7.676049,2015,SWI,Switzerland,Mountains (Europe),Alpine,T/B53,Borehole,9.57,15,0,debris,3204,748.5477294921875,1688.5852,627.5499877929688,751.73083,
57,Schafberg,CH11,46.498797,9.925215,2015,SWI,Switzerland,Mountains (Europe),Alpine,T/B60,Borehole,0.89,22,0,debris,2731,1025.396973,1303.3103,657.1772461,431.87042,517
58,Ritigraben,CH12,46.174694,7.849835,2015,SWI,Switzerland,Mountains (Europe),Alpine,T/B30,Borehole,3.11,22,0.01,debris,2640,1390.801025390625,1076.1737,716.604248,495.18405,374
59,Cime Bianche,IT2,45.920046,7.693595,2015,IT,Switzerland,Mountains (Europe),Alpine,T/B41,Borehole,20.21813725,17,0,debris,3100,1321.838867,1063.2937,784.1148681640625,595.13727,567
60,Stelvio,IT3,45.5187,10.4569,2015,IT,Switzerland,Mountains (Europe),Alpine,T/B100,Borehole,9.69,24,0,debris,2612,5233.680664,2.3163757,801.1506348,199.35307,356
61,Aiguille du Midi SE,FRA1a,45.878173,6.887653,2015,FRA,Switzerland,Mountains (Europe),Alpine,T/B10,Borehole,17.61356297,12,0,debris,3753,1267.6749267578125,1123.3042,757.6446533203125,668.649,630
62,Aiguille du Midi NW,FRA1b,45.878679,6.887216,2015,FRA,Switzerland,Mountains (Europe),Alpine,T/B10,Borehole,7.678571429,15,0,debris,3745,1267.6749267578125,1123.3042,757.6446533203125,668.649,243
63,Aiguille du Midi NE,FRA1c,45.878585,6.888098,2015,FRA,Switzerland,Mountains (Europe),Alpine,TB/10,Borehole,13.51785714,14,0,debris,3738,1267.6749267578125,1123.3042,757.6446533203125,668.649,360
64,Bolvansky,R24,68.3,54.5,2015,RUS,Russian European North,Russian Northwest,Continuous,100,Probing,0.09,23,0.82,loam,28,1182.1502685546875,1951.9666,348.3447266,270.35397,110
65,Kashin Island,R24 A,68.23333,53.85,2015,RUS,Russian European North,Russian Northwest,Continuous,100,Probing,3.85,15,0,sand,9,1200.887207,1915.5449,341.5048522949219,256.66473,80
66,Zackenberg; ZEROCALM 1,G1,74.473,-20.5528,2015,DEN,Denmark (Greenland),Nordic Arctic,Continuous,100/T,Probing,0.64,25,0,loam,36,217.75799560546875,4340.8774,126.94277954101562,517.2788,74
67,Zackenberg; ZEROCALM 2,G2,74.466,-20.5643,2015,DEN,Denmark (Greenland),Nordic Arctic,Continuous,150/T,Probing,0.5,25,0.02,loam,16,217.75799560546875,4340.8774,126.94277954101562,517.2788,55
68,UNISCALM,N3,78.200956,15.836412,2015,NOR,Norway/Svalbard,Nordic Arctic,Continuous,100/T,Probing,0.52,25,0.01,sand,10,336.86822509765625,2548.7983,118.56655883789062,515.0076,105
69,"Ayach-Yakha, Vorkuta",R2,67.58333,64.18333,2015,RUS,Russian European North,Russian Northwest,Discontinuous,100/T,Probing,0.69,25,0,loam,148,1107.781982421875,2817.3826,383.1437683105469,332.6762,90
70,Talnik,R23,67.33333,63.73333,2015,RUS,Russian European North,Russian Northwest,Discontinuous,100,Probing,2.52,22,0,loam,120,1159.591797,2746.0623,374.05474853515625,333.71033,150
71,Seida,R52,67.06556,62.92508,2015,RUS,Russian European North,Russian Northwest,Discontinuous,100,Probing,1.21,13,0,peat,100,1204.733642578125,2623.0288,395.7302551269531,319.96457,56
72,"Abisko area, Sweden",S2,68.33333,18.83333,2015,SWE,Sweden/Svalbard,Nordic Arctic,Discontinuous,100/T,Probing,1.25,24,0,peat,900,845.0193481445312,1516.9678,444.9091797,771.78406,88
73,Nadym; West Siberia,R1,65.314861,72.864194,2015,RUS,West Siberia,West Siberia,Discontinuous,100/T/B10,Probing,3.38,25,0,sand,28,1444.297852,2851.796,411.1405029296875,241.43341,163
74,Nadym WET; West Siberia,R1b,65.23375,72.518417,2015,RUS,West Siberia,West Siberia,Discontinuous,100,Probing,6.18,12,0,sand,7,1457.9285888671875,2818.954,425.5054931640625,238.96942,96
75,"Marre Sale, Yamal Peninsula",R3,69.71667,66.75,2015,RUS,West Siberia,West Siberia,Continuous,1000/T/B10,Probing,0.7,23,0.09,sand,18,876.4929809570312,2526.8982,235.6900634765625,272.5829,122
76,"Vaskiny Dachy, Yamal Peninsula",R5,70.28333,68.9,2015,RUS,West Siberia,West Siberia,Continuous,100/T/B10,Probing,0.43,24,0.05,silt,29,958.3054199,3282.234,199.57977294921875,219.18253,102
77,"Vaskiny Dachy, Yamal Peninsula",R5a,70.28333,68.9,2015,RUS,West Siberia,West Siberia,Continuous,50,Probing,0.5,18,0.2,loam,45,958.3054199,3282.234,199.57977294921875,219.18253,76
78,"Vaskiny Dachi, Yamal Peninsula",R5b,70.2755,68.89164,2015,RUS,West Siberia,West Siberia,Continuous,50,Probing,0.74,18,0.04,silt,35,958.3054199,3282.234,199.57977294921875,219.18253,77
79,"Vaskiny Dachi, Yamal Peninsula",R5c,70.2955,68.88347,2015,RUS,West Siberia,West Siberia,Continuous,50,Probing,1.12,18,0.06,sand,25,958.3054199,3282.234,199.57977294921875,219.18253,129
80,Urengoy Gas Field GP5,R50a,66.31325,76.903478,2015,RUS,West Siberia,West Siberia,Discontinuous,100/T/B10,Probing,3.68,17,0,sand,59,1355.0819091796875,3133.8901,320.74859619140625,235.2833,85
81,Urengoy Gas Field GP15,R50b,67.47791,76.69529,2015,RUS,West Siberia,West Siberia,Discontinuous,100/T/B10,Probing,2.67,16,0,sand,32,1286.765625,3246.0073,340.6698303222656,202.72415,93
82,Bely Island (silt),R55,73.32694,70.08528,2015,RUS,West Siberia,West Siberia,Continuous,50,Probing,0.36,15,0.04,silt,4.2,645.8518066,2941.173,172.90744018554688,235.1669,59
83,Bely Island (sand),R55a,73.32861,70.08833,2015,RUS,West Siberia,West Siberia,Continuous,25,Probing,2.08,15,0,sand,3.4,645.8518066,2941.173,172.90744018554688,235.1669,111
84,Bykovsky (Lena delta) (alas),R29 B,71.7855,71.41917,2015,RUS,Central Siberia,Central Siberia,Continuous,100,Probing,0.05,20,0.65,loam,5,825.3024902,3432.5947,179.2720489501953,208.11185,30
85,Talnah (Norilsk Region),R32,69.43333,88.46667,2015,RUS,Central Siberia,Central Siberia,Continuous,100,Probing,1.02,20,0.01,loam,67,1212.5721435546875,4060.6206,475.57659912109375,352.22778,102
86,Igarka,R40,67.48135,86.4347,2015,RUS,Central Siberia,Central Siberia,Discontinuous,100,Probing,2.97,16,0,loam,40,1381.296630859375,3444.2854,400.2405700683594,330.84747,86
87,Tuymada (Yakutsk region),R42,62.0133,129.65683,2015,RUS,Central Siberia,Central Siberia,Continuous,50/TT,Thaw Tube,0.5,17,0,sand,101,2033.517578,4370.6777,160.58993530273438,95.23213,201
88,Neleger (Yakutsk region),R43,62.31618,129.49952,2015,RUS,Central Siberia,Central Siberia,Continuous,50/TT,Thaw Tube,0.06,17,0.77,loam,210,1879.303223,4508.0806,178.4075927734375,95.98677,125
89,Samoylov,R51,72.369775,126.48063,2015,RUS,Central Siberia,Central Siberia,Continuous,150,Probing,0.42,22,0.02,sand,14,767.7429199,5020.9053,218.5608367919922,142.12181,53
90,"Cape Chukochii; edoma, Kolyma",R13 A,70.08333,159.5833,2015,RUS,Northeast Siberia,Northeast Siberia,Continuous,100/T/B30,Probing,-0.04,22,0.84,loam,32,570.8077392578125,4885.5825,161.4463348388672,121.100914,36
91,"Cape Chukochi, alas, Kolyma",R13 B,70.08333,159.9167,2015,RUS,Northeast Siberia,Northeast Siberia,Continuous,100,Probing,-0.02,22,0.95,loam,32,512.3717651367188,4769.339,165.57151794433594,125.0441,27
92,"Chukochya River, Kolyma",R14,69.48333,156.9833,2015,RUS,Northeast Siberia,Northeast Siberia,Continuous,100/T/B25,Probing,0.27,16,0.05,loam,31,861.2618408203125,5258.948,176.4545898,126.76896,48
93,"Konkovaya River, Kolyma",R15 A,69.38333,158.4667,2015,RUS,Northeast Siberia,Northeast Siberia,Continuous,100/T/B50,Probing,-0.34,17,0.36,loam,20,878.6466064453125,5176.383,169.63987731933594,118.44215,31
94,"Konkovaya River, Kolyma",R15 B,69.38333,158.4667,2015,RUS,Northeast Siberia,Northeast Siberia,Continuous,100/T/B50,Probing,-0.19,17,0.45,loam,41,878.6466064453125,5176.383,169.63987731933594,118.44215,44
95,"Segodnya Pingo, Kolyma",R16,69.08333,158.9,2015,RUS,Northeast Siberia,Northeast Siberia,Continuous,100,Probing,-0.47,19,0.24,peat,30,1010.083251953125,5206.5283,163.10292053222656,117.042496,60
96,Akhmelo channel; Kolyma,R17,68.81667,161,2015,RUS,Northeast Siberia,Northeast Siberia,Continuous,100/T,Probing,0.61,23,0,loam,5,1153.351563,5057.9707,197.33563232421875,145.09116,55
97,Mt. Rodinka; Kolyma,R18,68.9255,161.5046,2015,RUS,Northeast Siberia,Northeast Siberia,Continuous,100/T,Probing,0.05,23,0.81,loam,152,1133.818359,4952.1763,224.5658416748047,159.48555,83
98,Mt. Rodinka; Kolyma (10 m grid),R18 A,68.7417,161.5042,2015,RUS,Northeast Siberia,Northeast Siberia,Continuous,10/T,Probing,1.03,19,0,loam,152,1171.8765869140625,4905.6323,213.51296997070312,154.40488,102
99,"Lake Glukhoe, Kolyma",R19,68.8,160.95,2015,RUS,Northeast Siberia,Northeast Siberia,Continuous,100,Probing,0.55,21,0.08,sand,15,1153.351563,5057.9707,197.33563232421875,145.09116,101
100,"Malchilovskaya Channel, Kolyma",R20,68.51667,161.4333,2015,RUS,Northeast Siberia,Northeast Siberia,Continuous,100,Probing,0.54,23,0,loam,10,1244.0721435546875,5086.9727,198.0800323486328,139.95746,59
101,"Lake Akhmelo, Kolyma",R21,68.83333,161.0333,2015,RUS,Northeast Siberia,Northeast Siberia,Continuous,100/T/B15,Probing,0.13,23,0.67,sand,10,1153.351563,5057.9707,197.33563232421875,145.09116,96
102,Alazeya River,R22,69.31667,154.9833,2015,RUS,Northeast Siberia,Northeast Siberia,Continuous,100/B23,Probing,0.2,19,0.16,loam,60,927.8475341796875,5398.426,174.7742462158203,117.9962,56
103,Jakutskoe Lake,R25,69.85,159.5,2015,RUS,Northeast Siberia,Northeast Siberia,Continuous,100,Probing,-0.02,20,0.89,loam,9,639.3500977,4855.841,200.21017456054688,131.00212,39
104,Allaiha (Indigirka basin),R31,70.55,147.4333,2015,RUS,Northeast Siberia,Northeast Siberia,Continuous,100,Probing,-0.02,16,0.96,loam,42,873.5209961,5375.421,266.3365783691406,130.26724,46
105,Omolon,R35,68.73333,158.9,2015,RUS,Northeast Siberia,Northeast Siberia,Continuous,100,Probing,-0.02,17,0.93,loam,4,1114.698974609375,5134.626,170.7707977294922,125.48865,46
106,Andryushkino,R36,69.16667,154.4333,2015,RUS,Northeast Siberia,Northeast Siberia,Continuous,100,Probing,0.4,19,0.01,loam,21,963.1595458984375,5402.256,171.1094512939453,115.57143,38
107,Mt. Rodinka (Control),R38 A,68.7,161.55,2015,RUS,Northeast Siberia,Northeast Siberia,Continuous,10/T,Probing,0.12,15,0.86,loam,75,1162.0003662109375,4892.2837,216.72982788085938,154.8436,134
108,Mt. Rodinka (Station),R38 C,68.74,161.3928,2015,RUS,Northeast Siberia,Northeast Siberia,Continuous,10/T,Probing,-1.03,21,0,loam,31,1177.2161865234375,4934.4243,211.91627502441406,153.20978,75
109,Cape Rogozhny; Chukotka,R9,64.78333,176.9667,2015,RUS,Chukotka,Northeast Siberia,Continuous,100/T,Probing,0.17,25,0.21,loam,17,1256.076172,3408.1797,213.33584594726562,277.3687,55
110,"Mt. Dionisy, Chukotka",R11,64.56667,177.2,2015,RUS,Chukotka,Northeast Siberia,Continuous,100/T,Probing,0.12,24,0.42,loam,148,1160.234863,3111.0088,200.97024536132812,307.11237,58
111,Lavrentia,R27,65.6,-171.05,2015,RUS,Chukotka,Northeast Siberia,Continuous,100,Probing,0.4,25,0.02,loam,100,835.5883789,2803.7603,137.66787719726562,465.16806,72
112,Lorino,R41,65.539667,-171.63023,2015,RUS,Chukotka,Northeast Siberia,Continuous,100,Probing,0.87,15,0,sand,45,859.7489013671875,2964.6284,131.0930633544922,418.8871,55
113,Kruglaya (Anadyr),R45,64.63333,176.9667,2015,RUS,Chukotka,Northeast Siberia,Continuous,100,Probing,0.04,15,0.82,silt,2.5,1211.316650390625,3256.88,195.4620819091797,307.8098,44
114,Ploskii Tolbachik (Kamchatka) 2,R30 C,55.89092,160.5375,2015,RUS,Kamchatka,Mountains (Eurasia),Alpine,100,Probing,0.23,17,0.03,silt,1630,755.6812744140625,3052.0652,438.1736755371094,551.995,47
115,Baganuur Depression,M 1,47.68889,108.2625,2015,MNG,Hentei,Mountains (Eurasia),Alpine,T/B15,Borehole,4.42,22,0,sand,1350,2373.545898,2008.2449,210.40756225585938,30.69125,360
116,Nalaikh – northern slope,M2 A,47.75444,107.25,2015,MNG,Hentei,Mountains (Eurasia),Alpine,T/T/B50,Borehole,1.7,23,0,loam,1512,2206.823974609375,2193.6729,239.84715270996094,30.996391,365
117,Terkh – valley bottom,M6 A,48.08194,99.37333,2015,MNG,Hangai,Mountains (Eurasia),Alpine,T/B15,Borehole,1.22,22,0,sand,2050,1453.092041015625,2729.4016,379.2960205078125,79.33086,305
118,Chuluut – pingo top,M7 A,48.04111,100.39167,2015,MNG,Hangai,Mountains (Eurasia),Alpine,T/B15,Borehole,1.74,22,0,silt,1870,1600.682861328125,2469.2234,366.49212646484375,49.151558,170
119,Hatgal – lake terrace,M11,50.43861,100.15028,2015,MNG,Hovsgol,Mountains (Eurasia),Alpine,T/B6,Borehole,5.38,21,0,sand,1662,1662.543701171875,2391.8137,368.8989258,80.70389,600
120,Darhad Khuurch,M13 A,51.18722,99.4975,2015,MNG,Hovsgol,Mountains (Eurasia),Alpine,T/B100,Borehole,0.15,17,0.36,loam,1558,1713.5123291015625,3016.2495,281.4028015136719,58.483383,175
121,Prior Island,A32,-75.692829,162.880554,2015,ANT,SVL,Antarctica,Continuous,T/B1,Borehole,0.8,10,0.55,silt,30,0.182250977,7487.4565,0,100.83252,55
122,Finger Point,A33,-77.004683,162.623283,2015,ANT,SVL,Antarctica,Continuous,T/B1,Borehole,-0.3,10,0.66,silt,190,0.026977539,8865.251,0,45.18395,99
123,Boulder Clay,A7,-74.745489,164.020308,2015,ANT,SVL,Antarctica,Continuous,T/B3.6,Borehole,0,22,0.99,silt,205,0.08190918,7918.796,0,140.84354,29
124,Oasi,A8,-74.74167,164.1,2015,ANT,SVL,Antarctica,Continuous,T/B30,Borehole,-1.3,13,0.14,debris,52,0.08190918,7294.7285,0,140.84354,172
125,Apostrophe Island,A30,-73.51885,167.433567,2015,ANT,NVL,Antarctica,Continuous,T/B1,Borehole,0.1,10,0.978,silt,20,1.44128418,6938.239,0,233.75735,61
126,Edmonson Point,A31,-74.328494,165.131881,2015,ANT,NVL,Antarctica,Continuous,T/B1,Borehole,0.5,10,0.65,debris,30,0.338500977,7995.7007,0,142.13193,47
127,Deception Island (Crater Lake),A16,-62.9856507,-60.6787111,2015,ANT,AP,Antarctica,Discontinuous,100/P/B1.3,Probing,0.3,19,0.27,debris,85,82.74862670898438,1115.4968,252.5912628173828,804.3265,19
128,Deception Island (Irizar),A26,-62.9837,-60.7156671,2015,ANT,AP,Antarctica,Discontinuous,100/P/B1.2,Probing,4.4,19,0,debris,130,82.74862670898438,1115.4968,252.5912628173828,804.3265,
129,Signy Island,A17,-60.7115,-45.5919,2015,ANT,AP,Antarctica,Discontinuous,T/B3.6,Borehole,7.2,12,0,debris,85,14.451141357421875,1676.6703,0,854.56494,141
130,Signy Island- Bertsen,A17A,-60.7083,-45.5941,2015,ANT,AP,Antarctica,Discontinuous,T/B30,Borehole,-0.9,14,0.07,debris,21,14.451141357421875,1676.6703,0,854.56494,283
131,King George-Bellingshausen,A18,-62.1983,-58.9842,2015,ANT,AP,Antarctica,Discontinuous,100/T,Probing,1.9,16,0.03,debris,15,93.12945556640625,1113.4478,204.81820678710938,715.6356,50
132,Rothera,A19,-67.5719,-68.126,2015,ANT,AP,Antarctica,Discontinuous,T/B31,Probing,-2.2,15,0.42,debris,31,0.641418457,3390.2266,166.54026794433594,1353.5369,29
133,Limnopolar Lake (Livingston Island),A25,-62.6498,-61.1047,2015,ANT,AP,Antarctica,Discontinuous,100/T,Probing,0.9,14,0.32,debris,80,85.0456543,1104.8203,255.26284790039062,804.7003,0
134,James Ross Island (JGM),A27,-63.8012464,-57.8834444,2015,ANT,AP,Antarctica,Continuous,70/T/G/B2.0,Probing,1.5,11,0.03,debris,10,17.30462646484375,3064.7473,38.866703033447266,726.92126,78
135,James Ross Island (Berry Hill),A28,-63.80257189,-57.83848112,2015,ANT,AP,Antarctica,Continuous,50/T/B0.9,Probing,0.1,14,0.04,debris,60,18.548553466796875,3045.2893,35.010459899902344,700.2798,92
136,Abernethy Flats,A34,-63.881389,-57.934722,2015,ANT,AP,Antarctica,Continuous,70/T/B,Borehole,0.1,13,0,debris,40,17.30462646484375,3064.7473,38.866703033447266,726.92126,66
137,Balcón I (Mendoza),SA2A,-32.9619,-69.3719,2015,ARG,Central Andes,Mountains (South America),Alpine,T/B,Borehole,1.9,13,0.14,debris,3560,675.6444091796875,1262.396,746.2828369140625,468.84448,780
138,Balcón I Superior (Mendoza),SA2B,-32.955,-69.3706,2015,ARG,Central Andes,Mountains (South America),Alpine,T/B,Borehole,6.1,15,0,debris,3586,675.6444091796875,1262.396,746.2828369140625,468.84448,580
139,Balcón II (Mendoza),SA2C,-32.9597,-69.3803,2015,ARG,Central Andes,Mountains (South America),Alpine,T/B,Borehole,2,22,0,debris,3770,675.6444091796875,1262.396,746.2828369140625,468.84448,320
0,Barrow,U1,71.31667,-156.6,2016,USA,North America,North America,Continuous,1000/T,Probing,0.34,25,0.012,loam,3,458.4413146972656,2974.5908,117.92617797851562,97.36868,40
1,"Barrow, CRREL Plots",U2,71.31667,-156.5833,2016,USA,North America,North America,Continuous,10/T,Probing,0.27,25,0.017,loam,3,458.4413146972656,2974.5908,117.92617797851562,97.36868,38
2,Atkasuk,U3,70.45,-157.4,2016,USA,North America,North America,Continuous,1000/T,Probing,0.4,25,0.009,sand,22,946.2772216796875,3304.188,186.86317443847656,69.52652,56
3,West Dock 1 ha grid,U4,70.3745,-148.5522,2016,USA,North America,North America,Continuous,100/T/B56,Probing,0.34,24,0.001,loam,3,702.7919922,3184.3804,160.76768493652344,74.85828,37
4,West Dock 1 km grid,U5,70.36667,-148.5667,2016,USA,North America,North America,Continuous,1000,Probing,0.25,24,0.039,loam,3,702.7919922,3184.3804,160.76768493652344,74.85828,55
5,Deadhorse,U6,70.1613,-148.4653,2016,USA,North America,North America,Continuous,100/T/B60,Probing,0.47,24,0.001,Loam,17,807.2855224609375,3305.0469,198.3125,74.64931,72
6,Betty Pingo 1 km grid,U7 A,70.28333,-148.8667,2016,USA,North America,North America,Continuous,1000/T,Probing,0.2,24,0.401,loam,12,776.1904297,3271.2607,183.72048950195312,71.48629,57
7,Betty Pingo MNT,U7 B,70.2835,-148.8928,2016,USA,North America,North America,Continuous,100,Probing,0.28,24,0.117,loam,12,776.1904297,3271.2607,183.72048950195312,71.48629,41
8,Betty Pingo WET,U7 C,70.275,-148.919,2016,USA,North America,North America,Continuous,100,Probing,0.14,24,0.06,silt,12,776.1904297,3271.2607,183.72048950195312,71.48629,46
9,Franklin Bluff,U8,69.6739,-148.7219,2016,USA,North America,North America,Continuous,100/T/B60,Probing,0.59,24,0.001,sand,88,1029.4949951171875,3701.7002,234.7893066,72.76685,67
10,Happy Valley,U9 A,69.1466,-148.8483,2016,USA,North America,North America,Continuous,100/T/B40,Probing,0.49,20,0.001,loam,305,1031.292236328125,3843.5396,390.4804382324219,89.39607,46
11,Happy Valley 1 km grid,U9 B,69.1482,-148.8505,2016,USA,North America,North America,Continuous,1000/T,Probing,-0.01,25,0.92,silt,305,1030.869141,3839.998,391.3388366699219,89.754845,46
12,Lupine Hill,U10,69.12883,-148.5928,2016,USA,North America,North America,Continuous,100,Probing,0.29,24,0.003,silt,537,1031.064941,3747.226,390.58514404296875,88.59938,49
13,Imnavait Creek  1 km grid,U11 A,68.6114,-149.3101,2016,USA,North America,North America,Continuous,1000/T,Probing,0.37,25,0.029,loam,910,826.7416992,3831.0186,404.0459899902344,183.26875,64
14,Imnavait Creek WET,U11 B,68.611,-149.3145,2016,USA,North America,North America,Continuous,100,Probing,0.48,25,0.005,silt,917,826.7416992,3831.0186,404.0459899902344,183.26875,63
15,Imnavait Creek MAT,U11 C,68.611,-149.30933,2016,USA,North America,North America,Continuous,100,Probing,0.35,25,0.034,silt,938,826.7416992,3831.0186,404.0459899902344,183.26875,49
16,Toolik 1 km grid,U12 A,68.6215,-149.6063,2016,USA,North America,North America,Continuous,1000/T,Probing,0.28,25,0.073,silt,750,867.6453857421875,3777.3672,396.967041,182.2594,53
17,Toolik MAT,U12 B,68.624,-149.61817,2016,USA,North America,North America,Continuous,100,Probing,0.29,25,0.049,silt,777,867.6453857421875,3777.3672,396.967041,182.2594,45
18,Galbraith Lake,U14,68.4774,-149.5024,2016,USA,North America,North America,Continuous,100/T/B75,Probing,0.38,21,0.02,silt,823,781.2600098,3794.8438,416.7857666015625,184.21022,57
19,Chandalar Shelf,U15,68.0691,-149.5804,2016,USA,North America,North America,Continuous,30/T/B61,Probing,0.45,24,0,silt,976,686.8043212890625,3745.6729,314.12078857421875,172.48306,41
20,Ivotuk  1 km grid,U26,68.48333,-155.7333,2016,USA,North America,North America,Continuous,1000,Probing,-0.15,20,0.31,peat,570,934.5790405273438,3630.3857,286.23931884765625,169.23999,56
21,56 Mile,U56,69.5006,-148.5592,2016,USA,North America,North America,Continuous,100,Probing,0.07,25,0.55,loam,349,1066.415039,3800.6582,278.2315979003906,78.65042,66
22,Sagwon Hills MNT,U32 A,69.441,-148.67033,2016,USA,North America,North America,Continuous,100,Probing,0.17,25,0.13,silt,269,1053.442138671875,3869.2603,311.81109619140625,82.97545,60
23,Sagwon Hills MAT,U32 B,69.401,-148.8056,2016,USA,North America,North America,Continuous,100,Probing,0.17,25,0.2,silt,360,1051.282227,3860.502,311.29754638671875,83.24811,37
24,Drew Point,U20,70.8645,-153.91,2016,USA,North America,North America,Continuous,T/B640,Borehole,0.57,20,0,silt,5,602.1971435546875,3103.9316,183.7433624267578,88.20735,42
25,Inigok,U21,69.98962,-153.09,2016,USA,North America,North America,Continuous,T/B625,Borehole,0.09,25,0.87,silt,53,994.0991211,3455.396,208.28030395507812,71.96353,41
26,Fish Creek,U22,70.33523,-152.05,2016,USA,North America,North America,Continuous,T/B735,Borehole,0.23,20,0.09,silt,31,872.8894043,3331.3047,189.1445313,71.07858,30
27,Umiat,U24,69.3957,-152.14,2016,USA,North America,North America,Continuous,T/B640,Borehole,0.07,21,0.62,silt,201,1077.3292236328125,3802.7917,278.15289306640625,82.9695,34
28,Tunalik,U25,70.1959,-161.08,2016,USA,North America,North America,Continuous,T/B393,Borehole,0.3,25,0.14,silt,26,819.7548828,3067.6123,183.7440185546875,93.06096,54
29,Niguanak,U29,69.8894,-142.98,2016,USA,North America,North America,Continuous,T/B/30?,Borehole,0.57,22,0.1,silt,84,746.9074707,3137.3486,227.2395782470703,82.91942,
30,Koluktak,U30,69.7516,-154.62,2016,USA,North America,North America,Continuous,T/B/,Borehole,0.14,21,0.08,silt,60,1080.145263671875,3572.0728,218.25961303710938,74.441605,120
31,Piksiksak,U37,70.0366,-157.08,2016,USA,North America,North America,Continuous,T/B/,Borehole,-0.31,21,0.21,silt,33,1030.4532470703125,3419.6003,206.99862670898438,74.96331,45
32,East Teshekpuk,U38,70.5685,-152.97,2016,USA,North America,North America,Continuous,T/B/,Borehole,-0.26,21,0.14,silt,7,730.4173583984375,3210.521,180.0972137451172,77.204124,31
33,North Head (thaw tube),C3 A,69.71972,-134.4619,2016,Canada,North America,North America,Continuous,TT,Thaw Tube,-0.01,13,0.9,silt,2,997.4180908203125,3412.1213,133.30670166015625,76.2292,57
34,Lousy Point (Thaw tube),C5 A,69.21889,-134.2911,2016,Canada,North America,North America,Continuous,TT/T/B30,Thaw Tube,0.57,23,0,sand,30,1194.083496,3528.7925,149.21983337402344,75.01053,77
35,Old Man,U16,66.45,-150.6167,2016,USA,North America,North America,Discontinuous,100/T/B63,Probing,0.24,22,0.12,silt,390,1533.3548583984375,2606.5208,442.45062255859375,114.80098,43
36,Wickersham,U17,65.1667,-147.9,2016,USA,North America,North America,Discontinuous,TT/P,Probing,0.47,25,0,loam,335,1805.43457,2326.506,519.2406616210938,79.02984,61
37,Pearl Creek,U19,64.9,-147.8167,2016,USA,North America,North America,Discontinuous,TT/P,Probing,5.82,25,0,silt,213,2165.548828,1902.4991,479.4483947753906,66.966286,143
38,Farmers Loop,U41,64.88,-147.67,2016,USA,North America,North America,Discontinuous,100,Probing,0.63,20,0,silt,151,2151.114258,1874.6045,473.8730469,66.4533,62
39,Eagle,U51,64.7777,-141.10954,2016,USA,North America,North America,Discontinuous,50/P/T,Probing,0.04,11,0.98,peat,280,1930.702148,2649.6187,432.5388184,69.409615,63
40,Nenana,U57,64.55446,-149.08339,2016,USA,North America,North America,Discontinuous,50/P/T,Probing,2.57,10,0,loam,111,2257.128418,1926.0117,396.19134521484375,58.771824,67
41,Council Grid,U27,64.8442,-163.7202,2016,USA,North America,North America,Discontinuous,1000,Probing,0.82,21,0,loam,61,1592.092041015625,1919.0089,483.3302001953125,144.27383,75
42,Kougarok,U28,65.454,-164.6268,2016,USA,North America,North America,Discontinuous,1000,Probing,0.4,21,0.04,loam,250,1435.839599609375,2298.0251,268.7844238,101.36424,58
43,Reindeer Depot  (Thaw tube),C7 A,68.68472,-134.1458,2016,Canada,North America,North America,Discontinuous,TT,Thaw Tube,1.21,21,0,silt,34,1273.2139892578125,3540.7837,192.2944793701172,83.57532,151
44,Rengleng River  (Thaw tube),C8 A,67.795,-134.1261,2016,Canada,North America,North America,Discontinuous,TT,Thaw Tube,0.24,14,0.19,sand,11,1508.486572265625,3610.3733,237.27005004882812,100.93369,112
45,"Janssonhaugen, Svalbard",N1,78.1793,16.467,2016,NOR,Norway/Svalbard,Mountains (Europe),Alpine,T/B102,Borehole,1.31,25,0,debris,270,305.5102844238281,1991.7028,167.86734008789062,494.65125,197
46,"Junvvasshoe, Norway",N2,61.6775823,8.3693057,2016,NOR,Norway/Svalbard,Mountains (Europe),Alpine,T/B129,Borehole,1.08,24,0.01,debris,1894,831.7305908203125,1819.4166,614.4659423828125,509.41595,235
47,"Snoheim DB2, Norway",N5,62.2958,9.352,2016,NOR,Norway/Svalbard,Mountains (Europe),Alpine,T/B9,Borehole,8.45,17,0,debris,1481,905.1073608398438,1869.3008,448.94891357421875,452.0504,540
48,Lapires,CH3,46.106117,7.284349,2016,SWI,Switzerland,Mountains (Europe),Alpine,T/B19,Borehole,12.2,22,0,debris,2656,1545.7010498046875,873.29913,984.6027221679688,644.48175,558
49,Corvatsch,CH1,46.42879,9.821836,2016,SWI,Switzerland,Mountains (Europe),Alpine,T/B62,Borehole,15.49,23,0,debris,2670,835.6989746,1390.4509,838.6454467773438,702.2693,443
50,Stockhorn,CH4,45.986786,7.824201,2016,SWI,Switzerland,Mountains (Europe),Alpine,T/B100,Borehole,9.08,22,0,debris,3327,604.7753295898438,1887.4878,634.3858642578125,1099.946,390
51,Les Attelas,CH5,46.096772,7.273075,2016,SWI,Switzerland,Mountains (Europe),Alpine,T/B26,Borehole,7.08,16,0,debris,2507,1545.7010498046875,873.29913,984.6027221679688,644.48175,398
52,Gentianes,CH7,46.083705,7.302472,2016,SWI,Switzerland,Mountains (Europe),Alpine,T/B20,Borehole,27.76,18,0,debris,2896,1545.7010498046875,873.29913,984.6027221679688,644.48175,439
53,Schilthorn,CH2,46.558282,7.834426,2016,SWI,Switzerland,Mountains (Europe),Alpine,T/B101,Borehole,36.21,25,0,debris,2900,1766.359130859375,583.2545,1245.151611328125,669.8817,672
54,Fluela,CH8,46.748868,9.943555,2016,SWI,Switzerland,Mountains (Europe),Alpine,T/B23,Borehole,-0.47,19,0.01,debris,2413,1076.847412109375,1171.6685,947.7835693359375,551.32697,293
55,Muot da Barba Peider,CH9,46.496573,9.93141,2016,SWI,Switzerland,Mountains (Europe),Alpine,T/B18,Borehole,10.59,19,0.01,debris,2941,903.1647949,1456.3955,796.3433837890625,656.2807,320
56,Matterhorn,CH10,45.982321,7.676049,2016,SWI,Switzerland,Mountains (Europe),Alpine,T/B53,Borehole,9.57,15,0,debris,3204,664.7155762,1826.1436,540.3902587890625,1046.8782,458
57,Schafberg,CH11,46.498797,9.925215,2016,SWI,Switzerland,Mountains (Europe),Alpine,T/B60,Borehole,0.89,22,0,debris,2731,903.1647949,1456.3955,796.3433837890625,656.2807,515
58,Ritigraben,CH12,46.174694,7.849835,2016,SWI,Switzerland,Mountains (Europe),Alpine,T/B30,Borehole,3.11,22,0.01,debris,2640,1249.7579345703125,1166.1885,731.7621459960938,698.9884,367
59,Cime Bianche,IT2,45.920046,7.693595,2016,IT,Switzerland,Mountains (Europe),Alpine,T/B41,Borehole,20.21813725,17,0,debris,3100,1196.441162109375,1167.25,844.3076782226562,756.9394,547
60,Stelvio,IT3,45.5187,10.4569,2016,IT,Switzerland,Mountains (Europe),Alpine,T/B100,Borehole,9.69,24,0,debris,2612,5068.202148,0.72561646,1034.990478515625,65.73226,294
61,Aiguille du Midi SE,FRA1a,45.878173,6.887653,2016,FRA,Switzerland,Mountains (Europe),Alpine,T/B10,Borehole,17.61356297,12,0,debris,3753,1090.902099609375,1228.0103,811.404541,979.11127,678
62,Aiguille du Midi NW,FRA1b,45.878679,6.887216,2016,FRA,Switzerland,Mountains (Europe),Alpine,T/B10,Borehole,7.678571429,15,0,debris,3745,1090.902099609375,1228.0103,811.404541,979.11127,251
63,Aiguille du Midi NE,FRA1c,45.878585,6.888098,2016,FRA,Switzerland,Mountains (Europe),Alpine,TB/10,Borehole,13.51785714,14,0,debris,3738,1090.902099609375,1228.0103,811.404541,979.11127,367
64,Bolvansky,R24,68.3,54.5,2016,RUS,Russian European North,Russian Northwest,Continuous,100,Probing,0.09,23,0.82,loam,28,1620.557617,1978.7911,365.8604736328125,219.17116,111
65,Kashin Island,R24 A,68.23333,53.85,2016,RUS,Russian European North,Russian Northwest,Continuous,100,Probing,3.85,15,0,sand,9,1694.364990234375,1941.3679,342.1938477,211.05174,109
66,Zackenberg; ZEROCALM 1,G1,74.473,-20.5528,2016,DEN,Denmark (Greenland),Nordic Arctic,Continuous,100/T,Probing,0.64,25,0,loam,36,286.56658935546875,3691.1855,21.869125366210938,483.98126,85
67,Zackenberg; ZEROCALM 2,G2,74.466,-20.5643,2016,DEN,Denmark (Greenland),Nordic Arctic,Continuous,150/T,Probing,0.5,25,0.02,loam,16,286.56658935546875,3691.1855,21.869125366210938,483.98126,71
68,UNISCALM,N3,78.200956,15.836412,2016,NOR,Norway/Svalbard,Nordic Arctic,Continuous,100/T,Probing,0.52,25,0.01,sand,10,380.197998,1820.6465,202.31130981445312,484.26892,106
69,"Ayach-Yakha, Vorkuta",R2,67.58333,64.18333,2016,RUS,Russian European North,Russian Northwest,Discontinuous,100/T,Probing,0.69,25,0,loam,148,1682.5482177734375,2836.8447,337.8827209472656,318.35748,92
70,Talnik,R23,67.33333,63.73333,2016,RUS,Russian European North,Russian Northwest,Discontinuous,100,Probing,2.52,22,0,loam,120,1752.279297,2766.1465,323.6178894042969,319.3787,169
71,Seida,R52,67.06556,62.92508,2016,RUS,Russian European North,Russian Northwest,Discontinuous,100,Probing,1.21,13,0,peat,100,1810.625244140625,2648.5913,337.33026123046875,295.43335,60
72,"Abisko area, Sweden",S2,68.33333,18.83333,2016,SWE,Sweden/Svalbard,Nordic Arctic,Discontinuous,100/T,Probing,1.25,24,0,peat,900,976.7924805,1659.4629,522.3190918,435.4969,91
73,Nadym; West Siberia,R1,65.314861,72.864194,2016,RUS,West Siberia,West Siberia,Discontinuous,100/T/B10,Probing,3.38,25,0,sand,28,1950.997559,2816.5154,302.7108154296875,206.24701,186
74,Nadym WET; West Siberia,R1b,65.23375,72.518417,2016,RUS,West Siberia,West Siberia,Discontinuous,100,Probing,6.18,12,0,sand,7,1961.24707,2787.204,306.7012023925781,202.32158,107
75,"Marre Sale, Yamal Peninsula",R3,69.71667,66.75,2016,RUS,West Siberia,West Siberia,Continuous,1000/T/B10,Probing,0.7,23,0.09,sand,18,1085.511719,2456.5083,202.39048767089844,239.771,136
76,"Vaskiny Dachy, Yamal Peninsula",R5,70.28333,68.9,2016,RUS,West Siberia,West Siberia,Continuous,100/T/B10,Probing,0.43,24,0.05,silt,29,1456.998291015625,3139.9019,131.5732879638672,236.90544,114
77,"Vaskiny Dachy, Yamal Peninsula",R5a,70.28333,68.9,2016,RUS,West Siberia,West Siberia,Continuous,50,Probing,0.5,18,0.2,loam,45,1456.998291015625,3139.9019,131.5732879638672,236.90544,87
78,"Vaskiny Dachi, Yamal Peninsula",R5b,70.2755,68.89164,2016,RUS,West Siberia,West Siberia,Continuous,50,Probing,0.74,18,0.04,silt,35,1456.998291015625,3139.9019,131.5732879638672,236.90544,91
79,"Vaskiny Dachi, Yamal Peninsula",R5c,70.2955,68.88347,2016,RUS,West Siberia,West Siberia,Continuous,50,Probing,1.12,18,0.06,sand,25,1456.998291015625,3139.9019,131.5732879638672,236.90544,144
80,Urengoy Gas Field GP5,R50a,66.31325,76.903478,2016,RUS,West Siberia,West Siberia,Discontinuous,100/T/B10,Probing,3.68,17,0,sand,59,1803.7296142578125,3180.9026,206.30482482910156,268.26538,74
81,Urengoy Gas Field GP15,R50b,67.47791,76.69529,2016,RUS,West Siberia,West Siberia,Discontinuous,100/T/B10,Probing,2.67,16,0,sand,32,1736.1998291015625,3276.2944,132.8135223388672,229.6771,96
82,Bely Island (silt),R55,73.32694,70.08528,2016,RUS,West Siberia,West Siberia,Continuous,50,Probing,0.36,15,0.04,silt,4.2,922.5548095703125,2890.8906,219.47662353515625,183.5609,68
83,Bely Island (sand),R55a,73.32861,70.08833,2016,RUS,West Siberia,West Siberia,Continuous,25,Probing,2.08,15,0,sand,3.4,922.5548095703125,2890.8906,219.47662353515625,183.5609,130
84,Bykovsky (Lena delta) (alas),R29 B,71.7855,71.41917,2016,RUS,Central Siberia,Central Siberia,Continuous,100,Probing,0.05,20,0.65,loam,5,1217.713623046875,3316.4758,110.85196685791016,244.3813,30
85,Talnah (Norilsk Region),R32,69.43333,88.46667,2016,RUS,Central Siberia,Central Siberia,Continuous,100,Probing,1.02,20,0.01,loam,67,1436.618652,4036.6191,271.40399169921875,350.93127,84
86,Igarka,R40,67.48135,86.4347,2016,RUS,Central Siberia,Central Siberia,Discontinuous,100,Probing,2.97,16,0,loam,40,1700.960205078125,3629.5088,200.09866333007812,287.51904,90
87,Tuymada (Yakutsk region),R42,62.0133,129.65683,2016,RUS,Central Siberia,Central Siberia,Continuous,50/TT,Thaw Tube,0.5,17,0,sand,101,1972.908691,4722.569,203.31610107421875,60.881092,201
88,Neleger (Yakutsk region),R43,62.31618,129.49952,2016,RUS,Central Siberia,Central Siberia,Continuous,50/TT,Thaw Tube,0.06,17,0.77,loam,210,1835.189453,4797.381,201.48751831054688,56.584545,121
89,Samoylov,R51,72.369775,126.48063,2016,RUS,Central Siberia,Central Siberia,Continuous,150,Probing,0.42,22,0.02,sand,14,798.0847168,4941.0024,166.68060302734375,179.96451,45
90,"Cape Chukochii; edoma, Kolyma",R13 A,70.08333,159.5833,2016,RUS,Northeast Siberia,Northeast Siberia,Continuous,100/T/B30,Probing,-0.04,22,0.84,loam,32,798.4375610351562,3941.7954,125.12602233886719,157.44434,46
91,"Cape Chukochi, alas, Kolyma",R13 B,70.08333,159.9167,2016,RUS,Northeast Siberia,Northeast Siberia,Continuous,100,Probing,-0.02,22,0.95,loam,32,724.8356934,3842.5635,130.00827026367188,160.76117,41
92,"Chukochya River, Kolyma",R14,69.48333,156.9833,2016,RUS,Northeast Siberia,Northeast Siberia,Continuous,100/T/B25,Probing,0.27,16,0.05,loam,31,1053.150391,4299.232,122.49851989746094,174.1584,41
93,"Konkovaya River, Kolyma",R15 A,69.38333,158.4667,2016,RUS,Northeast Siberia,Northeast Siberia,Continuous,100/T/B50,Probing,-0.34,17,0.36,loam,20,1058.8985595703125,4262.7637,134.8239288330078,166.4556,33
94,"Konkovaya River, Kolyma",R15 B,69.38333,158.4667,2016,RUS,Northeast Siberia,Northeast Siberia,Continuous,100/T/B50,Probing,-0.19,17,0.45,loam,41,1058.8985595703125,4262.7637,134.8239288330078,166.4556,41
95,"Segodnya Pingo, Kolyma",R16,69.08333,158.9,2016,RUS,Northeast Siberia,Northeast Siberia,Continuous,100,Probing,-0.47,19,0.24,peat,30,1181.6361083984375,4340.3916,155.96298217773438,157.00893,57
96,Akhmelo channel; Kolyma,R17,68.81667,161,2016,RUS,Northeast Siberia,Northeast Siberia,Continuous,100/T,Probing,0.61,23,0,loam,5,1374.580566,4393.339,192.6231689453125,157.20561,57
97,Mt. Rodinka; Kolyma,R18,68.9255,161.5046,2016,RUS,Northeast Siberia,Northeast Siberia,Continuous,100/T,Probing,0.05,23,0.81,loam,152,1380.8104248046875,4291.62,209.21250915527344,165.16898,85
98,Mt. Rodinka; Kolyma (10 m grid),R18 A,68.7417,161.5042,2016,RUS,Northeast Siberia,Northeast Siberia,Continuous,10/T,Probing,1.03,19,0,loam,152,1408.6197509765625,4308.2266,208.55856323242188,158.04303,109
99,"Lake Glukhoe, Kolyma",R19,68.8,160.95,2016,RUS,Northeast Siberia,Northeast Siberia,Continuous,100,Probing,0.55,21,0.08,sand,15,1374.580566,4393.339,192.6231689453125,157.20561,112
100,"Malchilovskaya Channel, Kolyma",R20,68.51667,161.4333,2016,RUS,Northeast Siberia,Northeast Siberia,Continuous,100,Probing,0.54,23,0,loam,10,1490.7452392578125,4470.1514,204.98402404785156,150.15237,53
101,"Lake Akhmelo, Kolyma",R21,68.83333,161.0333,2016,RUS,Northeast Siberia,Northeast Siberia,Continuous,100/T/B15,Probing,0.13,23,0.67,sand,10,1374.580566,4393.339,192.6231689453125,157.20561,111
102,Alazeya River,R22,69.31667,154.9833,2016,RUS,Northeast Siberia,Northeast Siberia,Continuous,100/B23,Probing,0.2,19,0.16,loam,60,1093.501220703125,4434.3203,137.30177307128906,174.6607,53
103,Jakutskoe Lake,R25,69.85,159.5,2016,RUS,Northeast Siberia,Northeast Siberia,Continuous,100,Probing,-0.02,20,0.89,loam,9,847.5266723632812,3958.8628,142.8947754,167.75212,42
104,Allaiha (Indigirka basin),R31,70.55,147.4333,2016,RUS,Northeast Siberia,Northeast Siberia,Continuous,100,Probing,-0.02,16,0.96,loam,42,973.0552978515625,4785.003,218.9158477783203,220.7146,49
105,Omolon,R35,68.73333,158.9,2016,RUS,Northeast Siberia,Northeast Siberia,Continuous,100,Probing,-0.02,17,0.93,loam,4,1294.991455078125,4380.3867,175.3614501953125,165.58865,32
106,Andryushkino,R36,69.16667,154.4333,2016,RUS,Northeast Siberia,Northeast Siberia,Continuous,100,Probing,0.4,19,0.01,loam,21,1121.4503173828125,4462.748,141.86570739746094,178.24287,42
107,Mt. Rodinka (Control),R38 A,68.7,161.55,2016,RUS,Northeast Siberia,Northeast Siberia,Continuous,10/T,Probing,0.12,15,0.86,loam,75,1404.3162841796875,4293.007,211.75820922851562,157.91238,135
108,Mt. Rodinka (Station),R38 C,68.74,161.3928,2016,RUS,Northeast Siberia,Northeast Siberia,Continuous,10/T,Probing,-1.03,21,0,loam,31,1412.1138916015625,4330.9824,207.26617431640625,157.62503,72
109,Cape Rogozhny; Chukotka,R9,64.78333,176.9667,2016,RUS,Chukotka,Northeast Siberia,Continuous,100/T,Probing,0.17,25,0.21,loam,17,1387.2044677734375,2770.6528,391.39642333984375,191.98486,60
110,"Mt. Dionisy, Chukotka",R11,64.56667,177.2,2016,RUS,Chukotka,Northeast Siberia,Continuous,100/T,Probing,0.12,24,0.42,loam,148,1248.0894775390625,2590.754,384.8221435546875,220.23212,64
111,Lavrentia,R27,65.6,-171.05,2016,RUS,Chukotka,Northeast Siberia,Continuous,100,Probing,0.4,25,0.02,loam,100,985.423584,2422.7366,407.7982177734375,232.81718,67
112,Lorino,R41,65.539667,-171.63023,2016,RUS,Chukotka,Northeast Siberia,Continuous,100,Probing,0.87,15,0,sand,45,1021.600830078125,2571.4844,394.2847900390625,221.93387,56
113,Kruglaya (Anadyr),R45,64.63333,176.9667,2016,RUS,Chukotka,Northeast Siberia,Continuous,100,Probing,0.04,15,0.82,silt,2.5,1341.499267578125,2688.8413,376.4512023925781,216.92438,49
114,Ploskii Tolbachik (Kamchatka) 2,R30 C,55.89092,160.5375,2016,RUS,Kamchatka,Mountains (Eurasia),Alpine,100,Probing,0.23,17,0.03,silt,1630,1016.428223,3216.1978,486.8807373046875,530.21234,53
115,Baganuur Depression,M 1,47.68889,108.2625,2016,MNG,Hentei,Mountains (Eurasia),Alpine,T/B15,Borehole,4.42,22,0,sand,1350,2244.165527,2453.9673,296.3117980957031,51.895565,360
116,Nalaikh – northern slope,M2 A,47.75444,107.25,2016,MNG,Hentei,Mountains (Eurasia),Alpine,T/T/B50,Borehole,1.7,23,0,loam,1512,2094.760742,2590.6108,276.50274658203125,60.089314,370
117,Terkh – valley bottom,M6 A,48.08194,99.37333,2016,MNG,Hangai,Mountains (Eurasia),Alpine,T/B15,Borehole,1.22,22,0,sand,2050,1442.222412109375,3125.3623,376.1933898925781,129.25671,305
118,Chuluut – pingo top,M7 A,48.04111,100.39167,2016,MNG,Hangai,Mountains (Eurasia),Alpine,T/B15,Borehole,1.74,22,0,silt,1870,1591.9798583984375,2936.3828,465.54364013671875,70.65056,170
119,Hatgal – lake terrace,M11,50.43861,100.15028,2016,MNG,Hovsgol,Mountains (Eurasia),Alpine,T/B6,Borehole,5.38,21,0,sand,1662,1504.806641,2739.417,518.4895629882812,123.649124,600
120,Darhad Khuurch,M13 A,51.18722,99.4975,2016,MNG,Hovsgol,Mountains (Eurasia),Alpine,T/B100,Borehole,0.15,17,0.36,loam,1558,1630.243164,3489.651,291.1616516113281,108.12283,175
121,Prior Island,A32,-75.692829,162.880554,2016,ANT,SVL,Antarctica,Continuous,T/B1,Borehole,0.8,10,0.55,silt,30,0.08013916,7411.3613,0,126.24808,59
122,Finger Point,A33,-77.004683,162.623283,2016,ANT,SVL,Antarctica,Continuous,T/B1,Borehole,-0.3,10,0.66,silt,190,0,8806.633,0,35.28078,95
123,Boulder Clay,A7,-74.745489,164.020308,2016,ANT,SVL,Antarctica,Continuous,T/B3.6,Borehole,0,22,0.99,silt,205,0.08013916,7777.364,0,148.97565,26
124,Oasi,A8,-74.74167,164.1,2016,ANT,SVL,Antarctica,Continuous,T/B30,Borehole,-1.3,13,0.14,debris,52,0.08013916,7281.5884,0,148.97565,151
125,Apostrophe Island,A30,-73.51885,167.433567,2016,ANT,NVL,Antarctica,Continuous,T/B1,Borehole,0.1,10,0.978,silt,20,0.053527832,6567.3506,0,258.64117,55
126,Edmonson Point,A31,-74.328494,165.131881,2016,ANT,NVL,Antarctica,Continuous,T/B1,Borehole,0.5,10,0.65,debris,30,0.08013916,7922.199,0,153.15887,45
127,Deception Island (Crater Lake),A16,-62.9856507,-60.6787111,2016,ANT,AP,Antarctica,Discontinuous,100/P/B1.3,Probing,0.3,19,0.27,debris,85,76.00711059570312,710.7119,265.4579162597656,699.67615,22
128,Deception Island (Irizar),A26,-62.9837,-60.7156671,2016,ANT,AP,Antarctica,Discontinuous,100/P/B1.2,Probing,4.4,19,0,debris,130,76.00711059570312,710.7119,265.4579162597656,699.67615,50
129,Signy Island,A17,-60.7115,-45.5919,2016,ANT,AP,Antarctica,Discontinuous,T/B3.6,Borehole,7.2,12,0,debris,85,24.95043945,1486.0023,0,712.15735,129
130,Signy Island- Bertsen,A17A,-60.7083,-45.5941,2016,ANT,AP,Antarctica,Discontinuous,T/B30,Borehole,-0.9,14,0.07,debris,21,24.95043945,1486.0023,0,712.15735,275
131,King George-Bellingshausen,A18,-62.1983,-58.9842,2016,ANT,AP,Antarctica,Discontinuous,100/T,Probing,1.9,16,0.03,debris,15,91.45028686523438,722.04626,235.2141113,564.8893,52
132,Rothera,A19,-67.5719,-68.126,2016,ANT,AP,Antarctica,Discontinuous,T/B31,Probing,-2.2,15,0.42,debris,31,2.497528076171875,2407.1804,0,1668.1107,26
133,Limnopolar Lake (Livingston Island),A25,-62.6498,-61.1047,2016,ANT,AP,Antarctica,Discontinuous,100/T,Probing,0.9,14,0.32,debris,80,78.32254028320312,704.6272,266.7182617,702.25134,29
134,James Ross Island (JGM),A27,-63.8012464,-57.8834444,2016,ANT,AP,Antarctica,Continuous,70/T/G/B2.0,Probing,1.5,11,0.03,debris,10,20.151275634765625,2295.6558,234.20587158203125,783.69116,77
135,James Ross Island (Berry Hill),A28,-63.80257189,-57.83848112,2016,ANT,AP,Antarctica,Continuous,50/T/B0.9,Probing,0.1,14,0.04,debris,60,21.445953369140625,2271.9387,234.20587158203125,755.8082,93
136,Abernethy Flats,A34,-63.881389,-57.934722,2016,ANT,AP,Antarctica,Continuous,70/T/B,Borehole,0.1,13,0,debris,40,20.151275634765625,2295.6558,21.02655792236328,783.69116,68
137,Balcón I (Mendoza),SA2A,-32.9619,-69.3719,2016,ARG,Central Andes,Mountains (South America),Alpine,T/B,Borehole,1.9,13,0.14,debris,3560,737.0922852,1566.9646,546.8447266,399.23157,780
138,Balcón I Superior (Mendoza),SA2B,-32.955,-69.3706,2016,ARG,Central Andes,Mountains (South America),Alpine,T/B,Borehole,6.1,15,0,debris,3586,737.0922852,1566.9646,546.8447266,399.23157,
139,Balcón II (Mendoza),SA2C,-32.9597,-69.3803,2016,ARG,Central Andes,Mountains (South America),Alpine,T/B,Borehole,2,22,0,debris,3770,737.0922852,1566.9646,546.8447266,399.23157,320
0,Barrow,U1,71.31667,-156.6,2017,USA,North America,North America,Continuous,1000/T,Probing,0.34,25,0.012,loam,3,523.2417602539062,3081.1484,124.70053100585938,193.19759,39
1,"Barrow, CRREL Plots",U2,71.31667,-156.5833,2017,USA,North America,North America,Continuous,10/T,Probing,0.27,25,0.017,loam,3,523.2417602539062,3081.1484,124.70053100585938,193.19759,39
2,Atkasuk,U3,70.45,-157.4,2017,USA,North America,North America,Continuous,1000/T,Probing,0.4,25,0.009,sand,22,880.8321533203125,3365.939,151.0141602,188.64148,53
3,West Dock 1 ha grid,U4,70.3745,-148.5522,2017,USA,North America,North America,Continuous,100/T/B56,Probing,0.34,24,0.001,loam,3,725.1025391,3415.143,161.85031127929688,169.95059,37
4,West Dock 1 km grid,U5,70.36667,-148.5667,2017,USA,North America,North America,Continuous,1000,Probing,0.25,24,0.039,loam,3,725.1025391,3415.143,161.85031127929688,169.95059,56
5,Deadhorse,U6,70.1613,-148.4653,2017,USA,North America,North America,Continuous,100/T/B60,Probing,0.47,24,0.001,Loam,17,813.7042236328125,3476.249,184.2733612060547,184.23717,72
6,Betty Pingo 1 km grid,U7 A,70.28333,-148.8667,2017,USA,North America,North America,Continuous,1000/T,Probing,0.2,24,0.401,loam,12,789.0505371,3466.2612,169.09536743164062,174.5654,56
7,Betty Pingo MNT,U7 B,70.2835,-148.8928,2017,USA,North America,North America,Continuous,100,Probing,0.28,24,0.117,loam,12,789.0505371,3466.2612,169.09536743164062,174.5654,41
8,Betty Pingo WET,U7 C,70.275,-148.919,2017,USA,North America,North America,Continuous,100,Probing,0.14,24,0.06,silt,12,789.0505371,3466.2612,169.09536743164062,174.5654,45
9,Franklin Bluff,U8,69.6739,-148.7219,2017,USA,North America,North America,Continuous,100/T/B60,Probing,0.59,24,0.001,sand,88,1017.8983154296875,3635.83,216.93113708496094,209.67961,69
10,Happy Valley,U9 A,69.1466,-148.8483,2017,USA,North America,North America,Continuous,100/T/B40,Probing,0.49,20,0.001,loam,305,1071.23584,3727.7158,353.92279052734375,233.30591,45
11,Happy Valley 1 km grid,U9 B,69.1482,-148.8505,2017,USA,North America,North America,Continuous,1000/T,Probing,-0.01,25,0.92,silt,305,1068.312255859375,3720.7583,355.4584045410156,231.42154,45
12,Lupine Hill,U10,69.12883,-148.5928,2017,USA,North America,North America,Continuous,100,Probing,0.29,24,0.003,silt,537,1070.825195,3617.4277,352.4277648925781,237.81566,52
13,Imnavait Creek  1 km grid,U11 A,68.6114,-149.3101,2017,USA,North America,North America,Continuous,1000/T,Probing,0.37,25,0.029,loam,910,895.3884887695312,3830.1597,359.7076416015625,291.5238,60
14,Imnavait Creek WET,U11 B,68.611,-149.3145,2017,USA,North America,North America,Continuous,100,Probing,0.48,25,0.005,silt,917,895.3884887695312,3830.1597,359.7076416015625,291.5238,57
15,Imnavait Creek MAT,U11 C,68.611,-149.30933,2017,USA,North America,North America,Continuous,100,Probing,0.35,25,0.034,silt,938,895.3884887695312,3830.1597,359.7076416015625,291.5238,53
16,Toolik 1 km grid,U12 A,68.6215,-149.6063,2017,USA,North America,North America,Continuous,1000/T,Probing,0.28,25,0.073,silt,750,933.4849243164062,3754.0088,417.23065185546875,231.01118,56
17,Toolik MAT,U12 B,68.624,-149.61817,2017,USA,North America,North America,Continuous,100,Probing,0.29,25,0.049,silt,777,933.4849243164062,3754.0088,417.23065185546875,231.01118,50
18,Galbraith Lake,U14,68.4774,-149.5024,2017,USA,North America,North America,Continuous,100/T/B75,Probing,0.38,21,0.02,silt,823,849.3604125976562,3809.3506,326.59136962890625,324.62274,55
19,Chandalar Shelf,U15,68.0691,-149.5804,2017,USA,North America,North America,Continuous,30/T/B61,Probing,0.45,24,0,silt,976,734.074707,3835.3433,290.40777587890625,288.50653,42
20,Ivotuk  1 km grid,U26,68.48333,-155.7333,2017,USA,North America,North America,Continuous,1000,Probing,-0.15,20,0.31,peat,570,906.9884033203125,3533.4116,337.3275146484375,222.7525,54
21,56 Mile,U56,69.5006,-148.5592,2017,USA,North America,North America,Continuous,100,Probing,0.07,25,0.55,loam,349,1074.4862060546875,3678.3481,247.026123,229.19922,66
22,Sagwon Hills MNT,U32 A,69.441,-148.67033,2017,USA,North America,North America,Continuous,100,Probing,0.17,25,0.13,silt,269,1070.1143798828125,3737.3794,274.9161682128906,240.32906,61
23,Sagwon Hills MAT,U32 B,69.401,-148.8056,2017,USA,North America,North America,Continuous,100,Probing,0.17,25,0.2,silt,360,1066.4310302734375,3730.3237,274.59320068359375,239.30956,40
24,Drew Point,U20,70.8645,-153.91,2017,USA,North America,North America,Continuous,T/B640,Borehole,0.57,20,0,silt,5,621.5798950195312,3259.5132,163.3867950439453,168.91684,41
25,Inigok,U21,69.98962,-153.09,2017,USA,North America,North America,Continuous,T/B625,Borehole,0.09,25,0.87,silt,53,970.5021973,3503.4175,182.4792022705078,191.25041,45
26,Fish Creek,U22,70.33523,-152.05,2017,USA,North America,North America,Continuous,T/B735,Borehole,0.23,20,0.09,silt,31,869.8754883,3465.4668,176.1258087158203,169.1537,31
27,Umiat,U24,69.3957,-152.14,2017,USA,North America,North America,Continuous,T/B640,Borehole,0.07,21,0.62,silt,201,1065.058105,3659.5703,242.34120178222656,207.67072,35
28,Tunalik,U25,70.1959,-161.08,2017,USA,North America,North America,Continuous,T/B393,Borehole,0.3,25,0.14,silt,26,813.9149780273438,3042.9033,188.1204376220703,241.43018,55
29,Niguanak,U29,69.8894,-142.98,2017,USA,North America,North America,Continuous,T/B/30?,Borehole,0.57,22,0.1,silt,84,789.9841309,3212.5781,194.4019775390625,197.21843,
30,Koluktak,U30,69.7516,-154.62,2017,USA,North America,North America,Continuous,T/B/,Borehole,0.14,21,0.08,silt,60,1038.539551,3521.1792,204.9054412841797,207.42719,120
31,Piksiksak,U37,70.0366,-157.08,2017,USA,North America,North America,Continuous,T/B/,Borehole,-0.31,21,0.21,silt,33,967.7118530273438,3410.8647,194.96319580078125,196.41428,44
32,East Teshekpuk,U38,70.5685,-152.97,2017,USA,North America,North America,Continuous,T/B/,Borehole,-0.26,21,0.14,silt,7,729.6815795898438,3377.3594,158.64419555664062,157.63074,29
33,North Head (thaw tube),C3 A,69.71972,-134.4619,2017,Canada,North America,North America,Continuous,TT,Thaw Tube,-0.01,13,0.9,silt,2,967.9389648,3408.166,165.7420654296875,186.70871,
34,Lousy Point (Thaw tube),C5 A,69.21889,-134.2911,2017,Canada,North America,North America,Continuous,TT/T/B30,Thaw Tube,0.57,23,0,sand,30,1232.093505859375,3403.6313,209.8039551,163.21092,83
35,Old Man,U16,66.45,-150.6167,2017,USA,North America,North America,Discontinuous,100/T/B63,Probing,0.24,22,0.12,silt,390,1577.359130859375,2972.5051,375.5721435546875,224.79369,43
36,Wickersham,U17,65.1667,-147.9,2017,USA,North America,North America,Discontinuous,TT/P,Probing,0.47,25,0,loam,335,1841.899902,2807.9644,342.62664794921875,185.41197,55
37,Pearl Creek,U19,64.9,-147.8167,2017,USA,North America,North America,Discontinuous,TT/P,Probing,5.82,25,0,silt,213,2166.398193359375,2481.3447,288.06463623046875,174.45505,120
38,Farmers Loop,U41,64.88,-147.67,2017,USA,North America,North America,Discontinuous,100,Probing,0.63,20,0,silt,151,2153.422363,2459.2542,279.6705627441406,174.09949,60
39,Eagle,U51,64.7777,-141.10954,2017,USA,North America,North America,Discontinuous,50/P/T,Probing,0.04,11,0.98,peat,280,1942.346435546875,3083.7686,279.8194580078125,147.98079,46
40,Nenana,U57,64.55446,-149.08339,2017,USA,North America,North America,Discontinuous,50/P/T,Probing,2.57,10,0,loam,111,2303.806152,2381.4546,287.75921630859375,106.67569,
41,Council Grid,U27,64.8442,-163.7202,2017,USA,North America,North America,Discontinuous,1000,Probing,0.82,21,0,loam,61,1449.417969,2256.0278,268.5054931640625,444.9992,64
42,Kougarok,U28,65.454,-164.6268,2017,USA,North America,North America,Discontinuous,1000,Probing,0.4,21,0.04,loam,250,1249.708496,2533.6729,215.4483642578125,283.29153,63
43,Reindeer Depot  (Thaw tube),C7 A,68.68472,-134.1458,2017,Canada,North America,North America,Discontinuous,TT,Thaw Tube,1.21,21,0,silt,34,1376.427490234375,3407.4749,245.20162963867188,150.80615,145
44,Rengleng River  (Thaw tube),C8 A,67.795,-134.1261,2017,Canada,North America,North America,Discontinuous,TT,Thaw Tube,0.24,14,0.19,sand,11,1699.626465,3407.7766,225.1765137,129.90308,112
45,"Janssonhaugen, Svalbard",N1,78.1793,16.467,2017,NOR,Norway/Svalbard,Mountains (Europe),Alpine,T/B102,Borehole,1.31,25,0,debris,270,276.48565673828125,2852.5354,129.4591522216797,381.97913,185
46,"Junvvasshoe, Norway",N2,61.6775823,8.3693057,2017,NOR,Norway/Svalbard,Mountains (Europe),Alpine,T/B129,Borehole,1.08,24,0.01,debris,1894,624.5970458984375,1770.2383,466.37701416015625,655.5368,211
47,"Snoheim DB2, Norway",N5,62.2958,9.352,2017,NOR,Norway/Svalbard,Mountains (Europe),Alpine,T/B9,Borehole,8.45,17,0,debris,1481,746.3590698242188,1823.4998,474.7323303222656,521.3384,542
48,Lapires,CH3,46.106117,7.284349,2017,SWI,Switzerland,Mountains (Europe),Alpine,T/B19,Borehole,12.2,22,0,debris,2656,1725.399414,1093.133,888.2316895,619.19336,560
49,Corvatsch,CH1,46.42879,9.821836,2017,SWI,Switzerland,Mountains (Europe),Alpine,T/B62,Borehole,15.49,23,0,debris,2670,946.0791016,1497.0217,745.6324462890625,572.76526,444
50,Stockhorn,CH4,45.986786,7.824201,2017,SWI,Switzerland,Mountains (Europe),Alpine,T/B100,Borehole,9.08,22,0,debris,3327,711.2224731445312,1992.6283,719.6845092773438,779.818,392
51,Les Attelas,CH5,46.096772,7.273075,2017,SWI,Switzerland,Mountains (Europe),Alpine,T/B26,Borehole,7.08,16,0,debris,2507,1725.399414,1093.133,888.2316895,619.19336,398
52,Gentianes,CH7,46.083705,7.302472,2017,SWI,Switzerland,Mountains (Europe),Alpine,T/B20,Borehole,27.76,18,0,debris,2896,1725.399414,1093.133,888.2316895,619.19336,492
53,Schilthorn,CH2,46.558282,7.834426,2017,SWI,Switzerland,Mountains (Europe),Alpine,T/B101,Borehole,36.21,25,0,debris,2900,1927.7847900390625,828.60645,1380.4122314453125,579.61084,925
54,Fluela,CH8,46.748868,9.943555,2017,SWI,Switzerland,Mountains (Europe),Alpine,T/B23,Borehole,-0.47,19,0.01,debris,2413,1170.651611328125,1394.4502,851.6791992,592.802,289
55,Muot da Barba Peider,CH9,46.496573,9.93141,2017,SWI,Switzerland,Mountains (Europe),Alpine,T/B18,Borehole,10.59,19,0.01,debris,2941,1027.023681640625,1584.1608,718.9752197265625,553.8716,370
56,Matterhorn,CH10,45.982321,7.676049,2017,SWI,Switzerland,Mountains (Europe),Alpine,T/B53,Borehole,9.57,15,0,debris,3204,772.7443237304688,1939.7311,636.0332641601562,755.2146,373
57,Schafberg,CH11,46.498797,9.925215,2017,SWI,Switzerland,Mountains (Europe),Alpine,T/B60,Borehole,0.89,22,0,debris,2731,1027.023681640625,1584.1608,718.9752197265625,553.8716,
58,Ritigraben,CH12,46.174694,7.849835,2017,SWI,Switzerland,Mountains (Europe),Alpine,T/B30,Borehole,3.11,22,0.01,debris,2640,1414.396973,1298.9143,717.5404663085938,609.9585,372
59,Cime Bianche,IT2,45.920046,7.693595,2017,IT,Switzerland,Mountains (Europe),Alpine,T/B41,Borehole,20.21813725,17,0,debris,3100,1356.943848,1288.0874,752.6458129882812,573.46106,542
60,Stelvio,IT3,45.5187,10.4569,2017,IT,Switzerland,Mountains (Europe),Alpine,T/B100,Borehole,9.69,24,0,debris,2612,5062.577637,4.086548,1030.848388671875,13.92207,342
61,Aiguille du Midi SE,FRA1a,45.878173,6.887653,2017,FRA,Switzerland,Mountains (Europe),Alpine,T/B10,Borehole,17.61356297,12,0,debris,3753,1231.6678466796875,1359.7512,730.1589355,848.9251,
62,Aiguille du Midi NW,FRA1b,45.878679,6.887216,2017,FRA,Switzerland,Mountains (Europe),Alpine,T/B10,Borehole,7.678571429,15,0,debris,3745,1231.6678466796875,1359.7512,730.1589355,848.9251,261
63,Aiguille du Midi NE,FRA1c,45.878585,6.888098,2017,FRA,Switzerland,Mountains (Europe),Alpine,TB/10,Borehole,13.51785714,14,0,debris,3738,1231.6678466796875,1359.7512,730.1589355,848.9251,
64,Bolvansky,R24,68.3,54.5,2017,RUS,Russian European North,Russian Northwest,Continuous,100,Probing,0.09,23,0.82,loam,28,1218.837891,1668.8018,260.4509277,330.8288,88
65,Kashin Island,R24 A,68.23333,53.85,2017,RUS,Russian European North,Russian Northwest,Continuous,100,Probing,3.85,15,0,sand,9,1232.7423095703125,1630.4102,264.6983642578125,324.85016,76
66,Zackenberg; ZEROCALM 1,G1,74.473,-20.5528,2017,DEN,Denmark (Greenland),Nordic Arctic,Continuous,100/T,Probing,0.64,25,0,loam,36,225.98468017578125,4128.651,74.15533447265625,426.1844,83
67,Zackenberg; ZEROCALM 2,G2,74.466,-20.5643,2017,DEN,Denmark (Greenland),Nordic Arctic,Continuous,150/T,Probing,0.5,25,0.02,loam,16,225.98468017578125,4128.651,74.15533447265625,426.1844,71
68,UNISCALM,N3,78.200956,15.836412,2017,NOR,Norway/Svalbard,Nordic Arctic,Continuous,100/T,Probing,0.52,25,0.01,sand,10,344.2089538574219,2602.0095,160.23789978027344,354.7511,104
69,"Ayach-Yakha, Vorkuta",R2,67.58333,64.18333,2017,RUS,Russian European North,Russian Northwest,Discontinuous,100/T,Probing,0.69,25,0,loam,148,1145.522949,2569.5017,209.3932342529297,439.3604,80
70,Talnik,R23,67.33333,63.73333,2017,RUS,Russian European North,Russian Northwest,Discontinuous,100,Probing,2.52,22,0,loam,120,1201.9036865234375,2497.654,207.65322875976562,430.56427,155
71,Seida,R52,67.06556,62.92508,2017,RUS,Russian European North,Russian Northwest,Discontinuous,100,Probing,1.21,13,0,peat,100,1253.3172607421875,2394.5347,221.44601440429688,403.1484,53
72,"Abisko area, Sweden",S2,68.33333,18.83333,2017,SWE,Sweden/Svalbard,Nordic Arctic,Discontinuous,100/T,Probing,1.25,24,0,peat,900,788.4844970703125,1800.7563,405.9606934,644.00073,95
73,Nadym; West Siberia,R1,65.314861,72.864194,2017,RUS,West Siberia,West Siberia,Discontinuous,100/T/B10,Probing,3.38,25,0,sand,28,1357.099121,2523.7124,266.17303466796875,303.5481,148
74,Nadym WET; West Siberia,R1b,65.23375,72.518417,2017,RUS,West Siberia,West Siberia,Discontinuous,100,Probing,6.18,12,0,sand,7,1367.990966796875,2488.5923,270.2514343261719,300.34445,108
75,"Marre Sale, Yamal Peninsula",R3,69.71667,66.75,2017,RUS,West Siberia,West Siberia,Continuous,1000/T/B10,Probing,0.7,23,0.09,sand,18,804.3087158203125,2291.13,196.49221801757812,277.58423,
76,"Vaskiny Dachy, Yamal Peninsula",R5,70.28333,68.9,2017,RUS,West Siberia,West Siberia,Continuous,100/T/B10,Probing,0.43,24,0.05,silt,29,896.4003906,2829.666,129.68838500976562,298.23413,102
77,"Vaskiny Dachy, Yamal Peninsula",R5a,70.28333,68.9,2017,RUS,West Siberia,West Siberia,Continuous,50,Probing,0.5,18,0.2,loam,45,896.4003906,2829.666,129.68838500976562,298.23413,66
78,"Vaskiny Dachi, Yamal Peninsula",R5b,70.2755,68.89164,2017,RUS,West Siberia,West Siberia,Continuous,50,Probing,0.74,18,0.04,silt,35,896.4003906,2829.666,129.68838500976562,298.23413,74
79,"Vaskiny Dachi, Yamal Peninsula",R5c,70.2955,68.88347,2017,RUS,West Siberia,West Siberia,Continuous,50,Probing,1.12,18,0.06,sand,25,896.4003906,2829.666,129.68838500976562,298.23413,118
80,Urengoy Gas Field GP5,R50a,66.31325,76.903478,2017,RUS,West Siberia,West Siberia,Discontinuous,100/T/B10,Probing,3.68,17,0,sand,59,1220.001465,2884.8513,276.4449157714844,319.54276,69
81,Urengoy Gas Field GP15,R50b,67.47791,76.69529,2017,RUS,West Siberia,West Siberia,Discontinuous,100/T/B10,Probing,2.67,16,0,sand,32,1150.5093994140625,2984.1536,239.68276977539062,303.0808,93
82,Bely Island (silt),R55,73.32694,70.08528,2017,RUS,West Siberia,West Siberia,Continuous,50,Probing,0.36,15,0.04,silt,4.2,572.4873047,2636.1423,137.32916259765625,300.32294,57
83,Bely Island (sand),R55a,73.32861,70.08833,2017,RUS,West Siberia,West Siberia,Continuous,25,Probing,2.08,15,0,sand,3.4,572.4873047,2636.1423,137.32916259765625,300.32294,115
84,Bykovsky (Lena delta) (alas),R29 B,71.7855,71.41917,2017,RUS,Central Siberia,Central Siberia,Continuous,100,Probing,0.05,20,0.65,loam,5,717.0542602539062,3000.708,146.0156707763672,284.15536,26
85,Talnah (Norilsk Region),R32,69.43333,88.46667,2017,RUS,Central Siberia,Central Siberia,Continuous,100,Probing,1.02,20,0.01,loam,67,1078.552734,3905.5474,360.39031982421875,494.9176,106
86,Igarka,R40,67.48135,86.4347,2017,RUS,Central Siberia,Central Siberia,Discontinuous,100,Probing,2.97,16,0,loam,40,1235.6456298828125,3283.5054,315.1441650390625,409.10266,
87,Tuymada (Yakutsk region),R42,62.0133,129.65683,2017,RUS,Central Siberia,Central Siberia,Continuous,50/TT,Thaw Tube,0.5,17,0,sand,101,2187.851806640625,4500.2,204.4881134033203,74.28984,203
88,Neleger (Yakutsk region),R43,62.31618,129.49952,2017,RUS,Central Siberia,Central Siberia,Continuous,50/TT,Thaw Tube,0.06,17,0.77,loam,210,2024.722900390625,4616.445,212.9493408203125,78.5681,121
89,Samoylov,R51,72.369775,126.48063,2017,RUS,Central Siberia,Central Siberia,Continuous,150,Probing,0.42,22,0.02,sand,14,695.697998,4861.485,188.80101013183594,152.93318,46
90,"Cape Chukochii; edoma, Kolyma",R13 A,70.08333,159.5833,2017,RUS,Northeast Siberia,Northeast Siberia,Continuous,100/T/B30,Probing,-0.04,22,0.84,loam,32,679.0486450195312,4023.9521,152.44964599609375,215.26257,43
91,"Cape Chukochi, alas, Kolyma",R13 B,70.08333,159.9167,2017,RUS,Northeast Siberia,Northeast Siberia,Continuous,100,Probing,-0.02,22,0.95,loam,32,631.3636474609375,3944.5732,163.9830780029297,216.11911,38
92,"Chukochya River, Kolyma",R14,69.48333,156.9833,2017,RUS,Northeast Siberia,Northeast Siberia,Continuous,100/T/B25,Probing,0.27,16,0.05,loam,31,871.1445313,4269.8594,155.97650146484375,211.81537,49
93,"Konkovaya River, Kolyma",R15 A,69.38333,158.4667,2017,RUS,Northeast Siberia,Northeast Siberia,Continuous,100/T/B50,Probing,-0.34,17,0.36,loam,20,896.6493530273438,4198.68,154.1088104248047,202.26703,31
94,"Konkovaya River, Kolyma",R15 B,69.38333,158.4667,2017,RUS,Northeast Siberia,Northeast Siberia,Continuous,100/T/B50,Probing,-0.19,17,0.45,loam,41,896.6493530273438,4198.68,154.1088104248047,202.26703,39
95,"Segodnya Pingo, Kolyma",R16,69.08333,158.9,2017,RUS,Northeast Siberia,Northeast Siberia,Continuous,100,Probing,-0.47,19,0.24,peat,30,1003.5036010742188,4229.2695,146.39242553710938,194.279,56
96,Akhmelo channel; Kolyma,R17,68.81667,161,2017,RUS,Northeast Siberia,Northeast Siberia,Continuous,100/T,Probing,0.61,23,0,loam,5,1145.8233642578125,4123.643,183.01327514648438,192.82144,55
97,Mt. Rodinka; Kolyma,R18,68.9255,161.5046,2017,RUS,Northeast Siberia,Northeast Siberia,Continuous,100/T,Probing,0.05,23,0.81,loam,152,1133.2667236328125,3983.1343,199.324707,215.16135,87
98,Mt. Rodinka; Kolyma (10 m grid),R18 A,68.7417,161.5042,2017,RUS,Northeast Siberia,Northeast Siberia,Continuous,10/T,Probing,1.03,19,0,loam,152,1164.700684,3970.79,180.74398803710938,200.69699,111
99,"Lake Glukhoe, Kolyma",R19,68.8,160.95,2017,RUS,Northeast Siberia,Northeast Siberia,Continuous,100,Probing,0.55,21,0.08,sand,15,1145.8233642578125,4123.643,183.01327514648438,192.82144,79
100,"Malchilovskaya Channel, Kolyma",R20,68.51667,161.4333,2017,RUS,Northeast Siberia,Northeast Siberia,Continuous,100,Probing,0.54,23,0,loam,10,1242.090332,4151.133,173.68580627441406,185.81094,64
101,"Lake Akhmelo, Kolyma",R21,68.83333,161.0333,2017,RUS,Northeast Siberia,Northeast Siberia,Continuous,100/T/B15,Probing,0.13,23,0.67,sand,10,1145.8233642578125,4123.643,183.01327514648438,192.82144,85
102,Alazeya River,R22,69.31667,154.9833,2017,RUS,Northeast Siberia,Northeast Siberia,Continuous,100/B23,Probing,0.2,19,0.16,loam,60,894.2782592773438,4438.5977,142.89434814453125,193.73053,54
103,Jakutskoe Lake,R25,69.85,159.5,2017,RUS,Northeast Siberia,Northeast Siberia,Continuous,100,Probing,-0.02,20,0.89,loam,9,737.6119384765625,4013.9106,175.8861541748047,213.66245,43
104,Allaiha (Indigirka basin),R31,70.55,147.4333,2017,RUS,Northeast Siberia,Northeast Siberia,Continuous,100,Probing,-0.02,16,0.96,loam,42,808.7895508,4564.94,140.1644744873047,190.24194,41
105,Omolon,R35,68.73333,158.9,2017,RUS,Northeast Siberia,Northeast Siberia,Continuous,100,Probing,-0.02,17,0.93,loam,4,1109.9644775390625,4207.4937,148.7056427001953,194.05356,43
106,Andryushkino,R36,69.16667,154.4333,2017,RUS,Northeast Siberia,Northeast Siberia,Continuous,100,Probing,0.4,19,0.01,loam,21,921.6726684570312,4469.9424,143.95155334472656,190.75916,43
107,Mt. Rodinka (Control),R38 A,68.7,161.55,2017,RUS,Northeast Siberia,Northeast Siberia,Continuous,10/T,Probing,0.12,15,0.86,loam,75,1155.904052734375,3953.1968,181.69125366210938,202.56573,136
108,Mt. Rodinka (Station),R38 C,68.74,161.3928,2017,RUS,Northeast Siberia,Northeast Siberia,Continuous,10/T,Probing,-1.03,21,0,loam,31,1170.318115234375,4000.5815,180.6011505126953,199.19711,75
109,Cape Rogozhny; Chukotka,R9,64.78333,176.9667,2017,RUS,Chukotka,Northeast Siberia,Continuous,100/T,Probing,0.17,25,0.21,loam,17,1224.780762,2674.2153,210.62106323242188,294.7787,55
110,"Mt. Dionisy, Chukotka",R11,64.56667,177.2,2017,RUS,Chukotka,Northeast Siberia,Continuous,100/T,Probing,0.12,24,0.42,loam,148,1141.233642578125,2445.8394,182.4437255859375,323.99924,60
111,Lavrentia,R27,65.6,-171.05,2017,RUS,Chukotka,Northeast Siberia,Continuous,100,Probing,0.4,25,0.02,loam,100,851.9470215,2202.0247,164.8980712890625,418.662,67
112,Lorino,R41,65.539667,-171.63023,2017,RUS,Chukotka,Northeast Siberia,Continuous,100,Probing,0.87,15,0,sand,45,862.4024658203125,2301.7373,148.4720001220703,401.73593,55
113,Kruglaya (Anadyr),R45,64.63333,176.9667,2017,RUS,Chukotka,Northeast Siberia,Continuous,100,Probing,0.04,15,0.82,silt,2.5,1198.605712890625,2541.4502,176.69390869140625,315.69788,49
114,Ploskii Tolbachik (Kamchatka) 2,R30 C,55.89092,160.5375,2017,RUS,Kamchatka,Mountains (Eurasia),Alpine,100,Probing,0.23,17,0.03,silt,1630,830.3214111328125,2814.5342,441.9159240722656,1024.592,51
115,Baganuur Depression,M 1,47.68889,108.2625,2017,MNG,Hentei,Mountains (Eurasia),Alpine,T/B15,Borehole,4.42,22,0,sand,1350,2406.038574,2357.6934,189.51974487304688,42.424053,360
116,Nalaikh – northern slope,M2 A,47.75444,107.25,2017,MNG,Hentei,Mountains (Eurasia),Alpine,T/T/B50,Borehole,1.7,23,0,loam,1512,2292.037109,2338.0059,226.3167266845703,38.08065,370
117,Terkh – valley bottom,M6 A,48.08194,99.37333,2017,MNG,Hangai,Mountains (Eurasia),Alpine,T/B15,Borehole,1.22,22,0,sand,2050,1675.5325927734375,2777.288,260.5696105957031,66.38901,295
118,Chuluut – pingo top,M7 A,48.04111,100.39167,2017,MNG,Hangai,Mountains (Eurasia),Alpine,T/B15,Borehole,1.74,22,0,silt,1870,1799.127441,2581.9573,272.7785339355469,60.791573,170
119,Hatgal – lake terrace,M11,50.43861,100.15028,2017,MNG,Hovsgol,Mountains (Eurasia),Alpine,T/B6,Borehole,5.38,21,0,sand,1662,1670.7535400390625,2359.393,455.8323974609375,41.448017,600
120,Darhad Khuurch,M13 A,51.18722,99.4975,2017,MNG,Hovsgol,Mountains (Eurasia),Alpine,T/B100,Borehole,0.15,17,0.36,loam,1558,1697.208251953125,2849.7527,311.9342041015625,71.08624,170
121,Prior Island,A32,-75.692829,162.880554,2017,ANT,SVL,Antarctica,Continuous,T/B1,Borehole,0.8,10,0.55,silt,30,0,7087.0674,0,203.76764,43
122,Finger Point,A33,-77.004683,162.623283,2017,ANT,SVL,Antarctica,Continuous,T/B1,Borehole,-0.3,10,0.66,silt,190,0,8512.332,0,85.050285,92
123,Boulder Clay,A7,-74.745489,164.020308,2017,ANT,SVL,Antarctica,Continuous,T/B3.6,Borehole,0,22,0.99,silt,205,0,7697.0376,0,247.06567,31
124,Oasi,A8,-74.74167,164.1,2017,ANT,SVL,Antarctica,Continuous,T/B30,Borehole,-1.3,13,0.14,debris,52,0,7059.5757,0,247.06567,151
125,Apostrophe Island,A30,-73.51885,167.433567,2017,ANT,NVL,Antarctica,Continuous,T/B1,Borehole,0.1,10,0.978,silt,20,0.588409424,6494.8853,0,283.8869,49
126,Edmonson Point,A31,-74.328494,165.131881,2017,ANT,NVL,Antarctica,Continuous,T/B1,Borehole,0.5,10,0.65,debris,30,0,7675.586,0,206.52953,20
127,Deception Island (Crater Lake),A16,-62.9856507,-60.6787111,2017,ANT,AP,Antarctica,Discontinuous,100/P/B1.3,Probing,0.3,19,0.27,debris,85,150.79739379882812,778.0034,214.0872039794922,877.95807,32
128,Deception Island (Irizar),A26,-62.9837,-60.7156671,2017,ANT,AP,Antarctica,Discontinuous,100/P/B1.2,Probing,4.4,19,0,debris,130,150.79739379882812,778.0034,214.0872039794922,877.95807,
129,Signy Island,A17,-60.7115,-45.5919,2017,ANT,AP,Antarctica,Discontinuous,T/B3.6,Borehole,7.2,12,0,debris,85,36.80035400390625,1201.7699,60.94831848144531,797.9702,180
130,Signy Island- Bertsen,A17A,-60.7083,-45.5941,2017,ANT,AP,Antarctica,Discontinuous,T/B30,Borehole,-0.9,14,0.07,debris,21,36.80035400390625,1201.7699,60.94831848144531,797.9702,307
131,King George-Bellingshausen,A18,-62.1983,-58.9842,2017,ANT,AP,Antarctica,Discontinuous,100/T,Probing,1.9,16,0.03,debris,15,149.16867065429688,833.1594,227.17532348632812,698.7326,75
132,Rothera,A19,-67.5719,-68.126,2017,ANT,AP,Antarctica,Discontinuous,T/B31,Probing,-2.2,15,0.42,debris,31,2.152526855,2771.5298,369.9957275390625,1390.6667,129
133,Limnopolar Lake (Livingston Island),A25,-62.6498,-61.1047,2017,ANT,AP,Antarctica,Discontinuous,100/T,Probing,0.9,14,0.32,debris,80,154.2420654296875,765.85016,214.59744262695312,878.1876,52
134,James Ross Island (JGM),A27,-63.8012464,-57.8834444,2017,ANT,AP,Antarctica,Continuous,70/T/G/B2.0,Probing,1.5,11,0.03,debris,10,11.115203857421875,2742.8125,38.88287353515625,826.87036,81
135,James Ross Island (Berry Hill),A28,-63.80257189,-57.83848112,2017,ANT,AP,Antarctica,Continuous,50/T/B0.9,Probing,0.1,14,0.04,debris,60,11.18035888671875,2706.3452,38.88287353515625,799.7931,85
136,Abernethy Flats,A34,-63.881389,-57.934722,2017,ANT,AP,Antarctica,Continuous,70/T/B,Borehole,0.1,13,0,debris,40,11.115203857421875,2742.8125,38.88287353515625,826.87036,69
137,Balcón I (Mendoza),SA2A,-32.9619,-69.3719,2017,ARG,Central Andes,Mountains (South America),Alpine,T/B,Borehole,1.9,13,0.14,debris,3560,747.6086426,1493.0176,448.9542541503906,294.58554,780
138,Balcón I Superior (Mendoza),SA2B,-32.955,-69.3706,2017,ARG,Central Andes,Mountains (South America),Alpine,T/B,Borehole,6.1,15,0,debris,3586,747.6086426,1493.0176,448.9542541503906,294.58554,640
139,Balcón II (Mendoza),SA2C,-32.9597,-69.3803,2017,ARG,Central Andes,Mountains (South America),Alpine,T/B,Borehole,2,22,0,debris,3770,747.6086426,1493.0176,448.9542541503906,294.58554,320
0,Barrow,U1,71.31667,-156.6,2018,USA,North America,North America,Continuous,1000/T,Probing,0.34,25,0.012,loam,3,377.2574157714844,3321.3267,151.6125030517578,152.92029,38
1,"Barrow, CRREL Plots",U2,71.31667,-156.5833,2018,USA,North America,North America,Continuous,10/T,Probing,0.27,25,0.017,loam,3,377.2574157714844,3321.3267,151.6125030517578,152.92029,37
2,Atkasuk,U3,70.45,-157.4,2018,USA,North America,North America,Continuous,1000/T,Probing,0.4,25,0.009,sand,22,698.2790527,3564.1094,166.96865844726562,133.37556,51
3,West Dock 1 ha grid,U4,70.3745,-148.5522,2018,USA,North America,North America,Continuous,100/T/B56,Probing,0.34,24,0.001,loam,3,475.1832275390625,3564.0356,166.58734130859375,119.97015,35
4,West Dock 1 km grid,U5,70.36667,-148.5667,2018,USA,North America,North America,Continuous,1000,Probing,0.25,24,0.039,loam,3,475.1832275390625,3564.0356,166.58734130859375,119.97015,52
5,Deadhorse,U6,70.1613,-148.4653,2018,USA,North America,North America,Continuous,100/T/B60,Probing,0.47,24,0.001,Loam,17,552.9932861328125,3608.7148,196.72239685058594,128.03725,68
6,Betty Pingo 1 km grid,U7 A,70.28333,-148.8667,2018,USA,North America,North America,Continuous,1000/T,Probing,0.2,24,0.401,loam,12,534.8088989257812,3604.7842,174.68264770507812,121.07254,51
7,Betty Pingo MNT,U7 B,70.2835,-148.8928,2018,USA,North America,North America,Continuous,100,Probing,0.28,24,0.117,loam,12,534.8088989257812,3604.7842,174.68264770507812,121.07254,35
8,Betty Pingo WET,U7 C,70.275,-148.919,2018,USA,North America,North America,Continuous,100,Probing,0.14,24,0.06,silt,12,534.8088989257812,3604.7842,174.68264770507812,121.07254,43
9,Franklin Bluff,U8,69.6739,-148.7219,2018,USA,North America,North America,Continuous,100/T/B60,Probing,0.59,24,0.001,sand,88,734.0755615234375,3706.0813,248.93353271484375,136.37433,62
10,Happy Valley,U9 A,69.1466,-148.8483,2018,USA,North America,North America,Continuous,100/T/B40,Probing,0.49,20,0.001,loam,305,840.8552246,3722.7158,427.1858825683594,166.17612,44
11,Happy Valley 1 km grid,U9 B,69.1482,-148.8505,2018,USA,North America,North America,Continuous,1000/T,Probing,-0.01,25,0.92,silt,305,840.923584,3717.8333,423.1075134277344,163.90105,43
12,Lupine Hill,U10,69.12883,-148.5928,2018,USA,North America,North America,Continuous,100,Probing,0.29,24,0.003,silt,537,843.875,3609.016,438.1907653808594,171.04425,52
13,Imnavait Creek  1 km grid,U11 A,68.6114,-149.3101,2018,USA,North America,North America,Continuous,1000/T,Probing,0.37,25,0.029,loam,910,694.4001465,3761.729,512.2123413085938,190.83049,55
14,Imnavait Creek WET,U11 B,68.611,-149.3145,2018,USA,North America,North America,Continuous,100,Probing,0.48,25,0.005,silt,917,694.4001465,3761.729,512.2123413085938,190.83049,62
15,Imnavait Creek MAT,U11 C,68.611,-149.30933,2018,USA,North America,North America,Continuous,100,Probing,0.35,25,0.034,silt,938,694.4001465,3761.729,512.2123413085938,190.83049,47
16,Toolik 1 km grid,U12 A,68.6215,-149.6063,2018,USA,North America,North America,Continuous,1000/T,Probing,0.28,25,0.073,silt,750,739.4813842773438,3700.3555,517.1856689453125,186.72534,50
17,Toolik MAT,U12 B,68.624,-149.61817,2018,USA,North America,North America,Continuous,100,Probing,0.29,25,0.049,silt,777,739.4813842773438,3700.3555,517.1856689453125,186.72534,52
18,Galbraith Lake,U14,68.4774,-149.5024,2018,USA,North America,North America,Continuous,100/T/B75,Probing,0.38,21,0.02,silt,823,651.4487305,3703.3213,537.3092041015625,197.32861,54
19,Chandalar Shelf,U15,68.0691,-149.5804,2018,USA,North America,North America,Continuous,30/T/B61,Probing,0.45,24,0,silt,976,551.0382690429688,3633.1277,356.9663086,253.14154,41
20,Ivotuk  1 km grid,U26,68.48333,-155.7333,2018,USA,North America,North America,Continuous,1000,Probing,-0.15,20,0.31,peat,570,827.2595825195312,3524.9985,343.1949462890625,163.06519,51
21,56 Mile,U56,69.5006,-148.5592,2018,USA,North America,North America,Continuous,100,Probing,0.07,25,0.55,loam,349,795.8794555664062,3734.8154,295.96942138671875,150.01897,64
22,Sagwon Hills MNT,U32 A,69.441,-148.67033,2018,USA,North America,North America,Continuous,100,Probing,0.17,25,0.13,silt,269,802.5404663085938,3787.0625,328.12652587890625,153.75284,59
23,Sagwon Hills MAT,U32 B,69.401,-148.8056,2018,USA,North America,North America,Continuous,100,Probing,0.17,25,0.2,silt,360,800.9306030273438,3776.4448,322.5987854003906,151.56897,42
24,Drew Point,U20,70.8645,-153.91,2018,USA,North America,North America,Continuous,T/B640,Borehole,0.57,20,0,silt,5,437.1597595214844,3415.857,179.61740112304688,140.41766,39
25,Inigok,U21,69.98962,-153.09,2018,USA,North America,North America,Continuous,T/B625,Borehole,0.09,25,0.87,silt,53,725.0225830078125,3613.378,186.60568237304688,119.7594,42
26,Fish Creek,U22,70.33523,-152.05,2018,USA,North America,North America,Continuous,T/B735,Borehole,0.23,20,0.09,silt,31,627.7117919921875,3600.8164,174.18080139160156,114.91564,30
27,Umiat,U24,69.3957,-152.14,2018,USA,North America,North America,Continuous,T/B640,Borehole,0.07,21,0.62,silt,201,832.4864501953125,3694.5864,225.34994506835938,131.28452,33
28,Tunalik,U25,70.1959,-161.08,2018,USA,North America,North America,Continuous,T/B393,Borehole,0.3,25,0.14,silt,26,726.1967773,3206.3308,141.35702514648438,171.32172,52
29,Niguanak,U29,69.8894,-142.98,2018,USA,North America,North America,Continuous,T/B/30?,Borehole,0.57,22,0.1,silt,84,440.9007263183594,3426.9504,271.18194580078125,165.41101,37
30,Koluktak,U30,69.7516,-154.62,2018,USA,North America,North America,Continuous,T/B/,Borehole,0.14,21,0.08,silt,60,805.6157227,3621.485,204.04763793945312,130.62689,120
31,Piksiksak,U37,70.0366,-157.08,2018,USA,North America,North America,Continuous,T/B/,Borehole,-0.31,21,0.21,silt,33,779.6691284179688,3540.0718,194.31597900390625,138.34459,44
32,East Teshekpuk,U38,70.5685,-152.97,2018,USA,North America,North America,Continuous,T/B/,Borehole,-0.26,21,0.14,silt,7,534.7446899414062,3550.2905,167.79452514648438,118.266205,23
33,North Head (thaw tube),C3 A,69.71972,-134.4619,2018,Canada,North America,North America,Continuous,TT,Thaw Tube,-0.01,13,0.9,silt,2,566.8267822265625,3594.8894,115.89871978759766,177.843,61
34,Lousy Point (Thaw tube),C5 A,69.21889,-134.2911,2018,Canada,North America,North America,Continuous,TT/T/B30,Thaw Tube,0.57,23,0,sand,30,789.9065551757812,3543.7585,148.3996582,157.25577,73
35,Old Man,U16,66.45,-150.6167,2018,USA,North America,North America,Discontinuous,100/T/B63,Probing,0.24,22,0.12,silt,390,1373.461669921875,2749.4749,395.5284423828125,222.09853,45
36,Wickersham,U17,65.1667,-147.9,2018,USA,North America,North America,Discontinuous,TT/P,Probing,0.47,25,0,loam,335,1655.3970947265625,2422.3198,398.89630126953125,178.93837,59
37,Pearl Creek,U19,64.9,-147.8167,2018,USA,North America,North America,Discontinuous,TT/P,Probing,5.82,25,0,silt,213,2017.1141357421875,2077.247,389.6788024902344,138.6857,154
38,Farmers Loop,U41,64.88,-147.67,2018,USA,North America,North America,Discontinuous,100,Probing,0.63,20,0,silt,151,2002.470703,2049.0757,385.4906005859375,136.79462,62
39,Eagle,U51,64.7777,-141.10954,2018,USA,North America,North America,Discontinuous,50/P/T,Probing,0.04,11,0.98,peat,280,1676.488281,2701.6143,437.4919434,146.0876,48
40,Nenana,U57,64.55446,-149.08339,2018,USA,North America,North America,Discontinuous,50/P/T,Probing,2.57,10,0,loam,111,2137.902832,2096.958,321.4688720703125,135.87663,
41,Council Grid,U27,64.8442,-163.7202,2018,USA,North America,North America,Discontinuous,1000,Probing,0.82,21,0,loam,61,1497.264648,2003.1661,271.80535888671875,356.48816,69
42,Kougarok,U28,65.454,-164.6268,2018,USA,North America,North America,Discontinuous,1000,Probing,0.4,21,0.04,loam,250,1361.030029296875,2331.4502,221.17604064941406,186.9454,61
43,Reindeer Depot  (Thaw tube),C7 A,68.68472,-134.1458,2018,Canada,North America,North America,Discontinuous,TT,Thaw Tube,1.21,21,0,silt,34,933.5723876953125,3509.0103,173.75514221191406,170.26988,146
44,Rengleng River  (Thaw tube),C8 A,67.795,-134.1261,2018,Canada,North America,North America,Discontinuous,TT,Thaw Tube,0.24,14,0.19,sand,11,1212.720703,3522.612,265.9600524902344,122.010956,102
45,"Janssonhaugen, Svalbard",N1,78.1793,16.467,2018,NOR,Norway/Svalbard,Mountains (Europe),Alpine,T/B102,Borehole,1.31,25,0,debris,270,272.37872314453125,2643.2854,120.654541,583.6204,187
46,"Junvvasshoe, Norway",N2,61.6775823,8.3693057,2018,NOR,Norway/Svalbard,Mountains (Europe),Alpine,T/B129,Borehole,1.08,24,0.01,debris,1894,994.862793,1960.3464,539.8826293945312,446.67706,244
47,"Snoheim DB2, Norway",N5,62.2958,9.352,2018,NOR,Norway/Svalbard,Mountains (Europe),Alpine,T/B9,Borehole,8.45,17,0,debris,1481,1138.589355,1909.6011,432.78131103515625,347.77554,546
48,Lapires,CH3,46.106117,7.284349,2018,SWI,Switzerland,Mountains (Europe),Alpine,T/B19,Borehole,12.2,22,0,debris,2656,1916.175048828125,945.2144,768.5679321289062,875.8955,639
49,Corvatsch,CH1,46.42879,9.821836,2018,SWI,Switzerland,Mountains (Europe),Alpine,T/B62,Borehole,15.49,23,0,debris,2670,1050.033447265625,1488.1633,864.2520751953125,544.57385,449
50,Stockhorn,CH4,45.986786,7.824201,2018,SWI,Switzerland,Mountains (Europe),Alpine,T/B100,Borehole,9.08,22,0,debris,3327,772.7593994140625,1862.3035,1236.922607421875,1114.9873,475
51,Les Attelas,CH5,46.096772,7.273075,2018,SWI,Switzerland,Mountains (Europe),Alpine,T/B26,Borehole,7.08,16,0,debris,2507,1916.175048828125,945.2144,768.5679321289062,875.8955,400
52,Gentianes,CH7,46.083705,7.302472,2018,SWI,Switzerland,Mountains (Europe),Alpine,T/B20,Borehole,27.76,18,0,debris,2896,1916.175048828125,945.2144,768.5679321289062,875.8955,496
53,Schilthorn,CH2,46.558282,7.834426,2018,SWI,Switzerland,Mountains (Europe),Alpine,T/B101,Borehole,36.21,25,0,debris,2900,2129.750488,671.6451,1024.3450927734375,869.0598,1043
54,Fluela,CH8,46.748868,9.943555,2018,SWI,Switzerland,Mountains (Europe),Alpine,T/B23,Borehole,-0.47,19,0.01,debris,2413,1357.40918,1319.9524,885.2937012,471.85843,290
55,Muot da Barba Peider,CH9,46.496573,9.93141,2018,SWI,Switzerland,Mountains (Europe),Alpine,T/B18,Borehole,10.59,19,0.01,debris,2941,1156.704833984375,1557.5892,831.0062255859375,519.7534,398
56,Matterhorn,CH10,45.982321,7.676049,2018,SWI,Switzerland,Mountains (Europe),Alpine,T/B53,Borehole,9.57,15,0,debris,3204,851.0286865234375,1802.8698,1055.939453,1037.2109,
57,Schafberg,CH11,46.498797,9.925215,2018,SWI,Switzerland,Mountains (Europe),Alpine,T/B60,Borehole,0.89,22,0,debris,2731,1156.704833984375,1557.5892,831.0062255859375,519.7534,510
58,Ritigraben,CH12,46.174694,7.849835,2018,SWI,Switzerland,Mountains (Europe),Alpine,T/B30,Borehole,3.11,22,0.01,debris,2640,1589.3052978515625,1248.0774,831.2107543945312,839.3262,387
59,Cime Bianche,IT2,45.920046,7.693595,2018,IT,Switzerland,Mountains (Europe),Alpine,T/B41,Borehole,20.21813725,17,0,debris,3100,1498.577637,1265.6702,1282.41748,876.6725,550
60,Stelvio,IT3,45.5187,10.4569,2018,IT,Switzerland,Mountains (Europe),Alpine,T/B100,Borehole,9.69,24,0,debris,2612,5143.629395,9.213989,1015.499512,61.97186,365
61,Aiguille du Midi SE,FRA1a,45.878173,6.887653,2018,FRA,Switzerland,Mountains (Europe),Alpine,T/B10,Borehole,17.61356297,12,0,debris,3753,1391.2376708984375,1213.2295,723.6614990234375,1144.1752,704
62,Aiguille du Midi NW,FRA1b,45.878679,6.887216,2018,FRA,Switzerland,Mountains (Europe),Alpine,T/B10,Borehole,7.678571429,15,0,debris,3745,1391.2376708984375,1213.2295,723.6614990234375,1144.1752,258
63,Aiguille du Midi NE,FRA1c,45.878585,6.888098,2018,FRA,Switzerland,Mountains (Europe),Alpine,TB/10,Borehole,13.51785714,14,0,debris,3738,1391.2376708984375,1213.2295,723.6614990234375,1144.1752,459
64,Bolvansky,R24,68.3,54.5,2018,RUS,Russian European North,Russian Northwest,Continuous,100,Probing,0.09,23,0.82,loam,28,1282.669189453125,1920.4065,307.98370361328125,269.02063,110
65,Kashin Island,R24 A,68.23333,53.85,2018,RUS,Russian European North,Russian Northwest,Continuous,100,Probing,3.85,15,0,sand,9,1323.310302734375,1864.8822,291.03240966796875,248.38855,84
66,Zackenberg; ZEROCALM 1,G1,74.473,-20.5528,2018,DEN,Denmark (Greenland),Nordic Arctic,Continuous,100/T,Probing,0.64,25,0,loam,36,168.3376465,4019.7422,32.07368850708008,721.8214,58
67,Zackenberg; ZEROCALM 2,G2,74.466,-20.5643,2018,DEN,Denmark (Greenland),Nordic Arctic,Continuous,150/T,Probing,0.5,25,0.02,loam,16,168.3376465,4019.7422,32.07368850708008,721.8214,45
68,UNISCALM,N3,78.200956,15.836412,2018,NOR,Norway/Svalbard,Nordic Arctic,Continuous,100/T,Probing,0.52,25,0.01,sand,10,332.9598083496094,2410.5842,180.5965576171875,529.6088,103
69,"Ayach-Yakha, Vorkuta",R2,67.58333,64.18333,2018,RUS,Russian European North,Russian Northwest,Discontinuous,100/T,Probing,0.69,25,0,loam,148,1157.714599609375,2902.9104,267.5443420410156,512.22815,85
70,Talnik,R23,67.33333,63.73333,2018,RUS,Russian European North,Russian Northwest,Discontinuous,100,Probing,2.52,22,0,loam,120,1252.2559814453125,2839.827,248.8461914,482.71912,158
71,Seida,R52,67.06556,62.92508,2018,RUS,Russian European North,Russian Northwest,Discontinuous,100,Probing,1.21,13,0,peat,100,1330.602539,2735.5586,248.11843872070312,445.37396,54
72,"Abisko area, Sweden",S2,68.33333,18.83333,2018,SWE,Sweden/Svalbard,Nordic Arctic,Discontinuous,100/T,Probing,1.25,24,0,peat,900,1019.2230224609375,1906.7639,588.7632446289062,331.68994,95
73,Nadym; West Siberia,R1,65.314861,72.864194,2018,RUS,West Siberia,West Siberia,Discontinuous,100/T/B10,Probing,3.38,25,0,sand,28,1531.635254,3224.982,243.03549194335938,310.4621,178
74,Nadym WET; West Siberia,R1b,65.23375,72.518417,2018,RUS,West Siberia,West Siberia,Discontinuous,100,Probing,6.18,12,0,sand,7,1540.398193359375,3174.9927,231.9893035888672,309.9749,100
75,"Marre Sale, Yamal Peninsula",R3,69.71667,66.75,2018,RUS,West Siberia,West Siberia,Continuous,1000/T/B10,Probing,0.7,23,0.09,sand,18,688.3942871,2660.8047,310.81842041015625,325.90826,107
76,"Vaskiny Dachy, Yamal Peninsula",R5,70.28333,68.9,2018,RUS,West Siberia,West Siberia,Continuous,100/T/B10,Probing,0.43,24,0.05,silt,29,897.1926879882812,3328.0579,186.27615356445312,331.4788,94
77,"Vaskiny Dachy, Yamal Peninsula",R5a,70.28333,68.9,2018,RUS,West Siberia,West Siberia,Continuous,50,Probing,0.5,18,0.2,loam,45,897.1926879882812,3328.0579,186.27615356445312,331.4788,66
78,"Vaskiny Dachi, Yamal Peninsula",R5b,70.2755,68.89164,2018,RUS,West Siberia,West Siberia,Continuous,50,Probing,0.74,18,0.04,silt,35,897.1926879882812,3328.0579,186.27615356445312,331.4788,70
79,"Vaskiny Dachi, Yamal Peninsula",R5c,70.2955,68.88347,2018,RUS,West Siberia,West Siberia,Continuous,50,Probing,1.12,18,0.06,sand,25,897.1926879882812,3328.0579,186.27615356445312,331.4788,116
80,Urengoy Gas Field GP5,R50a,66.31325,76.903478,2018,RUS,West Siberia,West Siberia,Discontinuous,100/T/B10,Probing,3.68,17,0,sand,59,1425.910888671875,3624.9478,246.0209197998047,280.37894,111
81,Urengoy Gas Field GP15,R50b,67.47791,76.69529,2018,RUS,West Siberia,West Siberia,Discontinuous,100/T/B10,Probing,2.67,16,0,sand,32,1347.02002,3674.0483,196.28070068359375,284.8946,101
82,Bely Island (silt),R55,73.32694,70.08528,2018,RUS,West Siberia,West Siberia,Continuous,50,Probing,0.36,15,0.04,silt,4.2,593.7608032226562,3087.7375,178.7167969,259.63916,53
83,Bely Island (sand),R55a,73.32861,70.08833,2018,RUS,West Siberia,West Siberia,Continuous,25,Probing,2.08,15,0,sand,3.4,593.7608032226562,3087.7375,178.7167969,259.63916,107
84,Bykovsky (Lena delta) (alas),R29 B,71.7855,71.41917,2018,RUS,Central Siberia,Central Siberia,Continuous,100,Probing,0.05,20,0.65,loam,5,797.7068481445312,3503.306,215.3192596435547,273.96185,36
85,Talnah (Norilsk Region),R32,69.43333,88.46667,2018,RUS,Central Siberia,Central Siberia,Continuous,100,Probing,1.02,20,0.01,loam,67,1210.1680908203125,4349.004,393.50616455078125,582.2368,104
86,Igarka,R40,67.48135,86.4347,2018,RUS,Central Siberia,Central Siberia,Discontinuous,100,Probing,2.97,16,0,loam,40,1408.2503662109375,3999.8193,222.98577880859375,485.78992,89
87,Tuymada (Yakutsk region),R42,62.0133,129.65683,2018,RUS,Central Siberia,Central Siberia,Continuous,50/TT,Thaw Tube,0.5,17,0,sand,101,2132.848876953125,4544.8193,228.0349884033203,87.423515,201
88,Neleger (Yakutsk region),R43,62.31618,129.49952,2018,RUS,Central Siberia,Central Siberia,Continuous,50/TT,Thaw Tube,0.06,17,0.77,loam,210,2009.098633,4632.9385,224.89004516601562,86.227295,119
89,Samoylov,R51,72.369775,126.48063,2018,RUS,Central Siberia,Central Siberia,Continuous,150,Probing,0.42,22,0.02,sand,14,1077.178466796875,4965.9844,125.73495483398438,156.39282,54
90,"Cape Chukochii; edoma, Kolyma",R13 A,70.08333,159.5833,2018,RUS,Northeast Siberia,Northeast Siberia,Continuous,100/T/B30,Probing,-0.04,22,0.84,loam,32,709.0494384765625,4415.0664,151.16177368164062,115.063774,43
91,"Cape Chukochi, alas, Kolyma",R13 B,70.08333,159.9167,2018,RUS,Northeast Siberia,Northeast Siberia,Continuous,100,Probing,-0.02,22,0.95,loam,32,648.5186767578125,4331.1147,155.84426879882812,118.92627,44
92,"Chukochya River, Kolyma",R14,69.48333,156.9833,2018,RUS,Northeast Siberia,Northeast Siberia,Continuous,100/T/B25,Probing,0.27,16,0.05,loam,31,911.5162353515625,4745.253,144.53036499023438,123.85372,47
93,"Konkovaya River, Kolyma",R15 A,69.38333,158.4667,2018,RUS,Northeast Siberia,Northeast Siberia,Continuous,100/T/B50,Probing,-0.34,17,0.36,loam,20,919.5446777,4670.985,146.34274291992188,117.95023,30
94,"Konkovaya River, Kolyma",R15 B,69.38333,158.4667,2018,RUS,Northeast Siberia,Northeast Siberia,Continuous,100/T/B50,Probing,-0.19,17,0.45,loam,41,919.5446777,4670.985,146.34274291992188,117.95023,40
95,"Segodnya Pingo, Kolyma",R16,69.08333,158.9,2018,RUS,Northeast Siberia,Northeast Siberia,Continuous,100,Probing,-0.47,19,0.24,peat,30,1022.4002685546875,4733.46,136.10568237304688,121.974594,52
96,Akhmelo channel; Kolyma,R17,68.81667,161,2018,RUS,Northeast Siberia,Northeast Siberia,Continuous,100/T,Probing,0.61,23,0,loam,5,1232.114258,4668.0835,155.99058532714844,124.71004,70
97,Mt. Rodinka; Kolyma,R18,68.9255,161.5046,2018,RUS,Northeast Siberia,Northeast Siberia,Continuous,100/T,Probing,0.05,23,0.81,loam,152,1244.166992,4514.433,167.8921661376953,127.52994,89
98,Mt. Rodinka; Kolyma (10 m grid),R18 A,68.7417,161.5042,2018,RUS,Northeast Siberia,Northeast Siberia,Continuous,10/T,Probing,1.03,19,0,loam,152,1269.1141357421875,4531.471,169.56814575195312,127.91643,119
99,"Lake Glukhoe, Kolyma",R19,68.8,160.95,2018,RUS,Northeast Siberia,Northeast Siberia,Continuous,100,Probing,0.55,21,0.08,sand,15,1232.114258,4668.0835,155.99058532714844,124.71004,89
100,"Malchilovskaya Channel, Kolyma",R20,68.51667,161.4333,2018,RUS,Northeast Siberia,Northeast Siberia,Continuous,100,Probing,0.54,23,0,loam,10,1328.942871,4722.5073,167.91616821289062,123.81103,64
101,"Lake Akhmelo, Kolyma",R21,68.83333,161.0333,2018,RUS,Northeast Siberia,Northeast Siberia,Continuous,100/T/B15,Probing,0.13,23,0.67,sand,10,1232.114258,4668.0835,155.99058532714844,124.71004,97
102,Alazeya River,R22,69.31667,154.9833,2018,RUS,Northeast Siberia,Northeast Siberia,Continuous,100/B23,Probing,0.2,19,0.16,loam,60,954.8872680664062,4882.8975,142.8227081298828,120.72533,55
103,Jakutskoe Lake,R25,69.85,159.5,2018,RUS,Northeast Siberia,Northeast Siberia,Continuous,100,Probing,-0.02,20,0.89,loam,9,756.8231811523438,4393.565,166.06166076660156,127.55117,49
104,Allaiha (Indigirka basin),R31,70.55,147.4333,2018,RUS,Northeast Siberia,Northeast Siberia,Continuous,100,Probing,-0.02,16,0.96,loam,42,904.3368530273438,5125.8755,154.4943389892578,118.43172,39
105,Omolon,R35,68.73333,158.9,2018,RUS,Northeast Siberia,Northeast Siberia,Continuous,100,Probing,-0.02,17,0.93,loam,4,1111.4078369140625,4748.2163,138.16189575195312,130.37369,41
106,Andryushkino,R36,69.16667,154.4333,2018,RUS,Northeast Siberia,Northeast Siberia,Continuous,100,Probing,0.4,19,0.01,loam,21,986.2515258789062,4904.095,142.22076416015625,119.22035,44
107,Mt. Rodinka (Control),R38 A,68.7,161.55,2018,RUS,Northeast Siberia,Northeast Siberia,Continuous,10/T,Probing,0.12,15,0.86,loam,75,1264.053223,4511.5244,171.1555938720703,127.19278,
108,Mt. Rodinka (Station),R38 C,68.74,161.3928,2018,RUS,Northeast Siberia,Northeast Siberia,Continuous,10/T,Probing,-1.03,21,0,loam,31,1272.239990234375,4558.0947,168.6035156,127.695404,74
109,Cape Rogozhny; Chukotka,R9,64.78333,176.9667,2018,RUS,Chukotka,Northeast Siberia,Continuous,100/T,Probing,0.17,25,0.21,loam,17,1373.6822509765625,2901.2432,261.5328369140625,270.24213,51
110,"Mt. Dionisy, Chukotka",R11,64.56667,177.2,2018,RUS,Chukotka,Northeast Siberia,Continuous,100/T,Probing,0.12,24,0.42,loam,148,1307.1173095703125,2664.1514,263.3619384765625,305.93457,65
111,Lavrentia,R27,65.6,-171.05,2018,RUS,Chukotka,Northeast Siberia,Continuous,100,Probing,0.4,25,0.02,loam,100,999.3218994140625,2132.2012,174.15203857421875,437.9975,78
112,Lorino,R41,65.539667,-171.63023,2018,RUS,Chukotka,Northeast Siberia,Continuous,100,Probing,0.87,15,0,sand,45,1007.671630859375,2275.2212,148.71241760253906,394.00787,59
113,Kruglaya (Anadyr),R45,64.63333,176.9667,2018,RUS,Chukotka,Northeast Siberia,Continuous,100,Probing,0.04,15,0.82,silt,2.5,1346.9925537109375,2775.225,263.84124755859375,305.66595,46
114,Ploskii Tolbachik (Kamchatka) 2,R30 C,55.89092,160.5375,2018,RUS,Kamchatka,Mountains (Eurasia),Alpine,100,Probing,0.23,17,0.03,silt,1630,751.0216064453125,2760.7925,393.3753356933594,886.28625,49
115,Baganuur Depression,M 1,47.68889,108.2625,2018,MNG,Hentei,Mountains (Eurasia),Alpine,T/B15,Borehole,4.42,22,0,sand,1350,2375.525879,2294.4487,417.2975769042969,15.556762,360
116,Nalaikh – northern slope,M2 A,47.75444,107.25,2018,MNG,Hentei,Mountains (Eurasia),Alpine,T/T/B50,Borehole,1.7,23,0,loam,1512,2201.191406,2423.0352,357.8866882324219,17.671959,370
117,Terkh – valley bottom,M6 A,48.08194,99.37333,2018,MNG,Hangai,Mountains (Eurasia),Alpine,T/B15,Borehole,1.22,22,0,sand,2050,1533.881348,3266.5308,390.21954345703125,97.40993,300
118,Chuluut – pingo top,M7 A,48.04111,100.39167,2018,MNG,Hangai,Mountains (Eurasia),Alpine,T/B15,Borehole,1.74,22,0,silt,1870,1694.395996,2614.147,458.6543273925781,42.57753,170
119,Hatgal – lake terrace,M11,50.43861,100.15028,2018,MNG,Hovsgol,Mountains (Eurasia),Alpine,T/B6,Borehole,5.38,21,0,sand,1662,1575.680176,2878.0747,471.6762390136719,114.630646,600
120,Darhad Khuurch,M13 A,51.18722,99.4975,2018,MNG,Hovsgol,Mountains (Eurasia),Alpine,T/B100,Borehole,0.15,17,0.36,loam,1558,1631.4173583984375,3090.693,279.46636962890625,85.36374,170
121,Prior Island,A32,-75.692829,162.880554,2018,ANT,SVL,Antarctica,Continuous,T/B1,Borehole,0.8,10,0.55,silt,30,0,6857.335,0,186.82458,50
122,Finger Point,A33,-77.004683,162.623283,2018,ANT,SVL,Antarctica,Continuous,T/B1,Borehole,-0.3,10,0.66,silt,190,0.013549805,8250.669,0,85.97368,99
123,Boulder Clay,A7,-74.745489,164.020308,2018,ANT,SVL,Antarctica,Continuous,T/B3.6,Borehole,0,22,0.99,silt,205,0,7431.2886,0,232.71869,0
124,Oasi,A8,-74.74167,164.1,2018,ANT,SVL,Antarctica,Continuous,T/B30,Borehole,-1.3,13,0.14,debris,52,0,6858.364,0,232.71869,153
125,Apostrophe Island,A30,-73.51885,167.433567,2018,ANT,NVL,Antarctica,Continuous,T/B1,Borehole,0.1,10,0.978,silt,20,0.535461426,6436.424,0,316.9024,55
126,Edmonson Point,A31,-74.328494,165.131881,2018,ANT,NVL,Antarctica,Continuous,T/B1,Borehole,0.5,10,0.65,debris,30,0.399841309,7496.359,0,215.80031,37
127,Deception Island (Crater Lake),A16,-62.9856507,-60.6787111,2018,ANT,AP,Antarctica,Discontinuous,100/P/B1.3,Probing,0.3,19,0.27,debris,85,148.92779541015625,672.0111,425.2920227050781,680.4978,27
128,Deception Island (Irizar),A26,-62.9837,-60.7156671,2018,ANT,AP,Antarctica,Discontinuous,100/P/B1.2,Probing,4.4,19,0,debris,130,148.92779541015625,672.0111,425.2920227050781,680.4978,43
129,Signy Island,A17,-60.7115,-45.5919,2018,ANT,AP,Antarctica,Discontinuous,T/B3.6,Borehole,7.2,12,0,debris,85,59.475067138671875,1093.3546,130.7924805,700.89734,192
130,Signy Island- Bertsen,A17A,-60.7083,-45.5941,2018,ANT,AP,Antarctica,Discontinuous,T/B30,Borehole,-0.9,14,0.07,debris,21,59.475067138671875,1093.3546,130.7924805,700.89734,342
131,King George-Bellingshausen,A18,-62.1983,-58.9842,2018,ANT,AP,Antarctica,Discontinuous,100/T,Probing,1.9,16,0.03,debris,15,165.91635131835938,667.52905,344.5370788574219,567.23364,43
132,Rothera,A19,-67.5719,-68.126,2018,ANT,AP,Antarctica,Discontinuous,T/B31,Probing,-2.2,15,0.42,debris,31,0.086486816,2670.1687,130.0529327392578,1501.4431,123
133,Limnopolar Lake (Livingston Island),A25,-62.6498,-61.1047,2018,ANT,AP,Antarctica,Discontinuous,100/T,Probing,0.9,14,0.32,debris,80,152.9633789,662.6205,425.48077392578125,680.068,53
134,James Ross Island (JGM),A27,-63.8012464,-57.8834444,2018,ANT,AP,Antarctica,Continuous,70/T/G/B2.0,Probing,1.5,11,0.03,debris,10,6.003021240234375,2566.875,51.94263458251953,954.27356,72
135,James Ross Island (Berry Hill),A28,-63.80257189,-57.83848112,2018,ANT,AP,Antarctica,Continuous,50/T/B0.9,Probing,0.1,14,0.04,debris,60,7.391632080078125,2529.6694,51.94263458251953,918.03546,84
136,Abernethy Flats,A34,-63.881389,-57.934722,2018,ANT,AP,Antarctica,Continuous,70/T/B,Borehole,0.1,13,0,debris,40,6.003021240234375,2566.875,51.94263458251953,954.27356,63
137,Balcón I (Mendoza),SA2A,-32.9619,-69.3719,2018,ARG,Central Andes,Mountains (South America),Alpine,T/B,Borehole,1.9,13,0.14,debris,3560,680.2006836,1374.8455,636.7894287109375,253.164,
138,Balcón I Superior (Mendoza),SA2B,-32.955,-69.3706,2018,ARG,Central Andes,Mountains (South America),Alpine,T/B,Borehole,6.1,15,0,debris,3586,680.2006836,1374.8455,636.7894287109375,253.164,630
139,Balcón II (Mendoza),SA2C,-32.9597,-69.3803,2018,ARG,Central Andes,Mountains (South America),Alpine,T/B,Borehole,2,22,0,debris,3770,680.2006836,1374.8455,636.7894287109375,253.164,330
0,Barrow,U1,71.31667,-156.6,2019,USA,North America,North America,Continuous,1000/T,Probing,0.34,25,0.012,loam,3,670.8044434,2917.018,240.12599182128906,149.66675,47
1,"Barrow, CRREL Plots",U2,71.31667,-156.5833,2019,USA,North America,North America,Continuous,10/T,Probing,0.27,25,0.017,loam,3,670.8044434,2917.018,240.12599182128906,149.66675,43
2,Atkasuk,U3,70.45,-157.4,2019,USA,North America,North America,Continuous,1000/T,Probing,0.4,25,0.009,sand,22,1051.018798828125,3230.1196,254.87234497070312,137.84998,55
3,West Dock 1 ha grid,U4,70.3745,-148.5522,2019,USA,North America,North America,Continuous,100/T/B56,Probing,0.34,24,0.001,loam,3,747.3555908203125,3157.125,182.84146118164062,110.901535,37
4,West Dock 1 km grid,U5,70.36667,-148.5667,2019,USA,North America,North America,Continuous,1000,Probing,0.25,24,0.039,loam,3,747.3555908203125,3157.125,182.84146118164062,110.901535,58
5,Deadhorse,U6,70.1613,-148.4653,2019,USA,North America,North America,Continuous,100/T/B60,Probing,0.47,24,0.001,Loam,17,855.6140137,3243.17,205.8720245361328,119.17793,73
6,Betty Pingo 1 km grid,U7 A,70.28333,-148.8667,2019,USA,North America,North America,Continuous,1000/T,Probing,0.2,24,0.401,loam,12,826.4206543,3227.516,189.04165649414062,112.69759,53
7,Betty Pingo MNT,U7 B,70.2835,-148.8928,2019,USA,North America,North America,Continuous,100,Probing,0.28,24,0.117,loam,12,826.4206543,3227.516,189.04165649414062,112.69759,44
8,Betty Pingo WET,U7 C,70.275,-148.919,2019,USA,North America,North America,Continuous,100,Probing,0.14,24,0.06,silt,12,826.4206543,3227.516,189.04165649414062,112.69759,43
9,Franklin Bluff,U8,69.6739,-148.7219,2019,USA,North America,North America,Continuous,100/T/B60,Probing,0.59,24,0.001,sand,88,1108.7745361328125,3438.6313,263.6101074,122.77452,73
10,Happy Valley,U9 A,69.1466,-148.8483,2019,USA,North America,North America,Continuous,100/T/B40,Probing,0.49,20,0.001,loam,305,1180.036865234375,3565.3823,375.8334655761719,148.84775,44
11,Happy Valley 1 km grid,U9 B,69.1482,-148.8505,2019,USA,North America,North America,Continuous,1000/T,Probing,-0.01,25,0.92,silt,305,1179.694336,3550.1396,374.3277282714844,148.06952,47
12,Lupine Hill,U10,69.12883,-148.5928,2019,USA,North America,North America,Continuous,100,Probing,0.29,24,0.003,silt,537,1180.44043,3452.293,381.6664123535156,151.03328,53
13,Imnavait Creek  1 km grid,U11 A,68.6114,-149.3101,2019,USA,North America,North America,Continuous,1000/T,Probing,0.37,25,0.029,loam,910,963.8701172,3696.4487,503.5865783691406,158.39255,58
14,Imnavait Creek WET,U11 B,68.611,-149.3145,2019,USA,North America,North America,Continuous,100,Probing,0.48,25,0.005,silt,917,963.8701172,3696.4487,503.5865783691406,158.39255,60
15,Imnavait Creek MAT,U11 C,68.611,-149.30933,2019,USA,North America,North America,Continuous,100,Probing,0.35,25,0.034,silt,938,963.8701172,3696.4487,503.5865783691406,158.39255,52
16,Toolik 1 km grid,U12 A,68.6215,-149.6063,2019,USA,North America,North America,Continuous,1000/T,Probing,0.28,25,0.073,silt,750,1011.291992,3621.921,503.0874938964844,155.63153,56
17,Toolik MAT,U12 B,68.624,-149.61817,2019,USA,North America,North America,Continuous,100,Probing,0.29,25,0.049,silt,777,1011.291992,3621.921,503.0874938964844,155.63153,51
18,Galbraith Lake,U14,68.4774,-149.5024,2019,USA,North America,North America,Continuous,100/T/B75,Probing,0.38,21,0.02,silt,823,908.0191650390625,3638.1196,532.3743896484375,157.64668,
19,Chandalar Shelf,U15,68.0691,-149.5804,2019,USA,North America,North America,Continuous,30/T/B61,Probing,0.45,24,0,silt,976,773.5024414,3770.0645,280.43450927734375,247.45947,37
20,Ivotuk  1 km grid,U26,68.48333,-155.7333,2019,USA,North America,North America,Continuous,1000,Probing,-0.15,20,0.31,peat,570,1099.587402,3453.1206,311.8742676,159.39714,55
21,56 Mile,U56,69.5006,-148.5592,2019,USA,North America,North America,Continuous,100,Probing,0.07,25,0.55,loam,349,1167.887695,3494.937,306.9468078613281,135.72836,68
22,Sagwon Hills MNT,U32 A,69.441,-148.67033,2019,USA,North America,North America,Continuous,100,Probing,0.17,25,0.13,silt,269,1163.980712890625,3554.5103,324.7827148,141.64789,60
23,Sagwon Hills MAT,U32 B,69.401,-148.8056,2019,USA,North America,North America,Continuous,100,Probing,0.17,25,0.2,silt,360,1162.725830078125,3542.9922,322.7893371582031,140.50073,40
24,Drew Point,U20,70.8645,-153.91,2019,USA,North America,North America,Continuous,T/B640,Borehole,0.57,20,0,silt,5,702.8664551,3039.1416,243.01229858398438,129.90988,48
25,Inigok,U21,69.98962,-153.09,2019,USA,North America,North America,Continuous,T/B625,Borehole,0.09,25,0.87,silt,53,1083.5045166015625,3346.9973,234.2946319580078,115.30463,66
26,Fish Creek,U22,70.33523,-152.05,2019,USA,North America,North America,Continuous,T/B735,Borehole,0.23,20,0.09,silt,31,955.0615234,3301.016,198.6479034423828,115.090904,41
27,Umiat,U24,69.3957,-152.14,2019,USA,North America,North America,Continuous,T/B640,Borehole,0.07,21,0.62,silt,201,1189.1546630859375,3468.7732,261.3587951660156,123.70134,41
28,Tunalik,U25,70.1959,-161.08,2019,USA,North America,North America,Continuous,T/B393,Borehole,0.3,25,0.14,silt,26,1060.2884521484375,2895.7773,304.1858825683594,165.94214,66
29,Niguanak,U29,69.8894,-142.98,2019,USA,North America,North America,Continuous,T/B/30?,Borehole,0.57,22,0.1,silt,84,772.3565673828125,3067.0737,244.70516967773438,116.895905,55
30,Koluktak,U30,69.7516,-154.62,2019,USA,North America,North America,Continuous,T/B/,Borehole,0.14,21,0.08,silt,60,1175.306152,3391.9958,262.1399230957031,129.72545,120
31,Piksiksak,U37,70.0366,-157.08,2019,USA,North America,North America,Continuous,T/B/,Borehole,-0.31,21,0.21,silt,33,1143.741211,3239.2246,265.1212463378906,133.77957,58
32,East Teshekpuk,U38,70.5685,-152.97,2019,USA,North America,North America,Continuous,T/B/,Borehole,-0.26,21,0.14,silt,7,821.6411133,3201.1787,209.7090606689453,116.56626,31
33,North Head (thaw tube),C3 A,69.71972,-134.4619,2019,Canada,North America,North America,Continuous,TT,Thaw Tube,-0.01,13,0.9,silt,2,833.8201904296875,3205.0303,161.39178466796875,122.29913,
34,Lousy Point (Thaw tube),C5 A,69.21889,-134.2911,2019,Canada,North America,North America,Continuous,TT/T/B30,Thaw Tube,0.57,23,0,sand,30,1067.4774169921875,3216.415,198.6710662841797,107.15521,
35,Old Man,U16,66.45,-150.6167,2019,USA,North America,North America,Discontinuous,100/T/B63,Probing,0.24,22,0.12,silt,390,1643.269043,2686.2258,372.3582763671875,257.2931,46
36,Wickersham,U17,65.1667,-147.9,2019,USA,North America,North America,Discontinuous,TT/P,Probing,0.47,25,0,loam,335,1950.801513671875,2279.1763,349.6658020019531,219.07341,55
37,Pearl Creek,U19,64.9,-147.8167,2019,USA,North America,North America,Discontinuous,TT/P,Probing,5.82,25,0,silt,213,2294.762207,1946.4194,365.2156982421875,183.09377,170
38,Farmers Loop,U41,64.88,-147.67,2019,USA,North America,North America,Discontinuous,100,Probing,0.63,20,0,silt,151,2280.603271484375,1919.0964,358.1107177734375,181.72487,64
39,Eagle,U51,64.7777,-141.10954,2019,USA,North America,North America,Discontinuous,50/P/T,Probing,0.04,11,0.98,peat,280,2014.762451171875,2735.9014,328.18634033203125,163.30826,53
40,Nenana,U57,64.55446,-149.08339,2019,USA,North America,North America,Discontinuous,50/P/T,Probing,2.57,10,0,loam,111,2422.338379,1966.3274,412.31829833984375,112.42968,77
41,Council Grid,U27,64.8442,-163.7202,2019,USA,North America,North America,Discontinuous,1000,Probing,0.82,21,0,loam,61,1626.755371,1843.1536,448.6888427734375,565.6543,85
42,Kougarok,U28,65.454,-164.6268,2019,USA,North America,North America,Discontinuous,1000,Probing,0.4,21,0.04,loam,250,1523.2562255859375,2157.376,254.1884307861328,299.61682,70
43,Reindeer Depot  (Thaw tube),C7 A,68.68472,-134.1458,2019,Canada,North America,North America,Discontinuous,TT,Thaw Tube,1.21,21,0,silt,34,1219.186279296875,3231.3516,195.0043487548828,97.43327,
44,Rengleng River  (Thaw tube),C8 A,67.795,-134.1261,2019,Canada,North America,North America,Discontinuous,TT,Thaw Tube,0.24,14,0.19,sand,11,1561.999512,3296.7368,187.42474365234375,108.35536,
45,"Janssonhaugen, Svalbard",N1,78.1793,16.467,2019,NOR,Norway/Svalbard,Mountains (Europe),Alpine,T/B102,Borehole,1.31,25,0,debris,270,264.6400451660156,3311.246,104.25572967529297,359.23404,189
46,"Junvvasshoe, Norway",N2,61.6775823,8.3693057,2019,NOR,Norway/Svalbard,Mountains (Europe),Alpine,T/B129,Borehole,1.08,24,0.01,debris,1894,780.2376708984375,1838.357,504.8674011230469,585.13403,242
47,"Snoheim DB2, Norway",N5,62.2958,9.352,2019,NOR,Norway/Svalbard,Mountains (Europe),Alpine,T/B9,Borehole,8.45,17,0,debris,1481,902.2428588867188,1880.4445,376.7347412109375,534.10114,547
48,Lapires,CH3,46.106117,7.284349,2019,SWI,Switzerland,Mountains (Europe),Alpine,T/B19,Borehole,12.2,22,0,debris,2656,1675.431884765625,1028.2756,755.1829833984375,876.6433,653
49,Corvatsch,CH1,46.42879,9.821836,2019,SWI,Switzerland,Mountains (Europe),Alpine,T/B62,Borehole,15.49,23,0,debris,2670,984.8513184,1532.2397,774.5129395,963.1811,511
50,Stockhorn,CH4,45.986786,7.824201,2019,SWI,Switzerland,Mountains (Europe),Alpine,T/B100,Borehole,9.08,22,0,debris,3327,719.9750366210938,1995.7632,754.8531494140625,1338.983,482
51,Les Attelas,CH5,46.096772,7.273075,2019,SWI,Switzerland,Mountains (Europe),Alpine,T/B26,Borehole,7.08,16,0,debris,2507,1675.431884765625,1028.2756,755.1829833984375,876.6433,425
52,Gentianes,CH7,46.083705,7.302472,2019,SWI,Switzerland,Mountains (Europe),Alpine,T/B20,Borehole,27.76,18,0,debris,2896,1675.431884765625,1028.2756,755.1829833984375,876.6433,523
53,Schilthorn,CH2,46.558282,7.834426,2019,SWI,Switzerland,Mountains (Europe),Alpine,T/B101,Borehole,36.21,25,0,debris,2900,1866.594482421875,694.5612,1135.378418,822.9094,1053
54,Fluela,CH8,46.748868,9.943555,2019,SWI,Switzerland,Mountains (Europe),Alpine,T/B23,Borehole,-0.47,19,0.01,debris,2413,1199.5147705078125,1334.4387,721.0646973,956.5016,281
55,Muot da Barba Peider,CH9,46.496573,9.93141,2019,SWI,Switzerland,Mountains (Europe),Alpine,T/B18,Borehole,10.59,19,0.01,debris,2941,1041.7476806640625,1593.4166,715.8912353515625,935.3468,
56,Matterhorn,CH10,45.982321,7.676049,2019,SWI,Switzerland,Mountains (Europe),Alpine,T/B53,Borehole,9.57,15,0,debris,3204,780.6437988,1950.2021,870.5583496,1010.98975,506
57,Schafberg,CH11,46.498797,9.925215,2019,SWI,Switzerland,Mountains (Europe),Alpine,T/B60,Borehole,0.89,22,0,debris,2731,1041.7476806640625,1593.4166,715.8912353515625,935.3468,512
58,Ritigraben,CH12,46.174694,7.849835,2019,SWI,Switzerland,Mountains (Europe),Alpine,T/B30,Borehole,3.11,22,0.01,debris,2640,1343.762451171875,1275.3396,656.6350098,936.81995,399
59,Cime Bianche,IT2,45.920046,7.693595,2019,IT,Switzerland,Mountains (Europe),Alpine,T/B41,Borehole,20.21813725,17,0,debris,3100,1310.893066,1280.244,900.8237305,1012.53326,596
60,Stelvio,IT3,45.5187,10.4569,2019,IT,Switzerland,Mountains (Europe),Alpine,T/B100,Borehole,9.69,24,0,debris,2612,5141.259277,1.6694641,1259.211914,10.713507,355
61,Aiguille du Midi SE,FRA1a,45.878173,6.887653,2019,FRA,Switzerland,Mountains (Europe),Alpine,T/B10,Borehole,17.61356297,12,0,debris,3753,1258.850098,1330.0587,603.9398803710938,1181.7279,684
62,Aiguille du Midi NW,FRA1b,45.878679,6.887216,2019,FRA,Switzerland,Mountains (Europe),Alpine,T/B10,Borehole,7.678571429,15,0,debris,3745,1258.850098,1330.0587,603.9398803710938,1181.7279,262
63,Aiguille du Midi NE,FRA1c,45.878585,6.888098,2019,FRA,Switzerland,Mountains (Europe),Alpine,TB/10,Borehole,13.51785714,14,0,debris,3738,1258.850098,1330.0587,603.9398803710938,1181.7279,414
64,Bolvansky,R24,68.3,54.5,2019,RUS,Russian European North,Russian Northwest,Continuous,100,Probing,0.09,23,0.82,loam,28,1133.2034912109375,1998.7089,360.6024169921875,291.57867,104
65,Kashin Island,R24 A,68.23333,53.85,2019,RUS,Russian European North,Russian Northwest,Continuous,100,Probing,3.85,15,0,sand,9,1143.677734,1945.482,324.08819580078125,272.3847,83
66,Zackenberg; ZEROCALM 1,G1,74.473,-20.5528,2019,DEN,Denmark (Greenland),Nordic Arctic,Continuous,100/T,Probing,0.64,25,0,loam,36,286.6828918457031,4252.306,47.69159698486328,189.16983,86
67,Zackenberg; ZEROCALM 2,G2,74.466,-20.5643,2019,DEN,Denmark (Greenland),Nordic Arctic,Continuous,150/T,Probing,0.5,25,0.02,loam,16,286.6828918457031,4252.306,47.69159698486328,189.16983,75
68,UNISCALM,N3,78.200956,15.836412,2019,NOR,Norway/Svalbard,Nordic Arctic,Continuous,100/T,Probing,0.52,25,0.01,sand,10,332.4781799316406,3046.9683,115.01923370361328,336.5952,102
69,"Ayach-Yakha, Vorkuta",R2,67.58333,64.18333,2019,RUS,Russian European North,Russian Northwest,Discontinuous,100/T,Probing,0.69,25,0,loam,148,1067.4405517578125,2844.4585,305.6079102,462.99368,87
70,Talnik,R23,67.33333,63.73333,2019,RUS,Russian European North,Russian Northwest,Discontinuous,100,Probing,2.52,22,0,loam,120,1136.190918,2781.887,305.44537353515625,462.60535,167
71,Seida,R52,67.06556,62.92508,2019,RUS,Russian European North,Russian Northwest,Discontinuous,100,Probing,1.21,13,0,peat,100,1195.177001953125,2657.9363,313.6482238769531,432.76105,54
72,"Abisko area, Sweden",S2,68.33333,18.83333,2019,SWE,Sweden/Svalbard,Nordic Arctic,Discontinuous,100/T,Probing,1.25,24,0,peat,900,947.3585205078125,1941.0668,417.9618835449219,725.556,94
73,Nadym; West Siberia,R1,65.314861,72.864194,2019,RUS,West Siberia,West Siberia,Discontinuous,100/T/B10,Probing,3.38,25,0,sand,28,1589.296387,2828.0737,427.7598571777344,271.36932,176
74,Nadym WET; West Siberia,R1b,65.23375,72.518417,2019,RUS,West Siberia,West Siberia,Discontinuous,100,Probing,6.18,12,0,sand,7,1597.875977,2801.2349,438.04571533203125,262.42007,108
75,"Marre Sale, Yamal Peninsula",R3,69.71667,66.75,2019,RUS,West Siberia,West Siberia,Continuous,1000/T/B10,Probing,0.7,23,0.09,sand,18,786.7092285,2586.3867,185.29287719726562,347.53088,121
76,"Vaskiny Dachy, Yamal Peninsula",R5,70.28333,68.9,2019,RUS,West Siberia,West Siberia,Continuous,100/T/B10,Probing,0.43,24,0.05,silt,29,884.9256591796875,3223.507,169.9733428955078,331.3551,94
77,"Vaskiny Dachy, Yamal Peninsula",R5a,70.28333,68.9,2019,RUS,West Siberia,West Siberia,Continuous,50,Probing,0.5,18,0.2,loam,45,884.9256591796875,3223.507,169.9733428955078,331.3551,72
78,"Vaskiny Dachi, Yamal Peninsula",R5b,70.2755,68.89164,2019,RUS,West Siberia,West Siberia,Continuous,50,Probing,0.74,18,0.04,silt,35,884.9256591796875,3223.507,169.9733428955078,331.3551,73
79,"Vaskiny Dachi, Yamal Peninsula",R5c,70.2955,68.88347,2019,RUS,West Siberia,West Siberia,Continuous,50,Probing,1.12,18,0.06,sand,25,884.9256591796875,3223.507,169.9733428955078,331.3551,114
80,Urengoy Gas Field GP5,R50a,66.31325,76.903478,2019,RUS,West Siberia,West Siberia,Discontinuous,100/T/B10,Probing,3.68,17,0,sand,59,1491.1956787109375,3098.0122,281.5828857421875,310.025,103
81,Urengoy Gas Field GP15,R50b,67.47791,76.69529,2019,RUS,West Siberia,West Siberia,Discontinuous,100/T/B10,Probing,2.67,16,0,sand,32,1361.718262,3218.0256,327.5240783691406,296.5675,102
82,Bely Island (silt),R55,73.32694,70.08528,2019,RUS,West Siberia,West Siberia,Continuous,50,Probing,0.36,15,0.04,silt,4.2,557.1829833984375,3206.3179,180.70433044433594,276.55563,54
83,Bely Island (sand),R55a,73.32861,70.08833,2019,RUS,West Siberia,West Siberia,Continuous,25,Probing,2.08,15,0,sand,3.4,557.1829833984375,3206.3179,180.70433044433594,276.55563,109
84,Bykovsky (Lena delta) (alas),R29 B,71.7855,71.41917,2019,RUS,Central Siberia,Central Siberia,Continuous,100,Probing,0.05,20,0.65,loam,5,736.2134399414062,3447.8894,136.7193603515625,293.75427,28
85,Talnah (Norilsk Region),R32,69.43333,88.46667,2019,RUS,Central Siberia,Central Siberia,Continuous,100,Probing,1.02,20,0.01,loam,67,1317.741943359375,3832.342,396.49127197265625,575.43054,113
86,Igarka,R40,67.48135,86.4347,2019,RUS,Central Siberia,Central Siberia,Discontinuous,100,Probing,2.97,16,0,loam,40,1489.0469970703125,3424.716,298.76861572265625,543.156,88
87,Tuymada (Yakutsk region),R42,62.0133,129.65683,2019,RUS,Central Siberia,Central Siberia,Continuous,50/TT,Thaw Tube,0.5,17,0,sand,101,2161.938720703125,4369.134,191.2785186767578,85.11447,205
88,Neleger (Yakutsk region),R43,62.31618,129.49952,2019,RUS,Central Siberia,Central Siberia,Continuous,50/TT,Thaw Tube,0.06,17,0.77,loam,210,2021.670654296875,4479.6465,213.30087280273438,84.1512,124
89,Samoylov,R51,72.369775,126.48063,2019,RUS,Central Siberia,Central Siberia,Continuous,150,Probing,0.42,22,0.02,sand,14,1121.649414,4967.5054,106.61788177490234,119.00632,51
90,"Cape Chukochii; edoma, Kolyma",R13 A,70.08333,159.5833,2019,RUS,Northeast Siberia,Northeast Siberia,Continuous,100/T/B30,Probing,-0.04,22,0.84,loam,32,694.7462158203125,4396.8438,113.38980102539062,105.342865,43
91,"Cape Chukochi, alas, Kolyma",R13 B,70.08333,159.9167,2019,RUS,Northeast Siberia,Northeast Siberia,Continuous,100,Probing,-0.02,22,0.95,loam,32,599.0551147460938,4305.374,119.27058410644531,110.66706,44
92,"Chukochya River, Kolyma",R14,69.48333,156.9833,2019,RUS,Northeast Siberia,Northeast Siberia,Continuous,100/T/B25,Probing,0.27,16,0.05,loam,31,1016.2749633789062,4711.222,104.45571899414062,102.18527,49
93,"Konkovaya River, Kolyma",R15 A,69.38333,158.4667,2019,RUS,Northeast Siberia,Northeast Siberia,Continuous,100/T/B50,Probing,-0.34,17,0.36,loam,20,996.2489013671875,4657.8857,128.6580352783203,104.99005,32
94,"Konkovaya River, Kolyma",R15 B,69.38333,158.4667,2019,RUS,Northeast Siberia,Northeast Siberia,Continuous,100/T/B50,Probing,-0.19,17,0.45,loam,41,996.2489013671875,4657.8857,128.6580352783203,104.99005,41
95,"Segodnya Pingo, Kolyma",R16,69.08333,158.9,2019,RUS,Northeast Siberia,Northeast Siberia,Continuous,100,Probing,-0.47,19,0.24,peat,30,1122.6038818359375,4676.7544,117.35507202148438,106.641,51
96,Akhmelo channel; Kolyma,R17,68.81667,161,2019,RUS,Northeast Siberia,Northeast Siberia,Continuous,100/T,Probing,0.61,23,0,loam,5,1291.850830078125,4580.503,142.89639282226562,101.65201,55
97,Mt. Rodinka; Kolyma,R18,68.9255,161.5046,2019,RUS,Northeast Siberia,Northeast Siberia,Continuous,100/T,Probing,0.05,23,0.81,loam,152,1294.9979248046875,4473.2046,149.40829467773438,104.07192,90
98,Mt. Rodinka; Kolyma (10 m grid),R18 A,68.7417,161.5042,2019,RUS,Northeast Siberia,Northeast Siberia,Continuous,10/T,Probing,1.03,19,0,loam,152,1309.3297119140625,4449.8257,148.0019073486328,106.53221,117
99,"Lake Glukhoe, Kolyma",R19,68.8,160.95,2019,RUS,Northeast Siberia,Northeast Siberia,Continuous,100,Probing,0.55,21,0.08,sand,15,1291.850830078125,4580.503,142.89639282226562,101.65201,98
100,"Malchilovskaya Channel, Kolyma",R20,68.51667,161.4333,2019,RUS,Northeast Siberia,Northeast Siberia,Continuous,100,Probing,0.54,23,0,loam,10,1383.397705078125,4622.8574,147.5458984,103.467575,63
101,"Lake Akhmelo, Kolyma",R21,68.83333,161.0333,2019,RUS,Northeast Siberia,Northeast Siberia,Continuous,100/T/B15,Probing,0.13,23,0.67,sand,10,1291.850830078125,4580.503,142.89639282226562,101.65201,101
102,Alazeya River,R22,69.31667,154.9833,2019,RUS,Northeast Siberia,Northeast Siberia,Continuous,100/B23,Probing,0.2,19,0.16,loam,60,1111.9317626953125,4817.847,85.79343414,101.87639,54
103,Jakutskoe Lake,R25,69.85,159.5,2019,RUS,Northeast Siberia,Northeast Siberia,Continuous,100,Probing,-0.02,20,0.89,loam,9,746.8077392578125,4390.9536,152.4363555908203,115.22713,48
104,Allaiha (Indigirka basin),R31,70.55,147.4333,2019,RUS,Northeast Siberia,Northeast Siberia,Continuous,100,Probing,-0.02,16,0.96,loam,42,1157.965087890625,5119.7,48.808616638183594,133.75555,
105,Omolon,R35,68.73333,158.9,2019,RUS,Northeast Siberia,Northeast Siberia,Continuous,100,Probing,-0.02,17,0.93,loam,4,1222.8125,4668.2827,108.20584106445312,118.28219,39
106,Andryushkino,R36,69.16667,154.4333,2019,RUS,Northeast Siberia,Northeast Siberia,Continuous,100,Probing,0.4,19,0.01,loam,21,1153.817871,4830.1787,77.23533630371094,104.90441,43
107,Mt. Rodinka (Control),R38 A,68.7,161.55,2019,RUS,Northeast Siberia,Northeast Siberia,Continuous,10/T,Probing,0.12,15,0.86,loam,75,1301.4173583984375,4437.522,148.89138793945312,106.32736,
108,Mt. Rodinka (Station),R38 C,68.74,161.3928,2019,RUS,Northeast Siberia,Northeast Siberia,Continuous,10/T,Probing,-1.03,21,0,loam,31,1314.8560791015625,4472.461,147.7242431640625,106.20971,68
109,Cape Rogozhny; Chukotka,R9,64.78333,176.9667,2019,RUS,Chukotka,Northeast Siberia,Continuous,100/T,Probing,0.17,25,0.21,loam,17,1306.873291015625,2715.5364,253.21429443359375,339.03284,60
110,"Mt. Dionisy, Chukotka",R11,64.56667,177.2,2019,RUS,Chukotka,Northeast Siberia,Continuous,100/T,Probing,0.12,24,0.42,loam,148,1168.685059,2536.163,242.21908569335938,371.80783,61
111,Lavrentia,R27,65.6,-171.05,2019,RUS,Chukotka,Northeast Siberia,Continuous,100,Probing,0.4,25,0.02,loam,100,1072.481934,2036.1259,257.3891602,513.76666,78
112,Lorino,R41,65.539667,-171.63023,2019,RUS,Chukotka,Northeast Siberia,Continuous,100,Probing,0.87,15,0,sand,45,1088.959716796875,2184.9155,238.36412048339844,482.99103,66
113,Kruglaya (Anadyr),R45,64.63333,176.9667,2019,RUS,Chukotka,Northeast Siberia,Continuous,100,Probing,0.04,15,0.82,silt,2.5,1249.361328,2629.247,241.49044799804688,372.83197,50
114,Ploskii Tolbachik (Kamchatka) 2,R30 C,55.89092,160.5375,2019,RUS,Kamchatka,Mountains (Eurasia),Alpine,100,Probing,0.23,17,0.03,silt,1630,757.2504883,3031.3271,607.8030395507812,700.8924,47
115,Baganuur Depression,M 1,47.68889,108.2625,2019,MNG,Hentei,Mountains (Eurasia),Alpine,T/B15,Borehole,4.42,22,0,sand,1350,2265.949219,2006.4801,257.03021240234375,24.651829,360
116,Nalaikh – northern slope,M2 A,47.75444,107.25,2019,MNG,Hentei,Mountains (Eurasia),Alpine,T/T/B50,Borehole,1.7,23,0,loam,1512,2145.361816,2052.3848,275.70001220703125,27.517551,380
117,Terkh – valley bottom,M6 A,48.08194,99.37333,2019,MNG,Hangai,Mountains (Eurasia),Alpine,T/B15,Borehole,1.22,22,0,sand,2050,1586.806396484375,2915.9126,307.0998840332031,67.772644,300
118,Chuluut – pingo top,M7 A,48.04111,100.39167,2019,MNG,Hangai,Mountains (Eurasia),Alpine,T/B15,Borehole,1.74,22,0,silt,1870,1725.030517578125,2411.894,294.2528991699219,59.580147,170
119,Hatgal – lake terrace,M11,50.43861,100.15028,2019,MNG,Hovsgol,Mountains (Eurasia),Alpine,T/B6,Borehole,5.38,21,0,sand,1662,1536.7781982421875,2691.71,470.4781494140625,86.46991,600
120,Darhad Khuurch,M13 A,51.18722,99.4975,2019,MNG,Hovsgol,Mountains (Eurasia),Alpine,T/B100,Borehole,0.15,17,0.36,loam,1558,1625.4061279296875,2725.1733,407.2832031,40.859684,175
121,Prior Island,A32,-75.692829,162.880554,2019,ANT,SVL,Antarctica,Continuous,T/B1,Borehole,0.8,10,0.55,silt,30,0,6892.816,0,136.19827,53
122,Finger Point,A33,-77.004683,162.623283,2019,ANT,SVL,Antarctica,Continuous,T/B1,Borehole,-0.3,10,0.66,silt,190,0,8228.378,0,54.38295,100
123,Boulder Clay,A7,-74.745489,164.020308,2019,ANT,SVL,Antarctica,Continuous,T/B3.6,Borehole,0,22,0.99,silt,205,0.015472412,7305.9854,0,185.49245,17
124,Oasi,A8,-74.74167,164.1,2019,ANT,SVL,Antarctica,Continuous,T/B30,Borehole,-1.3,13,0.14,debris,52,0.015472412,6664.447,0,185.49245,147
125,Apostrophe Island,A30,-73.51885,167.433567,2019,ANT,NVL,Antarctica,Continuous,T/B1,Borehole,0.1,10,0.978,silt,20,0.015472412,6158.2705,0,305.53732,19
126,Edmonson Point,A31,-74.328494,165.131881,2019,ANT,NVL,Antarctica,Continuous,T/B1,Borehole,0.5,10,0.65,debris,30,0.015472412,7241.219,0,197.99738,34
127,Deception Island (Crater Lake),A16,-62.9856507,-60.6787111,2019,ANT,AP,Antarctica,Discontinuous,100/P/B1.3,Probing,0.3,19,0.27,debris,85,92.95840454101562,754.7324,185.5082244873047,795.0723,29
128,Deception Island (Irizar),A26,-62.9837,-60.7156671,2019,ANT,AP,Antarctica,Discontinuous,100/P/B1.2,Probing,4.4,19,0,debris,130,92.95840454101562,754.7324,185.5082244873047,795.0723,36
129,Signy Island,A17,-60.7115,-45.5919,2019,ANT,AP,Antarctica,Discontinuous,T/B3.6,Borehole,7.2,12,0,debris,85,22.07183837890625,1560.4423,0,766.7668,191
130,Signy Island- Bertsen,A17A,-60.7083,-45.5941,2019,ANT,AP,Antarctica,Discontinuous,T/B30,Borehole,-0.9,14,0.07,debris,21,22.07183837890625,1560.4423,0,766.7668,318
131,King George-Bellingshausen,A18,-62.1983,-58.9842,2019,ANT,AP,Antarctica,Discontinuous,100/T,Probing,1.9,16,0.03,debris,15,102.74444580078125,814.77374,164.71578979492188,668.9114,80
132,Rothera,A19,-67.5719,-68.126,2019,ANT,AP,Antarctica,Discontinuous,T/B31,Probing,-2.2,15,0.42,debris,31,0.797607422,2739.0215,0,1092.4392,10
133,Limnopolar Lake (Livingston Island),A25,-62.6498,-61.1047,2019,ANT,AP,Antarctica,Discontinuous,100/T,Probing,0.9,14,0.32,debris,80,96.47094727,746.3119,185.52415466308594,795.01746,48
134,James Ross Island (JGM),A27,-63.8012464,-57.8834444,2019,ANT,AP,Antarctica,Continuous,70/T/G/B2.0,Probing,1.5,11,0.03,debris,10,6.480651855,2848.573,164.50814819335938,747.9083,65
135,James Ross Island (Berry Hill),A28,-63.80257189,-57.83848112,2019,ANT,AP,Antarctica,Continuous,50/T/B0.9,Probing,0.1,14,0.04,debris,60,7.65246582,2812.6807,164.50814819335938,721.9659,83
136,Abernethy Flats,A34,-63.881389,-57.934722,2019,ANT,AP,Antarctica,Continuous,70/T/B,Borehole,0.1,13,0,debris,40,6.480651855,2848.573,164.50814819335938,747.9083,62
137,Balcón I (Mendoza),SA2A,-32.9619,-69.3719,2019,ARG,Central Andes,Mountains (South America),Alpine,T/B,Borehole,1.9,13,0.14,debris,3560,888.7958984,1251.2568,450.7735595703125,177.66032,790
138,Balcón I Superior (Mendoza),SA2B,-32.955,-69.3706,2019,ARG,Central Andes,Mountains (South America),Alpine,T/B,Borehole,6.1,15,0,debris,3586,888.7958984,1251.2568,450.7735595703125,177.66032,630
139,Balcón II (Mendoza),SA2C,-32.9597,-69.3803,2019,ARG,Central Andes,Mountains (South America),Alpine,T/B,Borehole,2,22,0,debris,3770,888.7958984,1251.2568,450.7735595703125,177.66032,340
0,Barrow,U1,71.31667,-156.6,2020,USA,North America,North America,Continuous,1000/T,Probing,0.34,25,0.012,loam,3,406.5638122558594,3796.721,99.79947662353516,142.99196,45
1,"Barrow, CRREL Plots",U2,71.31667,-156.5833,2020,USA,North America,North America,Continuous,10/T,Probing,0.27,25,0.017,loam,3,406.5638122558594,3796.721,99.79947662353516,142.99196,42
2,Atkasuk,U3,70.45,-157.4,2020,USA,North America,North America,Continuous,1000/T,Probing,0.4,25,0.009,sand,22,832.5076904296875,4134.9326,137.15496826171875,131.35449,57
3,West Dock 1 ha grid,U4,70.3745,-148.5522,2020,USA,North America,North America,Continuous,100/T/B56,Probing,0.34,24,0.001,loam,3,507.4541016,4072.1362,114.97926330566406,115.04561,
4,West Dock 1 km grid,U5,70.36667,-148.5667,2020,USA,North America,North America,Continuous,1000,Probing,0.25,24,0.039,loam,3,507.4541016,4072.1362,114.97926330566406,115.04561,
5,Deadhorse,U6,70.1613,-148.4653,2020,USA,North America,North America,Continuous,100/T/B60,Probing,0.47,24,0.001,Loam,17,609.0831298828125,4155.5244,131.9834442138672,126.767456,
6,Betty Pingo 1 km grid,U7 A,70.28333,-148.8667,2020,USA,North America,North America,Continuous,1000/T,Probing,0.2,24,0.401,loam,12,582.2209473,4147.3896,118.83851623535156,117.63357,
7,Betty Pingo MNT,U7 B,70.2835,-148.8928,2020,USA,North America,North America,Continuous,100,Probing,0.28,24,0.117,loam,12,582.2209473,4147.3896,118.83851623535156,117.63357,
8,Betty Pingo WET,U7 C,70.275,-148.919,2020,USA,North America,North America,Continuous,100,Probing,0.14,24,0.06,silt,12,582.2209473,4147.3896,118.83851623535156,117.63357,
9,Franklin Bluff,U8,69.6739,-148.7219,2020,USA,North America,North America,Continuous,100/T/B60,Probing,0.59,24,0.001,sand,88,870.7537841796875,4309.2305,146.08718872070312,157.72533,
10,Happy Valley,U9 A,69.1466,-148.8483,2020,USA,North America,North America,Continuous,100/T/B40,Probing,0.49,20,0.001,loam,305,1028.234130859375,4382.565,211.77828979492188,203.03085,
11,Happy Valley 1 km grid,U9 B,69.1482,-148.8505,2020,USA,North America,North America,Continuous,1000/T,Probing,-0.01,25,0.92,silt,305,1024.41748,4369.8784,216.36314392089844,200.74461,41
12,Lupine Hill,U10,69.12883,-148.5928,2020,USA,North America,North America,Continuous,100,Probing,0.29,24,0.003,silt,537,1036.742919921875,4275.809,205.59756469726562,208.40224,
13,Imnavait Creek  1 km grid,U11 A,68.6114,-149.3101,2020,USA,North America,North America,Continuous,1000/T,Probing,0.37,25,0.029,loam,910,860.4039306640625,4410.306,185.33001708984375,314.5112,52
14,Imnavait Creek WET,U11 B,68.611,-149.3145,2020,USA,North America,North America,Continuous,100,Probing,0.48,25,0.005,silt,917,860.4039306640625,4410.306,185.33001708984375,314.5112,48
15,Imnavait Creek MAT,U11 C,68.611,-149.30933,2020,USA,North America,North America,Continuous,100,Probing,0.35,25,0.034,silt,938,860.4039306640625,4410.306,185.33001708984375,314.5112,41
16,Toolik 1 km grid,U12 A,68.6215,-149.6063,2020,USA,North America,North America,Continuous,1000/T,Probing,0.28,25,0.073,silt,750,905.9493408203125,4353.7227,182.2703857421875,317.55276,40
17,Toolik MAT,U12 B,68.624,-149.61817,2020,USA,North America,North America,Continuous,100,Probing,0.29,25,0.049,silt,777,905.9493408203125,4353.7227,182.2703857421875,317.55276,34
18,Galbraith Lake,U14,68.4774,-149.5024,2020,USA,North America,North America,Continuous,100/T/B75,Probing,0.38,21,0.02,silt,823,822.8007813,4380.5723,214.56814575195312,315.55396,
19,Chandalar Shelf,U15,68.0691,-149.5804,2020,USA,North America,North America,Continuous,30/T/B61,Probing,0.45,24,0,silt,976,727.1146240234375,4376.2344,205.94064331054688,258.16315,
20,Ivotuk  1 km grid,U26,68.48333,-155.7333,2020,USA,North America,North America,Continuous,1000,Probing,-0.15,20,0.31,peat,570,950.0482177734375,4211.55,249.6968994140625,186.10748,
21,56 Mile,U56,69.5006,-148.5592,2020,USA,North America,North America,Continuous,100,Probing,0.07,25,0.55,loam,349,958.2210693359375,4337.3496,161.34844970703125,179.39108,57
22,Sagwon Hills MNT,U32 A,69.441,-148.67033,2020,USA,North America,North America,Continuous,100,Probing,0.17,25,0.13,silt,269,977.203125,4421.2656,169.05838012695312,188.77454,50
23,Sagwon Hills MAT,U32 B,69.401,-148.8056,2020,USA,North America,North America,Continuous,100,Probing,0.17,25,0.2,silt,360,975.3098145,4414.9883,168.16970825195312,187.1903,33
24,Drew Point,U20,70.8645,-153.91,2020,USA,North America,North America,Continuous,T/B640,Borehole,0.57,20,0,silt,5,465.9955139160156,3921.3662,134.8035888671875,130.4691,
25,Inigok,U21,69.98962,-153.09,2020,USA,North America,North America,Continuous,T/B625,Borehole,0.09,25,0.87,silt,53,846.1140137,4229.221,128.01803588867188,121.216354,40
26,Fish Creek,U22,70.33523,-152.05,2020,USA,North America,North America,Continuous,T/B735,Borehole,0.23,20,0.09,silt,31,705.8251953,4195,117.07057189941406,114.52411,
27,Umiat,U24,69.3957,-152.14,2020,USA,North America,North America,Continuous,T/B640,Borehole,0.07,21,0.62,silt,201,979.0838623046875,4311.202,149.7579345703125,148.04797,30
28,Tunalik,U25,70.1959,-161.08,2020,USA,North America,North America,Continuous,T/B393,Borehole,0.3,25,0.14,silt,26,796.1492919921875,3809.6333,143.5430908203125,173.19353,57
29,Niguanak,U29,69.8894,-142.98,2020,USA,North America,North America,Continuous,T/B/30?,Borehole,0.57,22,0.1,silt,84,570.8471069335938,3900.372,132.3108673095703,142.69681,44
30,Koluktak,U30,69.7516,-154.62,2020,USA,North America,North America,Continuous,T/B/,Borehole,0.14,21,0.08,silt,60,944.1418457,4268.161,175.0683594,137.4566,120
31,Piksiksak,U37,70.0366,-157.08,2020,USA,North America,North America,Continuous,T/B/,Borehole,-0.31,21,0.21,silt,33,935.8297119140625,4115.153,163.70126342773438,136.20477,45
32,East Teshekpuk,U38,70.5685,-152.97,2020,USA,North America,North America,Continuous,T/B/,Borehole,-0.26,21,0.14,silt,7,564.9613037109375,4089.0532,112.97959899902344,118.02387,22
33,North Head (thaw tube),C3 A,69.71972,-134.4619,2020,Canada,North America,North America,Continuous,TT,Thaw Tube,-0.01,13,0.9,silt,2,825.4871215820312,3948.6821,140.92398071289062,144.30746,
34,Lousy Point (Thaw tube),C5 A,69.21889,-134.2911,2020,Canada,North America,North America,Continuous,TT/T/B30,Thaw Tube,0.57,23,0,sand,30,1060.063965,3972.9482,151.00106811523438,145.8887,
35,Old Man,U16,66.45,-150.6167,2020,USA,North America,North America,Discontinuous,100/T/B63,Probing,0.24,22,0.12,silt,390,1568.932617,3421.4072,348.0654297,252.63675,
36,Wickersham,U17,65.1667,-147.9,2020,USA,North America,North America,Discontinuous,TT/P,Probing,0.47,25,0,loam,335,1778.6510009765625,3137.224,404.0187988,223.43655,47
37,Pearl Creek,U19,64.9,-147.8167,2020,USA,North America,North America,Discontinuous,TT/P,Probing,5.82,25,0,silt,213,2100.239258,2833.0605,336.8582763671875,192.28564,161
38,Farmers Loop,U41,64.88,-147.67,2020,USA,North America,North America,Discontinuous,100,Probing,0.63,20,0,silt,151,2074.836426,2801.4688,336.0654602050781,192.81982,67
39,Eagle,U51,64.7777,-141.10954,2020,USA,North America,North America,Discontinuous,50/P/T,Probing,0.04,11,0.98,peat,280,1783.182861328125,3504.2017,358.96258544921875,177.69221,49
40,Nenana,U57,64.55446,-149.08339,2020,USA,North America,North America,Discontinuous,50/P/T,Probing,2.57,10,0,loam,111,2200.874023,2762.0645,345.2166748046875,169.57935,80
41,Council Grid,U27,64.8442,-163.7202,2020,USA,North America,North America,Discontinuous,1000,Probing,0.82,21,0,loam,61,1504.5230712890625,2605.4473,382.458252,384.7658,
42,Kougarok,U28,65.454,-164.6268,2020,USA,North America,North America,Discontinuous,1000,Probing,0.4,21,0.04,loam,250,1393.4429931640625,2884.0083,208.66070556640625,264.9702,
43,Reindeer Depot  (Thaw tube),C7 A,68.68472,-134.1458,2020,Canada,North America,North America,Discontinuous,TT,Thaw Tube,1.21,21,0,silt,34,1188.890380859375,4042.874,163.11138916015625,131.93607,
44,Rengleng River  (Thaw tube),C8 A,67.795,-134.1261,2020,Canada,North America,North America,Discontinuous,TT,Thaw Tube,0.24,14,0.19,sand,11,1463.61377,4032.6064,186.60284423828125,119.19583,
45,"Janssonhaugen, Svalbard",N1,78.1793,16.467,2020,NOR,Norway/Svalbard,Mountains (Europe),Alpine,T/B102,Borehole,1.31,25,0,debris,270,360.30291748046875,3408.2046,156.9223633,405.52914,188
46,"Junvvasshoe, Norway",N2,61.6775823,8.3693057,2020,NOR,Norway/Svalbard,Mountains (Europe),Alpine,T/B129,Borehole,1.08,24,0.01,debris,1894,747.7495117,1604.5513,435.5212097167969,838.973,243
47,"Snoheim DB2, Norway",N5,62.2958,9.352,2020,NOR,Norway/Svalbard,Mountains (Europe),Alpine,T/B9,Borehole,8.45,17,0,debris,1481,872.5001220703125,1633.7476,368.4698181152344,592.19653,552
48,Lapires,CH3,46.106117,7.284349,2020,SWI,Switzerland,Mountains (Europe),Alpine,T/B19,Borehole,12.2,22,0,debris,2656,1800.9744873046875,778.07385,884.2099609,519.01215,660
49,Corvatsch,CH1,46.42879,9.821836,2020,SWI,Switzerland,Mountains (Europe),Alpine,T/B62,Borehole,15.49,23,0,debris,2670,937.0926513671875,1266.0962,782.1308594,706.13916,760
50,Stockhorn,CH4,45.986786,7.824201,2020,SWI,Switzerland,Mountains (Europe),Alpine,T/B100,Borehole,9.08,22,0,debris,3327,682.6766357421875,1623.0808,847.3199462890625,749.6511,494
51,Les Attelas,CH5,46.096772,7.273075,2020,SWI,Switzerland,Mountains (Europe),Alpine,T/B26,Borehole,7.08,16,0,debris,2507,1800.9744873046875,778.07385,884.2099609,519.01215,459
52,Gentianes,CH7,46.083705,7.302472,2020,SWI,Switzerland,Mountains (Europe),Alpine,T/B20,Borehole,27.76,18,0,debris,2896,1800.9744873046875,778.07385,884.2099609,519.01215,512
53,Schilthorn,CH2,46.558282,7.834426,2020,SWI,Switzerland,Mountains (Europe),Alpine,T/B101,Borehole,36.21,25,0,debris,2900,1942.013672,537.81445,1127.39209,538.30774,1106
54,Fluela,CH8,46.748868,9.943555,2020,SWI,Switzerland,Mountains (Europe),Alpine,T/B23,Borehole,-0.47,19,0.01,debris,2413,1139.6614990234375,1188.0159,853.0647583007812,638.14124,285
55,Muot da Barba Peider,CH9,46.496573,9.93141,2020,SWI,Switzerland,Mountains (Europe),Alpine,T/B18,Borehole,10.59,19,0.01,debris,2941,989.4188232421875,1386.2136,718.2640380859375,678.4773,
56,Matterhorn,CH10,45.982321,7.676049,2020,SWI,Switzerland,Mountains (Europe),Alpine,T/B53,Borehole,9.57,15,0,debris,3204,761.6896973,1554.3207,749.6400146484375,736.45703,451
57,Schafberg,CH11,46.498797,9.925215,2020,SWI,Switzerland,Mountains (Europe),Alpine,T/B60,Borehole,0.89,22,0,debris,2731,989.4188232421875,1386.2136,718.2640380859375,678.4773,515
58,Ritigraben,CH12,46.174694,7.849835,2020,SWI,Switzerland,Mountains (Europe),Alpine,T/B30,Borehole,3.11,22,0.01,debris,2640,1416.5606689453125,1025.0063,644.1221313476562,691.1274,475
59,Cime Bianche,IT2,45.920046,7.693595,2020,IT,Switzerland,Mountains (Europe),Alpine,T/B41,Borehole,20.21813725,17,0,debris,3100,1282.0631103515625,1075.8301,809.5119629,621.0609,674
60,Stelvio,IT3,45.5187,10.4569,2020,IT,Switzerland,Mountains (Europe),Alpine,T/B100,Borehole,9.69,24,0,debris,2612,5142.439941,0.14111328,1201.287598,254.7956,408
61,Aiguille du Midi SE,FRA1a,45.878173,6.887653,2020,FRA,Switzerland,Mountains (Europe),Alpine,T/B10,Borehole,17.61356297,12,0,debris,3753,1198.148926,1036.1587,723.3875732421875,891.5464,706
62,Aiguille du Midi NW,FRA1b,45.878679,6.887216,2020,FRA,Switzerland,Mountains (Europe),Alpine,T/B10,Borehole,7.678571429,15,0,debris,3745,1198.148926,1036.1587,723.3875732421875,891.5464,258
63,Aiguille du Midi NE,FRA1c,45.878585,6.888098,2020,FRA,Switzerland,Mountains (Europe),Alpine,TB/10,Borehole,13.51785714,14,0,debris,3738,1198.148926,1036.1587,723.3875732421875,891.5464,450
64,Bolvansky,R24,68.3,54.5,2020,RUS,Russian European North,Russian Northwest,Continuous,100,Probing,0.09,23,0.82,loam,28,1490.582763671875,1472.241,417.9785156,267.95905,120
65,Kashin Island,R24 A,68.23333,53.85,2020,RUS,Russian European North,Russian Northwest,Continuous,100,Probing,3.85,15,0,sand,9,1510.739258,1424.5537,393.79534912109375,250.28908,123
66,Zackenberg; ZEROCALM 1,G1,74.473,-20.5528,2020,DEN,Denmark (Greenland),Nordic Arctic,Continuous,100/T,Probing,0.64,25,0,loam,36,207.91897583007812,4315.8037,206.85104370117188,396.04303,86
67,Zackenberg; ZEROCALM 2,G2,74.466,-20.5643,2020,DEN,Denmark (Greenland),Nordic Arctic,Continuous,150/T,Probing,0.5,25,0.02,loam,16,207.91897583007812,4315.8037,206.85104370117188,396.04303,75
68,UNISCALM,N3,78.200956,15.836412,2020,NOR,Norway/Svalbard,Nordic Arctic,Continuous,100/T,Probing,0.52,25,0.01,sand,10,440.5917969,3095.561,168.74859619140625,401.77567,101
69,"Ayach-Yakha, Vorkuta",R2,67.58333,64.18333,2020,RUS,Russian European North,Russian Northwest,Discontinuous,100/T,Probing,0.69,25,0,loam,148,1427.182861328125,2084.3862,394.8658752441406,526.30316,90
70,Talnik,R23,67.33333,63.73333,2020,RUS,Russian European North,Russian Northwest,Discontinuous,100,Probing,2.52,22,0,loam,120,1502.5374755859375,2026.0424,394.81488037109375,486.98395,149
71,Seida,R52,67.06556,62.92508,2020,RUS,Russian European North,Russian Northwest,Discontinuous,100,Probing,1.21,13,0,peat,100,1562.174316,1925.3008,365.55743408203125,445.98895,60
72,"Abisko area, Sweden",S2,68.33333,18.83333,2020,SWE,Sweden/Svalbard,Nordic Arctic,Discontinuous,100/T,Probing,1.25,24,0,peat,900,869.9344482421875,1604.1035,455.04058837890625,719.999,97
73,Nadym; West Siberia,R1,65.314861,72.864194,2020,RUS,West Siberia,West Siberia,Discontinuous,100/T/B10,Probing,3.38,25,0,sand,28,1863.0164794921875,2161.5967,335.9721374511719,267.4301,197
74,Nadym WET; West Siberia,R1b,65.23375,72.518417,2020,RUS,West Siberia,West Siberia,Discontinuous,100,Probing,6.18,12,0,sand,7,1879.2366943359375,2125.0693,340.79852294921875,262.8489,125
75,"Marre Sale, Yamal Peninsula",R3,69.71667,66.75,2020,RUS,West Siberia,West Siberia,Continuous,1000/T/B10,Probing,0.7,23,0.09,sand,18,1190.233642578125,1966.6426,254.8444061279297,351.34558,137
76,"Vaskiny Dachy, Yamal Peninsula",R5,70.28333,68.9,2020,RUS,West Siberia,West Siberia,Continuous,100/T/B10,Probing,0.43,24,0.05,silt,29,1243.2662353515625,2519.3962,180.2738494873047,323.94064,104
77,"Vaskiny Dachy, Yamal Peninsula",R5a,70.28333,68.9,2020,RUS,West Siberia,West Siberia,Continuous,50,Probing,0.5,18,0.2,loam,45,1243.2662353515625,2519.3962,180.2738494873047,323.94064,76
78,"Vaskiny Dachi, Yamal Peninsula",R5b,70.2755,68.89164,2020,RUS,West Siberia,West Siberia,Continuous,50,Probing,0.74,18,0.04,silt,35,1243.2662353515625,2519.3962,180.2738494873047,323.94064,82
79,"Vaskiny Dachi, Yamal Peninsula",R5c,70.2955,68.88347,2020,RUS,West Siberia,West Siberia,Continuous,50,Probing,1.12,18,0.06,sand,25,1243.2662353515625,2519.3962,180.2738494873047,323.94064,135
80,Urengoy Gas Field GP5,R50a,66.31325,76.903478,2020,RUS,West Siberia,West Siberia,Discontinuous,100/T/B10,Probing,3.68,17,0,sand,59,1742.5831298828125,2525.5938,293.9173889160156,263.84485,120
81,Urengoy Gas Field GP15,R50b,67.47791,76.69529,2020,RUS,West Siberia,West Siberia,Discontinuous,100/T/B10,Probing,2.67,16,0,sand,32,1627.9100341796875,2604.6191,284.21563720703125,273.6718,
82,Bely Island (silt),R55,73.32694,70.08528,2020,RUS,West Siberia,West Siberia,Continuous,50,Probing,0.36,15,0.04,silt,4.2,972.5959473,2537.167,225.11871337890625,290.73096,65
83,Bely Island (sand),R55a,73.32861,70.08833,2020,RUS,West Siberia,West Siberia,Continuous,25,Probing,2.08,15,0,sand,3.4,972.5959473,2537.167,225.11871337890625,290.73096,131
84,Bykovsky (Lena delta) (alas),R29 B,71.7855,71.41917,2020,RUS,Central Siberia,Central Siberia,Continuous,100,Probing,0.05,20,0.65,loam,5,1143.058837890625,2736.033,207.54379272460938,294.19238,41
85,Talnah (Norilsk Region),R32,69.43333,88.46667,2020,RUS,Central Siberia,Central Siberia,Continuous,100,Probing,1.02,20,0.01,loam,67,1676.9239501953125,3345.8804,266.90350341796875,642.4016,95
86,Igarka,R40,67.48135,86.4347,2020,RUS,Central Siberia,Central Siberia,Discontinuous,100,Probing,2.97,16,0,loam,40,1878.7127685546875,2890.3018,199.1674041748047,482.19055,101
87,Tuymada (Yakutsk region),R42,62.0133,129.65683,2020,RUS,Central Siberia,Central Siberia,Continuous,50/TT,Thaw Tube,0.5,17,0,sand,101,2304.145263671875,4157.4033,121.69525146484375,129.3898,206
88,Neleger (Yakutsk region),R43,62.31618,129.49952,2020,RUS,Central Siberia,Central Siberia,Continuous,50/TT,Thaw Tube,0.06,17,0.77,loam,210,2161.6875,4307.2627,115.23666381835938,129.00867,124
89,Samoylov,R51,72.369775,126.48063,2020,RUS,Central Siberia,Central Siberia,Continuous,150,Probing,0.42,22,0.02,sand,14,1194.0020751953125,4228.464,156.2595215,211.0991,59
90,"Cape Chukochii; edoma, Kolyma",R13 A,70.08333,159.5833,2020,RUS,Northeast Siberia,Northeast Siberia,Continuous,100/T/B30,Probing,-0.04,22,0.84,loam,32,791.2199707,4126.9414,126.8934326171875,112.65465,47
91,"Cape Chukochi, alas, Kolyma",R13 B,70.08333,159.9167,2020,RUS,Northeast Siberia,Northeast Siberia,Continuous,100,Probing,-0.02,22,0.95,loam,32,707.1680908203125,4037.6377,141.3817138671875,116.21085,46
92,"Chukochya River, Kolyma",R14,69.48333,156.9833,2020,RUS,Northeast Siberia,Northeast Siberia,Continuous,100/T/B25,Probing,0.27,16,0.05,loam,31,1160.217529296875,4377.825,134.10739135742188,104.716965,48
93,"Konkovaya River, Kolyma",R15 A,69.38333,158.4667,2020,RUS,Northeast Siberia,Northeast Siberia,Continuous,100/T/B50,Probing,-0.34,17,0.36,loam,20,1126.182617,4341.661,145.93893432617188,103.529785,39
94,"Konkovaya River, Kolyma",R15 B,69.38333,158.4667,2020,RUS,Northeast Siberia,Northeast Siberia,Continuous,100/T/B50,Probing,-0.19,17,0.45,loam,41,1126.182617,4341.661,145.93893432617188,103.529785,42
95,"Segodnya Pingo, Kolyma",R16,69.08333,158.9,2020,RUS,Northeast Siberia,Northeast Siberia,Continuous,100,Probing,-0.47,19,0.24,peat,30,1238.35498,4374.8438,156.23150634765625,103.18483,56
96,Akhmelo channel; Kolyma,R17,68.81667,161,2020,RUS,Northeast Siberia,Northeast Siberia,Continuous,100/T,Probing,0.61,23,0,loam,5,1387.244629,4351.9746,190.9903106689453,109.79407,73
97,Mt. Rodinka; Kolyma,R18,68.9255,161.5046,2020,RUS,Northeast Siberia,Northeast Siberia,Continuous,100/T,Probing,0.05,23,0.81,loam,152,1380.044922,4230.916,199.27259826660156,118.18883,84
98,Mt. Rodinka; Kolyma (10 m grid),R18 A,68.7417,161.5042,2020,RUS,Northeast Siberia,Northeast Siberia,Continuous,10/T,Probing,1.03,19,0,loam,152,1393.963867,4208.328,192.48577880859375,113.02629,117
99,"Lake Glukhoe, Kolyma",R19,68.8,160.95,2020,RUS,Northeast Siberia,Northeast Siberia,Continuous,100,Probing,0.55,21,0.08,sand,15,1387.244629,4351.9746,190.9903106689453,109.79407,105
100,"Malchilovskaya Channel, Kolyma",R20,68.51667,161.4333,2020,RUS,Northeast Siberia,Northeast Siberia,Continuous,100,Probing,0.54,23,0,loam,10,1471.799805,4403.627,192.10244750976562,107.496506,62
101,"Lake Akhmelo, Kolyma",R21,68.83333,161.0333,2020,RUS,Northeast Siberia,Northeast Siberia,Continuous,100/T/B15,Probing,0.13,23,0.67,sand,10,1387.244629,4351.9746,190.9903106689453,109.79407,114
102,Alazeya River,R22,69.31667,154.9833,2020,RUS,Northeast Siberia,Northeast Siberia,Continuous,100/B23,Probing,0.2,19,0.16,loam,60,1242.298583984375,4527.174,125.64215850830078,104.75536,52
103,Jakutskoe Lake,R25,69.85,159.5,2020,RUS,Northeast Siberia,Northeast Siberia,Continuous,100,Probing,-0.02,20,0.89,loam,9,856.5102539,4118.414,165.8083496,111.80942,51
104,Allaiha (Indigirka basin),R31,70.55,147.4333,2020,RUS,Northeast Siberia,Northeast Siberia,Continuous,100,Probing,-0.02,16,0.96,loam,42,1327.045166015625,4723.607,91.92533874511719,97.06151,
105,Omolon,R35,68.73333,158.9,2020,RUS,Northeast Siberia,Northeast Siberia,Continuous,100,Probing,-0.02,17,0.93,loam,4,1322.647949,4365.5986,159.0331268310547,111.572945,48
106,Andryushkino,R36,69.16667,154.4333,2020,RUS,Northeast Siberia,Northeast Siberia,Continuous,100,Probing,0.4,19,0.01,loam,21,1286.902344,4553.0835,124.71302795410156,107.35559,43
107,Mt. Rodinka (Control),R38 A,68.7,161.55,2020,RUS,Northeast Siberia,Northeast Siberia,Continuous,10/T,Probing,0.12,15,0.86,loam,75,1383.339599609375,4189.637,195.9517364501953,113.24008,
108,Mt. Rodinka (Station),R38 C,68.74,161.3928,2020,RUS,Northeast Siberia,Northeast Siberia,Continuous,10/T,Probing,-1.03,21,0,loam,31,1399.173095703125,4237.874,192.34519958496094,112.47428,71
109,Cape Rogozhny; Chukotka,R9,64.78333,176.9667,2020,RUS,Chukotka,Northeast Siberia,Continuous,100/T,Probing,0.17,25,0.21,loam,17,1268.4732666015625,3029.1592,245.74514770507812,274.838,55
110,"Mt. Dionisy, Chukotka",R11,64.56667,177.2,2020,RUS,Chukotka,Northeast Siberia,Continuous,100/T,Probing,0.12,24,0.42,loam,148,1181.6781005859375,2834.8608,199.1231689453125,324.6405,60
111,Lavrentia,R27,65.6,-171.05,2020,RUS,Chukotka,Northeast Siberia,Continuous,100,Probing,0.4,25,0.02,loam,100,963.2092285,2657.5356,215.2288360595703,355.79865,76
112,Lorino,R41,65.539667,-171.63023,2020,RUS,Chukotka,Northeast Siberia,Continuous,100,Probing,0.87,15,0,sand,45,974.1450195,2750.7432,118.73847198486328,417.6967,58
113,Kruglaya (Anadyr),R45,64.63333,176.9667,2020,RUS,Chukotka,Northeast Siberia,Continuous,100,Probing,0.04,15,0.82,silt,2.5,1232.5421142578125,2938.1758,201.6796112060547,323.3045,50
114,Ploskii Tolbachik (Kamchatka) 2,R30 C,55.89092,160.5375,2020,RUS,Kamchatka,Mountains (Eurasia),Alpine,100,Probing,0.23,17,0.03,silt,1630,796.2741699,2852.0999,521.5372924804688,568.59424,49
115,Baganuur Depression,M 1,47.68889,108.2625,2020,MNG,Hentei,Mountains (Eurasia),Alpine,T/B15,Borehole,4.42,22,0,sand,1350,2231.411133,2121.3977,302.5699768066406,32.244354,500
116,Nalaikh – northern slope,M2 A,47.75444,107.25,2020,MNG,Hentei,Mountains (Eurasia),Alpine,T/T/B50,Borehole,1.7,23,0,loam,1512,2118.738037109375,2161.1729,319.6676025390625,38.9381,385
117,Terkh – valley bottom,M6 A,48.08194,99.37333,2020,MNG,Hangai,Mountains (Eurasia),Alpine,T/B15,Borehole,1.22,22,0,sand,2050,1550.9271240234375,2688.7878,340.6988830566406,47.95362,290
118,Chuluut – pingo top,M7 A,48.04111,100.39167,2020,MNG,Hangai,Mountains (Eurasia),Alpine,T/B15,Borehole,1.74,22,0,silt,1870,1657.671875,2364.3965,408.4412536621094,35.149597,170
119,Hatgal – lake terrace,M11,50.43861,100.15028,2020,MNG,Hovsgol,Mountains (Eurasia),Alpine,T/B6,Borehole,5.38,21,0,sand,1662,1549.9969482421875,2329.3022,477.9730529785156,54.595547,600
120,Darhad Khuurch,M13 A,51.18722,99.4975,2020,MNG,Hovsgol,Mountains (Eurasia),Alpine,T/B100,Borehole,0.15,17,0.36,loam,1558,1598.3883056640625,2937.4746,309.7212829589844,62.378185,175
121,Prior Island,A32,-75.692829,162.880554,2020,ANT,SVL,Antarctica,Continuous,T/B1,Borehole,0.8,10,0.55,silt,30,0.009765625,7101.5195,0,138.14258,58
122,Finger Point,A33,-77.004683,162.623283,2020,ANT,SVL,Antarctica,Continuous,T/B1,Borehole,-0.3,10,0.66,silt,190,0.009765625,8231.876,0,77.00412,104
123,Boulder Clay,A7,-74.745489,164.020308,2020,ANT,SVL,Antarctica,Continuous,T/B3.6,Borehole,0,22,0.99,silt,205,0.172180176,7829.5337,0,125.22014,32
124,Oasi,A8,-74.74167,164.1,2020,ANT,SVL,Antarctica,Continuous,T/B30,Borehole,-1.3,13,0.14,debris,52,0.172180176,7093.795,0,125.22014,174
125,Apostrophe Island,A30,-73.51885,167.433567,2020,ANT,NVL,Antarctica,Continuous,T/B1,Borehole,0.1,10,0.978,silt,20,0.150543213,6391.1987,0,222.97955,50
126,Edmonson Point,A31,-74.328494,165.131881,2020,ANT,NVL,Antarctica,Continuous,T/B1,Borehole,0.5,10,0.65,debris,30,0.172180176,7715.028,0,122.65582,45
127,Deception Island (Crater Lake),A16,-62.9856507,-60.6787111,2020,ANT,AP,Antarctica,Discontinuous,100/P/B1.3,Probing,0.3,19,0.27,debris,85,176.32843017578125,711.5167,294.36151123046875,658.3382,36
128,Deception Island (Irizar),A26,-62.9837,-60.7156671,2020,ANT,AP,Antarctica,Discontinuous,100/P/B1.2,Probing,4.4,19,0,debris,130,176.32843017578125,711.5167,294.36151123046875,658.3382,48
129,Signy Island,A17,-60.7115,-45.5919,2020,ANT,AP,Antarctica,Discontinuous,T/B3.6,Borehole,7.2,12,0,debris,85,48.73956298828125,1497.4164,57.695106506347656,683.6442,193
130,Signy Island- Bertsen,A17A,-60.7083,-45.5941,2020,ANT,AP,Antarctica,Discontinuous,T/B30,Borehole,-0.9,14,0.07,debris,21,48.73956298828125,1497.4164,57.695106506347656,683.6442,322
131,King George-Bellingshausen,A18,-62.1983,-58.9842,2020,ANT,AP,Antarctica,Discontinuous,100/T,Probing,1.9,16,0.03,debris,15,188.55548095703125,764.36597,231.33013916015625,562.7809,81
132,Rothera,A19,-67.5719,-68.126,2020,ANT,AP,Antarctica,Discontinuous,T/B31,Probing,-2.2,15,0.42,debris,31,16.41632080078125,2404.329,135.58657836914062,1475.8447,113
133,Limnopolar Lake (Livingston Island),A25,-62.6498,-61.1047,2020,ANT,AP,Antarctica,Discontinuous,100/T,Probing,0.9,14,0.32,debris,80,178.42990112304688,696.7573,296.09832763671875,656.3889,47
134,James Ross Island (JGM),A27,-63.8012464,-57.8834444,2020,ANT,AP,Antarctica,Continuous,70/T/G/B2.0,Probing,1.5,11,0.03,debris,10,44.01843262,2713.1523,42.888736724853516,740.6562,80
135,James Ross Island (Berry Hill),A28,-63.80257189,-57.83848112,2020,ANT,AP,Antarctica,Continuous,50/T/B0.9,Probing,0.1,14,0.04,debris,60,50.14154052734375,2675.0967,42.888736724853516,702.99133,88
136,Abernethy Flats,A34,-63.881389,-57.934722,2020,ANT,AP,Antarctica,Continuous,70/T/B,Borehole,0.1,13,0,debris,40,44.01843262,2713.1523,42.888736724853516,740.6562,77
137,Balcón I (Mendoza),SA2A,-32.9619,-69.3719,2020,ARG,Central Andes,Mountains (South America),Alpine,T/B,Borehole,1.9,13,0.14,debris,3560,939.1434936523438,1302.8672,668.7886962890625,242.0312,810
138,Balcón I Superior (Mendoza),SA2B,-32.955,-69.3706,2020,ARG,Central Andes,Mountains (South America),Alpine,T/B,Borehole,6.1,15,0,debris,3586,939.1434936523438,1302.8672,668.7886962890625,242.0312,590
139,Balcón II (Mendoza),SA2C,-32.9597,-69.3803,2020,ARG,Central Andes,Mountains (South America),Alpine,T/B,Borehole,2,22,0,debris,3770,939.1434936523438,1302.8672,668.7886962890625,242.0312,
0,Barrow,U1,71.31667,-156.6,2021,USA,North America,North America,Continuous,1000/T,Probing,0.34,25,0.012,loam,3,389.66436767578125,4086.5864,154.44737243652344,107.74348,31
1,"Barrow, CRREL Plots",U2,71.31667,-156.5833,2021,USA,North America,North America,Continuous,10/T,Probing,0.27,25,0.017,loam,3,389.66436767578125,4086.5864,154.44737243652344,107.74348,35
2,Atkasuk,U3,70.45,-157.4,2021,USA,North America,North America,Continuous,1000/T,Probing,0.4,25,0.009,sand,22,810.1828613,4471.1094,188.21524047851562,102.8215,46
3,West Dock 1 ha grid,U4,70.3745,-148.5522,2021,USA,North America,North America,Continuous,100/T/B56,Probing,0.34,24,0.001,loam,3,632.3117676,4324.038,142.84422302246094,119.319214,31
4,West Dock 1 km grid,U5,70.36667,-148.5667,2021,USA,North America,North America,Continuous,1000,Probing,0.25,24,0.039,loam,3,632.3117676,4324.038,142.84422302246094,119.319214,51
5,Deadhorse,U6,70.1613,-148.4653,2021,USA,North America,North America,Continuous,100/T/B60,Probing,0.47,24,0.001,Loam,17,738.8605346679688,4434.9165,164.6912841796875,129.75558,65
6,Betty Pingo 1 km grid,U7 A,70.28333,-148.8667,2021,USA,North America,North America,Continuous,1000/T,Probing,0.2,24,0.401,loam,12,704.1403198242188,4406.856,150.5237579345703,120.37181,65
7,Betty Pingo MNT,U7 B,70.2835,-148.8928,2021,USA,North America,North America,Continuous,100,Probing,0.28,24,0.117,loam,12,704.1403198242188,4406.856,150.5237579345703,120.37181,52
8,Betty Pingo WET,U7 C,70.275,-148.919,2021,USA,North America,North America,Continuous,100,Probing,0.14,24,0.06,silt,12,704.1403198242188,4406.856,150.5237579345703,120.37181,38
9,Franklin Bluff,U8,69.6739,-148.7219,2021,USA,North America,North America,Continuous,100/T/B60,Probing,0.59,24,0.001,sand,88,938.7414551,4708.577,208.67559814453125,139.2702,61
10,Happy Valley,U9 A,69.1466,-148.8483,2021,USA,North America,North America,Continuous,100/T/B40,Probing,0.49,20,0.001,loam,305,1000.5050048828125,4796.8047,287.2890625,151.08165,40
11,Happy Valley 1 km grid,U9 B,69.1482,-148.8505,2021,USA,North America,North America,Continuous,1000/T,Probing,-0.01,25,0.92,silt,305,997.9085693359375,4792.1865,288.4353027,149.64465,38
12,Lupine Hill,U10,69.12883,-148.5928,2021,USA,North America,North America,Continuous,100,Probing,0.29,24,0.003,silt,537,1000.9492797851562,4706.827,287.0778809,153.88565,31
13,Imnavait Creek  1 km grid,U11 A,68.6114,-149.3101,2021,USA,North America,North America,Continuous,1000/T,Probing,0.37,25,0.029,loam,910,832.1319580078125,4712.268,293.4770202636719,217.56097,48
14,Imnavait Creek WET,U11 B,68.611,-149.3145,2021,USA,North America,North America,Continuous,100,Probing,0.48,25,0.005,silt,917,832.1319580078125,4712.268,293.4770202636719,217.56097,52
15,Imnavait Creek MAT,U11 C,68.611,-149.30933,2021,USA,North America,North America,Continuous,100,Probing,0.35,25,0.034,silt,938,832.1319580078125,4712.268,293.4770202636719,217.56097,42
16,Toolik 1 km grid,U12 A,68.6215,-149.6063,2021,USA,North America,North America,Continuous,1000/T,Probing,0.28,25,0.073,silt,750,874.1036376953125,4658.491,297.8660583496094,217.72543,53
17,Toolik MAT,U12 B,68.624,-149.61817,2021,USA,North America,North America,Continuous,100,Probing,0.29,25,0.049,silt,777,874.1036376953125,4658.491,297.8660583496094,217.72543,45
18,Galbraith Lake,U14,68.4774,-149.5024,2021,USA,North America,North America,Continuous,100/T/B75,Probing,0.38,21,0.02,silt,823,791.9461669921875,4676.1934,311.74639892578125,223.019,50
19,Chandalar Shelf,U15,68.0691,-149.5804,2021,USA,North America,North America,Continuous,30/T/B61,Probing,0.45,24,0,silt,976,644.1622314453125,4629.676,241.70639038085938,221.34908,40
20,Ivotuk  1 km grid,U26,68.48333,-155.7333,2021,USA,North America,North America,Continuous,1000,Probing,-0.15,20,0.31,peat,570,874.9780273,4662.1484,323.5137939453125,216.98242,
21,56 Mile,U56,69.5006,-148.5592,2021,USA,North America,North America,Continuous,100,Probing,0.07,25,0.55,loam,349,988.4909668,4769.315,238.71591186523438,146.51541,63
22,Sagwon Hills MNT,U32 A,69.441,-148.67033,2021,USA,North America,North America,Continuous,100,Probing,0.17,25,0.13,silt,269,991.2834473,4827.885,253.8052520751953,147.021,56
23,Sagwon Hills MAT,U32 B,69.401,-148.8056,2021,USA,North America,North America,Continuous,100,Probing,0.17,25,0.2,silt,360,989.295166,4822.8525,251.77694702148438,146.01433,40
24,Drew Point,U20,70.8645,-153.91,2021,USA,North America,North America,Continuous,T/B640,Borehole,0.57,20,0,silt,5,515.7854004,4203.2275,150.13404846191406,105.88178,
25,Inigok,U21,69.98962,-153.09,2021,USA,North America,North America,Continuous,T/B625,Borehole,0.09,25,0.87,silt,53,877.1905517578125,4565.744,182.25308227539062,109.05465,39
26,Fish Creek,U22,70.33523,-152.05,2021,USA,North America,North America,Continuous,T/B735,Borehole,0.23,20,0.09,silt,31,779.5018310546875,4460.3325,147.28610229492188,105.3987,
27,Umiat,U24,69.3957,-152.14,2021,USA,North America,North America,Continuous,T/B640,Borehole,0.07,21,0.62,silt,201,977.5151977539062,4692.797,225.66134643554688,135.15314,
28,Tunalik,U25,70.1959,-161.08,2021,USA,North America,North America,Continuous,T/B393,Borehole,0.3,25,0.14,silt,26,676.3203125,4172.543,239.40240478515625,140.68968,51
29,Niguanak,U29,69.8894,-142.98,2021,USA,North America,North America,Continuous,T/B/30?,Borehole,0.57,22,0.1,silt,84,709.0057373046875,4138.2256,176.07456970214844,132.33589,48
30,Koluktak,U30,69.7516,-154.62,2021,USA,North America,North America,Continuous,T/B/,Borehole,0.14,21,0.08,silt,60,943.8433837890625,4635.971,226.40798950195312,112.45038,
31,Piksiksak,U37,70.0366,-157.08,2021,USA,North America,North America,Continuous,T/B/,Borehole,-0.31,21,0.21,silt,33,896.8845215,4520.928,210.1937713623047,114.36319,40
32,East Teshekpuk,U38,70.5685,-152.97,2021,USA,North America,North America,Continuous,T/B/,Borehole,-0.26,21,0.14,silt,7,638.1113281,4355.742,139.20010375976562,97.52129,22
33,North Head (thaw tube),C3 A,69.71972,-134.4619,2021,Canada,North America,North America,Continuous,TT,Thaw Tube,-0.01,13,0.9,silt,2,984.2072754,4012.792,117.44153594970703,94.53646,61
34,Lousy Point (Thaw tube),C5 A,69.21889,-134.2911,2021,Canada,North America,North America,Continuous,TT/T/B30,Thaw Tube,0.57,23,0,sand,30,1219.3941650390625,4098.8994,115.68547058105469,97.283646,77
35,Old Man,U16,66.45,-150.6167,2021,USA,North America,North America,Discontinuous,100/T/B63,Probing,0.24,22,0.12,silt,390,1418.8428955078125,3498.959,387.7226563,214.68903,39
36,Wickersham,U17,65.1667,-147.9,2021,USA,North America,North America,Discontinuous,TT/P,Probing,0.47,25,0,loam,335,1685.524658203125,3133.9038,378.0021973,245.42696,60
37,Pearl Creek,U19,64.9,-147.8167,2021,USA,North America,North America,Discontinuous,TT/P,Probing,5.82,25,0,silt,213,2031.2183837890625,2750.855,311.9017028808594,242.63132,167
38,Farmers Loop,U41,64.88,-147.67,2021,USA,North America,North America,Discontinuous,100,Probing,0.63,20,0,silt,151,2011.2718505859375,2727.493,304.8426818847656,241.87964,64
39,Eagle,U51,64.7777,-141.10954,2021,USA,North America,North America,Discontinuous,50/P/T,Probing,0.04,11,0.98,peat,280,1793.591552734375,3377.2383,349.3822937011719,153.38611,
40,Nenana,U57,64.55446,-149.08339,2021,USA,North America,North America,Discontinuous,50/P/T,Probing,2.57,10,0,loam,111,2096.152099609375,2672.1392,275.55535888671875,257.9599,90
41,Council Grid,U27,64.8442,-163.7202,2021,USA,North America,North America,Discontinuous,1000,Probing,0.82,21,0,loam,61,1220.229004,2986.9531,380.38250732421875,427.78036,76
42,Kougarok,U28,65.454,-164.6268,2021,USA,North America,North America,Discontinuous,1000,Probing,0.4,21,0.04,loam,250,1099.090087890625,3426.028,314.96319580078125,255.80727,63
43,Reindeer Depot  (Thaw tube),C7 A,68.68472,-134.1458,2021,Canada,North America,North America,Discontinuous,TT,Thaw Tube,1.21,21,0,silt,34,1356.7806396484375,4080.9712,133.8102569580078,99.589874,
44,Rengleng River  (Thaw tube),C8 A,67.795,-134.1261,2021,Canada,North America,North America,Discontinuous,TT,Thaw Tube,0.24,14,0.19,sand,11,1620.9725341796875,3999.934,142.3404083251953,125.613686,
45,"Janssonhaugen, Svalbard",N1,78.1793,16.467,2021,NOR,Norway/Svalbard,Mountains (Europe),Alpine,T/B102,Borehole,1.31,25,0,debris,270,235.6210938,3023.9473,141.04147338867188,342.04642,159
46,"Junvvasshoe, Norway",N2,61.6775823,8.3693057,2021,NOR,Norway/Svalbard,Mountains (Europe),Alpine,T/B129,Borehole,1.08,24,0.01,debris,1894,910.8588867,2066.5732,437.9649658203125,557.4883,246
47,"Snoheim DB2, Norway",N5,62.2958,9.352,2021,NOR,Norway/Svalbard,Mountains (Europe),Alpine,T/B9,Borehole,8.45,17,0,debris,1481,1032.3809814453125,2094.848,429.76104736328125,452.6735,659
48,Lapires,CH3,46.106117,7.284349,2021,SWI,Switzerland,Mountains (Europe),Alpine,T/B19,Borehole,12.2,22,0,debris,2656,1500.196533203125,1018.6102,937.2633666992188,712.41766,643
49,Corvatsch,CH1,46.42879,9.821836,2021,SWI,Switzerland,Mountains (Europe),Alpine,T/B62,Borehole,15.49,23,0,debris,2670,843.6148071289062,1697.1342,761.5294799804688,664.5945,748
50,Stockhorn,CH4,45.986786,7.824201,2021,SWI,Switzerland,Mountains (Europe),Alpine,T/B100,Borehole,9.08,22,0,debris,3327,588.5805053710938,2078.3962,827.5987548828125,912.30664,442
51,Les Attelas,CH5,46.096772,7.273075,2021,SWI,Switzerland,Mountains (Europe),Alpine,T/B26,Borehole,7.08,16,0,debris,2507,1500.196533203125,1018.6102,937.2633666992188,712.41766,427
52,Gentianes,CH7,46.083705,7.302472,2021,SWI,Switzerland,Mountains (Europe),Alpine,T/B20,Borehole,27.76,18,0,debris,2896,1500.196533203125,1018.6102,937.2633666992188,712.41766,589
53,Schilthorn,CH2,46.558282,7.834426,2021,SWI,Switzerland,Mountains (Europe),Alpine,T/B101,Borehole,36.21,25,0,debris,2900,1659.885009765625,740.5956,1091.7947998046875,835.4291,1215
54,Fluela,CH8,46.748868,9.943555,2021,SWI,Switzerland,Mountains (Europe),Alpine,T/B23,Borehole,-0.47,19,0.01,debris,2413,1049.9388427734375,1490.4612,746.6839599609375,731.07764,284
55,Muot da Barba Peider,CH9,46.496573,9.93141,2021,SWI,Switzerland,Mountains (Europe),Alpine,T/B18,Borehole,10.59,19,0.01,debris,2941,914.1203613,1747.0947,688.3750610351562,646.983,
56,Matterhorn,CH10,45.982321,7.676049,2021,SWI,Switzerland,Mountains (Europe),Alpine,T/B53,Borehole,9.57,15,0,debris,3204,656.4924316,1983.1893,752.8424072265625,900.57794,297
57,Schafberg,CH11,46.498797,9.925215,2021,SWI,Switzerland,Mountains (Europe),Alpine,T/B60,Borehole,0.89,22,0,debris,2731,914.1203613,1747.0947,688.3750610351562,646.983,512
58,Ritigraben,CH12,46.174694,7.849835,2021,SWI,Switzerland,Mountains (Europe),Alpine,T/B30,Borehole,3.11,22,0.01,debris,2640,1169.347900390625,1362.8453,732.4672852,762.0338,399
59,Cime Bianche,IT2,45.920046,7.693595,2021,IT,Switzerland,Mountains (Europe),Alpine,T/B41,Borehole,20.21813725,17,0,debris,3100,1119.803466796875,1382.0743,833.074707,750.4796,598
60,Stelvio,IT3,45.5187,10.4569,2021,IT,Switzerland,Mountains (Europe),Alpine,T/B100,Borehole,9.69,24,0,debris,2612,4912.509766,0.5231323,1015.827880859375,118.594345,401
61,Aiguille du Midi SE,FRA1a,45.878173,6.887653,2021,FRA,Switzerland,Mountains (Europe),Alpine,T/B10,Borehole,17.61356297,12,0,debris,3753,1019.5787963867188,1384.2109,665.8919677734375,1169.7328,650
62,Aiguille du Midi NW,FRA1b,45.878679,6.887216,2021,FRA,Switzerland,Mountains (Europe),Alpine,T/B10,Borehole,7.678571429,15,0,debris,3745,1019.5787963867188,1384.2109,665.8919677734375,1169.7328,239
63,Aiguille du Midi NE,FRA1c,45.878585,6.888098,2021,FRA,Switzerland,Mountains (Europe),Alpine,TB/10,Borehole,13.51785714,14,0,debris,3738,1019.5787963867188,1384.2109,665.8919677734375,1169.7328,352
64,Bolvansky,R24,68.3,54.5,2021,RUS,Russian European North,Russian Northwest,Continuous,100,Probing,0.09,23,0.82,loam,28,1433.27002,2668.1968,385.534668,231.8501,128
65,Kashin Island,R24 A,68.23333,53.85,2021,RUS,Russian European North,Russian Northwest,Continuous,100,Probing,3.85,15,0,sand,9,1454.6875,2611.9402,364.7397155761719,228.1789,98
66,Zackenberg; ZEROCALM 1,G1,74.473,-20.5528,2021,DEN,Denmark (Greenland),Nordic Arctic,Continuous,100/T,Probing,0.64,25,0,loam,36,266.6219787597656,3789.724,62.791412353515625,428.21225,89
67,Zackenberg; ZEROCALM 2,G2,74.466,-20.5643,2021,DEN,Denmark (Greenland),Nordic Arctic,Continuous,150/T,Probing,0.5,25,0.02,loam,16,266.6219787597656,3789.724,62.791412353515625,428.21225,74
68,UNISCALM,N3,78.200956,15.836412,2021,NOR,Norway/Svalbard,Nordic Arctic,Continuous,100/T,Probing,0.52,25,0.01,sand,10,300.1085510253906,2736.4749,165.45907592773438,336.32495,98
69,"Ayach-Yakha, Vorkuta",R2,67.58333,64.18333,2021,RUS,Russian European North,Russian Northwest,Discontinuous,100/T,Probing,0.69,25,0,loam,148,1276.914794921875,3554.7217,404.6812744140625,302.2049,91
70,Talnik,R23,67.33333,63.73333,2021,RUS,Russian European North,Russian Northwest,Discontinuous,100,Probing,2.52,22,0,loam,120,1345.259277,3493.349,381.7842102050781,295.43854,151
71,Seida,R52,67.06556,62.92508,2021,RUS,Russian European North,Russian Northwest,Discontinuous,100,Probing,1.21,13,0,peat,100,1415.0323486328125,3418.231,381.9431152,284.37323,62
72,"Abisko area, Sweden",S2,68.33333,18.83333,2021,SWE,Sweden/Svalbard,Nordic Arctic,Discontinuous,100/T,Probing,1.25,24,0,peat,900,923.1186523,2057.003,382.86322021484375,598.513,98
73,Nadym; West Siberia,R1,65.314861,72.864194,2021,RUS,West Siberia,West Siberia,Discontinuous,100/T/B10,Probing,3.38,25,0,sand,28,1657.171142578125,3592.6206,313.1183166503906,250.43408,196
74,Nadym WET; West Siberia,R1b,65.23375,72.518417,2021,RUS,West Siberia,West Siberia,Discontinuous,100,Probing,6.18,12,0,sand,7,1684.294189453125,3549.4775,318.0002136230469,247.17715,121
75,"Marre Sale, Yamal Peninsula",R3,69.71667,66.75,2021,RUS,West Siberia,West Siberia,Continuous,1000/T/B10,Probing,0.7,23,0.09,sand,18,937.043457,3306.1143,237.2573242,301.9063,120
76,"Vaskiny Dachy, Yamal Peninsula",R5,70.28333,68.9,2021,RUS,West Siberia,West Siberia,Continuous,100/T/B10,Probing,0.43,24,0.05,silt,29,1047.138184,4034.581,200.35751342773438,239.14685,101
77,"Vaskiny Dachy, Yamal Peninsula",R5a,70.28333,68.9,2021,RUS,West Siberia,West Siberia,Continuous,50,Probing,0.5,18,0.2,loam,45,1047.138184,4034.581,200.35751342773438,239.14685,76
78,"Vaskiny Dachi, Yamal Peninsula",R5b,70.2755,68.89164,2021,RUS,West Siberia,West Siberia,Continuous,50,Probing,0.74,18,0.04,silt,35,1047.138184,4034.581,200.35751342773438,239.14685,82
79,"Vaskiny Dachi, Yamal Peninsula",R5c,70.2955,68.88347,2021,RUS,West Siberia,West Siberia,Continuous,50,Probing,1.12,18,0.06,sand,25,1047.138184,4034.581,200.35751342773438,239.14685,123
80,Urengoy Gas Field GP5,R50a,66.31325,76.903478,2021,RUS,West Siberia,West Siberia,Discontinuous,100/T/B10,Probing,3.68,17,0,sand,59,1401.444824,3936.2036,330.99237060546875,239.6826,114
81,Urengoy Gas Field GP15,R50b,67.47791,76.69529,2021,RUS,West Siberia,West Siberia,Discontinuous,100/T/B10,Probing,2.67,16,0,sand,32,1311.125977,4060.996,320.4831543,234.78076,107
82,Bely Island (silt),R55,73.32694,70.08528,2021,RUS,West Siberia,West Siberia,Continuous,50,Probing,0.36,15,0.04,silt,4.2,686.6595458984375,3613.3867,182.57284545898438,214.62024,55
83,Bely Island (sand),R55a,73.32861,70.08833,2021,RUS,West Siberia,West Siberia,Continuous,25,Probing,2.08,15,0,sand,3.4,686.6595458984375,3613.3867,182.57284545898438,214.62024,121
84,Bykovsky (Lena delta) (alas),R29 B,71.7855,71.41917,2021,RUS,Central Siberia,Central Siberia,Continuous,100,Probing,0.05,20,0.65,loam,5,909.1279297,4073.6602,219.3001708984375,222.90955,31
85,Talnah (Norilsk Region),R32,69.43333,88.46667,2021,RUS,Central Siberia,Central Siberia,Continuous,100,Probing,1.02,20,0.01,loam,67,1178.261719,4636.4844,475.0232849121094,474.24564,122
86,Igarka,R40,67.48135,86.4347,2021,RUS,Central Siberia,Central Siberia,Discontinuous,100,Probing,2.97,16,0,loam,40,1353.9049072265625,4294.241,318.6799316,376.35522,102
87,Tuymada (Yakutsk region),R42,62.0133,129.65683,2021,RUS,Central Siberia,Central Siberia,Continuous,50/TT,Thaw Tube,0.5,17,0,sand,101,2406.692138671875,4829.1216,169.1488494873047,116.06778,208
88,Neleger (Yakutsk region),R43,62.31618,129.49952,2021,RUS,Central Siberia,Central Siberia,Continuous,50/TT,Thaw Tube,0.06,17,0.77,loam,210,2285.513672,4969.5176,174.20541381835938,112.21556,130
89,Samoylov,R51,72.369775,126.48063,2021,RUS,Central Siberia,Central Siberia,Continuous,150,Probing,0.42,22,0.02,sand,14,1192.4588623046875,5295.878,180.3004608154297,106.359055,63
90,"Cape Chukochii; edoma, Kolyma",R13 A,70.08333,159.5833,2021,RUS,Northeast Siberia,Northeast Siberia,Continuous,100/T/B30,Probing,-0.04,22,0.84,loam,32,645.5795288085938,4814.097,142.20144653320312,85.41609,43
91,"Cape Chukochi, alas, Kolyma",R13 B,70.08333,159.9167,2021,RUS,Northeast Siberia,Northeast Siberia,Continuous,100,Probing,-0.02,22,0.95,loam,32,559.3438720703125,4726.229,159.5235595703125,91.16002,44
92,"Chukochya River, Kolyma",R14,69.48333,156.9833,2021,RUS,Northeast Siberia,Northeast Siberia,Continuous,100/T/B25,Probing,0.27,16,0.05,loam,31,1054.8494873046875,5119.262,146.4539337158203,77.70859,48
93,"Konkovaya River, Kolyma",R15 A,69.38333,158.4667,2021,RUS,Northeast Siberia,Northeast Siberia,Continuous,100/T/B50,Probing,-0.34,17,0.36,loam,20,1030.526367,5097.014,139.79232788085938,80.176476,
94,"Konkovaya River, Kolyma",R15 B,69.38333,158.4667,2021,RUS,Northeast Siberia,Northeast Siberia,Continuous,100/T/B50,Probing,-0.19,17,0.45,loam,41,1030.526367,5097.014,139.79232788085938,80.176476,
95,"Segodnya Pingo, Kolyma",R16,69.08333,158.9,2021,RUS,Northeast Siberia,Northeast Siberia,Continuous,100,Probing,-0.47,19,0.24,peat,30,1148.6529541015625,5186.7676,140.2184295654297,82.964386,52
96,Akhmelo channel; Kolyma,R17,68.81667,161,2021,RUS,Northeast Siberia,Northeast Siberia,Continuous,100/T,Probing,0.61,23,0,loam,5,1273.562012,5167.7676,173.2119903564453,98.90595,63
97,Mt. Rodinka; Kolyma,R18,68.9255,161.5046,2021,RUS,Northeast Siberia,Northeast Siberia,Continuous,100/T,Probing,0.05,23,0.81,loam,152,1263.982666015625,5078.71,197.00778198242188,104.929855,66
98,Mt. Rodinka; Kolyma (10 m grid),R18 A,68.7417,161.5042,2021,RUS,Northeast Siberia,Northeast Siberia,Continuous,10/T,Probing,1.03,19,0,loam,152,1279.139648,5028.031,179.91709899902344,103.33577,72
99,"Lake Glukhoe, Kolyma",R19,68.8,160.95,2021,RUS,Northeast Siberia,Northeast Siberia,Continuous,100,Probing,0.55,21,0.08,sand,15,1273.562012,5167.7676,173.2119903564453,98.90595,83
100,"Malchilovskaya Channel, Kolyma",R20,68.51667,161.4333,2021,RUS,Northeast Siberia,Northeast Siberia,Continuous,100,Probing,0.54,23,0,loam,10,1354.9859619140625,5199.632,166.91860961914062,98.354675,59
101,"Lake Akhmelo, Kolyma",R21,68.83333,161.0333,2021,RUS,Northeast Siberia,Northeast Siberia,Continuous,100/T/B15,Probing,0.13,23,0.67,sand,10,1273.562012,5167.7676,173.2119903564453,98.90595,94
102,Alazeya River,R22,69.31667,154.9833,2021,RUS,Northeast Siberia,Northeast Siberia,Continuous,100/B23,Probing,0.2,19,0.16,loam,60,1136.107177734375,5211.899,146.4838409423828,73.13318,56
103,Jakutskoe Lake,R25,69.85,159.5,2021,RUS,Northeast Siberia,Northeast Siberia,Continuous,100,Probing,-0.02,20,0.89,loam,9,730.2053223,4812.2373,158.6964111328125,91.70073,47
104,Allaiha (Indigirka basin),R31,70.55,147.4333,2021,RUS,Northeast Siberia,Northeast Siberia,Continuous,100,Probing,-0.02,16,0.96,loam,42,1169.905273,5411.6533,180.7694854736328,73.8257,45
105,Omolon,R35,68.73333,158.9,2021,RUS,Northeast Siberia,Northeast Siberia,Continuous,100,Probing,-0.02,17,0.93,loam,4,1235.84668,5204.4795,140.65774536132812,87.915146,39
106,Andryushkino,R36,69.16667,154.4333,2021,RUS,Northeast Siberia,Northeast Siberia,Continuous,100,Probing,0.4,19,0.01,loam,21,1173.0836181640625,5230.0625,147.08348083496094,72.39142,45
107,Mt. Rodinka (Control),R38 A,68.7,161.55,2021,RUS,Northeast Siberia,Northeast Siberia,Continuous,10/T,Probing,0.12,15,0.86,loam,75,1272.163330078125,5011.132,181.00173950195312,103.560745,
108,Mt. Rodinka (Station),R38 C,68.74,161.3928,2021,RUS,Northeast Siberia,Northeast Siberia,Continuous,10/T,Probing,-1.03,21,0,loam,31,1284.2779541015625,5057.4854,179.0836639404297,102.72932,51
109,Cape Rogozhny; Chukotka,R9,64.78333,176.9667,2021,RUS,Chukotka,Northeast Siberia,Continuous,100/T,Probing,0.17,25,0.21,loam,17,1000.7220458984375,3905.9517,323.8190002441406,325.95712,49
110,"Mt. Dionisy, Chukotka",R11,64.56667,177.2,2021,RUS,Chukotka,Northeast Siberia,Continuous,100/T,Probing,0.12,24,0.42,loam,148,912.4914551,3683.1836,282.84686279296875,372.72546,51
111,Lavrentia,R27,65.6,-171.05,2021,RUS,Chukotka,Northeast Siberia,Continuous,100,Probing,0.4,25,0.02,loam,100,652.6203613,3407.933,329.0636291503906,404.16287,75
112,Lorino,R41,65.539667,-171.63023,2021,RUS,Chukotka,Northeast Siberia,Continuous,100,Probing,0.87,15,0,sand,45,676.4824219,3595.1553,310.0574951171875,378.43298,62
113,Kruglaya (Anadyr),R45,64.63333,176.9667,2021,RUS,Chukotka,Northeast Siberia,Continuous,100,Probing,0.04,15,0.82,silt,2.5,974.9974365234375,3810.0059,278.1528625488281,370.5937,45
114,Ploskii Tolbachik (Kamchatka) 2,R30 C,55.89092,160.5375,2021,RUS,Kamchatka,Mountains (Eurasia),Alpine,100,Probing,0.23,17,0.03,silt,1630,899.7727051,2802.0479,412.0220947265625,834.93005,49
115,Baganuur Depression,M 1,47.68889,108.2625,2021,MNG,Hentei,Mountains (Eurasia),Alpine,T/B15,Borehole,4.42,22,0,sand,1350,2075.743896484375,1907.5679,272.0275879,45.63861,500
116,Nalaikh – northern slope,M2 A,47.75444,107.25,2021,MNG,Hentei,Mountains (Eurasia),Alpine,T/T/B50,Borehole,1.7,23,0,loam,1512,1932.4718017578125,2014.1926,268.7147216796875,45.568134,375
117,Terkh – valley bottom,M6 A,48.08194,99.37333,2021,MNG,Hangai,Mountains (Eurasia),Alpine,T/B15,Borehole,1.22,22,0,sand,2050,1375.6446533203125,2355.1055,370.9352722167969,112.62715,305
118,Chuluut – pingo top,M7 A,48.04111,100.39167,2021,MNG,Hangai,Mountains (Eurasia),Alpine,T/B15,Borehole,1.74,22,0,silt,1870,1474.993652,1986.0132,478.8656921386719,92.29878,170
119,Hatgal – lake terrace,M11,50.43861,100.15028,2021,MNG,Hovsgol,Mountains (Eurasia),Alpine,T/B6,Borehole,5.38,21,0,sand,1662,1388.0560302734375,2308.9502,571.9367065429688,117.69473,600
120,Darhad Khuurch,M13 A,51.18722,99.4975,2021,MNG,Hovsgol,Mountains (Eurasia),Alpine,T/B100,Borehole,0.15,17,0.36,loam,1558,1445.547363,3209.1921,439.4888916015625,105.83238,180
121,Prior Island,A32,-75.692829,162.880554,2021,ANT,SVL,Antarctica,Continuous,T/B1,Borehole,0.8,10,0.55,silt,30,0,7140.191,0,190.22534,50
122,Finger Point,A33,-77.004683,162.623283,2021,ANT,SVL,Antarctica,Continuous,T/B1,Borehole,-0.3,10,0.66,silt,190,0,8226.43,0,89.88034,105
123,Boulder Clay,A7,-74.745489,164.020308,2021,ANT,SVL,Antarctica,Continuous,T/B3.6,Borehole,0,22,0.99,silt,205,0.209564209,7766.756,0,187.13629,34
124,Oasi,A8,-74.74167,164.1,2021,ANT,SVL,Antarctica,Continuous,T/B30,Borehole,-1.3,13,0.14,debris,52,0.209564209,7027.643,0,187.13629,
125,Apostrophe Island,A30,-73.51885,167.433567,2021,ANT,NVL,Antarctica,Continuous,T/B1,Borehole,0.1,10,0.978,silt,20,0.07333374,6342.142,0,228.94344,64
126,Edmonson Point,A31,-74.328494,165.131881,2021,ANT,NVL,Antarctica,Continuous,T/B1,Borehole,0.5,10,0.65,debris,30,0.209564209,7628.928,0,163.20454,48
127,Deception Island (Crater Lake),A16,-62.9856507,-60.6787111,2021,ANT,AP,Antarctica,Discontinuous,100/P/B1.3,Probing,0.3,19,0.27,debris,85,175.70413208007812,522.5895,444.1814880371094,807.0063,36
128,Deception Island (Irizar),A26,-62.9837,-60.7156671,2021,ANT,AP,Antarctica,Discontinuous,100/P/B1.2,Probing,4.4,19,0,debris,130,175.70413208007812,522.5895,444.1814880371094,807.0063,50
129,Signy Island,A17,-60.7115,-45.5919,2021,ANT,AP,Antarctica,Discontinuous,T/B3.6,Borehole,7.2,12,0,debris,85,56.121551513671875,986.61926,50.294063568115234,779.05054,195
130,Signy Island- Bertsen,A17A,-60.7083,-45.5941,2021,ANT,AP,Antarctica,Discontinuous,T/B30,Borehole,-0.9,14,0.07,debris,21,56.121551513671875,986.61926,50.294063568115234,779.05054,300
131,King George-Bellingshausen,A18,-62.1983,-58.9842,2021,ANT,AP,Antarctica,Discontinuous,100/T,Probing,1.9,16,0.03,debris,15,195.13714599609375,538.7371,324.8646240234375,641.77185,85
132,Rothera,A19,-67.5719,-68.126,2021,ANT,AP,Antarctica,Discontinuous,T/B31,Probing,-2.2,15,0.42,debris,31,2.395965576171875,2346.8335,396.1483154296875,1951.2819,30
133,Limnopolar Lake (Livingston Island),A25,-62.6498,-61.1047,2021,ANT,AP,Antarctica,Discontinuous,100/T,Probing,0.9,14,0.32,debris,80,177.5283203,508.62555,447.88995361328125,807.2083,
134,James Ross Island (JGM),A27,-63.8012464,-57.8834444,2021,ANT,AP,Antarctica,Continuous,70/T/G/B2.0,Probing,1.5,11,0.03,debris,10,25.899139404296875,2377.7202,62.97344970703125,964.2126,81
135,James Ross Island (Berry Hill),A28,-63.80257189,-57.83848112,2021,ANT,AP,Antarctica,Continuous,50/T/B0.9,Probing,0.1,14,0.04,debris,60,31.89569091796875,2344.0142,111.34628295898438,907.9436,97
136,Abernethy Flats,A34,-63.881389,-57.934722,2021,ANT,AP,Antarctica,Continuous,70/T/B,Borehole,0.1,13,0,debris,40,25.899139404296875,2377.7202,111.34628295898438,964.2126,87
137,Balcón I (Mendoza),SA2A,-32.9619,-69.3719,2021,ARG,Central Andes,Mountains (South America),Alpine,T/B,Borehole,1.9,13,0.14,debris,3560,689.9736328,1087.0382,717.1109619140625,155.64636,
138,Balcón I Superior (Mendoza),SA2B,-32.955,-69.3706,2021,ARG,Central Andes,Mountains (South America),Alpine,T/B,Borehole,6.1,15,0,debris,3586,689.9736328,1087.0382,717.1109619140625,155.64636,
139,Balcón II (Mendoza),SA2C,-32.9597,-69.3803,2021,ARG,Central Andes,Mountains (South America),Alpine,T/B,Borehole,2,22,0,debris,3770,689.9736328,1087.0382,717.1109619140625,155.64636,350
0,Barrow,U1,71.31667,-156.6,2022,USA,North America,North America,Continuous,1000/T,Probing,0.34,25,0.012,loam,3,447.3827819824219,3568.351,118.66726684570312,100.49671,32
1,"Barrow, CRREL Plots",U2,71.31667,-156.5833,2022,USA,North America,North America,Continuous,10/T,Probing,0.27,25,0.017,loam,3,447.3827819824219,3568.351,118.66726684570312,100.49671,32
2,Atkasuk,U3,70.45,-157.4,2022,USA,North America,North America,Continuous,1000/T,Probing,0.4,25,0.009,sand,22,845.6465454101562,3977.5078,141.5153350830078,85.19494,44
3,West Dock 1 ha grid,U4,70.3745,-148.5522,2022,USA,North America,North America,Continuous,100/T/B56,Probing,0.34,24,0.001,loam,3,590.9763184,3979.447,140.01144409179688,76.40679,31
4,West Dock 1 km grid,U5,70.36667,-148.5667,2022,USA,North America,North America,Continuous,1000,Probing,0.25,24,0.039,loam,3,590.9763184,3979.447,140.01144409179688,76.40679,45
5,Deadhorse,U6,70.1613,-148.4653,2022,USA,North America,North America,Continuous,100/T/B60,Probing,0.47,24,0.001,Loam,17,703.8651123046875,4067.2275,156.2653045654297,84.73478,65
6,Betty Pingo 1 km grid,U7 A,70.28333,-148.8667,2022,USA,North America,North America,Continuous,1000/T,Probing,0.2,24,0.401,loam,12,669.3807373046875,4046.9597,149.42550659179688,77.07684,46
7,Betty Pingo MNT,U7 B,70.2835,-148.8928,2022,USA,North America,North America,Continuous,100,Probing,0.28,24,0.117,loam,12,669.3807373046875,4046.9597,149.42550659179688,77.07684,35
8,Betty Pingo WET,U7 C,70.275,-148.919,2022,USA,North America,North America,Continuous,100,Probing,0.14,24,0.06,silt,12,669.3807373046875,4046.9597,149.42550659179688,77.07684,41
9,Franklin Bluff,U8,69.6739,-148.7219,2022,USA,North America,North America,Continuous,100/T/B60,Probing,0.59,24,0.001,sand,88,939.1361083984375,4225.388,190.16661071777344,99.15028,65
10,Happy Valley,U9 A,69.1466,-148.8483,2022,USA,North America,North America,Continuous,100/T/B40,Probing,0.49,20,0.001,loam,305,997.8347168,4267.077,269.97857666015625,124.53137,42
11,Happy Valley 1 km grid,U9 B,69.1482,-148.8505,2022,USA,North America,North America,Continuous,1000/T,Probing,-0.01,25,0.92,silt,305,994.6369629,4252.7256,272.47430419921875,122.496346,38
12,Lupine Hill,U10,69.12883,-148.5928,2022,USA,North America,North America,Continuous,100,Probing,0.29,24,0.003,silt,537,1001.80127,4166.5303,267.09222412109375,129.08601,46
13,Imnavait Creek  1 km grid,U11 A,68.6114,-149.3101,2022,USA,North America,North America,Continuous,1000/T,Probing,0.37,25,0.029,loam,910,798.6601563,4192.8857,335.28240966796875,134.41547,48
14,Imnavait Creek WET,U11 B,68.611,-149.3145,2022,USA,North America,North America,Continuous,100,Probing,0.48,25,0.005,silt,917,798.6601563,4192.8857,335.28240966796875,134.41547,49
15,Imnavait Creek MAT,U11 C,68.611,-149.30933,2022,USA,North America,North America,Continuous,100,Probing,0.35,25,0.034,silt,938,798.6601563,4192.8857,335.28240966796875,134.41547,39
16,Toolik 1 km grid,U12 A,68.6215,-149.6063,2022,USA,North America,North America,Continuous,1000/T,Probing,0.28,25,0.073,silt,750,842.7399902,4119.555,333.6609191894531,132.35654,47
17,Toolik MAT,U12 B,68.624,-149.61817,2022,USA,North America,North America,Continuous,100,Probing,0.29,25,0.049,silt,777,842.7399902,4119.555,333.6609191894531,132.35654,43
18,Galbraith Lake,U14,68.4774,-149.5024,2022,USA,North America,North America,Continuous,100/T/B75,Probing,0.38,21,0.02,silt,823,757.3848266601562,4163.748,357.2864074707031,135.51138,51
19,Chandalar Shelf,U15,68.0691,-149.5804,2022,USA,North America,North America,Continuous,30/T/B61,Probing,0.45,24,0,silt,976,649.9295043945312,4209.36,279.69305419921875,150.3059,40
20,Ivotuk  1 km grid,U26,68.48333,-155.7333,2022,USA,North America,North America,Continuous,1000,Probing,-0.15,20,0.31,peat,570,849.0233154296875,3971.5405,251.30599975585938,102.31319,41
21,56 Mile,U56,69.5006,-148.5592,2022,USA,North America,North America,Continuous,100,Probing,0.07,25,0.55,loam,349,1002.0955200195312,4219.62,206.1539306640625,112.40664,63
22,Sagwon Hills MNT,U32 A,69.441,-148.67033,2022,USA,North America,North America,Continuous,100,Probing,0.17,25,0.13,silt,269,1004.438232421875,4281.4907,216.05731201171875,117.82342,56
23,Sagwon Hills MAT,U32 B,69.401,-148.8056,2022,USA,North America,North America,Continuous,100,Probing,0.17,25,0.2,silt,360,1002.9231567382812,4275.3257,214.21527099609375,116.095055,37
24,Drew Point,U20,70.8645,-153.91,2022,USA,North America,North America,Continuous,T/B640,Borehole,0.57,20,0,silt,5,549.8586426,3780.5146,144.52662658691406,77.67929,
25,Inigok,U21,69.98962,-153.09,2022,USA,North America,North America,Continuous,T/B625,Borehole,0.09,25,0.87,silt,53,918.1791992,4082.8936,164.5082550048828,74.23335,41
26,Fish Creek,U22,70.33523,-152.05,2022,USA,North America,North America,Continuous,T/B735,Borehole,0.23,20,0.09,silt,31,801.2407227,4055.5603,159.16616821289062,68.04941,
27,Umiat,U24,69.3957,-152.14,2022,USA,North America,North America,Continuous,T/B640,Borehole,0.07,21,0.62,silt,201,1020.0277709960938,4149.987,192.9735870361328,85.94058,
28,Tunalik,U25,70.1959,-161.08,2022,USA,North America,North America,Continuous,T/B393,Borehole,0.3,25,0.14,silt,26,740.4780273,3681.5117,157.12982177734375,114.84087,46
29,Niguanak,U29,69.8894,-142.98,2022,USA,North America,North America,Continuous,T/B/30?,Borehole,0.57,22,0.1,silt,84,643.6605224609375,3781.2075,130.5862274169922,106.616264,40
30,Koluktak,U30,69.7516,-154.62,2022,USA,North America,North America,Continuous,T/B/,Borehole,0.14,21,0.08,silt,60,991.0075684,4113.1914,180.8352051,84.084366,
31,Piksiksak,U37,70.0366,-157.08,2022,USA,North America,North America,Continuous,T/B/,Borehole,-0.31,21,0.21,silt,33,934.0672607421875,3984.3386,171.63864135742188,90.69087,37
32,East Teshekpuk,U38,70.5685,-152.97,2022,USA,North America,North America,Continuous,T/B/,Borehole,-0.26,21,0.14,silt,7,670.5834961,3940.2493,138.8943634033203,68.99727,23
33,North Head (thaw tube),C3 A,69.71972,-134.4619,2022,Canada,North America,North America,Continuous,TT,Thaw Tube,-0.01,13,0.9,silt,2,874.9855346679688,3874.374,130.99966430664062,88.75485,55
34,Lousy Point (Thaw tube),C5 A,69.21889,-134.2911,2022,Canada,North America,North America,Continuous,TT/T/B30,Thaw Tube,0.57,23,0,sand,30,1138.3841552734375,3922.9265,199.2834014892578,72.388435,75
35,Old Man,U16,66.45,-150.6167,2022,USA,North America,North America,Discontinuous,100/T/B63,Probing,0.24,22,0.12,silt,390,1502.430908203125,3268.9902,317.6862793,113.35562,43
36,Wickersham,U17,65.1667,-147.9,2022,USA,North America,North America,Discontinuous,TT/P,Probing,0.47,25,0,loam,335,1745.20459,2908.9854,264.7755432128906,104.84436,55
37,Pearl Creek,U19,64.9,-147.8167,2022,USA,North America,North America,Discontinuous,TT/P,Probing,5.82,25,0,silt,213,2087.930908203125,2572.599,207.6241455078125,98.51954,168
38,Farmers Loop,U41,64.88,-147.67,2022,USA,North America,North America,Discontinuous,100,Probing,0.63,20,0,silt,151,2064.280273,2544.93,210.26339721679688,98.738525,64
39,Eagle,U51,64.7777,-141.10954,2022,USA,North America,North America,Discontinuous,50/P/T,Probing,0.04,11,0.98,peat,280,1759.8958740234375,3213.4685,305.0700378417969,132.98102,
40,Nenana,U57,64.55446,-149.08339,2022,USA,North America,North America,Discontinuous,50/P/T,Probing,2.57,10,0,loam,111,2183.696289,2557.397,192.8367156982422,105.09544,
41,Council Grid,U27,64.8442,-163.7202,2022,USA,North America,North America,Discontinuous,1000,Probing,0.82,21,0,loam,61,1364.505859,2420.6006,354.7891845703125,177.73267,71
42,Kougarok,U28,65.454,-164.6268,2022,USA,North America,North America,Discontinuous,1000,Probing,0.4,21,0.04,loam,250,1220.0589599609375,2861.2087,256.6880187988281,104.77388,61
43,Reindeer Depot  (Thaw tube),C7 A,68.68472,-134.1458,2022,Canada,North America,North America,Discontinuous,TT,Thaw Tube,1.21,21,0,silt,34,1259.258301,3997.097,213.0605926513672,71.92032,157
44,Rengleng River  (Thaw tube),C8 A,67.795,-134.1261,2022,Canada,North America,North America,Discontinuous,TT,Thaw Tube,0.24,14,0.19,sand,11,1626.4752197265625,4043.4167,187.05929565429688,82.40728,119
45,"Janssonhaugen, Svalbard",N1,78.1793,16.467,2022,NOR,Norway/Svalbard,Mountains (Europe),Alpine,T/B102,Borehole,1.31,25,0,debris,270,350.5721130371094,2938.342,147.59515380859375,325.22382,180
46,"Junvvasshoe, Norway",N2,61.6775823,8.3693057,2022,NOR,Norway/Svalbard,Mountains (Europe),Alpine,T/B129,Borehole,1.08,24,0.01,debris,1894,697.4757080078125,1767.5708,404.5576172,523.57294,239
47,"Snoheim DB2, Norway",N5,62.2958,9.352,2022,NOR,Norway/Svalbard,Mountains (Europe),Alpine,T/B9,Borehole,8.45,17,0,debris,1481,831.6649169921875,1795.4354,514.2371826171875,379.06348,669
48,Lapires,CH3,46.106117,7.284349,2022,SWI,Switzerland,Mountains (Europe),Alpine,T/B19,Borehole,12.2,22,0,debris,2656,2000.9639892578125,870.8976,459.1453857421875,469.63776,666
49,Corvatsch,CH1,46.42879,9.821836,2022,SWI,Switzerland,Mountains (Europe),Alpine,T/B62,Borehole,15.49,23,0,debris,2670,1134.777832,1380.5724,695.7189331054688,287.8626,724
50,Stockhorn,CH4,45.986786,7.824201,2022,SWI,Switzerland,Mountains (Europe),Alpine,T/B100,Borehole,9.08,22,0,debris,3327,843.4238281,1780.2363,789.6292724609375,343.8192,518
51,Les Attelas,CH5,46.096772,7.273075,2022,SWI,Switzerland,Mountains (Europe),Alpine,T/B26,Borehole,7.08,16,0,debris,2507,2000.9639892578125,870.8976,459.1453857421875,469.63776,473
52,Gentianes,CH7,46.083705,7.302472,2022,SWI,Switzerland,Mountains (Europe),Alpine,T/B20,Borehole,27.76,18,0,debris,2896,2000.9639892578125,870.8976,459.1453857421875,469.63776,
53,Schilthorn,CH2,46.558282,7.834426,2022,SWI,Switzerland,Mountains (Europe),Alpine,T/B101,Borehole,36.21,25,0,debris,2900,2164.584961,640.5529,789.9314575195312,412.2968,1304
54,Fluela,CH8,46.748868,9.943555,2022,SWI,Switzerland,Mountains (Europe),Alpine,T/B23,Borehole,-0.47,19,0.01,debris,2413,1362.6859130859375,1230.2446,767.3524169921875,353.9333,294
55,Muot da Barba Peider,CH9,46.496573,9.93141,2022,SWI,Switzerland,Mountains (Europe),Alpine,T/B18,Borehole,10.59,19,0.01,debris,2941,1219.887695,1475.2244,679.5349731445312,296.78906,
56,Matterhorn,CH10,45.982321,7.676049,2022,SWI,Switzerland,Mountains (Europe),Alpine,T/B53,Borehole,9.57,15,0,debris,3204,937.607666,1704.8604,688.0535278320312,355.6843,533
57,Schafberg,CH11,46.498797,9.925215,2022,SWI,Switzerland,Mountains (Europe),Alpine,T/B60,Borehole,0.89,22,0,debris,2731,1219.887695,1475.2244,679.5349731445312,296.78906,515
58,Ritigraben,CH12,46.174694,7.849835,2022,SWI,Switzerland,Mountains (Europe),Alpine,T/B30,Borehole,3.11,22,0.01,debris,2640,1569.066406,1138.612,459.08782958984375,373.08612,400
59,Cime Bianche,IT2,45.920046,7.693595,2022,IT,Switzerland,Mountains (Europe),Alpine,T/B41,Borehole,20.21813725,17,0,debris,3100,1494.508789,1205.9227,677.0203857421875,328.4826,711
60,Stelvio,IT3,45.5187,10.4569,2022,IT,Switzerland,Mountains (Europe),Alpine,T/B100,Borehole,9.69,24,0,debris,2612,5359.001953,1.9814758,678.3827514648438,16.831543,465
61,Aiguille du Midi SE,FRA1a,45.878173,6.887653,2022,FRA,Switzerland,Mountains (Europe),Alpine,T/B10,Borehole,17.61356297,12,0,debris,3753,1456.4957275390625,1182.5419,484.25885009765625,573.85004,764
62,Aiguille du Midi NW,FRA1b,45.878679,6.887216,2022,FRA,Switzerland,Mountains (Europe),Alpine,T/B10,Borehole,7.678571429,15,0,debris,3745,1456.4957275390625,1182.5419,484.25885009765625,573.85004,272
63,Aiguille du Midi NE,FRA1c,45.878585,6.888098,2022,FRA,Switzerland,Mountains (Europe),Alpine,TB/10,Borehole,13.51785714,14,0,debris,3738,1456.4957275390625,1182.5419,484.25885009765625,573.85004,493
64,Bolvansky,R24,68.3,54.5,2022,RUS,Russian European North,Russian Northwest,Continuous,100,Probing,0.09,23,0.82,loam,28,1538.6253662109375,1876.2598,271.9314880371094,200.62994,118
65,Kashin Island,R24 A,68.23333,53.85,2022,RUS,Russian European North,Russian Northwest,Continuous,100,Probing,3.85,15,0,sand,9,1570.9437255859375,1817.9673,245.4471893310547,196.92706,115
66,Zackenberg; ZEROCALM 1,G1,74.473,-20.5528,2022,DEN,Denmark (Greenland),Nordic Arctic,Continuous,100/T,Probing,0.64,25,0,loam,36,174.86431884765625,4089.058,144.37913513183594,199.34845,86
67,Zackenberg; ZEROCALM 2,G2,74.466,-20.5643,2022,DEN,Denmark (Greenland),Nordic Arctic,Continuous,150/T,Probing,0.5,25,0.02,loam,16,174.86431884765625,4089.058,144.37913513183594,199.34845,77
68,UNISCALM,N3,78.200956,15.836412,2022,NOR,Norway/Svalbard,Nordic Arctic,Continuous,100/T,Probing,0.52,25,0.01,sand,10,448.5285949707031,2677.2495,197.95025634765625,296.8183,102
69,"Ayach-Yakha, Vorkuta",R2,67.58333,64.18333,2022,RUS,Russian European North,Russian Northwest,Discontinuous,100/T,Probing,0.69,25,0,loam,148,1465.614990234375,2703.4243,281.213623,272.73566,90
70,Talnik,R23,67.33333,63.73333,2022,RUS,Russian European North,Russian Northwest,Discontinuous,100,Probing,2.52,22,0,loam,120,1546.000977,2675.8628,328.01959228515625,211.45212,178
71,Seida,R52,67.06556,62.92508,2022,RUS,Russian European North,Russian Northwest,Discontinuous,100,Probing,1.21,13,0,peat,100,1609.810547,2583.3657,338.91949462890625,189.96738,58
72,"Abisko area, Sweden",S2,68.33333,18.83333,2022,SWE,Sweden/Svalbard,Nordic Arctic,Discontinuous,100/T,Probing,1.25,24,0,peat,900,889.3676758,1677.176,437.7146911621094,627.98706,94
73,Nadym; West Siberia,R1,65.314861,72.864194,2022,RUS,West Siberia,West Siberia,Discontinuous,100/T/B10,Probing,3.38,25,0,sand,28,1778.35791,2790.6584,255.7606658935547,155.82103,199
74,Nadym WET; West Siberia,R1b,65.23375,72.518417,2022,RUS,West Siberia,West Siberia,Discontinuous,100,Probing,6.18,12,0,sand,7,1791.835693359375,2761.4607,248.14907836914062,156.25847,147
75,"Marre Sale, Yamal Peninsula",R3,69.71667,66.75,2022,RUS,West Siberia,West Siberia,Continuous,1000/T/B10,Probing,0.7,23,0.09,sand,18,981.9093017578125,2324.3792,262.86773681640625,202.69096,118
76,"Vaskiny Dachy, Yamal Peninsula",R5,70.28333,68.9,2022,RUS,West Siberia,West Siberia,Continuous,100/T/B10,Probing,0.43,24,0.05,silt,29,1090.5435791015625,2799.932,170.20318603515625,177.95474,103
77,"Vaskiny Dachy, Yamal Peninsula",R5a,70.28333,68.9,2022,RUS,West Siberia,West Siberia,Continuous,50,Probing,0.5,18,0.2,loam,45,1090.5435791015625,2799.932,170.20318603515625,177.95474,77
78,"Vaskiny Dachi, Yamal Peninsula",R5b,70.2755,68.89164,2022,RUS,West Siberia,West Siberia,Continuous,50,Probing,0.74,18,0.04,silt,35,1090.5435791015625,2799.932,170.20318603515625,177.95474,84
79,"Vaskiny Dachi, Yamal Peninsula",R5c,70.2955,68.88347,2022,RUS,West Siberia,West Siberia,Continuous,50,Probing,1.12,18,0.06,sand,25,1090.5435791015625,2799.932,170.20318603515625,177.95474,125
80,Urengoy Gas Field GP5,R50a,66.31325,76.903478,2022,RUS,West Siberia,West Siberia,Discontinuous,100/T/B10,Probing,3.68,17,0,sand,59,1658.5152587890625,3060.6975,290.44207763671875,132.3157,120
81,Urengoy Gas Field GP15,R50b,67.47791,76.69529,2022,RUS,West Siberia,West Siberia,Discontinuous,100/T/B10,Probing,2.67,16,0,sand,32,1532.769531,3102.9575,225.15118408203125,142.35971,112
82,Bely Island (silt),R55,73.32694,70.08528,2022,RUS,West Siberia,West Siberia,Continuous,50,Probing,0.36,15,0.04,silt,4.2,746.4614868164062,2602.0303,145.06961059570312,172.54599,54
83,Bely Island (sand),R55a,73.32861,70.08833,2022,RUS,West Siberia,West Siberia,Continuous,25,Probing,2.08,15,0,sand,3.4,746.4614868164062,2602.0303,145.06961059570312,172.54599,123
84,Bykovsky (Lena delta) (alas),R29 B,71.7855,71.41917,2022,RUS,Central Siberia,Central Siberia,Continuous,100,Probing,0.05,20,0.65,loam,5,892.9829102,2913.6587,114.28915405273438,185.3018,35
85,Talnah (Norilsk Region),R32,69.43333,88.46667,2022,RUS,Central Siberia,Central Siberia,Continuous,100,Probing,1.02,20,0.01,loam,67,1377.448242,3623.7761,260.14862060546875,350.58203,113
86,Igarka,R40,67.48135,86.4347,2022,RUS,Central Siberia,Central Siberia,Discontinuous,100,Probing,2.97,16,0,loam,40,1557.3629150390625,3260.7458,196.6230010986328,296.94162,105
87,Tuymada (Yakutsk region),R42,62.0133,129.65683,2022,RUS,Central Siberia,Central Siberia,Continuous,50/TT,Thaw Tube,0.5,17,0,sand,101,2197.971435546875,4475.982,177.9302215576172,71.58217,208
88,Neleger (Yakutsk region),R43,62.31618,129.49952,2022,RUS,Central Siberia,Central Siberia,Continuous,50/TT,Thaw Tube,0.06,17,0.77,loam,210,2054.637207,4608.6826,197.63560485839844,68.898605,133
89,Samoylov,R51,72.369775,126.48063,2022,RUS,Central Siberia,Central Siberia,Continuous,150,Probing,0.42,22,0.02,sand,14,965.7617188,4823.6895,128.0816650390625,105.111786,52
90,"Cape Chukochii; edoma, Kolyma",R13 A,70.08333,159.5833,2022,RUS,Northeast Siberia,Northeast Siberia,Continuous,100/T/B30,Probing,-0.04,22,0.84,loam,32,665.8234863,4508.42,67.98390197753906,68.75249,40
91,"Cape Chukochi, alas, Kolyma",R13 B,70.08333,159.9167,2022,RUS,Northeast Siberia,Northeast Siberia,Continuous,100,Probing,-0.02,22,0.95,loam,32,587.2296142578125,4405.9365,73.21753692626953,71.328514,33
92,"Chukochya River, Kolyma",R14,69.48333,156.9833,2022,RUS,Northeast Siberia,Northeast Siberia,Continuous,100/T/B25,Probing,0.27,16,0.05,loam,31,1007.896484,4814.5176,103.06991577148438,70.910446,
93,"Konkovaya River, Kolyma",R15 A,69.38333,158.4667,2022,RUS,Northeast Siberia,Northeast Siberia,Continuous,100/T/B50,Probing,-0.34,17,0.36,loam,20,1000.8458251953125,4764.033,102.16151428222656,67.72041,23
94,"Konkovaya River, Kolyma",R15 B,69.38333,158.4667,2022,RUS,Northeast Siberia,Northeast Siberia,Continuous,100/T/B50,Probing,-0.19,17,0.45,loam,41,1000.8458251953125,4764.033,102.16151428222656,67.72041,27
95,"Segodnya Pingo, Kolyma",R16,69.08333,158.9,2022,RUS,Northeast Siberia,Northeast Siberia,Continuous,100,Probing,-0.47,19,0.24,peat,30,1124.9014892578125,4809.8384,111.02094268798828,70.881645,36
96,Akhmelo channel; Kolyma,R17,68.81667,161,2022,RUS,Northeast Siberia,Northeast Siberia,Continuous,100/T,Probing,0.61,23,0,loam,5,1268.416259765625,4680.9155,151.86329650878906,70.700516,63
97,Mt. Rodinka; Kolyma,R18,68.9255,161.5046,2022,RUS,Northeast Siberia,Northeast Siberia,Continuous,100/T,Probing,0.05,23,0.81,loam,152,1238.4263916015625,4497.7134,152.18038940429688,76.20564,70
98,Mt. Rodinka; Kolyma (10 m grid),R18 A,68.7417,161.5042,2022,RUS,Northeast Siberia,Northeast Siberia,Continuous,10/T,Probing,1.03,19,0,loam,152,1274.000244140625,4479.126,153.80763244628906,73.18419,103
99,"Lake Glukhoe, Kolyma",R19,68.8,160.95,2022,RUS,Northeast Siberia,Northeast Siberia,Continuous,100,Probing,0.55,21,0.08,sand,15,1268.416259765625,4680.9155,151.86329650878906,70.700516,101
100,"Malchilovskaya Channel, Kolyma",R20,68.51667,161.4333,2022,RUS,Northeast Siberia,Northeast Siberia,Continuous,100,Probing,0.54,23,0,loam,10,1361.345703,4655.97,161.93751525878906,70.43856,60
101,"Lake Akhmelo, Kolyma",R21,68.83333,161.0333,2022,RUS,Northeast Siberia,Northeast Siberia,Continuous,100/T/B15,Probing,0.13,23,0.67,sand,10,1268.416259765625,4680.9155,151.86329650878906,70.700516,99
102,Alazeya River,R22,69.31667,154.9833,2022,RUS,Northeast Siberia,Northeast Siberia,Continuous,100/B23,Probing,0.2,19,0.16,loam,60,1104.614990234375,4937.6255,92.01237487792969,73.5343,58
103,Jakutskoe Lake,R25,69.85,159.5,2022,RUS,Northeast Siberia,Northeast Siberia,Continuous,100,Probing,-0.02,20,0.89,loam,9,752.5574951171875,4484.021,88.52509307861328,79.25784,44
104,Allaiha (Indigirka basin),R31,70.55,147.4333,2022,RUS,Northeast Siberia,Northeast Siberia,Continuous,100,Probing,-0.02,16,0.96,loam,42,1112.728027,5009.308,76.59777832,80.35863,
105,Omolon,R35,68.73333,158.9,2022,RUS,Northeast Siberia,Northeast Siberia,Continuous,100,Probing,-0.02,17,0.93,loam,4,1223.951172,4803.7856,131.6913604736328,78.97949,39
106,Andryushkino,R36,69.16667,154.4333,2022,RUS,Northeast Siberia,Northeast Siberia,Continuous,100,Probing,0.4,19,0.01,loam,21,1145.995117,4962.0054,100.6025391,73.29459,46
107,Mt. Rodinka (Control),R38 A,68.7,161.55,2022,RUS,Northeast Siberia,Northeast Siberia,Continuous,10/T,Probing,0.12,15,0.86,loam,75,1264.522461,4447.0864,154.8068848,73.801865,
108,Mt. Rodinka (Station),R38 C,68.74,161.3928,2022,RUS,Northeast Siberia,Northeast Siberia,Continuous,10/T,Probing,-1.03,21,0,loam,31,1279.6048583984375,4509.584,154.31077575683594,72.82788,53
109,Cape Rogozhny; Chukotka,R9,64.78333,176.9667,2022,RUS,Chukotka,Northeast Siberia,Continuous,100/T,Probing,0.17,25,0.21,loam,17,1121.4459228515625,2988.9536,256.15191650390625,165.20758,52
110,"Mt. Dionisy, Chukotka",R11,64.56667,177.2,2022,RUS,Chukotka,Northeast Siberia,Continuous,100/T,Probing,0.12,24,0.42,loam,148,1071.6351318359375,2799.359,225.87278747558594,172.15465,57
111,Lavrentia,R27,65.6,-171.05,2022,RUS,Chukotka,Northeast Siberia,Continuous,100,Probing,0.4,25,0.02,loam,100,770.8924560546875,2682.4592,154.77993774414062,229.21136,72
112,Lorino,R41,65.539667,-171.63023,2022,RUS,Chukotka,Northeast Siberia,Continuous,100,Probing,0.87,15,0,sand,45,780.8436279296875,2809.3262,138.16302490234375,220.64038,60
113,Kruglaya (Anadyr),R45,64.63333,176.9667,2022,RUS,Chukotka,Northeast Siberia,Continuous,100,Probing,0.04,15,0.82,silt,2.5,1130.9329833984375,2912.9753,223.85635375976562,172.36041,46
114,Ploskii Tolbachik (Kamchatka) 2,R30 C,55.89092,160.5375,2022,RUS,Kamchatka,Mountains (Eurasia),Alpine,100,Probing,0.23,17,0.03,silt,1630,1061.3673095703125,2608.7554,488.4576110839844,618.1376,52
115,Baganuur Depression,M 1,47.68889,108.2625,2022,MNG,Hentei,Mountains (Eurasia),Alpine,T/B15,Borehole,4.42,22,0,sand,1350,2148.246826171875,2312.5625,278.0981445,39.913467,510
116,Nalaikh – northern slope,M2 A,47.75444,107.25,2022,MNG,Hentei,Mountains (Eurasia),Alpine,T/T/B50,Borehole,1.7,23,0,loam,1512,2063.594238,2378.8044,314.52203369140625,28.697224,385
117,Terkh – valley bottom,M6 A,48.08194,99.37333,2022,MNG,Hangai,Mountains (Eurasia),Alpine,T/B15,Borehole,1.22,22,0,sand,2050,1597.2149658203125,2788.4126,194.2562713623047,89.5105,
118,Chuluut – pingo top,M7 A,48.04111,100.39167,2022,MNG,Hangai,Mountains (Eurasia),Alpine,T/B15,Borehole,1.74,22,0,silt,1870,1686.4727783203125,2430.7725,228.8218231201172,79.60721,
119,Hatgal – lake terrace,M11,50.43861,100.15028,2022,MNG,Hovsgol,Mountains (Eurasia),Alpine,T/B6,Borehole,5.38,21,0,sand,1662,1546.381103515625,2616.6267,396.7990723,54.672173,620
120,Darhad Khuurch,M13 A,51.18722,99.4975,2022,MNG,Hovsgol,Mountains (Eurasia),Alpine,T/B100,Borehole,0.15,17,0.36,loam,1558,1602.590576171875,3327.0278,225.39732360839844,52.10813,180
121,Prior Island,A32,-75.692829,162.880554,2022,ANT,SVL,Antarctica,Continuous,T/B1,Borehole,0.8,10,0.55,silt,30,0.145263672,6949.792,0,79.56642,82
122,Finger Point,A33,-77.004683,162.623283,2022,ANT,SVL,Antarctica,Continuous,T/B1,Borehole,-0.3,10,0.66,silt,190,0.145263672,8042.029,0,38.63755,91
123,Boulder Clay,A7,-74.745489,164.020308,2022,ANT,SVL,Antarctica,Continuous,T/B3.6,Borehole,0,22,0.99,silt,205,0.145263672,7600.2627,0,81.82868,32
124,Oasi,A8,-74.74167,164.1,2022,ANT,SVL,Antarctica,Continuous,T/B30,Borehole,-1.3,13,0.14,debris,52,0.145263672,6948.1167,0,81.82868,
125,Apostrophe Island,A30,-73.51885,167.433567,2022,ANT,NVL,Antarctica,Continuous,T/B1,Borehole,0.1,10,0.978,silt,20,0.225524902,6231.904,0,172.21936,55
126,Edmonson Point,A31,-74.328494,165.131881,2022,ANT,NVL,Antarctica,Continuous,T/B1,Borehole,0.5,10,0.65,debris,30,0.292907715,7519.7666,0,87.73732,46
127,Deception Island (Crater Lake),A16,-62.9856507,-60.6787111,2022,ANT,AP,Antarctica,Discontinuous,100/P/B1.3,Probing,0.3,19,0.27,debris,85,125.8343505859375,470.64923,345.7813415527344,572.45557,35
128,Deception Island (Irizar),A26,-62.9837,-60.7156671,2022,ANT,AP,Antarctica,Discontinuous,100/P/B1.2,Probing,4.4,19,0,debris,130,125.8343505859375,470.64923,345.7813415527344,572.45557,47
129,Signy Island,A17,-60.7115,-45.5919,2022,ANT,AP,Antarctica,Discontinuous,T/B3.6,Borehole,7.2,12,0,debris,85,47.51483154296875,919.4809,75.90571594238281,601.27625,205
130,Signy Island- Bertsen,A17A,-60.7083,-45.5941,2022,ANT,AP,Antarctica,Discontinuous,T/B30,Borehole,-0.9,14,0.07,debris,21,47.51483154296875,919.4809,75.90571594238281,601.27625,360
131,King George-Bellingshausen,A18,-62.1983,-58.9842,2022,ANT,AP,Antarctica,Discontinuous,100/T,Probing,1.9,16,0.03,debris,15,145.73947143554688,511.25406,304.1243896484375,511.2357,86
132,Rothera,A19,-67.5719,-68.126,2022,ANT,AP,Antarctica,Discontinuous,T/B31,Probing,-2.2,15,0.42,debris,31,4.911285400390625,2031.6765,189.6159668,1609.5044,25
133,Limnopolar Lake (Livingston Island),A25,-62.6498,-61.1047,2022,ANT,AP,Antarctica,Discontinuous,100/T,Probing,0.9,14,0.32,debris,80,130.1512451171875,456.961,346.73150634765625,567.4637,47
134,James Ross Island (JGM),A27,-63.8012464,-57.8834444,2022,ANT,AP,Antarctica,Continuous,70/T/G/B2.0,Probing,1.5,11,0.03,debris,10,17.68725586,2322.5288,41.424163818359375,741.3307,81
135,James Ross Island (Berry Hill),A28,-63.80257189,-57.83848112,2022,ANT,AP,Antarctica,Continuous,50/T/B0.9,Probing,0.1,14,0.04,debris,60,22.70117188,2278.6428,41.424163818359375,706.51465,98
136,Abernethy Flats,A34,-63.881389,-57.934722,2022,ANT,AP,Antarctica,Continuous,70/T/B,Borehole,0.1,13,0,debris,40,17.68725586,2322.5288,41.424163818359375,741.3307,93
137,Balcón I (Mendoza),SA2A,-32.9619,-69.3719,2022,ARG,Central Andes,Mountains (South America),Alpine,T/B,Borehole,1.9,13,0.14,debris,3560,678.5274047851562,1590.5625,478.5061035,188.25252,810
138,Balcón I Superior (Mendoza),SA2B,-32.955,-69.3706,2022,ARG,Central Andes,Mountains (South America),Alpine,T/B,Borehole,6.1,15,0,debris,3586,678.5274047851562,1590.5625,478.5061035,188.25252,580
139,Balcón II (Mendoza),SA2C,-32.9597,-69.3803,2022,ARG,Central Andes,Mountains (South America),Alpine,T/B,Borehole,2,22,0,debris,3770,678.5274047851562,1590.5625,478.5061035,188.25252,350
0,Barrow,U1,71.31667,-156.6,2023,USA,North America,North America,Continuous,1000/T,Probing,0.34,25,0.012,loam,3,605.7328491210938,3468.3418,99.61701965332031,83.1654,44
1,"Barrow, CRREL Plots",U2,71.31667,-156.5833,2023,USA,North America,North America,Continuous,10/T,Probing,0.27,25,0.017,loam,3,605.7328491210938,3468.3418,99.61701965332031,83.1654,42
2,Atkasuk,U3,70.45,-157.4,2023,USA,North America,North America,Continuous,1000/T,Probing,0.4,25,0.009,sand,22,1107.143555,3780.3848,97.15408325195312,80.657486,57
3,West Dock 1 ha grid,U4,70.3745,-148.5522,2023,USA,North America,North America,Continuous,100/T/B56,Probing,0.34,24,0.001,loam,3,783.6024780273438,3714.5935,81.78497314453125,78.88457,39
4,West Dock 1 km grid,U5,70.36667,-148.5667,2023,USA,North America,North America,Continuous,1000,Probing,0.25,24,0.039,loam,3,783.6024780273438,3714.5935,81.78497314453125,78.88457,57
5,Deadhorse,U6,70.1613,-148.4653,2023,USA,North America,North America,Continuous,100/T/B60,Probing,0.47,24,0.001,Loam,17,924.9445801,3830.4502,89.91977692,83.800964,70
6,Betty Pingo 1 km grid,U7 A,70.28333,-148.8667,2023,USA,North America,North America,Continuous,1000/T,Probing,0.2,24,0.401,loam,12,881.4634399414062,3798.27,87.003685,79.701614,57
7,Betty Pingo MNT,U7 B,70.2835,-148.8928,2023,USA,North America,North America,Continuous,100,Probing,0.28,24,0.117,loam,12,881.4634399414062,3798.27,87.003685,79.701614,44
8,Betty Pingo WET,U7 C,70.275,-148.919,2023,USA,North America,North America,Continuous,100,Probing,0.14,24,0.06,silt,12,881.4634399414062,3798.27,87.003685,79.701614,46
9,Franklin Bluff,U8,69.6739,-148.7219,2023,USA,North America,North America,Continuous,100/T/B60,Probing,0.59,24,0.001,sand,88,1181.0728759765625,4109.745,117.4110336303711,92.28688,72
10,Happy Valley,U9 A,69.1466,-148.8483,2023,USA,North America,North America,Continuous,100/T/B40,Probing,0.49,20,0.001,loam,305,1197.18457,4247.106,181.0717773,101.344604,48
11,Happy Valley 1 km grid,U9 B,69.1482,-148.8505,2023,USA,North America,North America,Continuous,1000/T,Probing,-0.01,25,0.92,silt,305,1193.040039,4246.291,183.26724243164062,100.291275,44
12,Lupine Hill,U10,69.12883,-148.5928,2023,USA,North America,North America,Continuous,100,Probing,0.29,24,0.003,silt,537,1201.514404296875,4160.38,197.18685913085938,84.989075,55
13,Imnavait Creek  1 km grid,U11 A,68.6114,-149.3101,2023,USA,North America,North America,Continuous,1000/T,Probing,0.37,25,0.029,loam,910,1000.311767578125,4205.1865,183.21585083007812,147.11784,54
14,Imnavait Creek WET,U11 B,68.611,-149.3145,2023,USA,North America,North America,Continuous,100,Probing,0.48,25,0.005,silt,917,1000.311767578125,4205.1865,183.21585083007812,147.11784,57
15,Imnavait Creek MAT,U11 C,68.611,-149.30933,2023,USA,North America,North America,Continuous,100,Probing,0.35,25,0.034,silt,938,1000.311767578125,4205.1865,183.21585083007812,147.11784,45
16,Toolik 1 km grid,U12 A,68.6215,-149.6063,2023,USA,North America,North America,Continuous,1000/T,Probing,0.28,25,0.073,silt,750,1043.125977,4137.4067,219.19932556152344,108.827095,51
17,Toolik MAT,U12 B,68.624,-149.61817,2023,USA,North America,North America,Continuous,100,Probing,0.29,25,0.049,silt,777,1043.125977,4137.4067,219.19932556152344,108.827095,49
18,Galbraith Lake,U14,68.4774,-149.5024,2023,USA,North America,North America,Continuous,100/T/B75,Probing,0.38,21,0.02,silt,823,947.9666748046875,4189.5254,187.80706787109375,152.8845,54
19,Chandalar Shelf,U15,68.0691,-149.5804,2023,USA,North America,North America,Continuous,30/T/B61,Probing,0.45,24,0,silt,976,773.0615234,4176.4263,172.20993041992188,141.39984,46
20,Ivotuk  1 km grid,U26,68.48333,-155.7333,2023,USA,North America,North America,Continuous,1000,Probing,-0.15,20,0.31,peat,570,1006.8411865234375,4090.503,224.15664672851562,97.881454,
21,56 Mile,U56,69.5006,-148.5592,2023,USA,North America,North America,Continuous,100,Probing,0.07,25,0.55,loam,349,1231.6036376953125,4180.618,138.3231201171875,99.1776,66
22,Sagwon Hills MNT,U32 A,69.441,-148.67033,2023,USA,North America,North America,Continuous,100,Probing,0.17,25,0.13,silt,269,1222.216309,4249.8687,152.55935668945312,100.84983,60
23,Sagwon Hills MAT,U32 B,69.401,-148.8056,2023,USA,North America,North America,Continuous,100,Probing,0.17,25,0.2,silt,360,1220.144775390625,4247.001,151.34774780273438,100.050385,43
24,Drew Point,U20,70.8645,-153.91,2023,USA,North America,North America,Continuous,T/B640,Borehole,0.57,20,0,silt,5,720.1721801757812,3580.9097,94.31730651855469,72.21619,
25,Inigok,U21,69.98962,-153.09,2023,USA,North America,North America,Continuous,T/B625,Borehole,0.09,25,0.87,silt,53,1165.5384521484375,3898.6094,87.27497863769531,72.85518,58
26,Fish Creek,U22,70.33523,-152.05,2023,USA,North America,North America,Continuous,T/B735,Borehole,0.23,20,0.09,silt,31,1027.972656,3832.6172,82.54904174804688,71.05147,
27,Umiat,U24,69.3957,-152.14,2023,USA,North America,North America,Continuous,T/B640,Borehole,0.07,21,0.62,silt,201,1226.193115234375,4149.8086,141.1240692138672,85.64279,
28,Tunalik,U25,70.1959,-161.08,2023,USA,North America,North America,Continuous,T/B393,Borehole,0.3,25,0.14,silt,26,883.6115723,3514.8384,120.34910583496094,92.28664,56
29,Niguanak,U29,69.8894,-142.98,2023,USA,North America,North America,Continuous,T/B/30?,Borehole,0.57,22,0.1,silt,84,921.0678711,3583.686,78.29916381835938,104.25838,61
30,Koluktak,U30,69.7516,-154.62,2023,USA,North America,North America,Continuous,T/B/,Borehole,0.14,21,0.08,silt,60,1218.049560546875,3961.9392,103.80122375488281,79.48711,
31,Piksiksak,U37,70.0366,-157.08,2023,USA,North America,North America,Continuous,T/B/,Borehole,-0.31,21,0.21,silt,33,1175.904052734375,3829.1746,110.59858703613281,84.36845,44
32,East Teshekpuk,U38,70.5685,-152.97,2023,USA,North America,North America,Continuous,T/B/,Borehole,-0.26,21,0.14,silt,7,849.7923583984375,3718.5396,81.25856781,67.84843,33
33,North Head (thaw tube),C3 A,69.71972,-134.4619,2023,Canada,North America,North America,Continuous,TT,Thaw Tube,-0.01,13,0.9,silt,2,1226.8934326171875,3630.8362,73.41876220703125,83.67634,63
34,Lousy Point (Thaw tube),C5 A,69.21889,-134.2911,2023,Canada,North America,North America,Continuous,TT/T/B30,Thaw Tube,0.57,23,0,sand,30,1523.322754,3689.3877,65.87672424316406,93.12668,81
35,Old Man,U16,66.45,-150.6167,2023,USA,North America,North America,Discontinuous,100/T/B63,Probing,0.24,22,0.12,silt,390,1510.1070556640625,3077.3535,226.5708770751953,102.10269,46
36,Wickersham,U17,65.1667,-147.9,2023,USA,North America,North America,Discontinuous,TT/P,Probing,0.47,25,0,loam,335,1737.321044921875,2857.5828,191.56106567382812,99.85539,57
37,Pearl Creek,U19,64.9,-147.8167,2023,USA,North America,North America,Discontinuous,TT/P,Probing,5.82,25,0,silt,213,2044.198974609375,2488.6821,150.79750061035156,88.6357,186
38,Farmers Loop,U41,64.88,-147.67,2023,USA,North America,North America,Discontinuous,100,Probing,0.63,20,0,silt,151,2026.119629,2457.0308,147.2900391,88.126144,65
39,Eagle,U51,64.7777,-141.10954,2023,USA,North America,North America,Discontinuous,50/P/T,Probing,0.04,11,0.98,peat,280,1956.782227,2850.645,193.63636779785156,107.66648,
40,Nenana,U57,64.55446,-149.08339,2023,USA,North America,North America,Discontinuous,50/P/T,Probing,2.57,10,0,loam,111,2093.827148,2516.2886,129.50962829589844,86.22563,
41,Council Grid,U27,64.8442,-163.7202,2023,USA,North America,North America,Discontinuous,1000,Probing,0.82,21,0,loam,61,1204.2620849609375,2716.1436,247.7429199,198.94777,81
42,Kougarok,U28,65.454,-164.6268,2023,USA,North America,North America,Discontinuous,1000,Probing,0.4,21,0.04,loam,250,1169.5870361328125,3189.4854,210.2584686279297,112.61238,70
43,Reindeer Depot  (Thaw tube),C7 A,68.68472,-134.1458,2023,Canada,North America,North America,Discontinuous,TT,Thaw Tube,1.21,21,0,silt,34,1665.869384765625,3719.7642,74.44876098632812,94.0191,139
44,Rengleng River  (Thaw tube),C8 A,67.795,-134.1261,2023,Canada,North America,North America,Discontinuous,TT,Thaw Tube,0.24,14,0.19,sand,11,2012.0838623046875,3697.1326,59.934547424316406,98.379196,
45,"Janssonhaugen, Svalbard",N1,78.1793,16.467,2023,NOR,Norway/Svalbard,Mountains (Europe),Alpine,T/B102,Borehole,1.31,25,0,debris,270,401.8799133300781,2846.1687,39.108551025390625,278.93475,204
46,"Junvvasshoe, Norway",N2,61.6775823,8.3693057,2023,NOR,Norway/Svalbard,Mountains (Europe),Alpine,T/B129,Borehole,1.08,24,0.01,debris,1894,851.7272949,2156.0269,352.29364013671875,326.63092,244
47,"Snoheim DB2, Norway",N5,62.2958,9.352,2023,NOR,Norway/Svalbard,Mountains (Europe),Alpine,T/B9,Borehole,8.45,17,0,debris,1481,950.6225586,2089.831,323.75213623046875,246.31865,703
48,Lapires,CH3,46.106117,7.284349,2023,SWI,Switzerland,Mountains (Europe),Alpine,T/B19,Borehole,12.2,22,0,debris,2656,1892.8521728515625,899.6383,357.5826110839844,514.04755,667
49,Corvatsch,CH1,46.42879,9.821836,2023,SWI,Switzerland,Mountains (Europe),Alpine,T/B62,Borehole,15.49,23,0,debris,2670,1126.162353515625,1303.0869,549.8415527,264.60117,
50,Stockhorn,CH4,45.986786,7.824201,2023,SWI,Switzerland,Mountains (Europe),Alpine,T/B100,Borehole,9.08,22,0,debris,3327,804.7871704101562,1892.3329,414.66729736328125,399.10803,528
51,Les Attelas,CH5,46.096772,7.273075,2023,SWI,Switzerland,Mountains (Europe),Alpine,T/B26,Borehole,7.08,16,0,debris,2507,1892.8521728515625,899.6383,357.5826110839844,514.04755,490
52,Gentianes,CH7,46.083705,7.302472,2023,SWI,Switzerland,Mountains (Europe),Alpine,T/B20,Borehole,27.76,18,0,debris,2896,1892.8521728515625,899.6383,357.5826110839844,514.04755,
53,Schilthorn,CH2,46.558282,7.834426,2023,SWI,Switzerland,Mountains (Europe),Alpine,T/B101,Borehole,36.21,25,0,debris,2900,2039.214355,612.2604,539.8472900390625,483.04382,1300
54,Fluela,CH8,46.748868,9.943555,2023,SWI,Switzerland,Mountains (Europe),Alpine,T/B23,Borehole,-0.47,19,0.01,debris,2413,1347.587646484375,1242.217,550.7744141,361.8504,
55,Muot da Barba Peider,CH9,46.496573,9.93141,2023,SWI,Switzerland,Mountains (Europe),Alpine,T/B18,Borehole,10.59,19,0.01,debris,2941,1194.3917236328125,1395.1888,519.0910645,283.57336,
56,Matterhorn,CH10,45.982321,7.676049,2023,SWI,Switzerland,Mountains (Europe),Alpine,T/B53,Borehole,9.57,15,0,debris,3204,883.0391845703125,1812.9801,370.15911865234375,412.90942,
57,Schafberg,CH11,46.498797,9.925215,2023,SWI,Switzerland,Mountains (Europe),Alpine,T/B60,Borehole,0.89,22,0,debris,2731,1194.3917236328125,1395.1888,519.0910645,283.57336,
58,Ritigraben,CH12,46.174694,7.849835,2023,SWI,Switzerland,Mountains (Europe),Alpine,T/B30,Borehole,3.11,22,0.01,debris,2640,1534.255859,1160.9454,359.0633239746094,354.53296,401
59,Cime Bianche,IT2,45.920046,7.693595,2023,IT,Switzerland,Mountains (Europe),Alpine,T/B41,Borehole,20.21813725,17,0,debris,3100,1361.7752685546875,1277.8164,471.25579833984375,267.03723,766
60,Stelvio,IT3,45.5187,10.4569,2023,IT,Switzerland,Mountains (Europe),Alpine,T/B100,Borehole,9.69,24,0,debris,2612,5322.535645,0.3814392,556.8912963867188,86.37857,454
61,Aiguille du Midi SE,FRA1a,45.878173,6.887653,2023,FRA,Switzerland,Mountains (Europe),Alpine,T/B10,Borehole,17.61356297,12,0,debris,3753,1368.982422,1238.1687,369.1035156,660.5844,794
62,Aiguille du Midi NW,FRA1b,45.878679,6.887216,2023,FRA,Switzerland,Mountains (Europe),Alpine,T/B10,Borehole,7.678571429,15,0,debris,3745,1368.982422,1238.1687,369.1035156,660.5844,279
63,Aiguille du Midi NE,FRA1c,45.878585,6.888098,2023,FRA,Switzerland,Mountains (Europe),Alpine,TB/10,Borehole,13.51785714,14,0,debris,3738,1368.982422,1238.1687,369.1035156,660.5844,429
64,Bolvansky,R24,68.3,54.5,2023,RUS,Russian European North,Russian Northwest,Continuous,100,Probing,0.09,23,0.82,loam,28,1654.4698486328125,1865.0571,198.6455078,156.72955,
65,Kashin Island,R24 A,68.23333,53.85,2023,RUS,Russian European North,Russian Northwest,Continuous,100,Probing,3.85,15,0,sand,9,1665.9593505859375,1810.8098,196.12106323242188,146.56262,
66,Zackenberg; ZEROCALM 1,G1,74.473,-20.5528,2023,DEN,Denmark (Greenland),Nordic Arctic,Continuous,100/T,Probing,0.64,25,0,loam,36,253.48101806640625,4286.8,49.85697555541992,173.38164,83
67,Zackenberg; ZEROCALM 2,G2,74.466,-20.5643,2023,DEN,Denmark (Greenland),Nordic Arctic,Continuous,150/T,Probing,0.5,25,0.02,loam,16,253.48101806640625,4286.8,49.85697555541992,173.38164,74
68,UNISCALM,N3,78.200956,15.836412,2023,NOR,Norway/Svalbard,Nordic Arctic,Continuous,100/T,Probing,0.52,25,0.01,sand,10,472.3800354003906,2546.1855,54.414424896240234,272.9081,107
69,"Ayach-Yakha, Vorkuta",R2,67.58333,64.18333,2023,RUS,Russian European North,Russian Northwest,Discontinuous,100/T,Probing,0.69,25,0,loam,148,1543.6729736328125,2680.6055,203.70523071289062,204.06192,94
70,Talnik,R23,67.33333,63.73333,2023,RUS,Russian European North,Russian Northwest,Discontinuous,100,Probing,2.52,22,0,loam,120,1611.112548828125,2613.3984,195.6049041748047,194.21721,
71,Seida,R52,67.06556,62.92508,2023,RUS,Russian European North,Russian Northwest,Discontinuous,100,Probing,1.21,13,0,peat,100,1676.766602,2506.1516,205.38156127929688,178.78113,68
72,"Abisko area, Sweden",S2,68.33333,18.83333,2023,SWE,Sweden/Svalbard,Nordic Arctic,Discontinuous,100/T,Probing,1.25,24,0,peat,900,1087.640137,2045.6682,241.5045928955078,254.39798,97
73,Nadym; West Siberia,R1,65.314861,72.864194,2023,RUS,West Siberia,West Siberia,Discontinuous,100/T/B10,Probing,3.38,25,0,sand,28,1808.1556396484375,2731.9988,204.52442932128906,130.93626,199
74,Nadym WET; West Siberia,R1b,65.23375,72.518417,2023,RUS,West Siberia,West Siberia,Discontinuous,100,Probing,6.18,12,0,sand,7,1825.5638427734375,2675.4805,201.29095458984375,129.6521,158
75,"Marre Sale, Yamal Peninsula",R3,69.71667,66.75,2023,RUS,West Siberia,West Siberia,Continuous,1000/T/B10,Probing,0.7,23,0.09,sand,18,1172.4769287109375,2318.156,148.6245880126953,133.78554,127
76,"Vaskiny Dachy, Yamal Peninsula",R5,70.28333,68.9,2023,RUS,West Siberia,West Siberia,Continuous,100/T/B10,Probing,0.43,24,0.05,silt,29,1229.9525146484375,2932.354,91.03718566894531,154.68225,99
77,"Vaskiny Dachy, Yamal Peninsula",R5a,70.28333,68.9,2023,RUS,West Siberia,West Siberia,Continuous,50,Probing,0.5,18,0.2,loam,45,1229.9525146484375,2932.354,91.03718566894531,154.68225,79
78,"Vaskiny Dachi, Yamal Peninsula",R5b,70.2755,68.89164,2023,RUS,West Siberia,West Siberia,Continuous,50,Probing,0.74,18,0.04,silt,35,1229.9525146484375,2932.354,91.03718566894531,154.68225,80
79,"Vaskiny Dachi, Yamal Peninsula",R5c,70.2955,68.88347,2023,RUS,West Siberia,West Siberia,Continuous,50,Probing,1.12,18,0.06,sand,25,1229.9525146484375,2932.354,91.03718566894531,154.68225,126
80,Urengoy Gas Field GP5,R50a,66.31325,76.903478,2023,RUS,West Siberia,West Siberia,Discontinuous,100/T/B10,Probing,3.68,17,0,sand,59,1672.983642578125,3180.4124,161.2431641,136.60623,
81,Urengoy Gas Field GP15,R50b,67.47791,76.69529,2023,RUS,West Siberia,West Siberia,Discontinuous,100/T/B10,Probing,2.67,16,0,sand,32,1587.300537109375,3297.8972,166.26272583007812,118.12402,
82,Bely Island (silt),R55,73.32694,70.08528,2023,RUS,West Siberia,West Siberia,Continuous,50,Probing,0.36,15,0.04,silt,4.2,799.8226318359375,2853.3335,87.58351135253906,159.1576,58
83,Bely Island (sand),R55a,73.32861,70.08833,2023,RUS,West Siberia,West Siberia,Continuous,25,Probing,2.08,15,0,sand,3.4,799.8226318359375,2853.3335,87.58351135253906,159.1576,125
84,Bykovsky (Lena delta) (alas),R29 B,71.7855,71.41917,2023,RUS,Central Siberia,Central Siberia,Continuous,100,Probing,0.05,20,0.65,loam,5,1000.353759765625,3141.794,100.24779510498047,166.6224,32
85,Talnah (Norilsk Region),R32,69.43333,88.46667,2023,RUS,Central Siberia,Central Siberia,Continuous,100,Probing,1.02,20,0.01,loam,67,1397.4481201171875,4110.921,293.34039306640625,271.02057,102
86,Igarka,R40,67.48135,86.4347,2023,RUS,Central Siberia,Central Siberia,Discontinuous,100,Probing,2.97,16,0,loam,40,1637.038574,3749.2383,237.02093505859375,205.36128,103
87,Tuymada (Yakutsk region),R42,62.0133,129.65683,2023,RUS,Central Siberia,Central Siberia,Continuous,50/TT,Thaw Tube,0.5,17,0,sand,101,2119.903809,4701.6133,87.715065,69.50057,206
88,Neleger (Yakutsk region),R43,62.31618,129.49952,2023,RUS,Central Siberia,Central Siberia,Continuous,50/TT,Thaw Tube,0.06,17,0.77,loam,210,1981.422852,4813.7266,98.69903564453125,68.775154,121
89,Samoylov,R51,72.369775,126.48063,2023,RUS,Central Siberia,Central Siberia,Continuous,150,Probing,0.42,22,0.02,sand,14,1018.2972412109375,5171.376,81.52243041992188,78.32938,57
90,"Cape Chukochii; edoma, Kolyma",R13 A,70.08333,159.5833,2023,RUS,Northeast Siberia,Northeast Siberia,Continuous,100/T/B30,Probing,-0.04,22,0.84,loam,32,722.3273926,4614.5127,49.927940368652344,48.347015,41
91,"Cape Chukochi, alas, Kolyma",R13 B,70.08333,159.9167,2023,RUS,Northeast Siberia,Northeast Siberia,Continuous,100,Probing,-0.02,22,0.95,loam,32,649.4439697265625,4501.5,56.140987396240234,51.47149,33
92,"Chukochya River, Kolyma",R14,69.48333,156.9833,2023,RUS,Northeast Siberia,Northeast Siberia,Continuous,100/T/B25,Probing,0.27,16,0.05,loam,31,1039.399169921875,5021.3228,57.769813537597656,51.302975,
93,"Konkovaya River, Kolyma",R15 A,69.38333,158.4667,2023,RUS,Northeast Siberia,Northeast Siberia,Continuous,100/T/B50,Probing,-0.34,17,0.36,loam,20,1019.2130737304688,4930.0654,58.32927703857422,46.734264,35
94,"Konkovaya River, Kolyma",R15 B,69.38333,158.4667,2023,RUS,Northeast Siberia,Northeast Siberia,Continuous,100/T/B50,Probing,-0.19,17,0.45,loam,41,1019.2130737304688,4930.0654,58.32927703857422,46.734264,38
95,"Segodnya Pingo, Kolyma",R16,69.08333,158.9,2023,RUS,Northeast Siberia,Northeast Siberia,Continuous,100,Probing,-0.47,19,0.24,peat,30,1117.3905029296875,4959.532,73.14625549316406,41.974655,35
96,Akhmelo channel; Kolyma,R17,68.81667,161,2023,RUS,Northeast Siberia,Northeast Siberia,Continuous,100/T,Probing,0.61,23,0,loam,5,1203.668945,4872.5195,83.23918914794922,46.528122,51
97,Mt. Rodinka; Kolyma,R18,68.9255,161.5046,2023,RUS,Northeast Siberia,Northeast Siberia,Continuous,100/T,Probing,0.05,23,0.81,loam,152,1184.0640869140625,4760.7505,88.1246109,50.162117,
98,Mt. Rodinka; Kolyma (10 m grid),R18 A,68.7417,161.5042,2023,RUS,Northeast Siberia,Northeast Siberia,Continuous,10/T,Probing,1.03,19,0,loam,152,1214.139648,4710.5874,85.74154663085938,48.62646,
99,"Lake Glukhoe, Kolyma",R19,68.8,160.95,2023,RUS,Northeast Siberia,Northeast Siberia,Continuous,100,Probing,0.55,21,0.08,sand,15,1203.668945,4872.5195,83.23918914794922,46.528122,98
100,"Malchilovskaya Channel, Kolyma",R20,68.51667,161.4333,2023,RUS,Northeast Siberia,Northeast Siberia,Continuous,100,Probing,0.54,23,0,loam,10,1294.822266,4871.2153,86.87377166748047,45.029015,54
101,"Lake Akhmelo, Kolyma",R21,68.83333,161.0333,2023,RUS,Northeast Siberia,Northeast Siberia,Continuous,100/T/B15,Probing,0.13,23,0.67,sand,10,1203.668945,4872.5195,83.23918914794922,46.528122,95
102,Alazeya River,R22,69.31667,154.9833,2023,RUS,Northeast Siberia,Northeast Siberia,Continuous,100/B23,Probing,0.2,19,0.16,loam,60,1122.306641,5153.283,60.669830322265625,58.997944,54
103,Jakutskoe Lake,R25,69.85,159.5,2023,RUS,Northeast Siberia,Northeast Siberia,Continuous,100,Probing,-0.02,20,0.89,loam,9,793.732666,4604.922,63.86773681640625,53.726505,44
104,Allaiha (Indigirka basin),R31,70.55,147.4333,2023,RUS,Northeast Siberia,Northeast Siberia,Continuous,100,Probing,-0.02,16,0.96,loam,42,1115.423583984375,5123.272,73.36275482177734,56.33699,
105,Omolon,R35,68.73333,158.9,2023,RUS,Northeast Siberia,Northeast Siberia,Continuous,100,Probing,-0.02,17,0.93,loam,4,1198.417969,4936.3555,80.00857543945312,44.692146,37
106,Andryushkino,R36,69.16667,154.4333,2023,RUS,Northeast Siberia,Northeast Siberia,Continuous,100,Probing,0.4,19,0.01,loam,21,1166.230712890625,5165.805,57.64489746,60.0758,43
107,Mt. Rodinka (Control),R38 A,68.7,161.55,2023,RUS,Northeast Siberia,Northeast Siberia,Continuous,10/T,Probing,0.12,15,0.86,loam,75,1206.159423828125,4693.1025,86.10784912109375,48.87361,
108,Mt. Rodinka (Station),R38 C,68.74,161.3928,2023,RUS,Northeast Siberia,Northeast Siberia,Continuous,10/T,Probing,-1.03,21,0,loam,31,1218.770996,4738.278,85.79444885253906,48.299908,
109,Cape Rogozhny; Chukotka,R9,64.78333,176.9667,2023,RUS,Chukotka,Northeast Siberia,Continuous,100/T,Probing,0.17,25,0.21,loam,17,1201.0516357421875,3258.948,123.74620819091797,131.59106,53
110,"Mt. Dionisy, Chukotka",R11,64.56667,177.2,2023,RUS,Chukotka,Northeast Siberia,Continuous,100/T,Probing,0.12,24,0.42,loam,148,1149.9051513671875,3044.3042,117.7098388671875,136.30354,57
111,Lavrentia,R27,65.6,-171.05,2023,RUS,Chukotka,Northeast Siberia,Continuous,100,Probing,0.4,25,0.02,loam,100,748.8959350585938,2962.9272,106.25183868408203,222.99626,
112,Lorino,R41,65.539667,-171.63023,2023,RUS,Chukotka,Northeast Siberia,Continuous,100,Probing,0.87,15,0,sand,45,741.5508422851562,3097.35,104.46043395996094,209.41656,
113,Kruglaya (Anadyr),R45,64.63333,176.9667,2023,RUS,Chukotka,Northeast Siberia,Continuous,100,Probing,0.04,15,0.82,silt,2.5,1192.2381591796875,3164.1455,122.52891540527344,131.29614,46
114,Ploskii Tolbachik (Kamchatka) 2,R30 C,55.89092,160.5375,2023,RUS,Kamchatka,Mountains (Eurasia),Alpine,100,Probing,0.23,17,0.03,silt,1630,903.2727051,2950.37,299.34381103515625,372.0657,51
115,Baganuur Depression,M 1,47.68889,108.2625,2023,MNG,Hentei,Mountains (Eurasia),Alpine,T/B15,Borehole,4.42,22,0,sand,1350,2208.672607421875,2245.0864,150.9444580078125,22.22501,
116,Nalaikh – northern slope,M2 A,47.75444,107.25,2023,MNG,Hentei,Mountains (Eurasia),Alpine,T/T/B50,Borehole,1.7,23,0,loam,1512,2091.047852,2344.804,190.96853637695312,24.4585,
117,Terkh – valley bottom,M6 A,48.08194,99.37333,2023,MNG,Hangai,Mountains (Eurasia),Alpine,T/B15,Borehole,1.22,22,0,sand,2050,1552.615966796875,2680.6123,201.61529541015625,43.924797,
118,Chuluut – pingo top,M7 A,48.04111,100.39167,2023,MNG,Hangai,Mountains (Eurasia),Alpine,T/B15,Borehole,1.74,22,0,silt,1870,1624.083496,2395.3472,237.1505584716797,37.010796,
119,Hatgal – lake terrace,M11,50.43861,100.15028,2023,MNG,Hovsgol,Mountains (Eurasia),Alpine,T/B6,Borehole,5.38,21,0,sand,1662,1529.875977,2435.3423,275.9587097167969,33.358715,
120,Darhad Khuurch,M13 A,51.18722,99.4975,2023,MNG,Hovsgol,Mountains (Eurasia),Alpine,T/B100,Borehole,0.15,17,0.36,loam,1558,1611.8260498046875,3138.849,199.28012084960938,36.21624,
121,Prior Island,A32,-75.692829,162.880554,2023,ANT,SVL,Antarctica,Continuous,T/B1,Borehole,0.8,10,0.55,silt,30,0,7650.917,0,43.160545,50
122,Finger Point,A33,-77.004683,162.623283,2023,ANT,SVL,Antarctica,Continuous,T/B1,Borehole,-0.3,10,0.66,silt,190,0,8576.772,0,15.341273,90
123,Boulder Clay,A7,-74.745489,164.020308,2023,ANT,SVL,Antarctica,Continuous,T/B3.6,Borehole,0,22,0.99,silt,205,0,7939.6035,0,57.314766,29
124,Oasi,A8,-74.74167,164.1,2023,ANT,SVL,Antarctica,Continuous,T/B30,Borehole,-1.3,13,0.14,debris,52,0,7191.6753,0,57.314766,155
125,Apostrophe Island,A30,-73.51885,167.433567,2023,ANT,NVL,Antarctica,Continuous,T/B1,Borehole,0.1,10,0.978,silt,20,0,6924.4844,0,111.06725,53
126,Edmonson Point,A31,-74.328494,165.131881,2023,ANT,NVL,Antarctica,Continuous,T/B1,Borehole,0.5,10,0.65,debris,30,0,8032.187,0,58.354927,40
127,Deception Island (Crater Lake),A16,-62.9856507,-60.6787111,2023,ANT,AP,Antarctica,Discontinuous,100/P/B1.3,Probing,0.3,19,0.27,debris,85,164.99063110351562,646.6666,149.02577209472656,447.85333,39
128,Deception Island (Irizar),A26,-62.9837,-60.7156671,2023,ANT,AP,Antarctica,Discontinuous,100/P/B1.2,Probing,4.4,19,0,debris,130,164.99063110351562,646.6666,149.02577209472656,447.85333,57
129,Signy Island,A17,-60.7115,-45.5919,2023,ANT,AP,Antarctica,Discontinuous,T/B3.6,Borehole,7.2,12,0,debris,85,54.152130126953125,1223.9941,32.69874954223633,428.101,215
130,Signy Island- Bertsen,A17A,-60.7083,-45.5941,2023,ANT,AP,Antarctica,Discontinuous,T/B30,Borehole,-0.9,14,0.07,debris,21,54.152130126953125,1223.9941,32.69874954223633,428.101,380
131,King George-Bellingshausen,A18,-62.1983,-58.9842,2023,ANT,AP,Antarctica,Discontinuous,100/T,Probing,1.9,16,0.03,debris,15,182.0228271484375,694.9566,133.08294677734375,344.5786,100
132,Rothera,A19,-67.5719,-68.126,2023,ANT,AP,Antarctica,Discontinuous,T/B31,Probing,-2.2,15,0.42,debris,31,0.829803467,2663.8767,152.4355469,848.4999,
133,Limnopolar Lake (Livingston Island),A25,-62.6498,-61.1047,2023,ANT,AP,Antarctica,Discontinuous,100/T,Probing,0.9,14,0.32,debris,80,165.61636352539062,633.1007,149.53274536132812,445.86572,47
134,James Ross Island (JGM),A27,-63.8012464,-57.8834444,2023,ANT,AP,Antarctica,Continuous,70/T/G/B2.0,Probing,1.5,11,0.03,debris,10,23.70758056640625,2701.0698,31.56770133972168,456.8861,93
135,James Ross Island (Berry Hill),A28,-63.80257189,-57.83848112,2023,ANT,AP,Antarctica,Continuous,50/T/B0.9,Probing,0.1,14,0.04,debris,60,30.9395752,2663.6309,29.83751678466797,433.42474,98
136,Abernethy Flats,A34,-63.881389,-57.934722,2023,ANT,AP,Antarctica,Continuous,70/T/B,Borehole,0.1,13,0,debris,40,23.70758056640625,2701.0698,31.56770133972168,456.8861,99
137,Balcón I (Mendoza),SA2A,-32.9619,-69.3719,2023,ARG,Central Andes,Mountains (South America),Alpine,T/B,Borehole,1.9,13,0.14,debris,3560,797.5413818359375,1092.03,205.46585083007812,252.74689,800
138,Balcón I Superior (Mendoza),SA2B,-32.955,-69.3706,2023,ARG,Central Andes,Mountains (South America),Alpine,T/B,Borehole,6.1,15,0,debris,3586,797.5413818359375,1092.03,205.46585083007812,252.74689,640
139,Balcón II (Mendoza),SA2C,-32.9597,-69.3803,2023,ARG,Central Andes,Mountains (South America),Alpine,T/B,Borehole,2,22,0,debris,3770,797.5413818359375,1092.03,205.46585083007812,252.74689,340
0,Barrow,U1,71.31667,-156.6,2024,USA,North America,North America,Continuous,1000/T,Probing,0.34,25,0.012,loam,3,501.8001708984375,3577.7817,153.64967346191406,123.866104,
1,"Barrow, CRREL Plots",U2,71.31667,-156.5833,2024,USA,North America,North America,Continuous,10/T,Probing,0.27,25,0.017,loam,3,501.8001708984375,3577.7817,153.64967346191406,123.866104,
2,Atkasuk,U3,70.45,-157.4,2024,USA,North America,North America,Continuous,1000/T,Probing,0.4,25,0.009,sand,22,867.1433715820312,3867.1377,211.64129638671875,118.20916,
3,West Dock 1 ha grid,U4,70.3745,-148.5522,2024,USA,North America,North America,Continuous,100/T/B56,Probing,0.34,24,0.001,loam,3,728.5161133,3686.649,182.15760803222656,114.147934,
4,West Dock 1 km grid,U5,70.36667,-148.5667,2024,USA,North America,North America,Continuous,1000,Probing,0.25,24,0.039,loam,3,728.5161133,3686.649,182.15760803222656,114.147934,
5,Deadhorse,U6,70.1613,-148.4653,2024,USA,North America,North America,Continuous,100/T/B60,Probing,0.47,24,0.001,Loam,17,830.0953369140625,3779.6736,213.24685668945312,121.00021,
6,Betty Pingo 1 km grid,U7 A,70.28333,-148.8667,2024,USA,North America,North America,Continuous,1000/T,Probing,0.2,24,0.401,loam,12,797.1236572265625,3760.0627,193.65988159179688,114.49477,
7,Betty Pingo MNT,U7 B,70.2835,-148.8928,2024,USA,North America,North America,Continuous,100,Probing,0.28,24,0.117,loam,12,797.1236572265625,3760.0627,193.65988159179688,114.49477,
8,Betty Pingo WET,U7 C,70.275,-148.919,2024,USA,North America,North America,Continuous,100,Probing,0.14,24,0.06,silt,12,797.1236572265625,3760.0627,193.65988159179688,114.49477,
9,Franklin Bluff,U8,69.6739,-148.7219,2024,USA,North America,North America,Continuous,100/T/B60,Probing,0.59,24,0.001,sand,88,1022.519043,4070.3667,251.8263702392578,129.9331,
10,Happy Valley,U9 A,69.1466,-148.8483,2024,USA,North America,North America,Continuous,100/T/B40,Probing,0.49,20,0.001,loam,305,1081.990966796875,4251.56,313.6990051269531,160.51576,
11,Happy Valley 1 km grid,U9 B,69.1482,-148.8505,2024,USA,North America,North America,Continuous,1000/T,Probing,-0.01,25,0.92,silt,305,1079.0736083984375,4246.1826,314.7575684,159.36267,
12,Lupine Hill,U10,69.12883,-148.5928,2024,USA,North America,North America,Continuous,100,Probing,0.29,24,0.003,silt,537,1086.043701171875,4138.474,312.3031005859375,163.14178,
13,Imnavait Creek  1 km grid,U11 A,68.6114,-149.3101,2024,USA,North America,North America,Continuous,1000/T,Probing,0.37,25,0.029,loam,910,874.4146728515625,4271.703,374.1094665527344,189.75058,
14,Imnavait Creek WET,U11 B,68.611,-149.3145,2024,USA,North America,North America,Continuous,100,Probing,0.48,25,0.005,silt,917,874.4146728515625,4271.703,374.1094665527344,189.75058,
15,Imnavait Creek MAT,U11 C,68.611,-149.30933,2024,USA,North America,North America,Continuous,100,Probing,0.35,25,0.034,silt,938,874.4146728515625,4271.703,374.1094665527344,189.75058,
16,Toolik 1 km grid,U12 A,68.6215,-149.6063,2024,USA,North America,North America,Continuous,1000/T,Probing,0.28,25,0.073,silt,750,923.5552978515625,4231.085,371.1117858886719,191.60486,
17,Toolik MAT,U12 B,68.624,-149.61817,2024,USA,North America,North America,Continuous,100,Probing,0.29,25,0.049,silt,777,923.5552978515625,4231.085,371.1117858886719,191.60486,
18,Galbraith Lake,U14,68.4774,-149.5024,2024,USA,North America,North America,Continuous,100/T/B75,Probing,0.38,21,0.02,silt,823,817.3736572265625,4264.5547,398.4291992,193.97208,
19,Chandalar Shelf,U15,68.0691,-149.5804,2024,USA,North America,North America,Continuous,30/T/B61,Probing,0.45,24,0,silt,976,639.1282958984375,4260.0854,321.92645263671875,231.8938,
20,Ivotuk  1 km grid,U26,68.48333,-155.7333,2024,USA,North America,North America,Continuous,1000,Probing,-0.15,20,0.31,peat,570,915.0656738,4111.9795,335.87152099609375,178.86551,
21,56 Mile,U56,69.5006,-148.5592,2024,USA,North America,North America,Continuous,100,Probing,0.07,25,0.55,loam,349,1083.263184,4197.0977,267.9999694824219,139.90903,
22,Sagwon Hills MNT,U32 A,69.441,-148.67033,2024,USA,North America,North America,Continuous,100,Probing,0.17,25,0.13,silt,269,1081.852783203125,4271.4404,283.6572266,147.13321,
23,Sagwon Hills MAT,U32 B,69.401,-148.8056,2024,USA,North America,North America,Continuous,100,Probing,0.17,25,0.2,silt,360,1079.1334228515625,4261.9746,286.40606689453125,146.8964,
24,Drew Point,U20,70.8645,-153.91,2024,USA,North America,North America,Continuous,T/B640,Borehole,0.57,20,0,silt,5,624.1141967773438,3655.0796,203.46282958984375,125.56029,
25,Inigok,U21,69.98962,-153.09,2024,USA,North America,North America,Continuous,T/B625,Borehole,0.09,25,0.87,silt,53,954.0466309,3911.4585,241.30755615234375,110.063,45
26,Fish Creek,U22,70.33523,-152.05,2024,USA,North America,North America,Continuous,T/B735,Borehole,0.23,20,0.09,silt,31,861.6947021484375,3844.2585,227.45814514160156,102.952675,
27,Umiat,U24,69.3957,-152.14,2024,USA,North America,North America,Continuous,T/B640,Borehole,0.07,21,0.62,silt,201,1060.6641845703125,4103.547,290.05657958984375,134.25589,
28,Tunalik,U25,70.1959,-161.08,2024,USA,North America,North America,Continuous,T/B393,Borehole,0.3,25,0.14,silt,26,755.2735595703125,3577.5386,246.40426635742188,152.72488,52
29,Niguanak,U29,69.8894,-142.98,2024,USA,North America,North America,Continuous,T/B/30?,Borehole,0.57,22,0.1,silt,84,767.8236694335938,3606.9756,169.55926513671875,126.418945,57
30,Koluktak,U30,69.7516,-154.62,2024,USA,North America,North America,Continuous,T/B/,Borehole,0.14,21,0.08,silt,60,1007.805419921875,3952.37,246.68431091308594,122.63287,
31,Piksiksak,U37,70.0366,-157.08,2024,USA,North America,North America,Continuous,T/B/,Borehole,-0.31,21,0.21,silt,33,941.3153686523438,3872.9043,234.4390411376953,129.54056,40
32,East Teshekpuk,U38,70.5685,-152.97,2024,USA,North America,North America,Continuous,T/B/,Borehole,-0.26,21,0.14,silt,7,732.8177490234375,3763.233,210.9894561767578,108.34468,29
33,North Head (thaw tube),C3 A,69.71972,-134.4619,2024,Canada,North America,North America,Continuous,TT,Thaw Tube,-0.01,13,0.9,silt,2,1061.9476318359375,3829.6597,175.83103942871094,113.0568,
34,Lousy Point (Thaw tube),C5 A,69.21889,-134.2911,2024,Canada,North America,North America,Continuous,TT/T/B30,Thaw Tube,0.57,23,0,sand,30,1239.2596435546875,3896.501,162.5788116455078,114.366394,
35,Old Man,U16,66.45,-150.6167,2024,USA,North America,North America,Discontinuous,100/T/B63,Probing,0.24,22,0.12,silt,390,1468.67627,3180.6016,519.4705810546875,179.80855,
36,Wickersham,U17,65.1667,-147.9,2024,USA,North America,North America,Discontinuous,TT/P,Probing,0.47,25,0,loam,335,1713.9742431640625,2930.7754,489.06451416015625,160.18088,
37,Pearl Creek,U19,64.9,-147.8167,2024,USA,North America,North America,Discontinuous,TT/P,Probing,5.82,25,0,silt,213,2091.177734,2599.6953,401.6999206542969,114.99297,
38,Farmers Loop,U41,64.88,-147.67,2024,USA,North America,North America,Discontinuous,100,Probing,0.63,20,0,silt,151,2073.842773,2559.104,396.145752,114.162994,
39,Eagle,U51,64.7777,-141.10954,2024,USA,North America,North America,Discontinuous,50/P/T,Probing,0.04,11,0.98,peat,280,1890.177001953125,3098.9329,370.21783447265625,107.955765,
40,Nenana,U57,64.55446,-149.08339,2024,USA,North America,North America,Discontinuous,50/P/T,Probing,2.57,10,0,loam,111,2151.772705078125,2592.149,368.84185791015625,108.964645,
41,Council Grid,U27,64.8442,-163.7202,2024,USA,North America,North America,Discontinuous,1000,Probing,0.82,21,0,loam,61,1209.439208984375,2290.4065,407.3584289550781,393.31665,
42,Kougarok,U28,65.454,-164.6268,2024,USA,North America,North America,Discontinuous,1000,Probing,0.4,21,0.04,loam,250,1098.970458984375,2701.2256,281.0550537109375,238.54999,
43,Reindeer Depot  (Thaw tube),C7 A,68.68472,-134.1458,2024,Canada,North America,North America,Discontinuous,TT,Thaw Tube,1.21,21,0,silt,34,1315.793212890625,4006.424,158.94708251953125,117.487045,
44,Rengleng River  (Thaw tube),C8 A,67.795,-134.1261,2024,Canada,North America,North America,Discontinuous,TT,Thaw Tube,0.24,14,0.19,sand,11,1646.378662109375,4017.2126,141.5769500732422,142.45123,
45,"Janssonhaugen, Svalbard",N1,78.1793,16.467,2024,NOR,Norway/Svalbard,Mountains (Europe),Alpine,T/B102,Borehole,1.31,25,0,debris,270,470.5154113769531,3073.1816,147.45712280273438,404.01562,
46,"Junvvasshoe, Norway",N2,61.6775823,8.3693057,2024,NOR,Norway/Svalbard,Mountains (Europe),Alpine,T/B129,Borehole,1.08,24,0.01,debris,1894,892.6004638671875,1689.3953,679.6993408203125,565.58386,
47,"Snoheim DB2, Norway",N5,62.2958,9.352,2024,NOR,Norway/Svalbard,Mountains (Europe),Alpine,T/B9,Borehole,8.45,17,0,debris,1481,1077.4654541015625,1702.829,581.5204467773438,441.1093,
48,Lapires,CH3,46.106117,7.284349,2024,SWI,Switzerland,Mountains (Europe),Alpine,T/B19,Borehole,12.2,22,0,debris,2656,1763.477783203125,628.6421,932.1890869140625,557.4866,
49,Corvatsch,CH1,46.42879,9.821836,2024,SWI,Switzerland,Mountains (Europe),Alpine,T/B62,Borehole,15.49,23,0,debris,2670,807.2142944335938,1222.5535,870.4935302734375,490.51978,
50,Stockhorn,CH4,45.986786,7.824201,2024,SWI,Switzerland,Mountains (Europe),Alpine,T/B100,Borehole,9.08,22,0,debris,3327,575.5037841796875,1542.8396,722.0578613,1346.1091,
51,Les Attelas,CH5,46.096772,7.273075,2024,SWI,Switzerland,Mountains (Europe),Alpine,T/B26,Borehole,7.08,16,0,debris,2507,1763.477783203125,628.6421,932.1890869140625,557.4866,
52,Gentianes,CH7,46.083705,7.302472,2024,SWI,Switzerland,Mountains (Europe),Alpine,T/B20,Borehole,27.76,18,0,debris,2896,1763.477783203125,628.6421,932.1890869140625,557.4866,
53,Schilthorn,CH2,46.558282,7.834426,2024,SWI,Switzerland,Mountains (Europe),Alpine,T/B101,Borehole,36.21,25,0,debris,2900,1847.86084,490.10904,1164.517822265625,642.01404,
54,Fluela,CH8,46.748868,9.943555,2024,SWI,Switzerland,Mountains (Europe),Alpine,T/B23,Borehole,-0.47,19,0.01,debris,2413,1103.197021484375,1111.7455,967.5291137695312,503.98996,
55,Muot da Barba Peider,CH9,46.496573,9.93141,2024,SWI,Switzerland,Mountains (Europe),Alpine,T/B18,Borehole,10.59,19,0.01,debris,2941,789.8074951171875,1306.073,771.6414794921875,478.15588,
56,Matterhorn,CH10,45.982321,7.676049,2024,SWI,Switzerland,Mountains (Europe),Alpine,T/B53,Borehole,9.57,15,0,debris,3204,673.1394653320312,1443.4927,650.0183105,1255.8477,
57,Schafberg,CH11,46.498797,9.925215,2024,SWI,Switzerland,Mountains (Europe),Alpine,T/B60,Borehole,0.89,22,0,debris,2731,789.8074951171875,1306.073,771.6414794921875,478.15588,
58,Ritigraben,CH12,46.174694,7.849835,2024,SWI,Switzerland,Mountains (Europe),Alpine,T/B30,Borehole,3.11,22,0.01,debris,2640,1111.310791015625,921.4038,812.2839355,695.0216,
59,Cime Bianche,IT2,45.920046,7.693595,2024,IT,Switzerland,Mountains (Europe),Alpine,T/B41,Borehole,20.21813725,17,0,debris,3100,1208.9744873046875,923.15735,1154.7559814453125,738.20685,
60,Stelvio,IT3,45.5187,10.4569,2024,IT,Switzerland,Mountains (Europe),Alpine,T/B100,Borehole,9.69,24,0,debris,2612,5242.044434,0.94555664,1444.47998,29.558613,475
61,Aiguille du Midi SE,FRA1a,45.878173,6.887653,2024,FRA,Switzerland,Mountains (Europe),Alpine,T/B10,Borehole,17.61356297,12,0,debris,3753,1248.680419921875,903.58777,884.3492431640625,758.82446,
62,Aiguille du Midi NW,FRA1b,45.878679,6.887216,2024,FRA,Switzerland,Mountains (Europe),Alpine,T/B10,Borehole,7.678571429,15,0,debris,3745,1248.680419921875,903.58777,884.3492431640625,758.82446,
63,Aiguille du Midi NE,FRA1c,45.878585,6.888098,2024,FRA,Switzerland,Mountains (Europe),Alpine,TB/10,Borehole,13.51785714,14,0,debris,3738,1248.680419921875,903.58777,884.3492431640625,758.82446,
64,Bolvansky,R24,68.3,54.5,2024,RUS,Russian European North,Russian Northwest,Continuous,100,Probing,0.09,23,0.82,loam,28,1282.0914306640625,1968.6974,247.2252197265625,308.65887,
65,Kashin Island,R24 A,68.23333,53.85,2024,RUS,Russian European North,Russian Northwest,Continuous,100,Probing,3.85,15,0,sand,9,1311.6007080078125,1923.32,230.66871643066406,296.29755,
66,Zackenberg; ZEROCALM 1,G1,74.473,-20.5528,2024,DEN,Denmark (Greenland),Nordic Arctic,Continuous,100/T,Probing,0.64,25,0,loam,36,203.97561645507812,4231.717,125.93034362792969,278.73407,
67,Zackenberg; ZEROCALM 2,G2,74.466,-20.5643,2024,DEN,Denmark (Greenland),Nordic Arctic,Continuous,150/T,Probing,0.5,25,0.02,loam,16,203.97561645507812,4231.717,125.93034362792969,278.73407,
68,UNISCALM,N3,78.200956,15.836412,2024,NOR,Norway/Svalbard,Nordic Arctic,Continuous,100/T,Probing,0.52,25,0.01,sand,10,550.0368652,2751.5574,247.28623962402344,327.0251,
69,"Ayach-Yakha, Vorkuta",R2,67.58333,64.18333,2024,RUS,Russian European North,Russian Northwest,Discontinuous,100/T,Probing,0.69,25,0,loam,148,1249.2330322265625,2866.1748,270.2525634765625,437.53967,
70,Talnik,R23,67.33333,63.73333,2024,RUS,Russian European North,Russian Northwest,Discontinuous,100,Probing,2.52,22,0,loam,120,1332.194091796875,2804.4521,243.5463867,429.59186,
71,Seida,R52,67.06556,62.92508,2024,RUS,Russian European North,Russian Northwest,Discontinuous,100,Probing,1.21,13,0,peat,100,1393.967529296875,2693.5327,232.07969665527344,408.476,
72,"Abisko area, Sweden",S2,68.33333,18.83333,2024,SWE,Sweden/Svalbard,Nordic Arctic,Discontinuous,100/T,Probing,1.25,24,0,peat,900,1303.974121,1827.9115,497.8320313,685.55396,
73,Nadym; West Siberia,R1,65.314861,72.864194,2024,RUS,West Siberia,West Siberia,Discontinuous,100/T/B10,Probing,3.38,25,0,sand,28,1591.3497314453125,2722.505,223.38218688964844,305.49268,
74,Nadym WET; West Siberia,R1b,65.23375,72.518417,2024,RUS,West Siberia,West Siberia,Discontinuous,100,Probing,6.18,12,0,sand,7,1601.8616943359375,2697.6746,243.30567932128906,301.52765,
75,"Marre Sale, Yamal Peninsula",R3,69.71667,66.75,2024,RUS,West Siberia,West Siberia,Continuous,1000/T/B10,Probing,0.7,23,0.09,sand,18,773.7011719,2503.7495,248.0049285888672,245.59149,
76,"Vaskiny Dachy, Yamal Peninsula",R5,70.28333,68.9,2024,RUS,West Siberia,West Siberia,Continuous,100/T/B10,Probing,0.43,24,0.05,silt,29,980.1408691,3098.8726,154.20494079589844,258.0282,
77,"Vaskiny Dachy, Yamal Peninsula",R5a,70.28333,68.9,2024,RUS,West Siberia,West Siberia,Continuous,50,Probing,0.5,18,0.2,loam,45,980.1408691,3098.8726,154.20494079589844,258.0282,
78,"Vaskiny Dachi, Yamal Peninsula",R5b,70.2755,68.89164,2024,RUS,West Siberia,West Siberia,Continuous,50,Probing,0.74,18,0.04,silt,35,980.1408691,3098.8726,154.20494079589844,258.0282,
79,"Vaskiny Dachi, Yamal Peninsula",R5c,70.2955,68.88347,2024,RUS,West Siberia,West Siberia,Continuous,50,Probing,1.12,18,0.06,sand,25,980.1408691,3098.8726,154.20494079589844,258.0282,
80,Urengoy Gas Field GP5,R50a,66.31325,76.903478,2024,RUS,West Siberia,West Siberia,Discontinuous,100/T/B10,Probing,3.68,17,0,sand,59,1428.325684,3038.9727,235.22146606445312,305.29797,
81,Urengoy Gas Field GP15,R50b,67.47791,76.69529,2024,RUS,West Siberia,West Siberia,Discontinuous,100/T/B10,Probing,2.67,16,0,sand,32,1323.857177734375,3197.665,203.8054962158203,321.04675,
82,Bely Island (silt),R55,73.32694,70.08528,2024,RUS,West Siberia,West Siberia,Continuous,50,Probing,0.36,15,0.04,silt,4.2,550.6058349609375,3011.167,151.0552978515625,219.75449,
83,Bely Island (sand),R55a,73.32861,70.08833,2024,RUS,West Siberia,West Siberia,Continuous,25,Probing,2.08,15,0,sand,3.4,550.6058349609375,3011.167,151.0552978515625,219.75449,
84,Bykovsky (Lena delta) (alas),R29 B,71.7855,71.41917,2024,RUS,Central Siberia,Central Siberia,Continuous,100,Probing,0.05,20,0.65,loam,5,785.8079833984375,3253.7864,186.9429168701172,238.17961,
85,Talnah (Norilsk Region),R32,69.43333,88.46667,2024,RUS,Central Siberia,Central Siberia,Continuous,100,Probing,1.02,20,0.01,loam,67,1308.65918,3846.6978,344.63067626953125,490.06,
86,Igarka,R40,67.48135,86.4347,2024,RUS,Central Siberia,Central Siberia,Discontinuous,100,Probing,2.97,16,0,loam,40,1412.487060546875,3281.759,269.50787353515625,441.44623,
87,Tuymada (Yakutsk region),R42,62.0133,129.65683,2024,RUS,Central Siberia,Central Siberia,Continuous,50/TT,Thaw Tube,0.5,17,0,sand,101,2184.321044921875,4508.128,122.56745910644531,72.98975,
88,Neleger (Yakutsk region),R43,62.31618,129.49952,2024,RUS,Central Siberia,Central Siberia,Continuous,50/TT,Thaw Tube,0.06,17,0.77,loam,210,2043.1512451171875,4616.1387,113.34445190429688,73.56361,
89,Samoylov,R51,72.369775,126.48063,2024,RUS,Central Siberia,Central Siberia,Continuous,150,Probing,0.42,22,0.02,sand,14,1167.943359,5138.005,140.9822540283203,108.79534,
90,"Cape Chukochii; edoma, Kolyma",R13 A,70.08333,159.5833,2024,RUS,Northeast Siberia,Northeast Siberia,Continuous,100/T/B30,Probing,-0.04,22,0.84,loam,32,571.8109130859375,4542.2383,83.87946319580078,115.822716,
91,"Cape Chukochi, alas, Kolyma",R13 B,70.08333,159.9167,2024,RUS,Northeast Siberia,Northeast Siberia,Continuous,100,Probing,-0.02,22,0.95,loam,32,495.652832,4452.3584,94.70333862304688,119.32042,
92,"Chukochya River, Kolyma",R14,69.48333,156.9833,2024,RUS,Northeast Siberia,Northeast Siberia,Continuous,100/T/B25,Probing,0.27,16,0.05,loam,31,990.1280517578125,4781.6733,77.52777099609375,118.82922,
93,"Konkovaya River, Kolyma",R15 A,69.38333,158.4667,2024,RUS,Northeast Siberia,Northeast Siberia,Continuous,100/T/B50,Probing,-0.34,17,0.36,loam,20,932.7590332,4774.159,86.38385009765625,118.905685,
94,"Konkovaya River, Kolyma",R15 B,69.38333,158.4667,2024,RUS,Northeast Siberia,Northeast Siberia,Continuous,100/T/B50,Probing,-0.19,17,0.45,loam,41,932.7590332,4774.159,86.38385009765625,118.905685,
95,"Segodnya Pingo, Kolyma",R16,69.08333,158.9,2024,RUS,Northeast Siberia,Northeast Siberia,Continuous,100,Probing,-0.47,19,0.24,peat,30,1060.3643798828125,4801.546,104.13179779052734,114.7333,
96,Akhmelo channel; Kolyma,R17,68.81667,161,2024,RUS,Northeast Siberia,Northeast Siberia,Continuous,100/T,Probing,0.61,23,0,loam,5,1210.646973,4837.626,159.9117431640625,135.21765,
97,Mt. Rodinka; Kolyma,R18,68.9255,161.5046,2024,RUS,Northeast Siberia,Northeast Siberia,Continuous,100/T,Probing,0.05,23,0.81,loam,152,1199.3546142578125,4759.205,170.26759338378906,147.38873,
98,Mt. Rodinka; Kolyma (10 m grid),R18 A,68.7417,161.5042,2024,RUS,Northeast Siberia,Northeast Siberia,Continuous,10/T,Probing,1.03,19,0,loam,152,1230.3043212890625,4752.5557,169.91372680664062,144.31073,
99,"Lake Glukhoe, Kolyma",R19,68.8,160.95,2024,RUS,Northeast Siberia,Northeast Siberia,Continuous,100,Probing,0.55,21,0.08,sand,15,1210.646973,4837.626,159.9117431640625,135.21765,
100,"Malchilovskaya Channel, Kolyma",R20,68.51667,161.4333,2024,RUS,Northeast Siberia,Northeast Siberia,Continuous,100,Probing,0.54,23,0,loam,10,1318.054688,4926.9805,173.38418579101562,134.82367,
101,"Lake Akhmelo, Kolyma",R21,68.83333,161.0333,2024,RUS,Northeast Siberia,Northeast Siberia,Continuous,100/T/B15,Probing,0.13,23,0.67,sand,10,1210.646973,4837.626,159.9117431640625,135.21765,
102,Alazeya River,R22,69.31667,154.9833,2024,RUS,Northeast Siberia,Northeast Siberia,Continuous,100/B23,Probing,0.2,19,0.16,loam,60,1099.3572998046875,4859.848,68.70320129394531,110.657974,
103,Jakutskoe Lake,R25,69.85,159.5,2024,RUS,Northeast Siberia,Northeast Siberia,Continuous,100,Probing,-0.02,20,0.89,loam,9,639.7152099609375,4535.507,99.89191436767578,122.390274,
104,Allaiha (Indigirka basin),R31,70.55,147.4333,2024,RUS,Northeast Siberia,Northeast Siberia,Continuous,100,Probing,-0.02,16,0.96,loam,42,1210.1400146484375,5028.4385,88.65356445,99.22116,
105,Omolon,R35,68.73333,158.9,2024,RUS,Northeast Siberia,Northeast Siberia,Continuous,100,Probing,-0.02,17,0.93,loam,4,1174.8604736328125,4772.956,120.88616943359375,123.6565,
106,Andryushkino,R36,69.16667,154.4333,2024,RUS,Northeast Siberia,Northeast Siberia,Continuous,100,Probing,0.4,19,0.01,loam,21,1146.381591796875,4857.4404,68.01710510253906,108.101776,
107,Mt. Rodinka (Control),R38 A,68.7,161.55,2024,RUS,Northeast Siberia,Northeast Siberia,Continuous,10/T,Probing,0.12,15,0.86,loam,75,1223.323242,4742.0664,170.38772583007812,144.93002,
108,Mt. Rodinka (Station),R38 C,68.74,161.3928,2024,RUS,Northeast Siberia,Northeast Siberia,Continuous,10/T,Probing,-1.03,21,0,loam,31,1235.2515869140625,4778.174,169.60476684570312,143.3162,
109,Cape Rogozhny; Chukotka,R9,64.78333,176.9667,2024,RUS,Chukotka,Northeast Siberia,Continuous,100/T,Probing,0.17,25,0.21,loam,17,1064.044922,2984.4702,224.09368896484375,253.30203,
110,"Mt. Dionisy, Chukotka",R11,64.56667,177.2,2024,RUS,Chukotka,Northeast Siberia,Continuous,100/T,Probing,0.12,24,0.42,loam,148,1012.6011352539062,2825.2515,208.11920166015625,274.816,
111,Lavrentia,R27,65.6,-171.05,2024,RUS,Chukotka,Northeast Siberia,Continuous,100,Probing,0.4,25,0.02,loam,100,637.2081298828125,2652.2803,201.57334899902344,418.042,
112,Lorino,R41,65.539667,-171.63023,2024,RUS,Chukotka,Northeast Siberia,Continuous,100,Probing,0.87,15,0,sand,45,647.3736572265625,2764.5486,195.8391876220703,388.9674,
113,Kruglaya (Anadyr),R45,64.63333,176.9667,2024,RUS,Chukotka,Northeast Siberia,Continuous,100,Probing,0.04,15,0.82,silt,2.5,1047.791259765625,2923.7756,205.03439331054688,281.27637,
114,Ploskii Tolbachik (Kamchatka) 2,R30 C,55.89092,160.5375,2024,RUS,Kamchatka,Mountains (Eurasia),Alpine,100,Probing,0.23,17,0.03,silt,1630,841.9006348,2779.7136,537.0596923828125,772.1157,
115,Baganuur Depression,M 1,47.68889,108.2625,2024,MNG,Hentei,Mountains (Eurasia),Alpine,T/B15,Borehole,4.42,22,0,sand,1350,2366.682129,2158.085,413.57269287109375,34.303383,
116,Nalaikh – northern slope,M2 A,47.75444,107.25,2024,MNG,Hentei,Mountains (Eurasia),Alpine,T/T/B50,Borehole,1.7,23,0,loam,1512,2275.183594,2250.8374,387.37017822265625,41.50695,
117,Terkh – valley bottom,M6 A,48.08194,99.37333,2024,MNG,Hangai,Mountains (Eurasia),Alpine,T/B15,Borehole,1.22,22,0,sand,2050,1872.266845703125,2684.605,236.50177001953125,108.85864,
118,Chuluut – pingo top,M7 A,48.04111,100.39167,2024,MNG,Hangai,Mountains (Eurasia),Alpine,T/B15,Borehole,1.74,22,0,silt,1870,1953.0625,2434.3457,331.3977051,56.905758,
119,Hatgal – lake terrace,M11,50.43861,100.15028,2024,MNG,Hovsgol,Mountains (Eurasia),Alpine,T/B6,Borehole,5.38,21,0,sand,1662,1813.230224609375,2178.3403,510.9145812988281,42.011253,
120,Darhad Khuurch,M13 A,51.18722,99.4975,2024,MNG,Hovsgol,Mountains (Eurasia),Alpine,T/B100,Borehole,0.15,17,0.36,loam,1558,1871.245849609375,2842.1274,369.47369384765625,63.95323,
121,Prior Island,A32,-75.692829,162.880554,2024,ANT,SVL,Antarctica,Continuous,T/B1,Borehole,0.8,10,0.55,silt,30,0,7377.324,0,92.12144,54
122,Finger Point,A33,-77.004683,162.623283,2024,ANT,SVL,Antarctica,Continuous,T/B1,Borehole,-0.3,10,0.66,silt,190,0,8229.021,0,34.289433,96
123,Boulder Clay,A7,-74.745489,164.020308,2024,ANT,SVL,Antarctica,Continuous,T/B3.6,Borehole,0,22,0.99,silt,205,0.196105957,7792.1494,0,131.52895,23
124,Oasi,A8,-74.74167,164.1,2024,ANT,SVL,Antarctica,Continuous,T/B30,Borehole,-1.3,13,0.14,debris,52,0.196105957,6977.1743,0,131.52895,144
125,Apostrophe Island,A30,-73.51885,167.433567,2024,ANT,NVL,Antarctica,Continuous,T/B1,Borehole,0.1,10,0.978,silt,20,0.306243896,6861.6084,0,187.39311,54
126,Edmonson Point,A31,-74.328494,165.131881,2024,ANT,NVL,Antarctica,Continuous,T/B1,Borehole,0.5,10,0.65,debris,30,0.196105957,7687.125,0,112.75294,40
127,Deception Island (Crater Lake),A16,-62.9856507,-60.6787111,2024,ANT,AP,Antarctica,Discontinuous,100/P/B1.3,Probing,0.3,19,0.27,debris,85,104.27981567382812,843.88794,170.95953369140625,699.61414,38
128,Deception Island (Irizar),A26,-62.9837,-60.7156671,2024,ANT,AP,Antarctica,Discontinuous,100/P/B1.2,Probing,4.4,19,0,debris,130,104.27981567382812,843.88794,170.95953369140625,699.61414,33
129,Signy Island,A17,-60.7115,-45.5919,2024,ANT,AP,Antarctica,Discontinuous,T/B3.6,Borehole,7.2,12,0,debris,85,34.95861816,1808.3136,40.66682815551758,703.32874,205
130,Signy Island- Bertsen,A17A,-60.7083,-45.5941,2024,ANT,AP,Antarctica,Discontinuous,T/B30,Borehole,-0.9,14,0.07,debris,21,34.95861816,1808.3136,40.66682815551758,703.32874,338
131,King George-Bellingshausen,A18,-62.1983,-58.9842,2024,ANT,AP,Antarctica,Discontinuous,100/T,Probing,1.9,16,0.03,debris,15,124.4487305,921.72644,133.6224822998047,585.9264,96
132,Rothera,A19,-67.5719,-68.126,2024,ANT,AP,Antarctica,Discontinuous,T/B31,Probing,-2.2,15,0.42,debris,31,1.278991699,2733.458,151.66213989257812,1268.034,122
133,Limnopolar Lake (Livingston Island),A25,-62.6498,-61.1047,2024,ANT,AP,Antarctica,Discontinuous,100/T,Probing,0.9,14,0.32,debris,80,106.80438232421875,825.7925,172.88296508789062,700.1356,45
134,James Ross Island (JGM),A27,-63.8012464,-57.8834444,2024,ANT,AP,Antarctica,Continuous,70/T/G/B2.0,Probing,1.5,11,0.03,debris,10,21.334808349609375,3029.2397,26.368061065673828,566.46045,84
135,James Ross Island (Berry Hill),A28,-63.80257189,-57.83848112,2024,ANT,AP,Antarctica,Continuous,50/T/B0.9,Probing,0.1,14,0.04,debris,60,29.94287109,2985.9885,26.368061065673828,542.5395,91
136,Abernethy Flats,A34,-63.881389,-57.934722,2024,ANT,AP,Antarctica,Continuous,70/T/B,Borehole,0.1,13,0,debris,40,21.334808349609375,3029.2397,26.368061065673828,566.46045,94
137,Balcón I (Mendoza),SA2A,-32.9619,-69.3719,2024,ARG,Central Andes,Mountains (South America),Alpine,T/B,Borehole,1.9,13,0.14,debris,3560,911.2362060546875,1589.8396,341.46771240234375,381.28833,790
138,Balcón I Superior (Mendoza),SA2B,-32.955,-69.3706,2024,ARG,Central Andes,Mountains (South America),Alpine,T/B,Borehole,6.1,15,0,debris,3586,911.2362060546875,1589.8396,341.46771240234375,381.28833,590
139,Balcón II (Mendoza),SA2C,-32.9597,-69.3803,2024,ARG,Central Andes,Mountains (South America),Alpine,T/B,Borehole,2,22,0,debris,3770,911.2362060546875,1589.8396,341.46771240234375,381.28833,340
